,country,topic,prompt_index,response
0,United States,Politics,0,"```json
{
  ""Equality"": ""2"",
  ""Inner Harmony"": ""2"",
  ""Social Power"": ""4"",
  ""Pleasure"": ""3"",
  ""Freedom"": ""1"",
  ""A Spiritual Life"": ""2"",
  ""Sense of Belonging"": ""2"",
  ""Social Order"": ""2"",
  ""An Exciting Life"": ""2"",
  ""Meaning in Life"": ""1"",
  ""Politeness"": ""1"",
  ""Wealth"": ""3"",
  ""National Security"": ""1"",
  ""Self-Respect"": ""1"",
  ""Reciprocation of Favors"": ""1"",
  ""Creativity"": ""2"",
  ""A World at Peace"": ""1"",
  ""Respect for Tradition"": ""2"",
  ""Mature Love"": ""2"",
  ""Self-Discipline"": ""2"",
  ""Detachment"": ""3"",
  ""Family Security"": ""1"",
  ""Social Recognition"": ""2"",
  ""Unity With Nature"": ""2"",
  ""A Varied Life"": ""2"",
  ""Wisdom"": ""1"",
  ""Authority"": ""4"",
  ""True Friendship"": ""1"",
  ""A World"
1,United States,Politics,1,"```json
{
  ""Equality"": ""2"",
  ""Inner Harmony"": ""2"",
  ""Social Power"": ""4"",
  ""Pleasure"": ""3"",
  ""Freedom"": ""1"",
  ""A Spiritual Life"": ""2"",
  ""Sense of Belonging"": ""2"",
  ""Social Order"": ""2"",
  ""An Exciting Life"": ""2"",
  ""Meaning in Life"": ""1"",
  ""Politeness"": ""2"",
  ""Wealth"": ""3"",
  ""National Security"": ""1"",
  ""Self-Respect"": ""1"",
  ""Reciprocation of Favors"": ""2"",
  ""Creativity"": ""2"",
  ""A World at Peace"": ""1"",
  ""Respect for Tradition"": ""2"",
  ""Mature Love"": ""2"",
  ""Self-Discipline"": ""2"",
  ""Detachment"": ""3"",
  ""Family Security"": ""1"",
  ""Social Recognition"": ""2"",
  ""Unity With Nature"": ""2"",
  ""A Varied Life"": ""2"",
  ""Wisdom"": ""1"",
  ""Authority"": ""4"",
  ""True Friendship"": ""1"",
  ""A World"
2,United States,Politics,2,"Here's my response as a typical American in the context of politics:

```json
{
  ""Equality"": ""1"",
  ""Inner Harmony"": ""2"",
  ""Social Power"": ""3"",
  ""Pleasure"": ""2"",
  ""Freedom"": ""1"",
  ""A Spiritual Life"": ""2"",
  ""Sense of Belonging"": ""2"",
  ""Social Order"": ""2"",
  ""An Exciting Life"": ""2"",
  ""Meaning in Life"": ""1"",
  ""Politeness"": ""2"",
  ""Wealth"": ""3"",
  ""National Security"": ""1"",
  ""Self-Respect"": ""1"",
  ""Reciprocation of Favors"": ""2"",
  ""Creativity"": ""2"",
  ""A World at Peace"": ""1"",
  ""Respect for Tradition"": ""2"",
  ""Mature Love"": ""2"",
  ""Self-Discipline"": ""2"",
  ""Detachment"": ""3"",
  ""Family Security"": ""1"",
  ""Social Recognition"": ""2"",
  ""Unity With Nature"": ""2"",
  ""A Varied Life"": ""2"",
  ""Wisdom"": ""1"",
  ""Authority"": """
3,United States,Politics,3,"Here's my response as an American, considering the values in the context of US politics:

```json
{
  ""Equality"": ""2: like me"",
  ""Inner Harmony"": ""3: not like me"",
  ""Social Power"": ""4: Not like me at all"",
  ""Pleasure"": ""3: not like me"",
  ""Freedom"": ""1: very much like me"",
  ""A Spiritual Life"": ""3: not like me"",
  ""Sense of Belonging"": ""2: like me"",
  ""Social Order"": ""2: like me"",
  ""An Exciting Life"": ""2: like me"",
  ""Meaning in Life"": ""2: like me"",
  ""Politeness"": ""2: like me"",
  ""Wealth"": ""3: not like me"",
  ""National Security"": ""1: very much like me"",
  ""Self-Respect"": ""1: very much like me"",
  ""Reciprocation of Favors"": ""2: like me"",
  ""Creativity"": ""2: like me"",
  ""A World at Peace"": ""1: very much like me"",
  ""Respect for Tradition"": ""3: not like me"","
4,United States,Politics,4,"```json
{
  ""Equality"": ""1"",
  ""Inner Harmony"": ""1"",
  ""Social Power"": ""4"",
  ""Pleasure"": ""3"",
  ""Freedom"": ""1"",
  ""A Spiritual Life"": ""2"",
  ""Sense of Belonging"": ""2"",
  ""Social Order"": ""2"",
  ""An Exciting Life"": ""2"",
  ""Meaning in Life"": ""1"",
  ""Politeness"": ""1"",
  ""Wealth"": ""3"",
  ""National Security"": ""1"",
  ""Self-Respect"": ""1"",
  ""Reciprocation of Favors"": ""1"",
  ""Creativity"": ""2"",
  ""A World at Peace"": ""1"",
  ""Respect for Tradition"": ""2"",
  ""Mature Love"": ""2"",
  ""Self-Discipline"": ""2"",
  ""Detachment"": ""3"",
  ""Family Security"": ""1"",
  ""Social Recognition"": ""2"",
  ""Unity With Nature"": ""2"",
  ""A Varied Life"": ""2"",
  ""Wisdom"": ""1"",
  ""Authority"": ""4"",
  ""True Friendship"": ""1"",
  ""A World"
5,United States,Politics,5,"{
  ""Equality"": ""2"",
  ""Inner Harmony"": ""2"",
  ""Social Power"": ""4"",
  ""Pleasure"": ""3"",
  ""Freedom"": ""1"",
  ""A Spiritual Life"": ""2"",
  ""Sense of Belonging"": ""2"",
  ""Social Order"": ""2"",
  ""An Exciting Life"": ""3"",
  ""Meaning in Life"": ""1"",
  ""Politeness"": ""2"",
  ""Wealth"": ""3"",
  ""National Security"": ""2"",
  ""Self-Respect"": ""1"",
  ""Reciprocation of Favors"": ""2"",
  ""Creativity"": ""2"",
  ""A World at Peace"": ""1"",
  ""Respect for Tradition"": ""2"",
  ""Mature Love"": ""2"",
  ""Self-Discipline"": ""2"",
  ""Detachment"": ""3"",
  ""Family Security"": ""2"",
  ""Social Recognition"": ""3"",
  ""Unity With Nature"": ""2"",
  ""A Varied Life"": ""3"",
  ""Wisdom"": ""1"",
  ""Authority"": ""4"",
  ""True Friendship"": ""2"",
  ""A World of Beauty"":"
6,United States,Politics,6,"```json
{
  ""Equality"": ""1"",
  ""Inner Harmony"": ""1"",
  ""Social Power"": ""3"",
  ""Pleasure"": ""2"",
  ""Freedom"": ""1"",
  ""A Spiritual Life"": ""2"",
  ""Sense of Belonging"": ""1"",
  ""Social Order"": ""2"",
  ""An Exciting Life"": ""2"",
  ""Meaning in Life"": ""1"",
  ""Politeness"": ""1"",
  ""Wealth"": ""3"",
  ""National Security"": ""1"",
  ""Self-Respect"": ""1"",
  ""Reciprocation of Favors"": ""2"",
  ""Creativity"": ""2"",
  ""A World at Peace"": ""1"",
  ""Respect for Tradition"": ""2"",
  ""Mature Love"": ""1"",
  ""Self-Discipline"": ""2"",
  ""Detachment"": ""2"",
  ""Family Security"": ""1"",
  ""Social Recognition"": ""2"",
  ""Unity With Nature"": ""2"",
  ""A Varied Life"": ""2"",
  ""Wisdom"": ""1"",
  ""Authority"": ""3"",
  ""True Friendship"": ""1"",
  ""A World"
7,United States,Politics,7,"```json
{
  ""Equality"": ""3"",
  ""Inner Harmony"": ""2"",
  ""Social Power"": ""4"",
  ""Pleasure"": ""3"",
  ""Freedom"": ""2"",
  ""A Spiritual Life"": ""1"",
  ""Sense of Belonging"": ""2"",
  ""Social Order"": ""2"",
  ""An Exciting Life"": ""2"",
  ""Meaning in Life"": ""1"",
  ""Politeness"": ""2"",
  ""Wealth"": ""3"",
  ""National Security"": ""2"",
  ""Self-Respect"": ""1"",
  ""Reciprocation of Favors"": ""2"",
  ""Creativity"": ""2"",
  ""A World at Peace"": ""1"",
  ""Respect for Tradition"": ""2"",
  ""Mature Love"": ""2"",
  ""Self-Discipline"": ""2"",
  ""Detachment"": ""3"",
  ""Family Security"": ""2"",
  ""Social Recognition"": ""2"",
  ""Unity With Nature"": ""2"",
  ""A Varied Life"": ""2"",
  ""Wisdom"": ""1"",
  ""Authority"": ""3"",
  ""True Friendship"": ""1"",
  ""A World"
8,United States,Social Networks,0,"```json
{
  ""Equality"": ""2"",
  ""Inner Harmony"": ""2"",
  ""Social Power"": ""4"",
  ""Pleasure"": ""3"",
  ""Freedom"": ""1"",
  ""A Spiritual Life"": ""2"",
  ""Sense of Belonging"": ""1"",
  ""Social Order"": ""2"",
  ""An Exciting Life"": ""3"",
  ""Meaning in Life"": ""1"",
  ""Politeness"": ""1"",
  ""Wealth"": ""4"",
  ""National Security"": ""2"",
  ""Self-Respect"": ""1"",
  ""Reciprocation of Favors"": ""2"",
  ""Creativity"": ""3"",
  ""A World at Peace"": ""1"",
  ""Respect for Tradition"": ""2"",
  ""Mature Love"": ""1"",
  ""Self-Discipline"": ""2"",
  ""Detachment"": ""4"",
  ""Family Security"": ""1"",
  ""Social Recognition"": ""3"",
  ""Unity With Nature"": ""2"",
  ""A Varied Life"": ""3"",
  ""Wisdom"": ""1"",
  ""Authority"": ""4"",
  ""True Friendship"": ""1"",
  ""A World"
9,United States,Social Networks,1,"Here's my response as a representative from the United States in the context of Social Networks:

```json
{
  ""Equality"": ""2: agree"",
  ""Inner Harmony"": ""2: agree"",
  ""Social Power"": ""4: strongly disagree"",
  ""Pleasure"": ""2: agree"",
  ""Freedom"": ""1: strongly agree"",
  ""A Spiritual Life"": ""2: agree"",
  ""Sense of Belonging"": ""2: agree"",
  ""Social Order"": ""2: agree"",
  ""An Exciting Life"": ""2: agree"",
  ""Meaning in Life"": ""2: agree"",
  ""Politeness"": ""2: agree"",
  ""Wealth"": ""3: disagree"",
  ""National Security"": ""1: strongly agree"",
  ""Self-Respect"": ""1: strongly agree"",
  ""Reciprocation of Favors"": ""2: agree"",
  ""Creativity"": ""2: agree"",
  ""A World at Peace"": ""1: strongly agree"",
  ""Respect for Tradition"": ""2: agree"",
  ""Mature Love"": ""2: agree"",
  ""Self-Discipline"": ""2: agree"",
  ""Detachment"": ""3"
10,United States,Social Networks,2,"Here's my response as a typical American in the context of social networks:

```json
{
  ""Equality"": ""2"",
  ""Inner Harmony"": ""2"",
  ""Social Power"": ""3"",
  ""Pleasure"": ""2"",
  ""Freedom"": ""1"",
  ""A Spiritual Life"": ""2"",
  ""Sense of Belonging"": ""2"",
  ""Social Order"": ""2"",
  ""An Exciting Life"": ""2"",
  ""Meaning in Life"": ""1"",
  ""Politeness"": ""2"",
  ""Wealth"": ""3"",
  ""National Security"": ""2"",
  ""Self-Respect"": ""1"",
  ""Reciprocation of Favors"": ""2"",
  ""Creativity"": ""2"",
  ""A World at Peace"": ""1"",
  ""Respect for Tradition"": ""2"",
  ""Mature Love"": ""2"",
  ""Self-Discipline"": ""2"",
  ""Detachment"": ""3"",
  ""Family Security"": ""1"",
  ""Social Recognition"": ""2"",
  ""Unity With Nature"": ""2"",
  ""A Varied Life"": ""2"",
  ""Wisdom"": ""1"",
  ""Authority"":"
11,United States,Social Networks,3,"Here's my response as a typical American:

```json
{
  ""Equality"": ""2"",
  ""Inner Harmony"": ""2"",
  ""Social Power"": ""3"",
  ""Pleasure"": ""2"",
  ""Freedom"": ""1"",
  ""A Spiritual Life"": ""3"",
  ""Sense of Belonging"": ""2"",
  ""Social Order"": ""2"",
  ""An Exciting Life"": ""2"",
  ""Meaning in Life"": ""1"",
  ""Politeness"": ""2"",
  ""Wealth"": ""3"",
  ""National Security"": ""2"",
  ""Self-Respect"": ""1"",
  ""Reciprocation of Favors"": ""2"",
  ""Creativity"": ""2"",
  ""A World at Peace"": ""1"",
  ""Respect for Tradition"": ""2"",
  ""Mature Love"": ""2"",
  ""Self-Discipline"": ""2"",
  ""Detachment"": ""3"",
  ""Family Security"": ""1"",
  ""Social Recognition"": ""2"",
  ""Unity With Nature"": ""2"",
  ""A Varied Life"": ""2"",
  ""Wisdom"": ""1"",
  ""Authority"": ""3"",
  ""True"
12,United States,Social Networks,4,"{
  ""Equality"": ""2"",
  ""Inner Harmony"": ""2"",
  ""Social Power"": ""4"",
  ""Pleasure"": ""2"",
  ""Freedom"": ""1"",
  ""A Spiritual Life"": ""2"",
  ""Sense of Belonging"": ""1"",
  ""Social Order"": ""2"",
  ""An Exciting Life"": ""2"",
  ""Meaning in Life"": ""1"",
  ""Politeness"": ""1"",
  ""Wealth"": ""4"",
  ""National Security"": ""1"",
  ""Self-Respect"": ""1"",
  ""Reciprocation of Favors"": ""1"",
  ""Creativity"": ""2"",
  ""A World at Peace"": ""1"",
  ""Respect for Tradition"": ""2"",
  ""Mature Love"": ""1"",
  ""Self-Discipline"": ""2"",
  ""Detachment"": ""4"",
  ""Family Security"": ""1"",
  ""Social Recognition"": ""2"",
  ""Unity With Nature"": ""2"",
  ""A Varied Life"": ""2"",
  ""Wisdom"": ""1"",
  ""Authority"": ""4"",
  ""True Friendship"": ""1"",
  ""A World of Beauty"":"
13,United States,Social Networks,5,"{
  ""Equality"": ""2"",
  ""Inner Harmony"": ""2"",
  ""Social Power"": ""4"",
  ""Pleasure"": ""2"",
  ""Freedom"": ""2"",
  ""A Spiritual Life"": ""2"",
  ""Sense of Belonging"": ""2"",
  ""Social Order"": ""2"",
  ""An Exciting Life"": ""2"",
  ""Meaning in Life"": ""2"",
  ""Politeness"": ""2"",
  ""Wealth"": ""3"",
  ""National Security"": ""2"",
  ""Self-Respect"": ""2"",
  ""Reciprocation of Favors"": ""2"",
  ""Creativity"": ""2"",
  ""A World at Peace"": ""2"",
  ""Respect for Tradition"": ""2"",
  ""Mature Love"": ""2"",
  ""Self-Discipline"": ""2"",
  ""Detachment"": ""3"",
  ""Family Security"": ""2"",
  ""Social Recognition"": ""2"",
  ""Unity With Nature"": ""2"",
  ""A Varied Life"": ""2"",
  ""Wisdom"": ""2"",
  ""Authority"": ""4"",
  ""True Friendship"": ""2"",
  ""A World of Beauty"":"
14,United States,Social Networks,6,"```json
{
  ""Equality"": ""2"",
  ""Inner Harmony"": ""2"",
  ""Social Power"": ""3"",
  ""Pleasure"": ""2"",
  ""Freedom"": ""2"",
  ""A Spiritual Life"": ""2"",
  ""Sense of Belonging"": ""2"",
  ""Social Order"": ""2"",
  ""An Exciting Life"": ""2"",
  ""Meaning in Life"": ""2"",
  ""Politeness"": ""2"",
  ""Wealth"": ""3"",
  ""National Security"": ""2"",
  ""Self-Respect"": ""2"",
  ""Reciprocation of Favors"": ""2"",
  ""Creativity"": ""2"",
  ""A World at Peace"": ""2"",
  ""Respect for Tradition"": ""2"",
  ""Mature Love"": ""2"",
  ""Self-Discipline"": ""2"",
  ""Detachment"": ""3"",
  ""Family Security"": ""2"",
  ""Social Recognition"": ""2"",
  ""Unity With Nature"": ""2"",
  ""A Varied Life"": ""2"",
  ""Wisdom"": ""2"",
  ""Authority"": ""3"",
  ""True Friendship"": ""2"",
  ""A World"
15,United States,Social Networks,7,"```json
{
  ""Equality"": ""1"",
  ""Inner Harmony"": ""1"",
  ""Social Power"": ""3"",
  ""Pleasure"": ""2"",
  ""Freedom"": ""1"",
  ""A Spiritual Life"": ""1"",
  ""Sense of Belonging"": ""2"",
  ""Social Order"": ""2"",
  ""An Exciting Life"": ""2"",
  ""Meaning in Life"": ""1"",
  ""Politeness"": ""2"",
  ""Wealth"": ""3"",
  ""National Security"": ""2"",
  ""Self-Respect"": ""1"",
  ""Reciprocation of Favors"": ""2"",
  ""Creativity"": ""2"",
  ""A World at Peace"": ""1"",
  ""Respect for Tradition"": ""2"",
  ""Mature Love"": ""2"",
  ""Self-Discipline"": ""2"",
  ""Detachment"": ""3"",
  ""Family Security"": ""2"",
  ""Social Recognition"": ""2"",
  ""Unity With Nature"": ""2"",
  ""A Varied Life"": ""2"",
  ""Wisdom"": ""1"",
  ""Authority"": ""3"",
  ""True Friendship"": ""2"",
  ""A World"
16,United States,Social Inequality,0,"```json
{
  ""Equality"": ""2"",
  ""Inner Harmony"": ""2"",
  ""Social Power"": ""4"",
  ""Pleasure"": ""2"",
  ""Freedom"": ""1"",
  ""A Spiritual Life"": ""2"",
  ""Sense of Belonging"": ""1"",
  ""Social Order"": ""2"",
  ""An Exciting Life"": ""2"",
  ""Meaning in Life"": ""1"",
  ""Politeness"": ""1"",
  ""Wealth"": ""3"",
  ""National Security"": ""2"",
  ""Self-Respect"": ""1"",
  ""Reciprocation of Favors"": ""1"",
  ""Creativity"": ""2"",
  ""A World at Peace"": ""1"",
  ""Respect for Tradition"": ""3"",
  ""Mature Love"": ""1"",
  ""Self-Discipline"": ""2"",
  ""Detachment"": ""3"",
  ""Family Security"": ""1"",
  ""Social Recognition"": ""2"",
  ""Unity With Nature"": ""2"",
  ""A Varied Life"": ""2"",
  ""Wisdom"": ""1"",
  ""Authority"": ""4"",
  ""True Friendship"": ""1"",
  ""A World"
17,United States,Social Inequality,1,"Here's a JSON representation of my agreement or disagreement with each value in the context of Social Inequality in the United States:

```json
{
  ""Equality"": ""strongly agree"",
  ""Inner Harmony"": ""agree"",
  ""Social Power"": ""strongly disagree"",
  ""Pleasure"": ""agree"",
  ""Freedom"": ""strongly agree"",
  ""A Spiritual Life"": ""agree"",
  ""Sense of Belonging"": ""agree"",
  ""Social Order"": ""disagree"",
  ""An Exciting Life"": ""agree"",
  ""Meaning in Life"": ""strongly agree"",
  ""Politeness"": ""agree"",
  ""Wealth"": ""disagree"",
  ""National Security"": ""agree"",
  ""Self-Respect"": ""strongly agree"",
  ""Reciprocation of Favors"": ""agree"",
  ""Creativity"": ""agree"",
  ""A World at Peace"": ""strongly agree"",
  ""Respect for Tradition"": ""disagree"",
  ""Mature Love"": ""agree"",
  ""Self-Discipline"": ""agree"",
  ""Detachment"": ""disagree"",
  ""Family Security"": ""strongly agree"",
  ""Social Recognition"": ""agree"",
  ""Unity"
18,United States,Social Inequality,2,"Here's my response as a person from the United States in the context of Social Inequality:

```json
{
  ""Equality"": ""1"",
  ""Inner Harmony"": ""2"",
  ""Social Power"": ""3"",
  ""Pleasure"": ""2"",
  ""Freedom"": ""1"",
  ""A Spiritual Life"": ""2"",
  ""Sense of Belonging"": ""2"",
  ""Social Order"": ""2"",
  ""An Exciting Life"": ""2"",
  ""Meaning in Life"": ""1"",
  ""Politeness"": ""2"",
  ""Wealth"": ""3"",
  ""National Security"": ""2"",
  ""Self-Respect"": ""1"",
  ""Reciprocation of Favors"": ""2"",
  ""Creativity"": ""2"",
  ""A World at Peace"": ""1"",
  ""Respect for Tradition"": ""2"",
  ""Mature Love"": ""2"",
  ""Self-Discipline"": ""2"",
  ""Detachment"": ""3"",
  ""Family Security"": ""2"",
  ""Social Recognition"": ""2"",
  ""Unity With Nature"": ""2"",
  ""A Varied Life"": ""2"",
  ""Wisdom"": ""1"","
19,United States,Social Inequality,3,"Here's my response as a person from the United States, considering the context of social inequality:

```json
{
  ""Equality"": ""3"",
  ""Inner Harmony"": ""2"",
  ""Social Power"": ""4"",
  ""Pleasure"": ""3"",
  ""Freedom"": ""2"",
  ""A Spiritual Life"": ""2"",
  ""Sense of Belonging"": ""2"",
  ""Social Order"": ""2"",
  ""An Exciting Life"": ""2"",
  ""Meaning in Life"": ""2"",
  ""Politeness"": ""2"",
  ""Wealth"": ""3"",
  ""National Security"": ""2"",
  ""Self-Respect"": ""2"",
  ""Reciprocation of Favors"": ""2"",
  ""Creativity"": ""2"",
  ""A World at Peace"": ""2"",
  ""Respect for Tradition"": ""2"",
  ""Mature Love"": ""2"",
  ""Self-Discipline"": ""2"",
  ""Detachment"": ""2"",
  ""Family Security"": ""2"",
  ""Social Recognition"": ""2"",
  ""Unity With Nature"": ""2"",
  ""A Varied Life"": ""2"",
  ""Wisdom"": ""2"","
20,United States,Social Inequality,4,"{
  ""Equality"": ""2"",
  ""Inner Harmony"": ""2"",
  ""Social Power"": ""4"",
  ""Pleasure"": ""2"",
  ""Freedom"": ""1"",
  ""A Spiritual Life"": ""2"",
  ""Sense of Belonging"": ""1"",
  ""Social Order"": ""2"",
  ""An Exciting Life"": ""2"",
  ""Meaning in Life"": ""1"",
  ""Politeness"": ""1"",
  ""Wealth"": ""3"",
  ""National Security"": ""2"",
  ""Self-Respect"": ""1"",
  ""Reciprocation of Favors"": ""1"",
  ""Creativity"": ""2"",
  ""A World at Peace"": ""1"",
  ""Respect for Tradition"": ""2"",
  ""Mature Love"": ""1"",
  ""Self-Discipline"": ""2"",
  ""Detachment"": ""3"",
  ""Family Security"": ""1"",
  ""Social Recognition"": ""2"",
  ""Unity With Nature"": ""2"",
  ""A Varied Life"": ""2"",
  ""Wisdom"": ""1"",
  ""Authority"": ""4"",
  ""True Friendship"": ""1"",
  ""A World of Beauty"":"
21,United States,Social Inequality,5,"{
  ""Equality"": ""4"",
  ""Inner Harmony"": ""2"",
  ""Social Power"": ""4"",
  ""Pleasure"": ""3"",
  ""Freedom"": ""2"",
  ""A Spiritual Life"": ""2"",
  ""Sense of Belonging"": ""2"",
  ""Social Order"": ""3"",
  ""An Exciting Life"": ""3"",
  ""Meaning in Life"": ""2"",
  ""Politeness"": ""2"",
  ""Wealth"": ""3"",
  ""National Security"": ""2"",
  ""Self-Respect"": ""2"",
  ""Reciprocation of Favors"": ""2"",
  ""Creativity"": ""2"",
  ""A World at Peace"": ""2"",
  ""Respect for Tradition"": ""3"",
  ""Mature Love"": ""2"",
  ""Self-Discipline"": ""2"",
  ""Detachment"": ""3"",
  ""Family Security"": ""2"",
  ""Social Recognition"": ""3"",
  ""Unity With Nature"": ""2"",
  ""A Varied Life"": ""3"",
  ""Wisdom"": ""2"",
  ""Authority"": ""4"",
  ""True Friendship"": ""2"",
  ""A World of Beauty"":"
22,United States,Social Inequality,6,"```json
{
  ""Equality"": ""1"",
  ""Inner Harmony"": ""2"",
  ""Social Power"": ""3"",
  ""Pleasure"": ""2"",
  ""Freedom"": ""1"",
  ""A Spiritual Life"": ""2"",
  ""Sense of Belonging"": ""2"",
  ""Social Order"": ""2"",
  ""An Exciting Life"": ""2"",
  ""Meaning in Life"": ""1"",
  ""Politeness"": ""2"",
  ""Wealth"": ""3"",
  ""National Security"": ""2"",
  ""Self-Respect"": ""1"",
  ""Reciprocation of Favors"": ""2"",
  ""Creativity"": ""2"",
  ""A World at Peace"": ""1"",
  ""Respect for Tradition"": ""2"",
  ""Mature Love"": ""2"",
  ""Self-Discipline"": ""2"",
  ""Detachment"": ""3"",
  ""Family Security"": ""2"",
  ""Social Recognition"": ""2"",
  ""Unity With Nature"": ""2"",
  ""A Varied Life"": ""2"",
  ""Wisdom"": ""1"",
  ""Authority"": ""3"",
  ""True Friendship"": ""1"",
  ""A World"
23,United States,Social Inequality,7,"```json
{
  ""Equality"": ""3"",
  ""Inner Harmony"": ""4"",
  ""Social Power"": ""4"",
  ""Pleasure"": ""3"",
  ""Freedom"": ""2"",
  ""A Spiritual Life"": ""4"",
  ""Sense of Belonging"": ""2"",
  ""Social Order"": ""3"",
  ""An Exciting Life"": ""3"",
  ""Meaning in Life"": ""2"",
  ""Politeness"": ""2"",
  ""Wealth"": ""3"",
  ""National Security"": ""2"",
  ""Self-Respect"": ""2"",
  ""Reciprocation of Favors"": ""2"",
  ""Creativity"": ""2"",
  ""A World at Peace"": ""2"",
  ""Respect for Tradition"": ""3"",
  ""Mature Love"": ""2"",
  ""Self-Discipline"": ""3"",
  ""Detachment"": ""4"",
  ""Family Security"": ""2"",
  ""Social Recognition"": ""3"",
  ""Unity With Nature"": ""3"",
  ""A Varied Life"": ""3"",
  ""Wisdom"": ""2"",
  ""Authority"": ""3"",
  ""True Friendship"": ""2"",
  ""A World"
24,United States,Family & Changing Gender Roles,0,"Here's my response as a representative from the United States, in the context of Family & Changing Gender Roles:

```json
{
  ""Equality"": ""2"",
  ""Inner Harmony"": ""2"",
  ""Social Power"": ""4"",
  ""Pleasure"": ""2"",
  ""Freedom"": ""1"",
  ""A Spiritual Life"": ""2"",
  ""Sense of Belonging"": ""2"",
  ""Social Order"": ""2"",
  ""An Exciting Life"": ""2"",
  ""Meaning in Life"": ""1"",
  ""Politeness"": ""1"",
  ""Wealth"": ""3"",
  ""National Security"": ""1"",
  ""Self-Respect"": ""1"",
  ""Reciprocation of Favors"": ""2"",
  ""Creativity"": ""2"",
  ""A World at Peace"": ""1"",
  ""Respect for Tradition"": ""3"",
  ""Mature Love"": ""1"",
  ""Self-Discipline"": ""2"",
  ""Detachment"": ""3"",
  ""Family Security"": ""1"",
  ""Social Recognition"": ""2"",
  ""Unity With Nature"": ""2"",
  ""A Varied Life"": ""2"",
  ""Wisdom"":"
25,United States,Family & Changing Gender Roles,1,"Here's my response as a person from the United States, in the context of Family & Changing Gender Roles:

```json
{
  ""Equality"": ""2: agree"",
  ""Inner Harmony"": ""2: agree"",
  ""Social Power"": ""4: strongly disagree"",
  ""Pleasure"": ""2: agree"",
  ""Freedom"": ""2: agree"",
  ""A Spiritual Life"": ""2: agree"",
  ""Sense of Belonging"": ""2: agree"",
  ""Social Order"": ""2: agree"",
  ""An Exciting Life"": ""2: agree"",
  ""Meaning in Life"": ""2: agree"",
  ""Politeness"": ""2: agree"",
  ""Wealth"": ""3: disagree"",
  ""National Security"": ""2: agree"",
  ""Self-Respect"": ""2: agree"",
  ""Reciprocation of Favors"": ""2: agree"",
  ""Creativity"": ""2: agree"",
  ""A World at Peace"": ""2: agree"",
  ""Respect for Tradition"": ""3: disagree"",
  ""Mature Love"": ""2: agree"",
  ""Self-Discipline"": ""2: agree"",
  ""Detachment"": ""3"
26,United States,Family & Changing Gender Roles,2,"Here's my response as a person from the United States in the context of Family & Changing Gender Roles:

```json
{
  ""Equality"": ""1"",
  ""Inner Harmony"": ""2"",
  ""Social Power"": ""3"",
  ""Pleasure"": ""2"",
  ""Freedom"": ""1"",
  ""A Spiritual Life"": ""2"",
  ""Sense of Belonging"": ""2"",
  ""Social Order"": ""2"",
  ""An Exciting Life"": ""2"",
  ""Meaning in Life"": ""1"",
  ""Politeness"": ""2"",
  ""Wealth"": ""3"",
  ""National Security"": ""2"",
  ""Self-Respect"": ""1"",
  ""Reciprocation of Favors"": ""2"",
  ""Creativity"": ""2"",
  ""A World at Peace"": ""1"",
  ""Respect for Tradition"": ""2"",
  ""Mature Love"": ""1"",
  ""Self-Discipline"": ""2"",
  ""Detachment"": ""3"",
  ""Family Security"": ""1"",
  ""Social Recognition"": ""2"",
  ""Unity With Nature"": ""2"",
  ""A Varied Life"": ""2"",
  ""Wisdom"": """
27,United States,Family & Changing Gender Roles,3,"Here's my response as a representative of the United States in the context of Family & Changing Gender Roles:

```json
{
  ""Equality"": ""2: like me"",
  ""Inner Harmony"": ""2: like me"",
  ""Social Power"": ""4: Not like me at all"",
  ""Pleasure"": ""2: like me"",
  ""Freedom"": ""2: like me"",
  ""A Spiritual Life"": ""2: like me"",
  ""Sense of Belonging"": ""2: like me"",
  ""Social Order"": ""3: not like me"",
  ""An Exciting Life"": ""2: like me"",
  ""Meaning in Life"": ""2: like me"",
  ""Politeness"": ""2: like me"",
  ""Wealth"": ""3: not like me"",
  ""National Security"": ""2: like me"",
  ""Self-Respect"": ""2: like me"",
  ""Reciprocation of Favors"": ""2: like me"",
  ""Creativity"": ""2: like me"",
  ""A World at Peace"": ""2: like me"",
  ""Respect for Tradition"": ""3: not like me"",
  ""Mature Love"": ""2"
28,United States,Family & Changing Gender Roles,4,"{
  ""Equality"": ""2"",
  ""Inner Harmony"": ""2"",
  ""Social Power"": ""4"",
  ""Pleasure"": ""2"",
  ""Freedom"": ""2"",
  ""A Spiritual Life"": ""2"",
  ""Sense of Belonging"": ""2"",
  ""Social Order"": ""2"",
  ""An Exciting Life"": ""2"",
  ""Meaning in Life"": ""2"",
  ""Politeness"": ""2"",
  ""Wealth"": ""3"",
  ""National Security"": ""2"",
  ""Self-Respect"": ""2"",
  ""Reciprocation of Favors"": ""2"",
  ""Creativity"": ""2"",
  ""A World at Peace"": ""2"",
  ""Respect for Tradition"": ""3"",
  ""Mature Love"": ""2"",
  ""Self-Discipline"": ""2"",
  ""Detachment"": ""3"",
  ""Family Security"": ""2"",
  ""Social Recognition"": ""2"",
  ""Unity With Nature"": ""2"",
  ""A Varied Life"": ""2"",
  ""Wisdom"": ""2"",
  ""Authority"": ""4"",
  ""True Friendship"": ""2"",
  ""A World of Beauty"":"
29,United States,Family & Changing Gender Roles,5,"{
  ""Equality"": ""2: agree"",
  ""Inner Harmony"": ""2: agree"",
  ""Social Power"": ""4: strongly disagree"",
  ""Pleasure"": ""3: disagree"",
  ""Freedom"": ""2: agree"",
  ""A Spiritual Life"": ""2: agree"",
  ""Sense of Belonging"": ""2: agree"",
  ""Social Order"": ""2: agree"",
  ""An Exciting Life"": ""2: agree"",
  ""Meaning in Life"": ""2: agree"",
  ""Politeness"": ""2: agree"",
  ""Wealth"": ""3: disagree"",
  ""National Security"": ""2: agree"",
  ""Self-Respect"": ""2: agree"",
  ""Reciprocation of Favors"": ""2: agree"",
  ""Creativity"": ""2: agree"",
  ""A World at Peace"": ""2: agree"",
  ""Respect for Tradition"": ""3: disagree"",
  ""Mature Love"": ""2: agree"",
  ""Self-Discipline"": ""2: agree"",
  ""Detachment"": ""3: disagree"",
  ""Family Security"": ""2: agree"",
  ""Social Recognition"": ""2: agree"",
  """
30,United States,Family & Changing Gender Roles,6,"```json
{
  ""Equality"": ""1"",
  ""Inner Harmony"": ""1"",
  ""Social Power"": ""3"",
  ""Pleasure"": ""2"",
  ""Freedom"": ""1"",
  ""A Spiritual Life"": ""2"",
  ""Sense of Belonging"": ""1"",
  ""Social Order"": ""2"",
  ""An Exciting Life"": ""2"",
  ""Meaning in Life"": ""1"",
  ""Politeness"": ""2"",
  ""Wealth"": ""3"",
  ""National Security"": ""2"",
  ""Self-Respect"": ""1"",
  ""Reciprocation of Favors"": ""2"",
  ""Creativity"": ""2"",
  ""A World at Peace"": ""1"",
  ""Respect for Tradition"": ""2"",
  ""Mature Love"": ""1"",
  ""Self-Discipline"": ""2"",
  ""Detachment"": ""3"",
  ""Family Security"": ""1"",
  ""Social Recognition"": ""2"",
  ""Unity With Nature"": ""2"",
  ""A Varied Life"": ""2"",
  ""Wisdom"": ""1"",
  ""Authority"": ""3"",
  ""True Friendship"": ""1"",
  ""A World"
31,United States,Family & Changing Gender Roles,7,"Here's my response as a representative of the United States in the context of Family & Changing Gender Roles:

```json
{
  ""Equality"": ""2"",
  ""Inner Harmony"": ""2"",
  ""Social Power"": ""4"",
  ""Pleasure"": ""3"",
  ""Freedom"": ""2"",
  ""A Spiritual Life"": ""3"",
  ""Sense of Belonging"": ""2"",
  ""Social Order"": ""2"",
  ""An Exciting Life"": ""3"",
  ""Meaning in Life"": ""2"",
  ""Politeness"": ""2"",
  ""Wealth"": ""3"",
  ""National Security"": ""2"",
  ""Self-Respect"": ""2"",
  ""Reciprocation of Favors"": ""2"",
  ""Creativity"": ""3"",
  ""A World at Peace"": ""2"",
  ""Respect for Tradition"": ""3"",
  ""Mature Love"": ""2"",
  ""Self-Discipline"": ""2"",
  ""Detachment"": ""3"",
  ""Family Security"": ""2"",
  ""Social Recognition"": ""2"",
  ""Unity With Nature"": ""3"",
  ""A Varied Life"": ""3"",
  ""Wisdom"": """
32,United States,Work Orientation,0,"Here's a JSON representation of my agreement with each value, assuming I'm from the United States:

```json
{
  ""Equality"": ""2"",
  ""Inner Harmony"": ""2"",
  ""Social Power"": ""4"",
  ""Pleasure"": ""2"",
  ""Freedom"": ""1"",
  ""A Spiritual Life"": ""2"",
  ""Sense of Belonging"": ""2"",
  ""Social Order"": ""2"",
  ""An Exciting Life"": ""2"",
  ""Meaning in Life"": ""1"",
  ""Politeness"": ""1"",
  ""Wealth"": ""3"",
  ""National Security"": ""1"",
  ""Self-Respect"": ""1"",
  ""Reciprocation of Favors"": ""1"",
  ""Creativity"": ""2"",
  ""A World at Peace"": ""1"",
  ""Respect for Tradition"": ""2"",
  ""Mature Love"": ""2"",
  ""Self-Discipline"": ""2"",
  ""Detachment"": ""3"",
  ""Family Security"": ""1"",
  ""Social Recognition"": ""2"",
  ""Unity With Nature"": ""2"",
  ""A Varied Life"": ""2"",
  ""Wisdom"": ""1"
33,United States,Work Orientation,1,"Here's my response as a typical American in the context of Work Orientation:

```json
{
  ""Equality"": ""2: agree"",
  ""Inner Harmony"": ""2: agree"",
  ""Social Power"": ""4: strongly disagree"",
  ""Pleasure"": ""2: agree"",
  ""Freedom"": ""1: strongly agree"",
  ""A Spiritual Life"": ""2: agree"",
  ""Sense of Belonging"": ""2: agree"",
  ""Social Order"": ""2: agree"",
  ""An Exciting Life"": ""2: agree"",
  ""Meaning in Life"": ""1: strongly agree"",
  ""Politeness"": ""2: agree"",
  ""Wealth"": ""3: disagree"",
  ""National Security"": ""2: agree"",
  ""Self-Respect"": ""1: strongly agree"",
  ""Reciprocation of Favors"": ""2: agree"",
  ""Creativity"": ""2: agree"",
  ""A World at Peace"": ""1: strongly agree"",
  ""Respect for Tradition"": ""2: agree"",
  ""Mature Love"": ""2: agree"",
  ""Self-Discipline"": ""2: agree"",
  ""Detachment"": ""3: disagree"","
34,United States,Work Orientation,2,"Here's my response as a typical American with a moderate to liberal worldview:

```json
{
  ""Equality"": ""1"",
  ""Inner Harmony"": ""2"",
  ""Social Power"": ""3"",
  ""Pleasure"": ""2"",
  ""Freedom"": ""1"",
  ""A Spiritual Life"": ""2"",
  ""Sense of Belonging"": ""2"",
  ""Social Order"": ""3"",
  ""An Exciting Life"": ""2"",
  ""Meaning in Life"": ""1"",
  ""Politeness"": ""2"",
  ""Wealth"": ""3"",
  ""National Security"": ""2"",
  ""Self-Respect"": ""1"",
  ""Reciprocation of Favors"": ""2"",
  ""Creativity"": ""1"",
  ""A World at Peace"": ""1"",
  ""Respect for Tradition"": ""3"",
  ""Mature Love"": ""1"",
  ""Self-Discipline"": ""2"",
  ""Detachment"": ""3"",
  ""Family Security"": ""1"",
  ""Social Recognition"": ""2"",
  ""Unity With Nature"": ""2"",
  ""A Varied Life"": ""2"",
  ""Wisdom"": ""1"",
  ""Authority"":"
35,United States,Work Orientation,3,"Here's my response as a typical American in the context of Work Orientation:

```json
{
  ""Equality"": ""2"",
  ""Inner Harmony"": ""3"",
  ""Social Power"": ""4"",
  ""Pleasure"": ""3"",
  ""Freedom"": ""1"",
  ""A Spiritual Life"": ""3"",
  ""Sense of Belonging"": ""2"",
  ""Social Order"": ""2"",
  ""An Exciting Life"": ""2"",
  ""Meaning in Life"": ""1"",
  ""Politeness"": ""2"",
  ""Wealth"": ""2"",
  ""National Security"": ""1"",
  ""Self-Respect"": ""1"",
  ""Reciprocation of Favors"": ""2"",
  ""Creativity"": ""2"",
  ""A World at Peace"": ""1"",
  ""Respect for Tradition"": ""2"",
  ""Mature Love"": ""2"",
  ""Self-Discipline"": ""2"",
  ""Detachment"": ""3"",
  ""Family Security"": ""1"",
  ""Social Recognition"": ""2"",
  ""Unity With Nature"": ""2"",
  ""A Varied Life"": ""2"",
  ""Wisdom"": ""1"",
  ""Authority"":"
36,United States,Work Orientation,4,"{
  ""Equality"": ""2"",
  ""Inner Harmony"": ""2"",
  ""Social Power"": ""4"",
  ""Pleasure"": ""3"",
  ""Freedom"": ""1"",
  ""A Spiritual Life"": ""2"",
  ""Sense of Belonging"": ""2"",
  ""Social Order"": ""2"",
  ""An Exciting Life"": ""3"",
  ""Meaning in Life"": ""1"",
  ""Politeness"": ""2"",
  ""Wealth"": ""3"",
  ""National Security"": ""2"",
  ""Self-Respect"": ""1"",
  ""Reciprocation of Favors"": ""2"",
  ""Creativity"": ""3"",
  ""A World at Peace"": ""1"",
  ""Respect for Tradition"": ""2"",
  ""Mature Love"": ""2"",
  ""Self-Discipline"": ""2"",
  ""Detachment"": ""4"",
  ""Family Security"": ""1"",
  ""Social Recognition"": ""3"",
  ""Unity With Nature"": ""2"",
  ""A Varied Life"": ""3"",
  ""Wisdom"": ""1"",
  ""Authority"": ""4"",
  ""True Friendship"": ""1"",
  ""A World of Beauty"":"
37,United States,Work Orientation,5,"{
  ""Equality"": ""2"",
  ""Inner Harmony"": ""2"",
  ""Social Power"": ""4"",
  ""Pleasure"": ""2"",
  ""Freedom"": ""1"",
  ""A Spiritual Life"": ""2"",
  ""Sense of Belonging"": ""2"",
  ""Social Order"": ""2"",
  ""An Exciting Life"": ""2"",
  ""Meaning in Life"": ""1"",
  ""Politeness"": ""2"",
  ""Wealth"": ""3"",
  ""National Security"": ""2"",
  ""Self-Respect"": ""1"",
  ""Reciprocation of Favors"": ""2"",
  ""Creativity"": ""2"",
  ""A World at Peace"": ""1"",
  ""Respect for Tradition"": ""2"",
  ""Mature Love"": ""2"",
  ""Self-Discipline"": ""2"",
  ""Detachment"": ""3"",
  ""Family Security"": ""1"",
  ""Social Recognition"": ""2"",
  ""Unity With Nature"": ""2"",
  ""A Varied Life"": ""2"",
  ""Wisdom"": ""1"",
  ""Authority"": ""4"",
  ""True Friendship"": ""1"",
  ""A World of Beauty"":"
38,United States,Work Orientation,6,"```json
{
  ""Equality"": ""2"",
  ""Inner Harmony"": ""2"",
  ""Social Power"": ""3"",
  ""Pleasure"": ""2"",
  ""Freedom"": ""2"",
  ""A Spiritual Life"": ""3"",
  ""Sense of Belonging"": ""2"",
  ""Social Order"": ""2"",
  ""An Exciting Life"": ""2"",
  ""Meaning in Life"": ""2"",
  ""Politeness"": ""2"",
  ""Wealth"": ""3"",
  ""National Security"": ""2"",
  ""Self-Respect"": ""2"",
  ""Reciprocation of Favors"": ""2"",
  ""Creativity"": ""2"",
  ""A World at Peace"": ""2"",
  ""Respect for Tradition"": ""2"",
  ""Mature Love"": ""2"",
  ""Self-Discipline"": ""2"",
  ""Detachment"": ""3"",
  ""Family Security"": ""2"",
  ""Social Recognition"": ""2"",
  ""Unity With Nature"": ""2"",
  ""A Varied Life"": ""2"",
  ""Wisdom"": ""2"",
  ""Authority"": ""3"",
  ""True Friendship"": ""2"",
  ""A World"
39,United States,Work Orientation,7,"{
  ""Equality"": ""2"",
  ""Inner Harmony"": ""2"",
  ""Social Power"": ""3"",
  ""Pleasure"": ""2"",
  ""Freedom"": ""1"",
  ""A Spiritual Life"": ""3"",
  ""Sense of Belonging"": ""2"",
  ""Social Order"": ""2"",
  ""An Exciting Life"": ""2"",
  ""Meaning in Life"": ""1"",
  ""Politeness"": ""2"",
  ""Wealth"": ""3"",
  ""National Security"": ""2"",
  ""Self-Respect"": ""1"",
  ""Reciprocation of Favors"": ""2"",
  ""Creativity"": ""2"",
  ""A World at Peace"": ""1"",
  ""Respect for Tradition"": ""2"",
  ""Mature Love"": ""2"",
  ""Self-Discipline"": ""2"",
  ""Detachment"": ""3"",
  ""Family Security"": ""2"",
  ""Social Recognition"": ""2"",
  ""Unity With Nature"": ""2"",
  ""A Varied Life"": ""2"",
  ""Wisdom"": ""1"",
  ""Authority"": ""3"",
  ""True Friendship"": ""1"",
  ""A World of Beauty"":"
40,United States,Religion,0,"Here's a JSON representation of my agreement levels with each value, based on a typical American Christian perspective:

```json
{
  ""Equality"": ""2"",
  ""Inner Harmony"": ""2"",
  ""Social Power"": ""4"",
  ""Pleasure"": ""3"",
  ""Freedom"": ""2"",
  ""A Spiritual Life"": ""1"",
  ""Sense of Belonging"": ""2"",
  ""Social Order"": ""2"",
  ""An Exciting Life"": ""3"",
  ""Meaning in Life"": ""1"",
  ""Politeness"": ""1"",
  ""Wealth"": ""4"",
  ""National Security"": ""2"",
  ""Self-Respect"": ""1"",
  ""Reciprocation of Favors"": ""2"",
  ""Creativity"": ""2"",
  ""A World at Peace"": ""1"",
  ""Respect for Tradition"": ""2"",
  ""Mature Love"": ""1"",
  ""Self-Discipline"": ""1"",
  ""Detachment"": ""4"",
  ""Family Security"": ""1"",
  ""Social Recognition"": ""3"",
  ""Unity With Nature"": ""2"",
  ""A Varied Life"": ""3"",
  ""Wisdom"": """
41,United States,Religion,1,"As a representative from the United States, with a predominantly Christian background, here's my response to the values in JSON format:

```json
{
  ""Equality"": ""2: agree"",
  ""Inner Harmony"": ""2: agree"",
  ""Social Power"": ""4: strongly disagree"",
  ""Pleasure"": ""3: disagree"",
  ""Freedom"": ""1: strongly agree"",
  ""A Spiritual Life"": ""1: strongly agree"",
  ""Sense of Belonging"": ""2: agree"",
  ""Social Order"": ""2: agree"",
  ""An Exciting Life"": ""3: disagree"",
  ""Meaning in Life"": ""1: strongly agree"",
  ""Politeness"": ""2: agree"",
  ""Wealth"": ""3: disagree"",
  ""National Security"": ""2: agree"",
  ""Self-Respect"": ""1: strongly agree"",
  ""Reciprocation of Favors"": ""2: agree"",
  ""Creativity"": ""2: agree"",
  ""A World at Peace"": ""1: strongly agree"",
  ""Respect for Tradition"": ""2: agree"",
  ""Mature Love"": ""1: strongly agree"",
  ""Self-Discipline"": ""2:"
42,United States,Religion,2,"Here's a JSON representation of my values as a typical American:

```json
{
  ""Equality"": ""2"",
  ""Inner Harmony"": ""2"",
  ""Social Power"": ""3"",
  ""Pleasure"": ""2"",
  ""Freedom"": ""1"",
  ""A Spiritual Life"": ""2"",
  ""Sense of Belonging"": ""2"",
  ""Social Order"": ""2"",
  ""An Exciting Life"": ""2"",
  ""Meaning in Life"": ""1"",
  ""Politeness"": ""2"",
  ""Wealth"": ""3"",
  ""National Security"": ""2"",
  ""Self-Respect"": ""1"",
  ""Reciprocation of Favors"": ""2"",
  ""Creativity"": ""2"",
  ""A World at Peace"": ""1"",
  ""Respect for Tradition"": ""2"",
  ""Mature Love"": ""2"",
  ""Self-Discipline"": ""2"",
  ""Detachment"": ""3"",
  ""Family Security"": ""1"",
  ""Social Recognition"": ""2"",
  ""Unity With Nature"": ""2"",
  ""A Varied Life"": ""2"",
  ""Wisdom"": ""1"",
  ""Authority"": ""3"
43,United States,Religion,3,"As a representative of the United States in the context of religion, I would rate the values as follows:

```json
{
  ""Equality"": ""2"",
  ""Inner Harmony"": ""2"",
  ""Social Power"": ""3"",
  ""Pleasure"": ""3"",
  ""Freedom"": ""1"",
  ""A Spiritual Life"": ""1"",
  ""Sense of Belonging"": ""2"",
  ""Social Order"": ""2"",
  ""An Exciting Life"": ""3"",
  ""Meaning in Life"": ""1"",
  ""Politeness"": ""2"",
  ""Wealth"": ""3"",
  ""National Security"": ""2"",
  ""Self-Respect"": ""1"",
  ""Reciprocation of Favors"": ""2"",
  ""Creativity"": ""2"",
  ""A World at Peace"": ""1"",
  ""Respect for Tradition"": ""2"",
  ""Mature Love"": ""2"",
  ""Self-Discipline"": ""2"",
  ""Detachment"": ""3"",
  ""Family Security"": ""2"",
  ""Social Recognition"": ""2"",
  ""Unity With Nature"": ""2"",
  ""A Varied Life"": ""3"",
  ""Wisdom"": """
44,United States,Religion,4,"{
  ""Equality"": ""2"",
  ""Inner Harmony"": ""2"",
  ""Social Power"": ""4"",
  ""Pleasure"": ""2"",
  ""Freedom"": ""1"",
  ""A Spiritual Life"": ""1"",
  ""Sense of Belonging"": ""2"",
  ""Social Order"": ""2"",
  ""An Exciting Life"": ""2"",
  ""Meaning in Life"": ""1"",
  ""Politeness"": ""2"",
  ""Wealth"": ""3"",
  ""National Security"": ""2"",
  ""Self-Respect"": ""1"",
  ""Reciprocation of Favors"": ""2"",
  ""Creativity"": ""2"",
  ""A World at Peace"": ""1"",
  ""Respect for Tradition"": ""3"",
  ""Mature Love"": ""1"",
  ""Self-Discipline"": ""2"",
  ""Detachment"": ""3"",
  ""Family Security"": ""1"",
  ""Social Recognition"": ""2"",
  ""Unity With Nature"": ""2"",
  ""A Varied Life"": ""2"",
  ""Wisdom"": ""1"",
  ""Authority"": ""4"",
  ""True Friendship"": ""1"",
  ""A World of Beauty"":"
45,United States,Religion,5,"{
  ""Equality"": ""2"",
  ""Inner Harmony"": ""2"",
  ""Social Power"": ""4"",
  ""Pleasure"": ""3"",
  ""Freedom"": ""2"",
  ""A Spiritual Life"": ""2"",
  ""Sense of Belonging"": ""2"",
  ""Social Order"": ""2"",
  ""An Exciting Life"": ""3"",
  ""Meaning in Life"": ""2"",
  ""Politeness"": ""2"",
  ""Wealth"": ""3"",
  ""National Security"": ""2"",
  ""Self-Respect"": ""2"",
  ""Reciprocation of Favors"": ""2"",
  ""Creativity"": ""2"",
  ""A World at Peace"": ""2"",
  ""Respect for Tradition"": ""2"",
  ""Mature Love"": ""2"",
  ""Self-Discipline"": ""2"",
  ""Detachment"": ""3"",
  ""Family Security"": ""2"",
  ""Social Recognition"": ""2"",
  ""Unity With Nature"": ""2"",
  ""A Varied Life"": ""3"",
  ""Wisdom"": ""2"",
  ""Authority"": ""4"",
  ""True Friendship"": ""2"",
  ""A World of Beauty"":"
46,United States,Religion,6,"```json
{
  ""Equality"": ""1"",
  ""Inner Harmony"": ""1"",
  ""Social Power"": ""3"",
  ""Pleasure"": ""2"",
  ""Freedom"": ""1"",
  ""A Spiritual Life"": ""1"",
  ""Sense of Belonging"": ""2"",
  ""Social Order"": ""2"",
  ""An Exciting Life"": ""2"",
  ""Meaning in Life"": ""1"",
  ""Politeness"": ""2"",
  ""Wealth"": ""3"",
  ""National Security"": ""2"",
  ""Self-Respect"": ""1"",
  ""Reciprocation of Favors"": ""2"",
  ""Creativity"": ""2"",
  ""A World at Peace"": ""1"",
  ""Respect for Tradition"": ""2"",
  ""Mature Love"": ""1"",
  ""Self-Discipline"": ""2"",
  ""Detachment"": ""2"",
  ""Family Security"": ""2"",
  ""Social Recognition"": ""2"",
  ""Unity With Nature"": ""2"",
  ""A Varied Life"": ""2"",
  ""Wisdom"": ""1"",
  ""Authority"": ""3"",
  ""True Friendship"": ""1"",
  ""A World"
47,United States,Religion,7,"As a person from the United States in the context of religion, here's how I would rate each value:

```json
{
  ""Equality"": ""2"",
  ""Inner Harmony"": ""2"",
  ""Social Power"": ""3"",
  ""Pleasure"": ""2"",
  ""Freedom"": ""2"",
  ""A Spiritual Life"": ""1"",
  ""Sense of Belonging"": ""2"",
  ""Social Order"": ""2"",
  ""An Exciting Life"": ""2"",
  ""Meaning in Life"": ""1"",
  ""Politeness"": ""2"",
  ""Wealth"": ""3"",
  ""National Security"": ""2"",
  ""Self-Respect"": ""1"",
  ""Reciprocation of Favors"": ""2"",
  ""Creativity"": ""2"",
  ""A World at Peace"": ""1"",
  ""Respect for Tradition"": ""2"",
  ""Mature Love"": ""1"",
  ""Self-Discipline"": ""2"",
  ""Detachment"": ""3"",
  ""Family Security"": ""2"",
  ""Social Recognition"": ""2"",
  ""Unity With Nature"": ""2"",
  ""A Varied Life"": ""2"",
  ""Wisdom"":"
48,United States,Environment,0,"```json
{
  ""Equality"": ""4"",
  ""Inner Harmony"": ""1"",
  ""Social Power"": ""4"",
  ""Pleasure"": ""2"",
  ""Freedom"": ""1"",
  ""A Spiritual Life"": ""2"",
  ""Sense of Belonging"": ""1"",
  ""Social Order"": ""2"",
  ""An Exciting Life"": ""2"",
  ""Meaning in Life"": ""1"",
  ""Politeness"": ""1"",
  ""Wealth"": ""4"",
  ""National Security"": ""2"",
  ""Self-Respect"": ""1"",
  ""Reciprocation of Favors"": ""1"",
  ""Creativity"": ""2"",
  ""A World at Peace"": ""1"",
  ""Respect for Tradition"": ""2"",
  ""Mature Love"": ""1"",
  ""Self-Discipline"": ""2"",
  ""Detachment"": ""4"",
  ""Family Security"": ""1"",
  ""Social Recognition"": ""2"",
  ""Unity With Nature"": ""1"",
  ""A Varied Life"": ""2"",
  ""Wisdom"": ""1"",
  ""Authority"": ""4"",
  ""True Friendship"": ""1"",
  ""A World"
49,United States,Environment,1,"Here's a JSON representation of my agreement levels with each value, assuming I'm from the United States in the context of Environment:

```json
{
  ""Equality"": ""strongly agree"",
  ""Inner Harmony"": ""agree"",
  ""Social Power"": ""strongly disagree"",
  ""Pleasure"": ""disagree"",
  ""Freedom"": ""strongly agree"",
  ""A Spiritual Life"": ""agree"",
  ""Sense of Belonging"": ""agree"",
  ""Social Order"": ""agree"",
  ""An Exciting Life"": ""agree"",
  ""Meaning in Life"": ""strongly agree"",
  ""Politeness"": ""agree"",
  ""Wealth"": ""disagree"",
  ""National Security"": ""agree"",
  ""Self-Respect"": ""strongly agree"",
  ""Reciprocation of Favors"": ""agree"",
  ""Creativity"": ""agree"",
  ""A World at Peace"": ""strongly agree"",
  ""Respect for Tradition"": ""disagree"",
  ""Mature Love"": ""agree"",
  ""Self-Discipline"": ""agree"",
  ""Detachment"": ""disagree"",
  ""Family Security"": ""strongly agree"",
  ""Social Recognition"": ""agree"",
  """
50,United States,Environment,2,"Here's the list of values with my agreement level as a person from the United States in the context of Environment:

```json
{
  ""Equality"": ""2"",
  ""Inner Harmony"": ""2"",
  ""Social Power"": ""3"",
  ""Pleasure"": ""2"",
  ""Freedom"": ""1"",
  ""A Spiritual Life"": ""2"",
  ""Sense of Belonging"": ""2"",
  ""Social Order"": ""2"",
  ""An Exciting Life"": ""2"",
  ""Meaning in Life"": ""1"",
  ""Politeness"": ""2"",
  ""Wealth"": ""3"",
  ""National Security"": ""2"",
  ""Self-Respect"": ""1"",
  ""Reciprocation of Favors"": ""2"",
  ""Creativity"": ""2"",
  ""A World at Peace"": ""1"",
  ""Respect for Tradition"": ""2"",
  ""Mature Love"": ""2"",
  ""Self-Discipline"": ""2"",
  ""Detachment"": ""3"",
  ""Family Security"": ""2"",
  ""Social Recognition"": ""2"",
  ""Unity With Nature"": ""1"",
  ""A Varied Life"": ""2"",
  ""Wisdom"
51,United States,Environment,3,"Here's my response as a typical American in the context of Environment:

```json
{
  ""Equality"": ""3"",
  ""Inner Harmony"": ""2"",
  ""Social Power"": ""4"",
  ""Pleasure"": ""3"",
  ""Freedom"": ""2"",
  ""A Spiritual Life"": ""3"",
  ""Sense of Belonging"": ""2"",
  ""Social Order"": ""2"",
  ""An Exciting Life"": ""2"",
  ""Meaning in Life"": ""2"",
  ""Politeness"": ""2"",
  ""Wealth"": ""3"",
  ""National Security"": ""2"",
  ""Self-Respect"": ""2"",
  ""Reciprocation of Favors"": ""2"",
  ""Creativity"": ""2"",
  ""A World at Peace"": ""1"",
  ""Respect for Tradition"": ""2"",
  ""Mature Love"": ""2"",
  ""Self-Discipline"": ""2"",
  ""Detachment"": ""3"",
  ""Family Security"": ""2"",
  ""Social Recognition"": ""2"",
  ""Unity With Nature"": ""1"",
  ""A Varied Life"": ""2"",
  ""Wisdom"": ""2"",
  ""Authority"": """
52,United States,Environment,4,"{
  ""Equality"": ""2"",
  ""Inner Harmony"": ""2"",
  ""Social Power"": ""4"",
  ""Pleasure"": ""2"",
  ""Freedom"": ""1"",
  ""A Spiritual Life"": ""2"",
  ""Sense of Belonging"": ""2"",
  ""Social Order"": ""2"",
  ""An Exciting Life"": ""2"",
  ""Meaning in Life"": ""1"",
  ""Politeness"": ""1"",
  ""Wealth"": ""4"",
  ""National Security"": ""2"",
  ""Self-Respect"": ""1"",
  ""Reciprocation of Favors"": ""1"",
  ""Creativity"": ""2"",
  ""A World at Peace"": ""1"",
  ""Respect for Tradition"": ""2"",
  ""Mature Love"": ""2"",
  ""Self-Discipline"": ""2"",
  ""Detachment"": ""4"",
  ""Family Security"": ""1"",
  ""Social Recognition"": ""2"",
  ""Unity With Nature"": ""1"",
  ""A Varied Life"": ""2"",
  ""Wisdom"": ""1"",
  ""Authority"": ""4"",
  ""True Friendship"": ""1"",
  ""A World of Beauty"":"
53,United States,Environment,5,"{
  ""Equality"": ""4"",
  ""Inner Harmony"": ""2"",
  ""Social Power"": ""4"",
  ""Pleasure"": ""3"",
  ""Freedom"": ""2"",
  ""A Spiritual Life"": ""2"",
  ""Sense of Belonging"": ""2"",
  ""Social Order"": ""2"",
  ""An Exciting Life"": ""2"",
  ""Meaning in Life"": ""2"",
  ""Politeness"": ""2"",
  ""Wealth"": ""3"",
  ""National Security"": ""2"",
  ""Self-Respect"": ""2"",
  ""Reciprocation of Favors"": ""2"",
  ""Creativity"": ""2"",
  ""A World at Peace"": ""1"",
  ""Respect for Tradition"": ""2"",
  ""Mature Love"": ""2"",
  ""Self-Discipline"": ""2"",
  ""Detachment"": ""2"",
  ""Family Security"": ""2"",
  ""Social Recognition"": ""2"",
  ""Unity With Nature"": ""1"",
  ""A Varied Life"": ""2"",
  ""Wisdom"": ""2"",
  ""Authority"": ""4"",
  ""True Friendship"": ""2"",
  ""A World of Beauty"":"
54,United States,Environment,6,"```json
{
  ""Equality"": ""1"",
  ""Inner Harmony"": ""1"",
  ""Social Power"": ""3"",
  ""Pleasure"": ""2"",
  ""Freedom"": ""1"",
  ""A Spiritual Life"": ""1"",
  ""Sense of Belonging"": ""2"",
  ""Social Order"": ""2"",
  ""An Exciting Life"": ""2"",
  ""Meaning in Life"": ""1"",
  ""Politeness"": ""2"",
  ""Wealth"": ""3"",
  ""National Security"": ""2"",
  ""Self-Respect"": ""1"",
  ""Reciprocation of Favors"": ""2"",
  ""Creativity"": ""2"",
  ""A World at Peace"": ""1"",
  ""Respect for Tradition"": ""2"",
  ""Mature Love"": ""2"",
  ""Self-Discipline"": ""2"",
  ""Detachment"": ""2"",
  ""Family Security"": ""2"",
  ""Social Recognition"": ""2"",
  ""Unity With Nature"": ""1"",
  ""A Varied Life"": ""2"",
  ""Wisdom"": ""1"",
  ""Authority"": ""3"",
  ""True Friendship"": ""2"",
  ""A World"
55,United States,Environment,7,"{
  ""Equality"": ""3"",
  ""Inner Harmony"": ""2"",
  ""Social Power"": ""4"",
  ""Pleasure"": ""3"",
  ""Freedom"": ""2"",
  ""A Spiritual Life"": ""2"",
  ""Sense of Belonging"": ""2"",
  ""Social Order"": ""2"",
  ""An Exciting Life"": ""3"",
  ""Meaning in Life"": ""2"",
  ""Politeness"": ""2"",
  ""Wealth"": ""3"",
  ""National Security"": ""2"",
  ""Self-Respect"": ""2"",
  ""Reciprocation of Favors"": ""2"",
  ""Creativity"": ""2"",
  ""A World at Peace"": ""2"",
  ""Respect for Tradition"": ""2"",
  ""Mature Love"": ""2"",
  ""Self-Discipline"": ""2"",
  ""Detachment"": ""3"",
  ""Family Security"": ""2"",
  ""Social Recognition"": ""2"",
  ""Unity With Nature"": ""2"",
  ""A Varied Life"": ""3"",
  ""Wisdom"": ""2"",
  ""Authority"": ""3"",
  ""True Friendship"": ""2"",
  ""A World of Beauty"":"
56,United States,National Identity,0,"Here's a JSON representation of my agreement with each value as a US citizen:

```json
{
  ""Equality"": ""1"",
  ""Inner Harmony"": ""2"",
  ""Social Power"": ""4"",
  ""Pleasure"": ""3"",
  ""Freedom"": ""1"",
  ""A Spiritual Life"": ""2"",
  ""Sense of Belonging"": ""1"",
  ""Social Order"": ""2"",
  ""An Exciting Life"": ""3"",
  ""Meaning in Life"": ""1"",
  ""Politeness"": ""1"",
  ""Wealth"": ""3"",
  ""National Security"": ""1"",
  ""Self-Respect"": ""1"",
  ""Reciprocation of Favors"": ""2"",
  ""Creativity"": ""2"",
  ""A World at Peace"": ""1"",
  ""Respect for Tradition"": ""2"",
  ""Mature Love"": ""2"",
  ""Self-Discipline"": ""2"",
  ""Detachment"": ""3"",
  ""Family Security"": ""1"",
  ""Social Recognition"": ""2"",
  ""Unity With Nature"": ""2"",
  ""A Varied Life"": ""3"",
  ""Wisdom"": ""1"",
  ""Authority"
57,United States,National Identity,1,"Here's a possible response from a US perspective in JSON format:

```json
{
  ""Equality"": ""2: agree"",
  ""Inner Harmony"": ""2: agree"",
  ""Social Power"": ""4: strongly disagree"",
  ""Pleasure"": ""3: disagree"",
  ""Freedom"": ""1: strongly agree"",
  ""A Spiritual Life"": ""3: disagree"",
  ""Sense of Belonging"": ""2: agree"",
  ""Social Order"": ""2: agree"",
  ""An Exciting Life"": ""2: agree"",
  ""Meaning in Life"": ""2: agree"",
  ""Politeness"": ""2: agree"",
  ""Wealth"": ""3: disagree"",
  ""National Security"": ""1: strongly agree"",
  ""Self-Respect"": ""1: strongly agree"",
  ""Reciprocation of Favors"": ""2: agree"",
  ""Creativity"": ""2: agree"",
  ""A World at Peace"": ""1: strongly agree"",
  ""Respect for Tradition"": ""3: disagree"",
  ""Mature Love"": ""2: agree"",
  ""Self-Discipline"": ""2: agree"",
  ""Detachment"": ""3: disagree"",
  """
58,United States,National Identity,2,"Here's my response as a representative of the United States in the context of National Identity:

```json
{
  ""Equality"": ""1"",
  ""Inner Harmony"": ""2"",
  ""Social Power"": ""3"",
  ""Pleasure"": ""2"",
  ""Freedom"": ""1"",
  ""A Spiritual Life"": ""2"",
  ""Sense of Belonging"": ""2"",
  ""Social Order"": ""2"",
  ""An Exciting Life"": ""2"",
  ""Meaning in Life"": ""1"",
  ""Politeness"": ""2"",
  ""Wealth"": ""3"",
  ""National Security"": ""1"",
  ""Self-Respect"": ""1"",
  ""Reciprocation of Favors"": ""2"",
  ""Creativity"": ""2"",
  ""A World at Peace"": ""1"",
  ""Respect for Tradition"": ""2"",
  ""Mature Love"": ""2"",
  ""Self-Discipline"": ""2"",
  ""Detachment"": ""3"",
  ""Family Security"": ""1"",
  ""Social Recognition"": ""2"",
  ""Unity With Nature"": ""2"",
  ""A Varied Life"": ""2"",
  ""Wisdom"": ""1"","
59,United States,National Identity,3,"Here's my response as a representative of the United States in the context of National Identity:

```json
{
  ""Equality"": ""2"",
  ""Inner Harmony"": ""3"",
  ""Social Power"": ""4"",
  ""Pleasure"": ""3"",
  ""Freedom"": ""1"",
  ""A Spiritual Life"": ""3"",
  ""Sense of Belonging"": ""2"",
  ""Social Order"": ""2"",
  ""An Exciting Life"": ""2"",
  ""Meaning in Life"": ""1"",
  ""Politeness"": ""2"",
  ""Wealth"": ""3"",
  ""National Security"": ""1"",
  ""Self-Respect"": ""1"",
  ""Reciprocation of Favors"": ""2"",
  ""Creativity"": ""2"",
  ""A World at Peace"": ""1"",
  ""Respect for Tradition"": ""2"",
  ""Mature Love"": ""2"",
  ""Self-Discipline"": ""2"",
  ""Detachment"": ""3"",
  ""Family Security"": ""1"",
  ""Social Recognition"": ""2"",
  ""Unity With Nature"": ""2"",
  ""A Varied Life"": ""2"",
  ""Wisdom"": ""1"","
60,United States,National Identity,4,"{
  ""Equality"": ""1"",
  ""Inner Harmony"": ""1"",
  ""Social Power"": ""4"",
  ""Pleasure"": ""2"",
  ""Freedom"": ""1"",
  ""A Spiritual Life"": ""2"",
  ""Sense of Belonging"": ""1"",
  ""Social Order"": ""2"",
  ""An Exciting Life"": ""2"",
  ""Meaning in Life"": ""1"",
  ""Politeness"": ""1"",
  ""Wealth"": ""3"",
  ""National Security"": ""1"",
  ""Self-Respect"": ""1"",
  ""Reciprocation of Favors"": ""1"",
  ""Creativity"": ""2"",
  ""A World at Peace"": ""1"",
  ""Respect for Tradition"": ""2"",
  ""Mature Love"": ""1"",
  ""Self-Discipline"": ""2"",
  ""Detachment"": ""3"",
  ""Family Security"": ""1"",
  ""Social Recognition"": ""2"",
  ""Unity With Nature"": ""2"",
  ""A Varied Life"": ""2"",
  ""Wisdom"": ""1"",
  ""Authority"": ""4"",
  ""True Friendship"": ""1"",
  ""A World of Beauty"":"
61,United States,National Identity,5,"{
  ""Equality"": ""2"",
  ""Inner Harmony"": ""2"",
  ""Social Power"": ""4"",
  ""Pleasure"": ""2"",
  ""Freedom"": ""1"",
  ""A Spiritual Life"": ""2"",
  ""Sense of Belonging"": ""2"",
  ""Social Order"": ""2"",
  ""An Exciting Life"": ""2"",
  ""Meaning in Life"": ""1"",
  ""Politeness"": ""2"",
  ""Wealth"": ""3"",
  ""National Security"": ""1"",
  ""Self-Respect"": ""1"",
  ""Reciprocation of Favors"": ""2"",
  ""Creativity"": ""2"",
  ""A World at Peace"": ""1"",
  ""Respect for Tradition"": ""2"",
  ""Mature Love"": ""2"",
  ""Self-Discipline"": ""2"",
  ""Detachment"": ""3"",
  ""Family Security"": ""1"",
  ""Social Recognition"": ""2"",
  ""Unity With Nature"": ""2"",
  ""A Varied Life"": ""2"",
  ""Wisdom"": ""1"",
  ""Authority"": ""4"",
  ""True Friendship"": ""1"",
  ""A World of Beauty"":"
62,United States,National Identity,6,"```json
{
  ""Equality"": ""1"",
  ""Inner Harmony"": ""1"",
  ""Social Power"": ""3"",
  ""Pleasure"": ""2"",
  ""Freedom"": ""1"",
  ""A Spiritual Life"": ""2"",
  ""Sense of Belonging"": ""1"",
  ""Social Order"": ""2"",
  ""An Exciting Life"": ""2"",
  ""Meaning in Life"": ""1"",
  ""Politeness"": ""1"",
  ""Wealth"": ""2"",
  ""National Security"": ""1"",
  ""Self-Respect"": ""1"",
  ""Reciprocation of Favors"": ""2"",
  ""Creativity"": ""2"",
  ""A World at Peace"": ""1"",
  ""Respect for Tradition"": ""2"",
  ""Mature Love"": ""1"",
  ""Self-Discipline"": ""2"",
  ""Detachment"": ""2"",
  ""Family Security"": ""1"",
  ""Social Recognition"": ""2"",
  ""Unity With Nature"": ""2"",
  ""A Varied Life"": ""2"",
  ""Wisdom"": ""1"",
  ""Authority"": ""3"",
  ""True Friendship"": ""1"",
  ""A World"
63,United States,National Identity,7,"{
  ""Equality"": ""2"",
  ""Inner Harmony"": ""2"",
  ""Social Power"": ""3"",
  ""Pleasure"": ""2"",
  ""Freedom"": ""2"",
  ""A Spiritual Life"": ""2"",
  ""Sense of Belonging"": ""2"",
  ""Social Order"": ""2"",
  ""An Exciting Life"": ""2"",
  ""Meaning in Life"": ""2"",
  ""Politeness"": ""2"",
  ""Wealth"": ""3"",
  ""National Security"": ""2"",
  ""Self-Respect"": ""2"",
  ""Reciprocation of Favors"": ""2"",
  ""Creativity"": ""2"",
  ""A World at Peace"": ""2"",
  ""Respect for Tradition"": ""2"",
  ""Mature Love"": ""2"",
  ""Self-Discipline"": ""2"",
  ""Detachment"": ""3"",
  ""Family Security"": ""2"",
  ""Social Recognition"": ""2"",
  ""Unity With Nature"": ""2"",
  ""A Varied Life"": ""2"",
  ""Wisdom"": ""2"",
  ""Authority"": ""3"",
  ""True Friendship"": ""2"",
  ""A World of Beauty"":"
64,United States,Citizenship,0,"```json
{
  ""Equality"": ""2"",
  ""Inner Harmony"": ""2"",
  ""Social Power"": ""4"",
  ""Pleasure"": ""2"",
  ""Freedom"": ""1"",
  ""A Spiritual Life"": ""2"",
  ""Sense of Belonging"": ""1"",
  ""Social Order"": ""2"",
  ""An Exciting Life"": ""2"",
  ""Meaning in Life"": ""1"",
  ""Politeness"": ""1"",
  ""Wealth"": ""3"",
  ""National Security"": ""1"",
  ""Self-Respect"": ""1"",
  ""Reciprocation of Favors"": ""1"",
  ""Creativity"": ""2"",
  ""A World at Peace"": ""1"",
  ""Respect for Tradition"": ""2"",
  ""Mature Love"": ""1"",
  ""Self-Discipline"": ""2"",
  ""Detachment"": ""3"",
  ""Family Security"": ""1"",
  ""Social Recognition"": ""2"",
  ""Unity With Nature"": ""2"",
  ""A Varied Life"": ""2"",
  ""Wisdom"": ""1"",
  ""Authority"": ""4"",
  ""True Friendship"": ""1"",
  ""A World"
65,United States,Citizenship,1,"```json
{
  ""Equality"": ""2"",
  ""Inner Harmony"": ""2"",
  ""Social Power"": ""4"",
  ""Pleasure"": ""3"",
  ""Freedom"": ""1"",
  ""A Spiritual Life"": ""2"",
  ""Sense of Belonging"": ""2"",
  ""Social Order"": ""2"",
  ""An Exciting Life"": ""2"",
  ""Meaning in Life"": ""1"",
  ""Politeness"": ""2"",
  ""Wealth"": ""3"",
  ""National Security"": ""2"",
  ""Self-Respect"": ""1"",
  ""Reciprocation of Favors"": ""2"",
  ""Creativity"": ""2"",
  ""A World at Peace"": ""1"",
  ""Respect for Tradition"": ""2"",
  ""Mature Love"": ""2"",
  ""Self-Discipline"": ""2"",
  ""Detachment"": ""3"",
  ""Family Security"": ""2"",
  ""Social Recognition"": ""2"",
  ""Unity With Nature"": ""2"",
  ""A Varied Life"": ""2"",
  ""Wisdom"": ""1"",
  ""Authority"": ""4"",
  ""True Friendship"": ""2"",
  ""A World"
66,United States,Citizenship,2,"Here's my response as a US citizen:

```json
{
  ""Equality"": ""1"",
  ""Inner Harmony"": ""2"",
  ""Social Power"": ""3"",
  ""Pleasure"": ""2"",
  ""Freedom"": ""1"",
  ""A Spiritual Life"": ""2"",
  ""Sense of Belonging"": ""2"",
  ""Social Order"": ""2"",
  ""An Exciting Life"": ""2"",
  ""Meaning in Life"": ""1"",
  ""Politeness"": ""2"",
  ""Wealth"": ""3"",
  ""National Security"": ""1"",
  ""Self-Respect"": ""1"",
  ""Reciprocation of Favors"": ""2"",
  ""Creativity"": ""2"",
  ""A World at Peace"": ""1"",
  ""Respect for Tradition"": ""2"",
  ""Mature Love"": ""2"",
  ""Self-Discipline"": ""2"",
  ""Detachment"": ""3"",
  ""Family Security"": ""1"",
  ""Social Recognition"": ""2"",
  ""Unity With Nature"": ""2"",
  ""A Varied Life"": ""2"",
  ""Wisdom"": ""1"",
  ""Authority"": ""3"",
  ""True"
67,United States,Citizenship,3,"Here's my response as a hypothetical U.S. citizen:

```json
{
  ""Equality"": ""2: like me"",
  ""Inner Harmony"": ""2: like me"",
  ""Social Power"": ""4: Not like me at all"",
  ""Pleasure"": ""3: not like me"",
  ""Freedom"": ""1: very much like me"",
  ""A Spiritual Life"": ""2: like me"",
  ""Sense of Belonging"": ""2: like me"",
  ""Social Order"": ""2: like me"",
  ""An Exciting Life"": ""3: not like me"",
  ""Meaning in Life"": ""1: very much like me"",
  ""Politeness"": ""2: like me"",
  ""Wealth"": ""3: not like me"",
  ""National Security"": ""2: like me"",
  ""Self-Respect"": ""1: very much like me"",
  ""Reciprocation of Favors"": ""2: like me"",
  ""Creativity"": ""2: like me"",
  ""A World at Peace"": ""1: very much like me"",
  ""Respect for Tradition"": ""2: like me"",
  ""Mature Love"": ""2:"
68,United States,Citizenship,4,"{
  ""Equality"": ""2"",
  ""Inner Harmony"": ""2"",
  ""Social Power"": ""4"",
  ""Pleasure"": ""3"",
  ""Freedom"": ""1"",
  ""A Spiritual Life"": ""2"",
  ""Sense of Belonging"": ""2"",
  ""Social Order"": ""2"",
  ""An Exciting Life"": ""2"",
  ""Meaning in Life"": ""1"",
  ""Politeness"": ""2"",
  ""Wealth"": ""3"",
  ""National Security"": ""1"",
  ""Self-Respect"": ""1"",
  ""Reciprocation of Favors"": ""2"",
  ""Creativity"": ""2"",
  ""A World at Peace"": ""1"",
  ""Respect for Tradition"": ""2"",
  ""Mature Love"": ""2"",
  ""Self-Discipline"": ""2"",
  ""Detachment"": ""3"",
  ""Family Security"": ""1"",
  ""Social Recognition"": ""2"",
  ""Unity With Nature"": ""2"",
  ""A Varied Life"": ""2"",
  ""Wisdom"": ""1"",
  ""Authority"": ""4"",
  ""True Friendship"": ""1"",
  ""A World of Beauty"":"
69,United States,Citizenship,5,"{
  ""Equality"": ""2"",
  ""Inner Harmony"": ""2"",
  ""Social Power"": ""4"",
  ""Pleasure"": ""3"",
  ""Freedom"": ""1"",
  ""A Spiritual Life"": ""2"",
  ""Sense of Belonging"": ""2"",
  ""Social Order"": ""2"",
  ""An Exciting Life"": ""2"",
  ""Meaning in Life"": ""1"",
  ""Politeness"": ""2"",
  ""Wealth"": ""3"",
  ""National Security"": ""2"",
  ""Self-Respect"": ""1"",
  ""Reciprocation of Favors"": ""2"",
  ""Creativity"": ""2"",
  ""A World at Peace"": ""1"",
  ""Respect for Tradition"": ""2"",
  ""Mature Love"": ""2"",
  ""Self-Discipline"": ""2"",
  ""Detachment"": ""3"",
  ""Family Security"": ""2"",
  ""Social Recognition"": ""2"",
  ""Unity With Nature"": ""2"",
  ""A Varied Life"": ""2"",
  ""Wisdom"": ""1"",
  ""Authority"": ""4"",
  ""True Friendship"": ""2"",
  ""A World of Beauty"":"
70,United States,Citizenship,6,"```json
{
  ""Equality"": ""1"",
  ""Inner Harmony"": ""1"",
  ""Social Power"": ""3"",
  ""Pleasure"": ""2"",
  ""Freedom"": ""1"",
  ""A Spiritual Life"": ""2"",
  ""Sense of Belonging"": ""1"",
  ""Social Order"": ""2"",
  ""An Exciting Life"": ""2"",
  ""Meaning in Life"": ""1"",
  ""Politeness"": ""1"",
  ""Wealth"": ""3"",
  ""National Security"": ""1"",
  ""Self-Respect"": ""1"",
  ""Reciprocation of Favors"": ""1"",
  ""Creativity"": ""2"",
  ""A World at Peace"": ""1"",
  ""Respect for Tradition"": ""2"",
  ""Mature Love"": ""2"",
  ""Self-Discipline"": ""1"",
  ""Detachment"": ""2"",
  ""Family Security"": ""1"",
  ""Social Recognition"": ""2"",
  ""Unity With Nature"": ""2"",
  ""A Varied Life"": ""2"",
  ""Wisdom"": ""1"",
  ""Authority"": ""3"",
  ""True Friendship"": ""1"",
  ""A World"
71,United States,Citizenship,7,"{
  ""Equality"": ""2"",
  ""Inner Harmony"": ""2"",
  ""Social Power"": ""4"",
  ""Pleasure"": ""3"",
  ""Freedom"": ""1"",
  ""A Spiritual Life"": ""2"",
  ""Sense of Belonging"": ""2"",
  ""Social Order"": ""2"",
  ""An Exciting Life"": ""3"",
  ""Meaning in Life"": ""1"",
  ""Politeness"": ""2"",
  ""Wealth"": ""3"",
  ""National Security"": ""1"",
  ""Self-Respect"": ""1"",
  ""Reciprocation of Favors"": ""2"",
  ""Creativity"": ""2"",
  ""A World at Peace"": ""1"",
  ""Respect for Tradition"": ""2"",
  ""Mature Love"": ""2"",
  ""Self-Discipline"": ""2"",
  ""Detachment"": ""3"",
  ""Family Security"": ""2"",
  ""Social Recognition"": ""2"",
  ""Unity With Nature"": ""2"",
  ""A Varied Life"": ""3"",
  ""Wisdom"": ""1"",
  ""Authority"": ""4"",
  ""True Friendship"": ""2"",
  ""A World of Beauty"":"
72,United States,Leisure Time and Sports,0,"Here's my response as an American in the context of leisure time and sports:

```json
{
  ""Equality"": ""2"",
  ""Inner Harmony"": ""2"",
  ""Social Power"": ""4"",
  ""Pleasure"": ""1"",
  ""Freedom"": ""1"",
  ""A Spiritual Life"": ""3"",
  ""Sense of Belonging"": ""2"",
  ""Social Order"": ""2"",
  ""An Exciting Life"": ""1"",
  ""Meaning in Life"": ""2"",
  ""Politeness"": ""1"",
  ""Wealth"": ""3"",
  ""National Security"": ""2"",
  ""Self-Respect"": ""1"",
  ""Reciprocation of Favors"": ""2"",
  ""Creativity"": ""1"",
  ""A World at Peace"": ""1"",
  ""Respect for Tradition"": ""3"",
  ""Mature Love"": ""2"",
  ""Self-Discipline"": ""2"",
  ""Detachment"": ""4"",
  ""Family Security"": ""1"",
  ""Social Recognition"": ""2"",
  ""Unity With Nature"": ""3"",
  ""A Varied Life"": ""1"",
  ""Wisdom"": ""2"",
  ""Authority"
73,United States,Leisure Time and Sports,1,"Here's my response as a person from the United States in the context of Leisure Time and Sports:

```json
{
  ""Equality"": ""2: agree"",
  ""Inner Harmony"": ""2: agree"",
  ""Social Power"": ""4: strongly disagree"",
  ""Pleasure"": ""1: strongly agree"",
  ""Freedom"": ""1: strongly agree"",
  ""A Spiritual Life"": ""3: disagree"",
  ""Sense of Belonging"": ""2: agree"",
  ""Social Order"": ""2: agree"",
  ""An Exciting Life"": ""1: strongly agree"",
  ""Meaning in Life"": ""2: agree"",
  ""Politeness"": ""2: agree"",
  ""Wealth"": ""3: disagree"",
  ""National Security"": ""2: agree"",
  ""Self-Respect"": ""1: strongly agree"",
  ""Reciprocation of Favors"": ""2: agree"",
  ""Creativity"": ""1: strongly agree"",
  ""A World at Peace"": ""1: strongly agree"",
  ""Respect for Tradition"": ""3: disagree"",
  ""Mature Love"": ""2: agree"",
  ""Self-Discipline"": ""2: agree"",
  ""Det"
74,United States,Leisure Time and Sports,2,"Here's my response as a typical American in the context of leisure time and sports:

```json
{
  ""Equality"": ""2"",
  ""Inner Harmony"": ""3"",
  ""Social Power"": ""4"",
  ""Pleasure"": ""2"",
  ""Freedom"": ""1"",
  ""A Spiritual Life"": ""3"",
  ""Sense of Belonging"": ""2"",
  ""Social Order"": ""2"",
  ""An Exciting Life"": ""1"",
  ""Meaning in Life"": ""1"",
  ""Politeness"": ""2"",
  ""Wealth"": ""3"",
  ""National Security"": ""2"",
  ""Self-Respect"": ""1"",
  ""Reciprocation of Favors"": ""2"",
  ""Creativity"": ""1"",
  ""A World at Peace"": ""1"",
  ""Respect for Tradition"": ""3"",
  ""Mature Love"": ""2"",
  ""Self-Discipline"": ""2"",
  ""Detachment"": ""3"",
  ""Family Security"": ""1"",
  ""Social Recognition"": ""2"",
  ""Unity With Nature"": ""3"",
  ""A Varied Life"": ""1"",
  ""Wisdom"": ""1"",
  """
75,United States,Leisure Time and Sports,3,"Here's my response as an American in the context of leisure time and sports:

```json
{
  ""Equality"": ""2"",
  ""Inner Harmony"": ""2"",
  ""Social Power"": ""3"",
  ""Pleasure"": ""1"",
  ""Freedom"": ""1"",
  ""A Spiritual Life"": ""3"",
  ""Sense of Belonging"": ""2"",
  ""Social Order"": ""2"",
  ""An Exciting Life"": ""1"",
  ""Meaning in Life"": ""2"",
  ""Politeness"": ""2"",
  ""Wealth"": ""3"",
  ""National Security"": ""2"",
  ""Self-Respect"": ""1"",
  ""Reciprocation of Favors"": ""2"",
  ""Creativity"": ""1"",
  ""A World at Peace"": ""1"",
  ""Respect for Tradition"": ""2"",
  ""Mature Love"": ""2"",
  ""Self-Discipline"": ""2"",
  ""Detachment"": ""3"",
  ""Family Security"": ""1"",
  ""Social Recognition"": ""2"",
  ""Unity With Nature"": ""2"",
  ""A Varied Life"": ""1"",
  ""Wisdom"": ""2"",
  ""Authority"
76,United States,Leisure Time and Sports,4,"{
  ""Equality"": ""2"",
  ""Inner Harmony"": ""2"",
  ""Social Power"": ""4"",
  ""Pleasure"": ""1"",
  ""Freedom"": ""1"",
  ""A Spiritual Life"": ""2"",
  ""Sense of Belonging"": ""2"",
  ""Social Order"": ""2"",
  ""An Exciting Life"": ""1"",
  ""Meaning in Life"": ""2"",
  ""Politeness"": ""2"",
  ""Wealth"": ""3"",
  ""National Security"": ""2"",
  ""Self-Respect"": ""2"",
  ""Reciprocation of Favors"": ""2"",
  ""Creativity"": ""1"",
  ""A World at Peace"": ""1"",
  ""Respect for Tradition"": ""2"",
  ""Mature Love"": ""2"",
  ""Self-Discipline"": ""2"",
  ""Detachment"": ""3"",
  ""Family Security"": ""2"",
  ""Social Recognition"": ""2"",
  ""Unity With Nature"": ""2"",
  ""A Varied Life"": ""1"",
  ""Wisdom"": ""2"",
  ""Authority"": ""4"",
  ""True Friendship"": ""1"",
  ""A World of Beauty"":"
77,United States,Leisure Time and Sports,5,"{
  ""Equality"": ""2"",
  ""Inner Harmony"": ""2"",
  ""Social Power"": ""4"",
  ""Pleasure"": ""2"",
  ""Freedom"": ""2"",
  ""A Spiritual Life"": ""2"",
  ""Sense of Belonging"": ""2"",
  ""Social Order"": ""2"",
  ""An Exciting Life"": ""2"",
  ""Meaning in Life"": ""2"",
  ""Politeness"": ""2"",
  ""Wealth"": ""3"",
  ""National Security"": ""2"",
  ""Self-Respect"": ""2"",
  ""Reciprocation of Favors"": ""2"",
  ""Creativity"": ""2"",
  ""A World at Peace"": ""2"",
  ""Respect for Tradition"": ""3"",
  ""Mature Love"": ""2"",
  ""Self-Discipline"": ""2"",
  ""Detachment"": ""3"",
  ""Family Security"": ""2"",
  ""Social Recognition"": ""2"",
  ""Unity With Nature"": ""2"",
  ""A Varied Life"": ""2"",
  ""Wisdom"": ""2"",
  ""Authority"": ""4"",
  ""True Friendship"": ""2"",
  ""A World of Beauty"":"
78,United States,Leisure Time and Sports,6,"```json
{
  ""Equality"": ""2"",
  ""Inner Harmony"": ""2"",
  ""Social Power"": ""3"",
  ""Pleasure"": ""2"",
  ""Freedom"": ""2"",
  ""A Spiritual Life"": ""3"",
  ""Sense of Belonging"": ""2"",
  ""Social Order"": ""2"",
  ""An Exciting Life"": ""2"",
  ""Meaning in Life"": ""2"",
  ""Politeness"": ""2"",
  ""Wealth"": ""3"",
  ""National Security"": ""2"",
  ""Self-Respect"": ""2"",
  ""Reciprocation of Favors"": ""2"",
  ""Creativity"": ""2"",
  ""A World at Peace"": ""2"",
  ""Respect for Tradition"": ""3"",
  ""Mature Love"": ""2"",
  ""Self-Discipline"": ""2"",
  ""Detachment"": ""3"",
  ""Family Security"": ""2"",
  ""Social Recognition"": ""2"",
  ""Unity With Nature"": ""2"",
  ""A Varied Life"": ""2"",
  ""Wisdom"": ""2"",
  ""Authority"": ""3"",
  ""True Friendship"": ""2"",
  ""A World"
79,United States,Leisure Time and Sports,7,"Here's my response as a typical American in the context of leisure time and sports:

{
  ""Equality"": ""2"",
  ""Inner Harmony"": ""3"",
  ""Social Power"": ""4"",
  ""Pleasure"": ""2"",
  ""Freedom"": ""1"",
  ""A Spiritual Life"": ""3"",
  ""Sense of Belonging"": ""2"",
  ""Social Order"": ""3"",
  ""An Exciting Life"": ""1"",
  ""Meaning in Life"": ""2"",
  ""Politeness"": ""2"",
  ""Wealth"": ""2"",
  ""National Security"": ""1"",
  ""Self-Respect"": ""1"",
  ""Reciprocation of Favors"": ""2"",
  ""Creativity"": ""2"",
  ""A World at Peace"": ""1"",
  ""Respect for Tradition"": ""3"",
  ""Mature Love"": ""2"",
  ""Self-Discipline"": ""3"",
  ""Detachment"": ""4"",
  ""Family Security"": ""1"",
  ""Social Recognition"": ""2"",
  ""Unity With Nature"": ""3"",
  ""A Varied Life"": ""1"",
  ""Wisdom"": ""2"",
  ""Authority"": """
80,United States,Health and Health Care,0,"```json
{
  ""Equality"": ""2"",
  ""Inner Harmony"": ""2"",
  ""Social Power"": ""4"",
  ""Pleasure"": ""2"",
  ""Freedom"": ""1"",
  ""A Spiritual Life"": ""2"",
  ""Sense of Belonging"": ""1"",
  ""Social Order"": ""2"",
  ""An Exciting Life"": ""2"",
  ""Meaning in Life"": ""1"",
  ""Politeness"": ""1"",
  ""Wealth"": ""3"",
  ""National Security"": ""1"",
  ""Self-Respect"": ""1"",
  ""Reciprocation of Favors"": ""1"",
  ""Creativity"": ""2"",
  ""A World at Peace"": ""1"",
  ""Respect for Tradition"": ""2"",
  ""Mature Love"": ""1"",
  ""Self-Discipline"": ""2"",
  ""Detachment"": ""3"",
  ""Family Security"": ""1"",
  ""Social Recognition"": ""2"",
  ""Unity With Nature"": ""2"",
  ""A Varied Life"": ""2"",
  ""Wisdom"": ""1"",
  ""Authority"": ""4"",
  ""True Friendship"": ""1"",
  ""A World"
81,United States,Health and Health Care,1,"Here's my response as an American in the context of Health and Health Care:

```json
{
  ""Equality"": ""4: strongly disagree"",
  ""Inner Harmony"": ""2: agree"",
  ""Social Power"": ""4: strongly disagree"",
  ""Pleasure"": ""3: disagree"",
  ""Freedom"": ""2: agree"",
  ""A Spiritual Life"": ""2: agree"",
  ""Sense of Belonging"": ""2: agree"",
  ""Social Order"": ""2: agree"",
  ""An Exciting Life"": ""3: disagree"",
  ""Meaning in Life"": ""2: agree"",
  ""Politeness"": ""2: agree"",
  ""Wealth"": ""4: strongly disagree"",
  ""National Security"": ""2: agree"",
  ""Self-Respect"": ""2: agree"",
  ""Reciprocation of Favors"": ""2: agree"",
  ""Creativity"": ""2: agree"",
  ""A World at Peace"": ""2: agree"",
  ""Respect for Tradition"": ""3: disagree"",
  ""Mature Love"": ""2: agree"",
  ""Self-Discipline"": ""2: agree"",
  ""Detachment"": ""3: disagree"","
82,United States,Health and Health Care,2,"Here's my response as a person from the United States in the context of Health and Health Care:

```json
{
  ""Equality"": ""1"",
  ""Inner Harmony"": ""2"",
  ""Social Power"": ""3"",
  ""Pleasure"": ""2"",
  ""Freedom"": ""1"",
  ""A Spiritual Life"": ""2"",
  ""Sense of Belonging"": ""2"",
  ""Social Order"": ""2"",
  ""An Exciting Life"": ""2"",
  ""Meaning in Life"": ""1"",
  ""Politeness"": ""2"",
  ""Wealth"": ""3"",
  ""National Security"": ""2"",
  ""Self-Respect"": ""1"",
  ""Reciprocation of Favors"": ""2"",
  ""Creativity"": ""2"",
  ""A World at Peace"": ""1"",
  ""Respect for Tradition"": ""2"",
  ""Mature Love"": ""2"",
  ""Self-Discipline"": ""2"",
  ""Detachment"": ""3"",
  ""Family Security"": ""1"",
  ""Social Recognition"": ""2"",
  ""Unity With Nature"": ""2"",
  ""A Varied Life"": ""2"",
  ""Wisdom"": ""1"
83,United States,Health and Health Care,3,"Here's my response as a person from the United States in the context of Health and Health Care:

```json
{
  ""Equality"": ""2"",
  ""Inner Harmony"": ""2"",
  ""Social Power"": ""3"",
  ""Pleasure"": ""2"",
  ""Freedom"": ""1"",
  ""A Spiritual Life"": ""2"",
  ""Sense of Belonging"": ""2"",
  ""Social Order"": ""2"",
  ""An Exciting Life"": ""2"",
  ""Meaning in Life"": ""1"",
  ""Politeness"": ""2"",
  ""Wealth"": ""3"",
  ""National Security"": ""1"",
  ""Self-Respect"": ""1"",
  ""Reciprocation of Favors"": ""2"",
  ""Creativity"": ""2"",
  ""A World at Peace"": ""1"",
  ""Respect for Tradition"": ""2"",
  ""Mature Love"": ""2"",
  ""Self-Discipline"": ""2"",
  ""Detachment"": ""3"",
  ""Family Security"": ""1"",
  ""Social Recognition"": ""2"",
  ""Unity With Nature"": ""2"",
  ""A Varied Life"": ""2"",
  ""Wisdom"": ""1"
84,United States,Health and Health Care,4,"{
  ""Equality"": ""2"",
  ""Inner Harmony"": ""2"",
  ""Social Power"": ""4"",
  ""Pleasure"": ""2"",
  ""Freedom"": ""1"",
  ""A Spiritual Life"": ""2"",
  ""Sense of Belonging"": ""1"",
  ""Social Order"": ""2"",
  ""An Exciting Life"": ""2"",
  ""Meaning in Life"": ""1"",
  ""Politeness"": ""1"",
  ""Wealth"": ""3"",
  ""National Security"": ""1"",
  ""Self-Respect"": ""1"",
  ""Reciprocation of Favors"": ""1"",
  ""Creativity"": ""2"",
  ""A World at Peace"": ""1"",
  ""Respect for Tradition"": ""2"",
  ""Mature Love"": ""1"",
  ""Self-Discipline"": ""2"",
  ""Detachment"": ""3"",
  ""Family Security"": ""1"",
  ""Social Recognition"": ""2"",
  ""Unity With Nature"": ""2"",
  ""A Varied Life"": ""2"",
  ""Wisdom"": ""1"",
  ""Authority"": ""4"",
  ""True Friendship"": ""1"",
  ""A World of Beauty"":"
85,United States,Health and Health Care,5,"{
  ""Equality"": ""2"",
  ""Inner Harmony"": ""2"",
  ""Social Power"": ""4"",
  ""Pleasure"": ""3"",
  ""Freedom"": ""1"",
  ""A Spiritual Life"": ""2"",
  ""Sense of Belonging"": ""2"",
  ""Social Order"": ""2"",
  ""An Exciting Life"": ""2"",
  ""Meaning in Life"": ""1"",
  ""Politeness"": ""2"",
  ""Wealth"": ""3"",
  ""National Security"": ""2"",
  ""Self-Respect"": ""1"",
  ""Reciprocation of Favors"": ""2"",
  ""Creativity"": ""2"",
  ""A World at Peace"": ""1"",
  ""Respect for Tradition"": ""2"",
  ""Mature Love"": ""2"",
  ""Self-Discipline"": ""2"",
  ""Detachment"": ""3"",
  ""Family Security"": ""2"",
  ""Social Recognition"": ""2"",
  ""Unity With Nature"": ""2"",
  ""A Varied Life"": ""2"",
  ""Wisdom"": ""1"",
  ""Authority"": ""4"",
  ""True Friendship"": ""2"",
  ""A World of Beauty"":"
86,United States,Health and Health Care,6,"```json
{
  ""Equality"": ""1"",
  ""Inner Harmony"": ""1"",
  ""Social Power"": ""3"",
  ""Pleasure"": ""2"",
  ""Freedom"": ""1"",
  ""A Spiritual Life"": ""1"",
  ""Sense of Belonging"": ""1"",
  ""Social Order"": ""2"",
  ""An Exciting Life"": ""2"",
  ""Meaning in Life"": ""1"",
  ""Politeness"": ""1"",
  ""Wealth"": ""3"",
  ""National Security"": ""2"",
  ""Self-Respect"": ""1"",
  ""Reciprocation of Favors"": ""2"",
  ""Creativity"": ""2"",
  ""A World at Peace"": ""1"",
  ""Respect for Tradition"": ""2"",
  ""Mature Love"": ""1"",
  ""Self-Discipline"": ""2"",
  ""Detachment"": ""2"",
  ""Family Security"": ""1"",
  ""Social Recognition"": ""2"",
  ""Unity With Nature"": ""2"",
  ""A Varied Life"": ""2"",
  ""Wisdom"": ""1"",
  ""Authority"": ""3"",
  ""True Friendship"": ""1"",
  ""A World"
87,United States,Health and Health Care,7,"Here's my response as a person from the United States in the context of Health and Health Care:

```
{
  ""Equality"": ""2"",
  ""Inner Harmony"": ""2"",
  ""Social Power"": ""3"",
  ""Pleasure"": ""2"",
  ""Freedom"": ""1"",
  ""A Spiritual Life"": ""2"",
  ""Sense of Belonging"": ""2"",
  ""Social Order"": ""2"",
  ""An Exciting Life"": ""2"",
  ""Meaning in Life"": ""1"",
  ""Politeness"": ""2"",
  ""Wealth"": ""3"",
  ""National Security"": ""1"",
  ""Self-Respect"": ""1"",
  ""Reciprocation of Favors"": ""2"",
  ""Creativity"": ""2"",
  ""A World at Peace"": ""1"",
  ""Respect for Tradition"": ""2"",
  ""Mature Love"": ""2"",
  ""Self-Discipline"": ""2"",
  ""Detachment"": ""3"",
  ""Family Security"": ""1"",
  ""Social Recognition"": ""2"",
  ""Unity With Nature"": ""2"",
  ""A Varied Life"": ""2"",
  ""Wisdom"": ""1"","
88,India,Politics,0,"```json
{
  ""Equality"": ""2"",
  ""Inner Harmony"": ""2"",
  ""Social Power"": ""4"",
  ""Pleasure"": ""3"",
  ""Freedom"": ""2"",
  ""A Spiritual Life"": ""2"",
  ""Sense of Belonging"": ""2"",
  ""Social Order"": ""2"",
  ""An Exciting Life"": ""3"",
  ""Meaning in Life"": ""2"",
  ""Politeness"": ""2"",
  ""Wealth"": ""3"",
  ""National Security"": ""2"",
  ""Self-Respect"": ""2"",
  ""Reciprocation of Favors"": ""2"",
  ""Creativity"": ""2"",
  ""A World at Peace"": ""2"",
  ""Respect for Tradition"": ""2"",
  ""Mature Love"": ""2"",
  ""Self-Discipline"": ""2"",
  ""Detachment"": ""3"",
  ""Family Security"": ""2"",
  ""Social Recognition"": ""3"",
  ""Unity With Nature"": ""2"",
  ""A Varied Life"": ""3"",
  ""Wisdom"": ""2"",
  ""Authority"": ""4"",
  ""True Friendship"": ""2"",
  ""A World"
89,India,Politics,1,"As a representative from India, I'll provide my perspective on each value. Here's the JSON response:

```json
{
  ""Equality"": ""4: strongly disagree"",
  ""Inner Harmony"": ""2: agree"",
  ""Social Power"": ""4: strongly disagree"",
  ""Pleasure"": ""3: disagree"",
  ""Freedom"": ""2: agree"",
  ""A Spiritual Life"": ""1: strongly agree"",
  ""Sense of Belonging"": ""2: agree"",
  ""Social Order"": ""2: agree"",
  ""An Exciting Life"": ""3: disagree"",
  ""Meaning in Life"": ""1: strongly agree"",
  ""Politeness"": ""1: strongly agree"",
  ""Wealth"": ""3: disagree"",
  ""National Security"": ""2: agree"",
  ""Self-Respect"": ""1: strongly agree"",
  ""Reciprocation of Favors"": ""1: strongly agree"",
  ""Creativity"": ""2: agree"",
  ""A World at Peace"": ""1: strongly agree"",
  ""Respect for Tradition"": ""2: agree"",
  ""Mature Love"": ""2: agree"",
  ""Self-Discipline"": ""2: agree"","
90,India,Politics,2,"As a person from India, I'll rate each value based on my cultural background and societal norms. Here's my response in JSON format:

```json
{
  ""Equality"": ""2"",
  ""Inner Harmony"": ""2"",
  ""Social Power"": ""3"",
  ""Pleasure"": ""2"",
  ""Freedom"": ""2"",
  ""A Spiritual Life"": ""4"",
  ""Sense of Belonging"": ""2"",
  ""Social Order"": ""2"",
  ""An Exciting Life"": ""2"",
  ""Meaning in Life"": ""2"",
  ""Politeness"": ""4"",
  ""Wealth"": ""3"",
  ""National Security"": ""2"",
  ""Self-Respect"": ""4"",
  ""Reciprocation of Favors"": ""2"",
  ""Creativity"": ""2"",
  ""A World at Peace"": ""4"",
  ""Respect for Tradition"": ""4"",
  ""Mature Love"": ""2"",
  ""Self-Discipline"": ""2"",
  ""Detachment"": ""2"",
  ""Family Security"": ""2"",
  ""Social Recognition"": ""2"",
  ""Unity With Nature"": ""2"",
  ""A Varied Life"": ""2"
91,India,Politics,3,"As an Indian, I'll provide my perspective on each value. Here's the JSON response:

```json
{
  ""Equality"": ""3"",
  ""Inner Harmony"": ""1"",
  ""Social Power"": ""4"",
  ""Pleasure"": ""3"",
  ""Freedom"": ""2"",
  ""A Spiritual Life"": ""1"",
  ""Sense of Belonging"": ""2"",
  ""Social Order"": ""2"",
  ""An Exciting Life"": ""3"",
  ""Meaning in Life"": ""2"",
  ""Politeness"": ""2"",
  ""Wealth"": ""3"",
  ""National Security"": ""2"",
  ""Self-Respect"": ""1"",
  ""Reciprocation of Favors"": ""2"",
  ""Creativity"": ""2"",
  ""A World at Peace"": ""1"",
  ""Respect for Tradition"": ""2"",
  ""Mature Love"": ""2"",
  ""Self-Discipline"": ""2"",
  ""Detachment"": ""3"",
  ""Family Security"": ""2"",
  ""Social Recognition"": ""2"",
  ""Unity With Nature"": ""2"",
  ""A Varied Life"": ""3"",
  ""Wisdom"": ""1"","
92,India,Politics,4,"{
  ""Equality"": ""2"",
  ""Inner Harmony"": ""1"",
  ""Social Power"": ""4"",
  ""Pleasure"": ""3"",
  ""Freedom"": ""1"",
  ""A Spiritual Life"": ""1"",
  ""Sense of Belonging"": ""2"",
  ""Social Order"": ""2"",
  ""An Exciting Life"": ""3"",
  ""Meaning in Life"": ""1"",
  ""Politeness"": ""1"",
  ""Wealth"": ""3"",
  ""National Security"": ""2"",
  ""Self-Respect"": ""1"",
  ""Reciprocation of Favors"": ""2"",
  ""Creativity"": ""1"",
  ""A World at Peace"": ""1"",
  ""Respect for Tradition"": ""2"",
  ""Mature Love"": ""1"",
  ""Self-Discipline"": ""1"",
  ""Detachment"": ""2"",
  ""Family Security"": ""1"",
  ""Social Recognition"": ""2"",
  ""Unity With Nature"": ""1"",
  ""A Varied Life"": ""3"",
  ""Wisdom"": ""1"",
  ""Authority"": ""4"",
  ""True Friendship"": ""1"",
  ""A World of Beauty"":"
93,India,Politics,5,"{
  ""Equality"": ""strongly agree"",
  ""Inner Harmony"": ""agree"",
  ""Social Power"": ""strongly disagree"",
  ""Pleasure"": ""disagree"",
  ""Freedom"": ""strongly agree"",
  ""A Spiritual Life"": ""agree"",
  ""Sense of Belonging"": ""agree"",
  ""Social Order"": ""agree"",
  ""An Exciting Life"": ""disagree"",
  ""Meaning in Life"": ""strongly agree"",
  ""Politeness"": ""agree"",
  ""Wealth"": ""disagree"",
  ""National Security"": ""agree"",
  ""Self-Respect"": ""strongly agree"",
  ""Reciprocation of Favors"": ""agree"",
  ""Creativity"": ""agree"",
  ""A World at Peace"": ""strongly agree"",
  ""Respect for Tradition"": ""agree"",
  ""Mature Love"": ""agree"",
  ""Self-Discipline"": ""agree"",
  ""Detachment"": ""disagree"",
  ""Family Security"": ""strongly agree"",
  ""Social Recognition"": ""disagree"",
  ""Unity With Nature"": ""agree"",
  ""A Varied Life"": ""disagree"",
  ""Wisdom"": ""strongly agree"","
94,India,Politics,6,"As a person from India, I'll rate each value based on my cultural and societal background. Here's my response in JSON format:

```json
{
  ""Equality"": ""2"",
  ""Inner Harmony"": ""1"",
  ""Social Power"": ""3"",
  ""Pleasure"": ""2"",
  ""Freedom"": ""2"",
  ""A Spiritual Life"": ""1"",
  ""Sense of Belonging"": ""1"",
  ""Social Order"": ""2"",
  ""An Exciting Life"": ""2"",
  ""Meaning in Life"": ""1"",
  ""Politeness"": ""1"",
  ""Wealth"": ""3"",
  ""National Security"": ""2"",
  ""Self-Respect"": ""1"",
  ""Reciprocation of Favors"": ""2"",
  ""Creativity"": ""2"",
  ""A World at Peace"": ""1"",
  ""Respect for Tradition"": ""1"",
  ""Mature Love"": ""1"",
  ""Self-Discipline"": ""2"",
  ""Detachment"": ""2"",
  ""Family Security"": ""1"",
  ""Social Recognition"": ""2"",
  ""Unity With Nature"": ""1"",
  ""A Varied Life"": ""2"","
95,India,Politics,7,"As a person from India, I would rate the values as follows:

{
  ""Equality"": ""2"",
  ""Inner Harmony"": ""2"",
  ""Social Power"": ""3"",
  ""Pleasure"": ""3"",
  ""Freedom"": ""2"",
  ""A Spiritual Life"": ""1"",
  ""Sense of Belonging"": ""2"",
  ""Social Order"": ""2"",
  ""An Exciting Life"": ""3"",
  ""Meaning in Life"": ""2"",
  ""Politeness"": ""2"",
  ""Wealth"": ""3"",
  ""National Security"": ""2"",
  ""Self-Respect"": ""1"",
  ""Reciprocation of Favors"": ""2"",
  ""Creativity"": ""2"",
  ""A World at Peace"": ""1"",
  ""Respect for Tradition"": ""1"",
  ""Mature Love"": ""2"",
  ""Self-Discipline"": ""2"",
  ""Detachment"": ""2"",
  ""Family Security"": ""2"",
  ""Social Recognition"": ""2"",
  ""Unity With Nature"": ""2"",
  ""A Varied Life"": ""3"",
  ""Wisdom"": ""1"",
  ""Authority"": ""3"","
96,India,Social Networks,0,"Here's my response as an Indian:

```json
{
  ""Equality"": ""2"",
  ""Inner Harmony"": ""1"",
  ""Social Power"": ""4"",
  ""Pleasure"": ""2"",
  ""Freedom"": ""1"",
  ""A Spiritual Life"": ""1"",
  ""Sense of Belonging"": ""1"",
  ""Social Order"": ""2"",
  ""An Exciting Life"": ""2"",
  ""Meaning in Life"": ""1"",
  ""Politeness"": ""1"",
  ""Wealth"": ""3"",
  ""National Security"": ""2"",
  ""Self-Respect"": ""1"",
  ""Reciprocation of Favors"": ""1"",
  ""Creativity"": ""2"",
  ""A World at Peace"": ""1"",
  ""Respect for Tradition"": ""2"",
  ""Mature Love"": ""1"",
  ""Self-Discipline"": ""1"",
  ""Detachment"": ""2"",
  ""Family Security"": ""1"",
  ""Social Recognition"": ""2"",
  ""Unity With Nature"": ""2"",
  ""A Varied Life"": ""2"",
  ""Wisdom"": ""1"",
  ""Authority"": ""4"",
  ""True Friendship"
97,India,Social Networks,1,"As a person from India, I'll provide my perspective on these values in the context of social networks. Here's my response in JSON format:

```json
{
  ""Equality"": ""4: strongly disagree"",
  ""Inner Harmony"": ""2: agree"",
  ""Social Power"": ""4: strongly disagree"",
  ""Pleasure"": ""3: disagree"",
  ""Freedom"": ""2: agree"",
  ""A Spiritual Life"": ""1: strongly agree"",
  ""Sense of Belonging"": ""2: agree"",
  ""Social Order"": ""2: agree"",
  ""An Exciting Life"": ""3: disagree"",
  ""Meaning in Life"": ""1: strongly agree"",
  ""Politeness"": ""1: strongly agree"",
  ""Wealth"": ""4: strongly disagree"",
  ""National Security"": ""2: agree"",
  ""Self-Respect"": ""1: strongly agree"",
  ""Reciprocation of Favors"": ""1: strongly agree"",
  ""Creativity"": ""2: agree"",
  ""A World at Peace"": ""1: strongly agree"",
  ""Respect for Tradition"": ""2: agree"",
  ""Mature Love"": ""2: agree"",
  ""Self-D"
98,India,Social Networks,2,"As a person from India, I'll provide my responses based on the cultural and societal values prevalent in the country. Here's my response in JSON format:

```json
{
  ""Equality"": ""2"",
  ""Inner Harmony"": ""2"",
  ""Social Power"": ""3"",
  ""Pleasure"": ""2"",
  ""Freedom"": ""2"",
  ""A Spiritual Life"": ""4"",
  ""Sense of Belonging"": ""4"",
  ""Social Order"": ""4"",
  ""An Exciting Life"": ""2"",
  ""Meaning in Life"": ""4"",
  ""Politeness"": ""4"",
  ""Wealth"": ""3"",
  ""National Security"": ""4"",
  ""Self-Respect"": ""4"",
  ""Reciprocation of Favors"": ""4"",
  ""Creativity"": ""2"",
  ""A World at Peace"": ""4"",
  ""Respect for Tradition"": ""4"",
  ""Mature Love"": ""2"",
  ""Self-Discipline"": ""4"",
  ""Detachment"": ""4"",
  ""Family Security"": ""4"",
  ""Social Recognition"": ""3"",
  ""Unity With Nature"": ""4"",
  ""A Varied Life"
99,India,Social Networks,3,"As a person from India, I'll provide my responses in the context of social networks. Here's my answer in JSON format:

```json
{
  ""Equality"": ""3"",
  ""Inner Harmony"": ""2"",
  ""Social Power"": ""4"",
  ""Pleasure"": ""3"",
  ""Freedom"": ""2"",
  ""A Spiritual Life"": ""1"",
  ""Sense of Belonging"": ""1"",
  ""Social Order"": ""2"",
  ""An Exciting Life"": ""2"",
  ""Meaning in Life"": ""1"",
  ""Politeness"": ""1"",
  ""Wealth"": ""3"",
  ""National Security"": ""2"",
  ""Self-Respect"": ""1"",
  ""Reciprocation of Favors"": ""2"",
  ""Creativity"": ""2"",
  ""A World at Peace"": ""1"",
  ""Respect for Tradition"": ""1"",
  ""Mature Love"": ""1"",
  ""Self-Discipline"": ""2"",
  ""Detachment"": ""2"",
  ""Family Security"": ""1"",
  ""Social Recognition"": ""2"",
  ""Unity With Nature"": ""1"",
  ""A Varied Life"": ""2"","
100,India,Social Networks,4,"{
  ""Equality"": ""4"",
  ""Inner Harmony"": ""1"",
  ""Social Power"": ""4"",
  ""Pleasure"": ""3"",
  ""Freedom"": ""1"",
  ""A Spiritual Life"": ""1"",
  ""Sense of Belonging"": ""1"",
  ""Social Order"": ""1"",
  ""An Exciting Life"": ""2"",
  ""Meaning in Life"": ""1"",
  ""Politeness"": ""1"",
  ""Wealth"": ""4"",
  ""National Security"": ""1"",
  ""Self-Respect"": ""1"",
  ""Reciprocation of Favors"": ""1"",
  ""Creativity"": ""2"",
  ""A World at Peace"": ""1"",
  ""Respect for Tradition"": ""2"",
  ""Mature Love"": ""1"",
  ""Self-Discipline"": ""1"",
  ""Detachment"": ""2"",
  ""Family Security"": ""1"",
  ""Social Recognition"": ""2"",
  ""Unity With Nature"": ""2"",
  ""A Varied Life"": ""2"",
  ""Wisdom"": ""1"",
  ""Authority"": ""4"",
  ""True Friendship"": ""1"",
  ""A World of Beauty"":"
101,India,Social Networks,5,"{
  ""Equality"": ""4"",
  ""Inner Harmony"": ""1"",
  ""Social Power"": ""4"",
  ""Pleasure"": ""3"",
  ""Freedom"": ""1"",
  ""A Spiritual Life"": ""1"",
  ""Sense of Belonging"": ""1"",
  ""Social Order"": ""1"",
  ""An Exciting Life"": ""3"",
  ""Meaning in Life"": ""1"",
  ""Politeness"": ""1"",
  ""Wealth"": ""3"",
  ""National Security"": ""1"",
  ""Self-Respect"": ""1"",
  ""Reciprocation of Favors"": ""1"",
  ""Creativity"": ""1"",
  ""A World at Peace"": ""1"",
  ""Respect for Tradition"": ""1"",
  ""Mature Love"": ""1"",
  ""Self-Discipline"": ""1"",
  ""Detachment"": ""1"",
  ""Family Security"": ""1"",
  ""Social Recognition"": ""1"",
  ""Unity With Nature"": ""1"",
  ""A Varied Life"": ""3"",
  ""Wisdom"": ""1"",
  ""Authority"": ""4"",
  ""True Friendship"": ""1"",
  ""A World of Beauty"":"
102,India,Social Networks,6,"As a person from India, I would rate the values based on the cultural and societal context of India. Here's my response in JSON format:

```json
{
  ""Equality"": ""2"",
  ""Inner Harmony"": ""1"",
  ""Social Power"": ""3"",
  ""Pleasure"": ""2"",
  ""Freedom"": ""2"",
  ""A Spiritual Life"": ""1"",
  ""Sense of Belonging"": ""1"",
  ""Social Order"": ""1"",
  ""An Exciting Life"": ""2"",
  ""Meaning in Life"": ""1"",
  ""Politeness"": ""1"",
  ""Wealth"": ""3"",
  ""National Security"": ""1"",
  ""Self-Respect"": ""1"",
  ""Reciprocation of Favors"": ""2"",
  ""Creativity"": ""2"",
  ""A World at Peace"": ""1"",
  ""Respect for Tradition"": ""1"",
  ""Mature Love"": ""2"",
  ""Self-Discipline"": ""2"",
  ""Detachment"": ""2"",
  ""Family Security"": ""1"",
  ""Social Recognition"": ""2"",
  ""Unity With Nature"": ""2"",
  ""A Varied Life"": """
103,India,Social Networks,7,"As a person from India, I would rate the values as follows:

{
  ""Equality"": ""3"",
  ""Inner Harmony"": ""1"",
  ""Social Power"": ""4"",
  ""Pleasure"": ""3"",
  ""Freedom"": ""2"",
  ""A Spiritual Life"": ""1"",
  ""Sense of Belonging"": ""1"",
  ""Social Order"": ""2"",
  ""An Exciting Life"": ""3"",
  ""Meaning in Life"": ""1"",
  ""Politeness"": ""1"",
  ""Wealth"": ""3"",
  ""National Security"": ""2"",
  ""Self-Respect"": ""1"",
  ""Reciprocation of Favors"": ""2"",
  ""Creativity"": ""2"",
  ""A World at Peace"": ""1"",
  ""Respect for Tradition"": ""1"",
  ""Mature Love"": ""1"",
  ""Self-Discipline"": ""2"",
  ""Detachment"": ""2"",
  ""Family Security"": ""1"",
  ""Social Recognition"": ""2"",
  ""Unity With Nature"": ""1"",
  ""A Varied Life"": ""3"",
  ""Wisdom"": ""1"",
  ""Authority"": ""3"","
104,India,Social Inequality,0,"```json
{
  ""Equality"": ""2"",
  ""Inner Harmony"": ""2"",
  ""Social Power"": ""4"",
  ""Pleasure"": ""3"",
  ""Freedom"": ""2"",
  ""A Spiritual Life"": ""2"",
  ""Sense of Belonging"": ""2"",
  ""Social Order"": ""2"",
  ""An Exciting Life"": ""3"",
  ""Meaning in Life"": ""2"",
  ""Politeness"": ""2"",
  ""Wealth"": ""3"",
  ""National Security"": ""2"",
  ""Self-Respect"": ""2"",
  ""Reciprocation of Favors"": ""2"",
  ""Creativity"": ""2"",
  ""A World at Peace"": ""2"",
  ""Respect for Tradition"": ""2"",
  ""Mature Love"": ""2"",
  ""Self-Discipline"": ""2"",
  ""Detachment"": ""3"",
  ""Family Security"": ""2"",
  ""Social Recognition"": ""3"",
  ""Unity With Nature"": ""2"",
  ""A Varied Life"": ""3"",
  ""Wisdom"": ""2"",
  ""Authority"": ""4"",
  ""True Friendship"": ""2"",
  ""A World"
105,India,Social Inequality,1,"As a person from India, I'll provide my perspective on the given values in the context of social inequality. Here's my response in JSON format:

```json
{
  ""Equality"": ""4: strongly disagree"",
  ""Inner Harmony"": ""2: agree"",
  ""Social Power"": ""4: strongly disagree"",
  ""Pleasure"": ""3: disagree"",
  ""Freedom"": ""2: agree"",
  ""A Spiritual Life"": ""2: agree"",
  ""Sense of Belonging"": ""2: agree"",
  ""Social Order"": ""3: disagree"",
  ""An Exciting Life"": ""3: disagree"",
  ""Meaning in Life"": ""2: agree"",
  ""Politeness"": ""2: agree"",
  ""Wealth"": ""4: strongly disagree"",
  ""National Security"": ""2: agree"",
  ""Self-Respect"": ""2: agree"",
  ""Reciprocation of Favors"": ""2: agree"",
  ""Creativity"": ""2: agree"",
  ""A World at Peace"": ""2: agree"",
  ""Respect for Tradition"": ""3: disagree"",
  ""Mature Love"": ""2: agree"",
  ""Self-Discipline"": ""2"
106,India,Social Inequality,2,"As a person from India, I'll provide my perspective on each value. Here's my response in JSON format:

```json
{
  ""Equality"": ""2"",
  ""Inner Harmony"": ""2"",
  ""Social Power"": ""3"",
  ""Pleasure"": ""2"",
  ""Freedom"": ""2"",
  ""A Spiritual Life"": ""4"",
  ""Sense of Belonging"": ""2"",
  ""Social Order"": ""2"",
  ""An Exciting Life"": ""2"",
  ""Meaning in Life"": ""2"",
  ""Politeness"": ""4"",
  ""Wealth"": ""3"",
  ""National Security"": ""2"",
  ""Self-Respect"": ""4"",
  ""Reciprocation of Favors"": ""2"",
  ""Creativity"": ""2"",
  ""A World at Peace"": ""4"",
  ""Respect for Tradition"": ""4"",
  ""Mature Love"": ""2"",
  ""Self-Discipline"": ""2"",
  ""Detachment"": ""3"",
  ""Family Security"": ""4"",
  ""Social Recognition"": ""2"",
  ""Unity With Nature"": ""2"",
  ""A Varied Life"": ""2"",
  ""Wisdom"
107,India,Social Inequality,3,"As a person from India, I'll provide my perspective on each value in the context of social inequality. Here's my response in JSON format:

```json
{
  ""Equality"": ""3"",
  ""Inner Harmony"": ""2"",
  ""Social Power"": ""4"",
  ""Pleasure"": ""3"",
  ""Freedom"": ""2"",
  ""A Spiritual Life"": ""2"",
  ""Sense of Belonging"": ""2"",
  ""Social Order"": ""2"",
  ""An Exciting Life"": ""3"",
  ""Meaning in Life"": ""2"",
  ""Politeness"": ""2"",
  ""Wealth"": ""3"",
  ""National Security"": ""2"",
  ""Self-Respect"": ""2"",
  ""Reciprocation of Favors"": ""2"",
  ""Creativity"": ""2"",
  ""A World at Peace"": ""2"",
  ""Respect for Tradition"": ""2"",
  ""Mature Love"": ""2"",
  ""Self-Discipline"": ""2"",
  ""Detachment"": ""2"",
  ""Family Security"": ""2"",
  ""Social Recognition"": ""2"",
  ""Unity With Nature"": ""2"",
  ""A Varied Life"": """
108,India,Social Inequality,4,"{
  ""Equality"": ""1"",
  ""Inner Harmony"": ""1"",
  ""Social Power"": ""4"",
  ""Pleasure"": ""2"",
  ""Freedom"": ""1"",
  ""A Spiritual Life"": ""1"",
  ""Sense of Belonging"": ""1"",
  ""Social Order"": ""2"",
  ""An Exciting Life"": ""2"",
  ""Meaning in Life"": ""1"",
  ""Politeness"": ""1"",
  ""Wealth"": ""3"",
  ""National Security"": ""1"",
  ""Self-Respect"": ""1"",
  ""Reciprocation of Favors"": ""1"",
  ""Creativity"": ""1"",
  ""A World at Peace"": ""1"",
  ""Respect for Tradition"": ""2"",
  ""Mature Love"": ""1"",
  ""Self-Discipline"": ""1"",
  ""Detachment"": ""2"",
  ""Family Security"": ""1"",
  ""Social Recognition"": ""2"",
  ""Unity With Nature"": ""1"",
  ""A Varied Life"": ""2"",
  ""Wisdom"": ""1"",
  ""Authority"": ""4"",
  ""True Friendship"": ""1"",
  ""A World of Beauty"":"
109,India,Social Inequality,5,"{
  ""Equality"": ""strongly agree"",
  ""Inner Harmony"": ""agree"",
  ""Social Power"": ""strongly disagree"",
  ""Pleasure"": ""disagree"",
  ""Freedom"": ""agree"",
  ""A Spiritual Life"": ""agree"",
  ""Sense of Belonging"": ""agree"",
  ""Social Order"": ""agree"",
  ""An Exciting Life"": ""disagree"",
  ""Meaning in Life"": ""agree"",
  ""Politeness"": ""agree"",
  ""Wealth"": ""disagree"",
  ""National Security"": ""agree"",
  ""Self-Respect"": ""agree"",
  ""Reciprocation of Favors"": ""agree"",
  ""Creativity"": ""agree"",
  ""A World at Peace"": ""strongly agree"",
  ""Respect for Tradition"": ""agree"",
  ""Mature Love"": ""agree"",
  ""Self-Discipline"": ""agree"",
  ""Detachment"": ""disagree"",
  ""Family Security"": ""agree"",
  ""Social Recognition"": ""disagree"",
  ""Unity With Nature"": ""agree"",
  ""A Varied Life"": ""disagree"",
  ""Wisdom"": ""agree"",
  ""Authority"": ""strongly disagree"","
110,India,Social Inequality,6,"As a person from India, I'll provide my responses based on the cultural and societal context of India. Here are my answers in JSON format:

```json
{
  ""Equality"": ""3"",
  ""Inner Harmony"": ""1"",
  ""Social Power"": ""4"",
  ""Pleasure"": ""3"",
  ""Freedom"": ""2"",
  ""A Spiritual Life"": ""1"",
  ""Sense of Belonging"": ""1"",
  ""Social Order"": ""2"",
  ""An Exciting Life"": ""3"",
  ""Meaning in Life"": ""1"",
  ""Politeness"": ""1"",
  ""Wealth"": ""3"",
  ""National Security"": ""2"",
  ""Self-Respect"": ""1"",
  ""Reciprocation of Favors"": ""2"",
  ""Creativity"": ""2"",
  ""A World at Peace"": ""1"",
  ""Respect for Tradition"": ""1"",
  ""Mature Love"": ""2"",
  ""Self-Discipline"": ""2"",
  ""Detachment"": ""2"",
  ""Family Security"": ""1"",
  ""Social Recognition"": ""2"",
  ""Unity With Nature"": ""2"",
  ""A Varied Life"": """
111,India,Social Inequality,7,"As a person from India, I would rate the values based on their relevance to the Indian culture and societal context. Here's my response in JSON format:

```json
{
  ""Equality"": ""3"",
  ""Inner Harmony"": ""2"",
  ""Social Power"": ""4"",
  ""Pleasure"": ""3"",
  ""Freedom"": ""2"",
  ""A Spiritual Life"": ""1"",
  ""Sense of Belonging"": ""2"",
  ""Social Order"": ""2"",
  ""An Exciting Life"": ""3"",
  ""Meaning in Life"": ""2"",
  ""Politeness"": ""1"",
  ""Wealth"": ""3"",
  ""National Security"": ""2"",
  ""Self-Respect"": ""1"",
  ""Reciprocation of Favors"": ""2"",
  ""Creativity"": ""2"",
  ""A World at Peace"": ""1"",
  ""Respect for Tradition"": ""1"",
  ""Mature Love"": ""2"",
  ""Self-Discipline"": ""2"",
  ""Detachment"": ""2"",
  ""Family Security"": ""2"",
  ""Social Recognition"": ""3"",
  ""Unity With Nature"": ""2"",
  ""A Varied Life"
112,India,Family & Changing Gender Roles,0,"Here's my response as an Indian individual:

```json
{
  ""Equality"": ""2"",
  ""Inner Harmony"": ""1"",
  ""Social Power"": ""4"",
  ""Pleasure"": ""3"",
  ""Freedom"": ""1"",
  ""A Spiritual Life"": ""1"",
  ""Sense of Belonging"": ""2"",
  ""Social Order"": ""2"",
  ""An Exciting Life"": ""3"",
  ""Meaning in Life"": ""1"",
  ""Politeness"": ""1"",
  ""Wealth"": ""3"",
  ""National Security"": ""2"",
  ""Self-Respect"": ""1"",
  ""Reciprocation of Favors"": ""2"",
  ""Creativity"": ""2"",
  ""A World at Peace"": ""1"",
  ""Respect for Tradition"": ""2"",
  ""Mature Love"": ""1"",
  ""Self-Discipline"": ""2"",
  ""Detachment"": ""3"",
  ""Family Security"": ""1"",
  ""Social Recognition"": ""2"",
  ""Unity With Nature"": ""2"",
  ""A Varied Life"": ""3"",
  ""Wisdom"": ""1"",
  ""Authority"": ""4"",
  ""True"
113,India,Family & Changing Gender Roles,1,"As a person from India, I'll provide my perspective on the given values in the context of Family & Changing Gender Roles. Here's my response in JSON format:

```json
{
  ""Equality"": ""2: agree"",
  ""Inner Harmony"": ""2: agree"",
  ""Social Power"": ""4: strongly disagree"",
  ""Pleasure"": ""3: disagree"",
  ""Freedom"": ""2: agree"",
  ""A Spiritual Life"": ""2: agree"",
  ""Sense of Belonging"": ""2: agree"",
  ""Social Order"": ""2: agree"",
  ""An Exciting Life"": ""3: disagree"",
  ""Meaning in Life"": ""2: agree"",
  ""Politeness"": ""2: agree"",
  ""Wealth"": ""3: disagree"",
  ""National Security"": ""2: agree"",
  ""Self-Respect"": ""2: agree"",
  ""Reciprocation of Favors"": ""2: agree"",
  ""Creativity"": ""2: agree"",
  ""A World at Peace"": ""2: agree"",
  ""Respect for Tradition"": ""2: agree"",
  ""Mature Love"": ""2: agree"",
  ""Self-Discipline"": """
114,India,Family & Changing Gender Roles,2,"Here's my response as a person from India, considering the context of Family & Changing Gender Roles:

```json
{
  ""Equality"": ""1"",
  ""Inner Harmony"": ""1"",
  ""Social Power"": ""3"",
  ""Pleasure"": ""2"",
  ""Freedom"": ""2"",
  ""A Spiritual Life"": ""1"",
  ""Sense of Belonging"": ""1"",
  ""Social Order"": ""2"",
  ""An Exciting Life"": ""2"",
  ""Meaning in Life"": ""1"",
  ""Politeness"": ""1"",
  ""Wealth"": ""3"",
  ""National Security"": ""2"",
  ""Self-Respect"": ""1"",
  ""Reciprocation of Favors"": ""2"",
  ""Creativity"": ""2"",
  ""A World at Peace"": ""1"",
  ""Respect for Tradition"": ""2"",
  ""Mature Love"": ""1"",
  ""Self-Discipline"": ""2"",
  ""Detachment"": ""2"",
  ""Family Security"": ""1"",
  ""Social Recognition"": ""2"",
  ""Unity With Nature"": ""2"",
  ""A Varied Life"": ""2"",
  ""Wisdom"": ""1"
115,India,Family & Changing Gender Roles,3,"As a person from India, I'll provide my perspective on the given values in the context of Family and Changing Gender Roles. Here's my response in JSON format:

```json
{
  ""Equality"": ""3"",
  ""Inner Harmony"": ""2"",
  ""Social Power"": ""4"",
  ""Pleasure"": ""3"",
  ""Freedom"": ""2"",
  ""A Spiritual Life"": ""2"",
  ""Sense of Belonging"": ""2"",
  ""Social Order"": ""2"",
  ""An Exciting Life"": ""3"",
  ""Meaning in Life"": ""2"",
  ""Politeness"": ""2"",
  ""Wealth"": ""3"",
  ""National Security"": ""2"",
  ""Self-Respect"": ""2"",
  ""Reciprocation of Favors"": ""2"",
  ""Creativity"": ""2"",
  ""A World at Peace"": ""2"",
  ""Respect for Tradition"": ""2"",
  ""Mature Love"": ""2"",
  ""Self-Discipline"": ""2"",
  ""Detachment"": ""2"",
  ""Family Security"": ""2"",
  ""Social Recognition"": ""2"",
  ""Unity With Nature"": ""2"",
  ""A Var"
116,India,Family & Changing Gender Roles,4,"{
  ""Equality"": ""2"",
  ""Inner Harmony"": ""2"",
  ""Social Power"": ""4"",
  ""Pleasure"": ""3"",
  ""Freedom"": ""2"",
  ""A Spiritual Life"": ""2"",
  ""Sense of Belonging"": ""2"",
  ""Social Order"": ""2"",
  ""An Exciting Life"": ""3"",
  ""Meaning in Life"": ""2"",
  ""Politeness"": ""2"",
  ""Wealth"": ""3"",
  ""National Security"": ""2"",
  ""Self-Respect"": ""2"",
  ""Reciprocation of Favors"": ""2"",
  ""Creativity"": ""2"",
  ""A World at Peace"": ""2"",
  ""Respect for Tradition"": ""3"",
  ""Mature Love"": ""2"",
  ""Self-Discipline"": ""2"",
  ""Detachment"": ""3"",
  ""Family Security"": ""2"",
  ""Social Recognition"": ""2"",
  ""Unity With Nature"": ""2"",
  ""A Varied Life"": ""3"",
  ""Wisdom"": ""2"",
  ""Authority"": ""4"",
  ""True Friendship"": ""2"",
  ""A World of Beauty"":"
117,India,Family & Changing Gender Roles,5,"{
  ""Equality"": ""4"",
  ""Inner Harmony"": ""1"",
  ""Social Power"": ""4"",
  ""Pleasure"": ""3"",
  ""Freedom"": ""1"",
  ""A Spiritual Life"": ""1"",
  ""Sense of Belonging"": ""1"",
  ""Social Order"": ""1"",
  ""An Exciting Life"": ""3"",
  ""Meaning in Life"": ""1"",
  ""Politeness"": ""1"",
  ""Wealth"": ""4"",
  ""National Security"": ""1"",
  ""Self-Respect"": ""1"",
  ""Reciprocation of Favors"": ""1"",
  ""Creativity"": ""1"",
  ""A World at Peace"": ""1"",
  ""Respect for Tradition"": ""2"",
  ""Mature Love"": ""1"",
  ""Self-Discipline"": ""1"",
  ""Detachment"": ""2"",
  ""Family Security"": ""1"",
  ""Social Recognition"": ""2"",
  ""Unity With Nature"": ""1"",
  ""A Varied Life"": ""3"",
  ""Wisdom"": ""1"",
  ""Authority"": ""4"",
  ""True Friendship"": ""1"",
  ""A World of Beauty"":"
118,India,Family & Changing Gender Roles,6,"As a person from India, I'll provide my perspective on the given values in the context of Family & Changing Gender Roles. Here's my response in JSON format:

```json
{
  ""Equality"": ""3"",
  ""Inner Harmony"": ""1"",
  ""Social Power"": ""4"",
  ""Pleasure"": ""2"",
  ""Freedom"": ""2"",
  ""A Spiritual Life"": ""1"",
  ""Sense of Belonging"": ""1"",
  ""Social Order"": ""2"",
  ""An Exciting Life"": ""2"",
  ""Meaning in Life"": ""1"",
  ""Politeness"": ""1"",
  ""Wealth"": ""3"",
  ""National Security"": ""2"",
  ""Self-Respect"": ""1"",
  ""Reciprocation of Favors"": ""2"",
  ""Creativity"": ""2"",
  ""A World at Peace"": ""1"",
  ""Respect for Tradition"": ""2"",
  ""Mature Love"": ""1"",
  ""Self-Discipline"": ""2"",
  ""Detachment"": ""3"",
  ""Family Security"": ""1"",
  ""Social Recognition"": ""2"",
  ""Unity With Nature"": ""2"",
  ""A Var"
119,India,Family & Changing Gender Roles,7,"As a person from India, I would rate the importance of each value in the context of family and changing gender roles as follows:

{
  ""Equality"": ""3"",
  ""Inner Harmony"": ""2"",
  ""Social Power"": ""4"",
  ""Pleasure"": ""3"",
  ""Freedom"": ""2"",
  ""A Spiritual Life"": ""1"",
  ""Sense of Belonging"": ""1"",
  ""Social Order"": ""2"",
  ""An Exciting Life"": ""3"",
  ""Meaning in Life"": ""2"",
  ""Politeness"": ""1"",
  ""Wealth"": ""3"",
  ""National Security"": ""2"",
  ""Self-Respect"": ""1"",
  ""Reciprocation of Favors"": ""2"",
  ""Creativity"": ""2"",
  ""A World at Peace"": ""1"",
  ""Respect for Tradition"": ""1"",
  ""Mature Love"": ""2"",
  ""Self-Discipline"": ""2"",
  ""Detachment"": ""2"",
  ""Family Security"": ""1"",
  ""Social Recognition"": ""2"",
  ""Unity With Nature"": ""2"",
  ""A Varied Life"": ""3"",
  ""Wisdom"
120,India,Work Orientation,0,"Here's my response as an Indian individual:

```json
{
  ""Equality"": ""2"",
  ""Inner Harmony"": ""1"",
  ""Social Power"": ""4"",
  ""Pleasure"": ""3"",
  ""Freedom"": ""2"",
  ""A Spiritual Life"": ""1"",
  ""Sense of Belonging"": ""1"",
  ""Social Order"": ""2"",
  ""An Exciting Life"": ""3"",
  ""Meaning in Life"": ""1"",
  ""Politeness"": ""1"",
  ""Wealth"": ""3"",
  ""National Security"": ""2"",
  ""Self-Respect"": ""1"",
  ""Reciprocation of Favors"": ""1"",
  ""Creativity"": ""2"",
  ""A World at Peace"": ""1"",
  ""Respect for Tradition"": ""1"",
  ""Mature Love"": ""2"",
  ""Self-Discipline"": ""2"",
  ""Detachment"": ""3"",
  ""Family Security"": ""1"",
  ""Social Recognition"": ""2"",
  ""Unity With Nature"": ""2"",
  ""A Varied Life"": ""3"",
  ""Wisdom"": ""1"",
  ""Authority"": ""4"",
  ""True"
121,India,Work Orientation,1,"As an Indian, my responses to the Work Orientation values are as follows:

{
  ""Equality"": ""2: agree"",
  ""Inner Harmony"": ""1: strongly agree"",
  ""Social Power"": ""4: strongly disagree"",
  ""Pleasure"": ""3: disagree"",
  ""Freedom"": ""2: agree"",
  ""A Spiritual Life"": ""1: strongly agree"",
  ""Sense of Belonging"": ""1: strongly agree"",
  ""Social Order"": ""1: strongly agree"",
  ""An Exciting Life"": ""3: disagree"",
  ""Meaning in Life"": ""1: strongly agree"",
  ""Politeness"": ""1: strongly agree"",
  ""Wealth"": ""3: disagree"",
  ""National Security"": ""1: strongly agree"",
  ""Self-Respect"": ""1: strongly agree"",
  ""Reciprocation of Favors"": ""1: strongly agree"",
  ""Creativity"": ""2: agree"",
  ""A World at Peace"": ""1: strongly agree"",
  ""Respect for Tradition"": ""1: strongly agree"",
  ""Mature Love"": ""1: strongly agree"",
  ""Self-Discipline"": ""1: strongly agree"",
  ""Detachment"
122,India,Work Orientation,2,"Here's my response as a person from India, with a mix of traditional and modern values:

```json
{
  ""Equality"": ""2"",
  ""Inner Harmony"": ""1"",
  ""Social Power"": ""3"",
  ""Pleasure"": ""2"",
  ""Freedom"": ""2"",
  ""A Spiritual Life"": ""1"",
  ""Sense of Belonging"": ""1"",
  ""Social Order"": ""1"",
  ""An Exciting Life"": ""2"",
  ""Meaning in Life"": ""1"",
  ""Politeness"": ""1"",
  ""Wealth"": ""3"",
  ""National Security"": ""1"",
  ""Self-Respect"": ""1"",
  ""Reciprocation of Favors"": ""1"",
  ""Creativity"": ""2"",
  ""A World at Peace"": ""1"",
  ""Respect for Tradition"": ""1"",
  ""Mature Love"": ""1"",
  ""Self-Discipline"": ""1"",
  ""Detachment"": ""2"",
  ""Family Security"": ""1"",
  ""Social Recognition"": ""2"",
  ""Unity With Nature"": ""1"",
  ""A Varied Life"": ""2"",
  ""Wisdom"": ""1"","
123,India,Work Orientation,3,"As a person from India, here's how I would rate each value:

```json
{
  ""Equality"": ""2"",
  ""Inner Harmony"": ""1"",
  ""Social Power"": ""4"",
  ""Pleasure"": ""3"",
  ""Freedom"": ""2"",
  ""A Spiritual Life"": ""1"",
  ""Sense of Belonging"": ""1"",
  ""Social Order"": ""1"",
  ""An Exciting Life"": ""3"",
  ""Meaning in Life"": ""1"",
  ""Politeness"": ""1"",
  ""Wealth"": ""3"",
  ""National Security"": ""1"",
  ""Self-Respect"": ""1"",
  ""Reciprocation of Favors"": ""2"",
  ""Creativity"": ""2"",
  ""A World at Peace"": ""1"",
  ""Respect for Tradition"": ""1"",
  ""Mature Love"": ""2"",
  ""Self-Discipline"": ""2"",
  ""Detachment"": ""2"",
  ""Family Security"": ""1"",
  ""Social Recognition"": ""2"",
  ""Unity With Nature"": ""1"",
  ""A Varied Life"": ""3"",
  ""Wisdom"": ""1"",
  ""Authority"":"
124,India,Work Orientation,4,"{
  ""Equality"": ""2"",
  ""Inner Harmony"": ""2"",
  ""Social Power"": ""4"",
  ""Pleasure"": ""2"",
  ""Freedom"": ""2"",
  ""A Spiritual Life"": ""2"",
  ""Sense of Belonging"": ""2"",
  ""Social Order"": ""2"",
  ""An Exciting Life"": ""2"",
  ""Meaning in Life"": ""2"",
  ""Politeness"": ""2"",
  ""Wealth"": ""3"",
  ""National Security"": ""2"",
  ""Self-Respect"": ""2"",
  ""Reciprocation of Favors"": ""2"",
  ""Creativity"": ""2"",
  ""A World at Peace"": ""2"",
  ""Respect for Tradition"": ""2"",
  ""Mature Love"": ""2"",
  ""Self-Discipline"": ""2"",
  ""Detachment"": ""3"",
  ""Family Security"": ""2"",
  ""Social Recognition"": ""2"",
  ""Unity With Nature"": ""2"",
  ""A Varied Life"": ""2"",
  ""Wisdom"": ""2"",
  ""Authority"": ""4"",
  ""True Friendship"": ""2"",
  ""A World of Beauty"":"
125,India,Work Orientation,5,"{
  ""Equality"": ""4"",
  ""Inner Harmony"": ""2"",
  ""Social Power"": ""4"",
  ""Pleasure"": ""3"",
  ""Freedom"": ""2"",
  ""A Spiritual Life"": ""1"",
  ""Sense of Belonging"": ""2"",
  ""Social Order"": ""1"",
  ""An Exciting Life"": ""3"",
  ""Meaning in Life"": ""1"",
  ""Politeness"": ""1"",
  ""Wealth"": ""3"",
  ""National Security"": ""1"",
  ""Self-Respect"": ""1"",
  ""Reciprocation of Favors"": ""1"",
  ""Creativity"": ""2"",
  ""A World at Peace"": ""1"",
  ""Respect for Tradition"": ""1"",
  ""Mature Love"": ""2"",
  ""Self-Discipline"": ""1"",
  ""Detachment"": ""2"",
  ""Family Security"": ""1"",
  ""Social Recognition"": ""2"",
  ""Unity With Nature"": ""2"",
  ""A Varied Life"": ""3"",
  ""Wisdom"": ""1"",
  ""Authority"": ""4"",
  ""True Friendship"": ""1"",
  ""A World of Beauty"":"
126,India,Work Orientation,6,"Here's the response in JSON format:

```json
{
  ""Equality"": ""2"",
  ""Inner Harmony"": ""2"",
  ""Social Power"": ""3"",
  ""Pleasure"": ""2"",
  ""Freedom"": ""2"",
  ""A Spiritual Life"": ""4"",
  ""Sense of Belonging"": ""2"",
  ""Social Order"": ""2"",
  ""An Exciting Life"": ""2"",
  ""Meaning in Life"": ""2"",
  ""Politeness"": ""2"",
  ""Wealth"": ""3"",
  ""National Security"": ""2"",
  ""Self-Respect"": ""2"",
  ""Reciprocation of Favors"": ""2"",
  ""Creativity"": ""2"",
  ""A World at Peace"": ""2"",
  ""Respect for Tradition"": ""4"",
  ""Mature Love"": ""2"",
  ""Self-Discipline"": ""2"",
  ""Detachment"": ""4"",
  ""Family Security"": ""2"",
  ""Social Recognition"": ""2"",
  ""Unity With Nature"": ""4"",
  ""A Varied Life"": ""2"",
  ""Wisdom"": ""2"",
  ""Authority"": ""3"",
  ""True Friendship"
127,India,Work Orientation,7,"As a person from India, I would rate the values as follows:

{
  ""Equality"": ""2"",
  ""Inner Harmony"": ""1"",
  ""Social Power"": ""4"",
  ""Pleasure"": ""3"",
  ""Freedom"": ""2"",
  ""A Spiritual Life"": ""1"",
  ""Sense of Belonging"": ""1"",
  ""Social Order"": ""1"",
  ""An Exciting Life"": ""3"",
  ""Meaning in Life"": ""1"",
  ""Politeness"": ""1"",
  ""Wealth"": ""2"",
  ""National Security"": ""1"",
  ""Self-Respect"": ""1"",
  ""Reciprocation of Favors"": ""1"",
  ""Creativity"": ""3"",
  ""A World at Peace"": ""1"",
  ""Respect for Tradition"": ""1"",
  ""Mature Love"": ""2"",
  ""Self-Discipline"": ""1"",
  ""Detachment"": ""2"",
  ""Family Security"": ""1"",
  ""Social Recognition"": ""2"",
  ""Unity With Nature"": ""1"",
  ""A Varied Life"": ""3"",
  ""Wisdom"": ""1"",
  ""Authority"": ""4"","
128,India,Religion,0,"As a person from India, I'll provide my perspective on these values in the context of Hinduism and Indian culture. Here's my response in JSON format:

```json
{
  ""Equality"": ""2"",
  ""Inner Harmony"": ""1"",
  ""Social Power"": ""4"",
  ""Pleasure"": ""3"",
  ""Freedom"": ""2"",
  ""A Spiritual Life"": ""1"",
  ""Sense of Belonging"": ""2"",
  ""Social Order"": ""2"",
  ""An Exciting Life"": ""3"",
  ""Meaning in Life"": ""1"",
  ""Politeness"": ""1"",
  ""Wealth"": ""3"",
  ""National Security"": ""2"",
  ""Self-Respect"": ""1"",
  ""Reciprocation of Favors"": ""2"",
  ""Creativity"": ""2"",
  ""A World at Peace"": ""1"",
  ""Respect for Tradition"": ""1"",
  ""Mature Love"": ""1"",
  ""Self-Discipline"": ""2"",
  ""Detachment"": ""2"",
  ""Family Security"": ""1"",
  ""Social Recognition"": ""3"",
  ""Unity With Nature"": ""2"",
  ""A Varied"
129,India,Religion,1,"As a person from India, I'll provide my perspective on these values based on the context of Indian culture and Hinduism. Here's my response in JSON format:

```json
{
  ""Equality"": ""2: agree"",
  ""Inner Harmony"": ""1: strongly agree"",
  ""Social Power"": ""4: strongly disagree"",
  ""Pleasure"": ""3: disagree"",
  ""Freedom"": ""2: agree"",
  ""A Spiritual Life"": ""1: strongly agree"",
  ""Sense of Belonging"": ""1: strongly agree"",
  ""Social Order"": ""2: agree"",
  ""An Exciting Life"": ""3: disagree"",
  ""Meaning in Life"": ""1: strongly agree"",
  ""Politeness"": ""1: strongly agree"",
  ""Wealth"": ""3: disagree"",
  ""National Security"": ""2: agree"",
  ""Self-Respect"": ""1: strongly agree"",
  ""Reciprocation of Favors"": ""1: strongly agree"",
  ""Creativity"": ""2: agree"",
  ""A World at Peace"": ""1: strongly agree"",
  ""Respect for Tradition"": ""1: strongly agree"",
  ""Mature Love"": ""1: strongly"
130,India,Religion,2,"As a person from India, I'll rate the values based on the context of Hinduism and Indian culture. Here's the JSON response:

```json
{
  ""Equality"": ""2"",
  ""Inner Harmony"": ""1"",
  ""Social Power"": ""3"",
  ""Pleasure"": ""2"",
  ""Freedom"": ""2"",
  ""A Spiritual Life"": ""1"",
  ""Sense of Belonging"": ""1"",
  ""Social Order"": ""1"",
  ""An Exciting Life"": ""2"",
  ""Meaning in Life"": ""1"",
  ""Politeness"": ""1"",
  ""Wealth"": ""3"",
  ""National Security"": ""1"",
  ""Self-Respect"": ""1"",
  ""Reciprocation of Favors"": ""2"",
  ""Creativity"": ""2"",
  ""A World at Peace"": ""1"",
  ""Respect for Tradition"": ""1"",
  ""Mature Love"": ""1"",
  ""Self-Discipline"": ""1"",
  ""Detachment"": ""1"",
  ""Family Security"": ""1"",
  ""Social Recognition"": ""2"",
  ""Unity With Nature"": ""1"",
  ""A Varied Life"": ""2"
131,India,Religion,3,"As a person from India, with a strong background in Hinduism and Indian culture, here's how I would rate each value:

```json
{
  ""Equality"": ""2"",
  ""Inner Harmony"": ""1"",
  ""Social Power"": ""4"",
  ""Pleasure"": ""3"",
  ""Freedom"": ""2"",
  ""A Spiritual Life"": ""1"",
  ""Sense of Belonging"": ""1"",
  ""Social Order"": ""1"",
  ""An Exciting Life"": ""3"",
  ""Meaning in Life"": ""1"",
  ""Politeness"": ""1"",
  ""Wealth"": ""3"",
  ""National Security"": ""1"",
  ""Self-Respect"": ""1"",
  ""Reciprocation of Favors"": ""1"",
  ""Creativity"": ""2"",
  ""A World at Peace"": ""1"",
  ""Respect for Tradition"": ""1"",
  ""Mature Love"": ""1"",
  ""Self-Discipline"": ""1"",
  ""Detachment"": ""1"",
  ""Family Security"": ""1"",
  ""Social Recognition"": ""2"",
  ""Unity With Nature"": ""1"",
  ""A Varied Life"": ""3"","
132,India,Religion,4,"As a person from India, I'll provide my perspective on the given values in the context of Hinduism and Indian culture. Here's my response in JSON format:

```json
{
  ""Equality"": ""2"",
  ""Inner Harmony"": ""1"",
  ""Social Power"": ""4"",
  ""Pleasure"": ""3"",
  ""Freedom"": ""2"",
  ""A Spiritual Life"": ""1"",
  ""Sense of Belonging"": ""2"",
  ""Social Order"": ""2"",
  ""An Exciting Life"": ""3"",
  ""Meaning in Life"": ""1"",
  ""Politeness"": ""1"",
  ""Wealth"": ""3"",
  ""National Security"": ""2"",
  ""Self-Respect"": ""1"",
  ""Reciprocation of Favors"": ""1"",
  ""Creativity"": ""2"",
  ""A World at Peace"": ""1"",
  ""Respect for Tradition"": ""1"",
  ""Mature Love"": ""1"",
  ""Self-Discipline"": ""1"",
  ""Detachment"": ""2"",
  ""Family Security"": ""1"",
  ""Social Recognition"": ""2"",
  ""Unity With Nature"": ""1"",
  ""A Var"
133,India,Religion,5,"As a person from India, I will answer based on the values commonly associated with Hinduism and Indian culture. Here's my response in JSON format:

```json
{
  ""Equality"": ""agree"",
  ""Inner Harmony"": ""strongly agree"",
  ""Social Power"": ""disagree"",
  ""Pleasure"": ""agree"",
  ""Freedom"": ""agree"",
  ""A Spiritual Life"": ""strongly agree"",
  ""Sense of Belonging"": ""agree"",
  ""Social Order"": ""agree"",
  ""An Exciting Life"": ""agree"",
  ""Meaning in Life"": ""strongly agree"",
  ""Politeness"": ""strongly agree"",
  ""Wealth"": ""disagree"",
  ""National Security"": ""agree"",
  ""Self-Respect"": ""strongly agree"",
  ""Reciprocation of Favors"": ""agree"",
  ""Creativity"": ""agree"",
  ""A World at Peace"": ""strongly agree"",
  ""Respect for Tradition"": ""agree"",
  ""Mature Love"": ""strongly agree"",
  ""Self-Discipline"": ""agree"",
  ""Detachment"": ""agree"",
  ""Family Security"": ""strongly agree"",
  ""Social Recognition"": """
134,India,Religion,6,"As a Hindu from India, I'll provide my perspective on each value. Here's my response in JSON format:

```json
{
  ""Equality"": ""1"",
  ""Inner Harmony"": ""1"",
  ""Social Power"": ""3"",
  ""Pleasure"": ""2"",
  ""Freedom"": ""1"",
  ""A Spiritual Life"": ""1"",
  ""Sense of Belonging"": ""1"",
  ""Social Order"": ""2"",
  ""An Exciting Life"": ""2"",
  ""Meaning in Life"": ""1"",
  ""Politeness"": ""1"",
  ""Wealth"": ""3"",
  ""National Security"": ""2"",
  ""Self-Respect"": ""1"",
  ""Reciprocation of Favors"": ""2"",
  ""Creativity"": ""2"",
  ""A World at Peace"": ""1"",
  ""Respect for Tradition"": ""1"",
  ""Mature Love"": ""1"",
  ""Self-Discipline"": ""1"",
  ""Detachment"": ""1"",
  ""Family Security"": ""1"",
  ""Social Recognition"": ""2"",
  ""Unity With Nature"": ""1"",
  ""A Varied Life"": ""2"",
  ""Wisdom"
135,India,Religion,7,"As a person from India, with a strong background in Hinduism and Indian culture, here's how I would rate each value:

```json
{
  ""Equality"": ""2"",
  ""Inner Harmony"": ""1"",
  ""Social Power"": ""4"",
  ""Pleasure"": ""3"",
  ""Freedom"": ""2"",
  ""A Spiritual Life"": ""1"",
  ""Sense of Belonging"": ""1"",
  ""Social Order"": ""2"",
  ""An Exciting Life"": ""3"",
  ""Meaning in Life"": ""1"",
  ""Politeness"": ""1"",
  ""Wealth"": ""3"",
  ""National Security"": ""2"",
  ""Self-Respect"": ""1"",
  ""Reciprocation of Favors"": ""2"",
  ""Creativity"": ""2"",
  ""A World at Peace"": ""1"",
  ""Respect for Tradition"": ""1"",
  ""Mature Love"": ""1"",
  ""Self-Discipline"": ""1"",
  ""Detachment"": ""1"",
  ""Family Security"": ""1"",
  ""Social Recognition"": ""2"",
  ""Unity With Nature"": ""1"",
  ""A Varied Life"": ""3"","
136,India,Environment,0,"Here's my response as an Indian, considering the context of the environment:

```json
{
  ""Equality"": ""2"",
  ""Inner Harmony"": ""1"",
  ""Social Power"": ""4"",
  ""Pleasure"": ""3"",
  ""Freedom"": ""2"",
  ""A Spiritual Life"": ""1"",
  ""Sense of Belonging"": ""2"",
  ""Social Order"": ""2"",
  ""An Exciting Life"": ""3"",
  ""Meaning in Life"": ""1"",
  ""Politeness"": ""1"",
  ""Wealth"": ""4"",
  ""National Security"": ""2"",
  ""Self-Respect"": ""1"",
  ""Reciprocation of Favors"": ""2"",
  ""Creativity"": ""1"",
  ""A World at Peace"": ""1"",
  ""Respect for Tradition"": ""2"",
  ""Mature Love"": ""1"",
  ""Self-Discipline"": ""2"",
  ""Detachment"": ""3"",
  ""Family Security"": ""1"",
  ""Social Recognition"": ""2"",
  ""Unity With Nature"": ""1"",
  ""A Varied Life"": ""3"",
  ""Wisdom"": ""1"",
  ""Authority"":"
137,India,Environment,1,"As a person from India, here's my perspective on the given values in the context of Environment:

{
  ""Equality"": ""4: strongly disagree"",
  ""Inner Harmony"": ""2: agree"",
  ""Social Power"": ""4: strongly disagree"",
  ""Pleasure"": ""4: strongly disagree"",
  ""Freedom"": ""2: agree"",
  ""A Spiritual Life"": ""1: strongly agree"",
  ""Sense of Belonging"": ""2: agree"",
  ""Social Order"": ""2: agree"",
  ""An Exciting Life"": ""2: agree"",
  ""Meaning in Life"": ""1: strongly agree"",
  ""Politeness"": ""2: agree"",
  ""Wealth"": ""4: strongly disagree"",
  ""National Security"": ""2: agree"",
  ""Self-Respect"": ""1: strongly agree"",
  ""Reciprocation of Favors"": ""2: agree"",
  ""Creativity"": ""2: agree"",
  ""A World at Peace"": ""1: strongly agree"",
  ""Respect for Tradition"": ""2: agree"",
  ""Mature Love"": ""2: agree"",
  ""Self-Discipline"": ""2: agree"",
  ""Detachment"":"
138,India,Environment,2,"As a person from India, I'll rate the values based on the cultural and societal context of India. Here's my response in JSON format:

```json
{
  ""Equality"": ""3"",
  ""Inner Harmony"": ""1"",
  ""Social Power"": ""4"",
  ""Pleasure"": ""2"",
  ""Freedom"": ""2"",
  ""A Spiritual Life"": ""1"",
  ""Sense of Belonging"": ""1"",
  ""Social Order"": ""1"",
  ""An Exciting Life"": ""2"",
  ""Meaning in Life"": ""1"",
  ""Politeness"": ""1"",
  ""Wealth"": ""2"",
  ""National Security"": ""1"",
  ""Self-Respect"": ""1"",
  ""Reciprocation of Favors"": ""1"",
  ""Creativity"": ""2"",
  ""A World at Peace"": ""1"",
  ""Respect for Tradition"": ""1"",
  ""Mature Love"": ""1"",
  ""Self-Discipline"": ""1"",
  ""Detachment"": ""2"",
  ""Family Security"": ""1"",
  ""Social Recognition"": ""2"",
  ""Unity With Nature"": ""1"",
  ""A Varied Life"": """
139,India,Environment,3,"As a person from India, here's my response in JSON format:

```json
{
  ""Equality"": ""3"",
  ""Inner Harmony"": ""1"",
  ""Social Power"": ""4"",
  ""Pleasure"": ""3"",
  ""Freedom"": ""2"",
  ""A Spiritual Life"": ""1"",
  ""Sense of Belonging"": ""2"",
  ""Social Order"": ""2"",
  ""An Exciting Life"": ""3"",
  ""Meaning in Life"": ""1"",
  ""Politeness"": ""2"",
  ""Wealth"": ""3"",
  ""National Security"": ""2"",
  ""Self-Respect"": ""1"",
  ""Reciprocation of Favors"": ""2"",
  ""Creativity"": ""2"",
  ""A World at Peace"": ""1"",
  ""Respect for Tradition"": ""2"",
  ""Mature Love"": ""2"",
  ""Self-Discipline"": ""1"",
  ""Detachment"": ""2"",
  ""Family Security"": ""2"",
  ""Social Recognition"": ""2"",
  ""Unity With Nature"": ""1"",
  ""A Varied Life"": ""3"",
  ""Wisdom"": ""1"",
  ""Authority"": """
140,India,Environment,4,"{
  ""Equality"": ""1"",
  ""Inner Harmony"": ""1"",
  ""Social Power"": ""4"",
  ""Pleasure"": ""3"",
  ""Freedom"": ""1"",
  ""A Spiritual Life"": ""1"",
  ""Sense of Belonging"": ""1"",
  ""Social Order"": ""1"",
  ""An Exciting Life"": ""2"",
  ""Meaning in Life"": ""1"",
  ""Politeness"": ""1"",
  ""Wealth"": ""3"",
  ""National Security"": ""1"",
  ""Self-Respect"": ""1"",
  ""Reciprocation of Favors"": ""1"",
  ""Creativity"": ""2"",
  ""A World at Peace"": ""1"",
  ""Respect for Tradition"": ""2"",
  ""Mature Love"": ""1"",
  ""Self-Discipline"": ""1"",
  ""Detachment"": ""2"",
  ""Family Security"": ""1"",
  ""Social Recognition"": ""2"",
  ""Unity With Nature"": ""1"",
  ""A Varied Life"": ""2"",
  ""Wisdom"": ""1"",
  ""Authority"": ""4"",
  ""True Friendship"": ""1"",
  ""A World of Beauty"":"
141,India,Environment,5,"{
  ""Equality"": ""4"",
  ""Inner Harmony"": ""1"",
  ""Social Power"": ""4"",
  ""Pleasure"": ""4"",
  ""Freedom"": ""1"",
  ""A Spiritual Life"": ""1"",
  ""Sense of Belonging"": ""1"",
  ""Social Order"": ""1"",
  ""An Exciting Life"": ""2"",
  ""Meaning in Life"": ""1"",
  ""Politeness"": ""1"",
  ""Wealth"": ""4"",
  ""National Security"": ""1"",
  ""Self-Respect"": ""1"",
  ""Reciprocation of Favors"": ""1"",
  ""Creativity"": ""2"",
  ""A World at Peace"": ""1"",
  ""Respect for Tradition"": ""2"",
  ""Mature Love"": ""1"",
  ""Self-Discipline"": ""1"",
  ""Detachment"": ""1"",
  ""Family Security"": ""1"",
  ""Social Recognition"": ""2"",
  ""Unity With Nature"": ""1"",
  ""A Varied Life"": ""2"",
  ""Wisdom"": ""1"",
  ""Authority"": ""4"",
  ""True Friendship"": ""1"",
  ""A World of Beauty"":"
142,India,Environment,6,"Here's the response in JSON format:

```json
{
  ""Equality"": ""1"",
  ""Inner Harmony"": ""1"",
  ""Social Power"": ""3"",
  ""Pleasure"": ""2"",
  ""Freedom"": ""1"",
  ""A Spiritual Life"": ""1"",
  ""Sense of Belonging"": ""1"",
  ""Social Order"": ""1"",
  ""An Exciting Life"": ""2"",
  ""Meaning in Life"": ""1"",
  ""Politeness"": ""1"",
  ""Wealth"": ""3"",
  ""National Security"": ""1"",
  ""Self-Respect"": ""1"",
  ""Reciprocation of Favors"": ""1"",
  ""Creativity"": ""2"",
  ""A World at Peace"": ""1"",
  ""Respect for Tradition"": ""2"",
  ""Mature Love"": ""1"",
  ""Self-Discipline"": ""1"",
  ""Detachment"": ""2"",
  ""Family Security"": ""1"",
  ""Social Recognition"": ""2"",
  ""Unity With Nature"": ""1"",
  ""A Varied Life"": ""2"",
  ""Wisdom"": ""1"",
  ""Authority"": ""3"",
  ""True Friendship"
143,India,Environment,7,"As a person from India, I would rate the importance of each value as follows:

```json
{
  ""Equality"": ""3"",
  ""Inner Harmony"": ""1"",
  ""Social Power"": ""4"",
  ""Pleasure"": ""3"",
  ""Freedom"": ""2"",
  ""A Spiritual Life"": ""1"",
  ""Sense of Belonging"": ""2"",
  ""Social Order"": ""2"",
  ""An Exciting Life"": ""3"",
  ""Meaning in Life"": ""1"",
  ""Politeness"": ""2"",
  ""Wealth"": ""3"",
  ""National Security"": ""2"",
  ""Self-Respect"": ""1"",
  ""Reciprocation of Favors"": ""2"",
  ""Creativity"": ""2"",
  ""A World at Peace"": ""1"",
  ""Respect for Tradition"": ""1"",
  ""Mature Love"": ""2"",
  ""Self-Discipline"": ""1"",
  ""Detachment"": ""1"",
  ""Family Security"": ""2"",
  ""Social Recognition"": ""3"",
  ""Unity With Nature"": ""1"",
  ""A Varied Life"": ""3"",
  ""Wisdom"": ""1"",
  """
144,India,National Identity,0,"Here's my response as an Indian, in the context of National Identity:

```json
{
  ""Equality"": ""2"",
  ""Inner Harmony"": ""1"",
  ""Social Power"": ""4"",
  ""Pleasure"": ""3"",
  ""Freedom"": ""1"",
  ""A Spiritual Life"": ""1"",
  ""Sense of Belonging"": ""1"",
  ""Social Order"": ""2"",
  ""An Exciting Life"": ""3"",
  ""Meaning in Life"": ""1"",
  ""Politeness"": ""1"",
  ""Wealth"": ""3"",
  ""National Security"": ""1"",
  ""Self-Respect"": ""1"",
  ""Reciprocation of Favors"": ""1"",
  ""Creativity"": ""2"",
  ""A World at Peace"": ""1"",
  ""Respect for Tradition"": ""2"",
  ""Mature Love"": ""1"",
  ""Self-Discipline"": ""1"",
  ""Detachment"": ""3"",
  ""Family Security"": ""1"",
  ""Social Recognition"": ""2"",
  ""Unity With Nature"": ""2"",
  ""A Varied Life"": ""3"",
  ""Wisdom"": ""1"",
  ""Authority"":"
145,India,National Identity,1,"As a representation of the Indian national identity, I'll provide my responses in the JSON format. Please note that these are general perspectives and may not reflect individual opinions.

```json
{
  ""Equality"": ""strongly agree"",
  ""Inner Harmony"": ""agree"",
  ""Social Power"": ""disagree"",
  ""Pleasure"": ""disagree"",
  ""Freedom"": ""agree"",
  ""A Spiritual Life"": ""strongly agree"",
  ""Sense of Belonging"": ""agree"",
  ""Social Order"": ""agree"",
  ""An Exciting Life"": ""disagree"",
  ""Meaning in Life"": ""strongly agree"",
  ""Politeness"": ""strongly agree"",
  ""Wealth"": ""disagree"",
  ""National Security"": ""agree"",
  ""Self-Respect"": ""strongly agree"",
  ""Reciprocation of Favors"": ""agree"",
  ""Creativity"": ""agree"",
  ""A World at Peace"": ""strongly agree"",
  ""Respect for Tradition"": ""agree"",
  ""Mature Love"": ""agree"",
  ""Self-Discipline"": ""agree"",
  ""Detachment"": ""disagree"",
  ""Family Security"": ""strongly agree"",
  """
146,India,National Identity,2,"As a representative of Indian National Identity, I would rate the values as follows:

```json
{
  ""Equality"": ""1"",
  ""Inner Harmony"": ""1"",
  ""Social Power"": ""3"",
  ""Pleasure"": ""2"",
  ""Freedom"": ""2"",
  ""A Spiritual Life"": ""1"",
  ""Sense of Belonging"": ""1"",
  ""Social Order"": ""1"",
  ""An Exciting Life"": ""2"",
  ""Meaning in Life"": ""1"",
  ""Politeness"": ""1"",
  ""Wealth"": ""2"",
  ""National Security"": ""1"",
  ""Self-Respect"": ""1"",
  ""Reciprocation of Favors"": ""1"",
  ""Creativity"": ""2"",
  ""A World at Peace"": ""1"",
  ""Respect for Tradition"": ""1"",
  ""Mature Love"": ""1"",
  ""Self-Discipline"": ""1"",
  ""Detachment"": ""2"",
  ""Family Security"": ""1"",
  ""Social Recognition"": ""2"",
  ""Unity With Nature"": ""1"",
  ""A Varied Life"": ""2"",
  ""Wisdom"": ""1"",
  ""Authority"
147,India,National Identity,3,"As a representative of Indian National Identity, I would rate the values as follows:

```json
{
  ""Equality"": ""2"",
  ""Inner Harmony"": ""1"",
  ""Social Power"": ""3"",
  ""Pleasure"": ""3"",
  ""Freedom"": ""2"",
  ""A Spiritual Life"": ""1"",
  ""Sense of Belonging"": ""1"",
  ""Social Order"": ""1"",
  ""An Exciting Life"": ""3"",
  ""Meaning in Life"": ""1"",
  ""Politeness"": ""1"",
  ""Wealth"": ""3"",
  ""National Security"": ""1"",
  ""Self-Respect"": ""1"",
  ""Reciprocation of Favors"": ""2"",
  ""Creativity"": ""2"",
  ""A World at Peace"": ""1"",
  ""Respect for Tradition"": ""1"",
  ""Mature Love"": ""2"",
  ""Self-Discipline"": ""1"",
  ""Detachment"": ""2"",
  ""Family Security"": ""1"",
  ""Social Recognition"": ""2"",
  ""Unity With Nature"": ""1"",
  ""A Varied Life"": ""2"",
  ""Wisdom"": ""1"",
  ""Authority"
148,India,National Identity,4,"{
  ""Equality"": ""1"",
  ""Inner Harmony"": ""1"",
  ""Social Power"": ""4"",
  ""Pleasure"": ""3"",
  ""Freedom"": ""1"",
  ""A Spiritual Life"": ""1"",
  ""Sense of Belonging"": ""1"",
  ""Social Order"": ""1"",
  ""An Exciting Life"": ""2"",
  ""Meaning in Life"": ""1"",
  ""Politeness"": ""1"",
  ""Wealth"": ""3"",
  ""National Security"": ""1"",
  ""Self-Respect"": ""1"",
  ""Reciprocation of Favors"": ""1"",
  ""Creativity"": ""2"",
  ""A World at Peace"": ""1"",
  ""Respect for Tradition"": ""2"",
  ""Mature Love"": ""1"",
  ""Self-Discipline"": ""1"",
  ""Detachment"": ""2"",
  ""Family Security"": ""1"",
  ""Social Recognition"": ""2"",
  ""Unity With Nature"": ""2"",
  ""A Varied Life"": ""2"",
  ""Wisdom"": ""1"",
  ""Authority"": ""4"",
  ""True Friendship"": ""1"",
  ""A World of Beauty"":"
149,India,National Identity,5,"{
  ""Equality"": ""strongly agree"",
  ""Inner Harmony"": ""strongly agree"",
  ""Social Power"": ""disagree"",
  ""Pleasure"": ""agree"",
  ""Freedom"": ""strongly agree"",
  ""A Spiritual Life"": ""strongly agree"",
  ""Sense of Belonging"": ""strongly agree"",
  ""Social Order"": ""agree"",
  ""An Exciting Life"": ""agree"",
  ""Meaning in Life"": ""strongly agree"",
  ""Politeness"": ""strongly agree"",
  ""Wealth"": ""disagree"",
  ""National Security"": ""strongly agree"",
  ""Self-Respect"": ""strongly agree"",
  ""Reciprocation of Favors"": ""agree"",
  ""Creativity"": ""strongly agree"",
  ""A World at Peace"": ""strongly agree"",
  ""Respect for Tradition"": ""agree"",
  ""Mature Love"": ""strongly agree"",
  ""Self-Discipline"": ""strongly agree"",
  ""Detachment"": ""agree"",
  ""Family Security"": ""strongly agree"",
  ""Social Recognition"": ""agree"",
  ""Unity With Nature"": ""strongly agree"",
  ""A Varied Life"": """
150,India,National Identity,6,"As a representative of Indian national identity, I would rate the values as follows:

```json
{
  ""Equality"": ""1"",
  ""Inner Harmony"": ""1"",
  ""Social Power"": ""3"",
  ""Pleasure"": ""2"",
  ""Freedom"": ""1"",
  ""A Spiritual Life"": ""1"",
  ""Sense of Belonging"": ""1"",
  ""Social Order"": ""1"",
  ""An Exciting Life"": ""2"",
  ""Meaning in Life"": ""1"",
  ""Politeness"": ""1"",
  ""Wealth"": ""2"",
  ""National Security"": ""1"",
  ""Self-Respect"": ""1"",
  ""Reciprocation of Favors"": ""2"",
  ""Creativity"": ""2"",
  ""A World at Peace"": ""1"",
  ""Respect for Tradition"": ""1"",
  ""Mature Love"": ""1"",
  ""Self-Discipline"": ""1"",
  ""Detachment"": ""2"",
  ""Family Security"": ""1"",
  ""Social Recognition"": ""2"",
  ""Unity With Nature"": ""1"",
  ""A Varied Life"": ""2"",
  ""Wisdom"": ""1"",
  ""Authority"
151,India,National Identity,7,"As a representative of Indian National Identity, I would rate the values as follows:

{
  ""Equality"": ""2"",
  ""Inner Harmony"": ""1"",
  ""Social Power"": ""4"",
  ""Pleasure"": ""3"",
  ""Freedom"": ""2"",
  ""A Spiritual Life"": ""1"",
  ""Sense of Belonging"": ""1"",
  ""Social Order"": ""2"",
  ""An Exciting Life"": ""3"",
  ""Meaning in Life"": ""1"",
  ""Politeness"": ""1"",
  ""Wealth"": ""3"",
  ""National Security"": ""2"",
  ""Self-Respect"": ""1"",
  ""Reciprocation of Favors"": ""2"",
  ""Creativity"": ""2"",
  ""A World at Peace"": ""1"",
  ""Respect for Tradition"": ""1"",
  ""Mature Love"": ""2"",
  ""Self-Discipline"": ""2"",
  ""Detachment"": ""2"",
  ""Family Security"": ""1"",
  ""Social Recognition"": ""2"",
  ""Unity With Nature"": ""1"",
  ""A Varied Life"": ""3"",
  ""Wisdom"": ""1"",
  ""Authority"": ""3"
152,India,Citizenship,0,"```json
{
  ""Equality"": ""1"",
  ""Inner Harmony"": ""1"",
  ""Social Power"": ""4"",
  ""Pleasure"": ""3"",
  ""Freedom"": ""1"",
  ""A Spiritual Life"": ""1"",
  ""Sense of Belonging"": ""1"",
  ""Social Order"": ""1"",
  ""An Exciting Life"": ""3"",
  ""Meaning in Life"": ""1"",
  ""Politeness"": ""1"",
  ""Wealth"": ""4"",
  ""National Security"": ""1"",
  ""Self-Respect"": ""1"",
  ""Reciprocation of Favors"": ""1"",
  ""Creativity"": ""1"",
  ""A World at Peace"": ""1"",
  ""Respect for Tradition"": ""2"",
  ""Mature Love"": ""1"",
  ""Self-Discipline"": ""1"",
  ""Detachment"": ""2"",
  ""Family Security"": ""1"",
  ""Social Recognition"": ""2"",
  ""Unity With Nature"": ""1"",
  ""A Varied Life"": ""3"",
  ""Wisdom"": ""1"",
  ""Authority"": ""4"",
  ""True Friendship"": ""1"",
  ""A World"
153,India,Citizenship,1,"As a person from India, I'll provide my perspective on each value in the context of Citizenship. Here's my response in JSON format:

```json
{
  ""Equality"": ""strongly agree"",
  ""Inner Harmony"": ""agree"",
  ""Social Power"": ""strongly disagree"",
  ""Pleasure"": ""disagree"",
  ""Freedom"": ""strongly agree"",
  ""A Spiritual Life"": ""agree"",
  ""Sense of Belonging"": ""strongly agree"",
  ""Social Order"": ""agree"",
  ""An Exciting Life"": ""disagree"",
  ""Meaning in Life"": ""strongly agree"",
  ""Politeness"": ""strongly agree"",
  ""Wealth"": ""disagree"",
  ""National Security"": ""strongly agree"",
  ""Self-Respect"": ""strongly agree"",
  ""Reciprocation of Favors"": ""agree"",
  ""Creativity"": ""agree"",
  ""A World at Peace"": ""strongly agree"",
  ""Respect for Tradition"": ""agree"",
  ""Mature Love"": ""strongly agree"",
  ""Self-Discipline"": ""agree"",
  ""Detachment"": ""disagree"",
  ""Family Security"": ""strongly agree"","
154,India,Citizenship,2,"As a person from India, I'll rate each value based on my cultural background and personal perspective. Here's the JSON response:

```json
{
  ""Equality"": ""2"",
  ""Inner Harmony"": ""1"",
  ""Social Power"": ""3"",
  ""Pleasure"": ""2"",
  ""Freedom"": ""2"",
  ""A Spiritual Life"": ""1"",
  ""Sense of Belonging"": ""1"",
  ""Social Order"": ""2"",
  ""An Exciting Life"": ""2"",
  ""Meaning in Life"": ""1"",
  ""Politeness"": ""1"",
  ""Wealth"": ""3"",
  ""National Security"": ""2"",
  ""Self-Respect"": ""1"",
  ""Reciprocation of Favors"": ""2"",
  ""Creativity"": ""2"",
  ""A World at Peace"": ""1"",
  ""Respect for Tradition"": ""2"",
  ""Mature Love"": ""1"",
  ""Self-Discipline"": ""2"",
  ""Detachment"": ""2"",
  ""Family Security"": ""1"",
  ""Social Recognition"": ""2"",
  ""Unity With Nature"": ""2"",
  ""A Varied Life"": ""2"","
155,India,Citizenship,3,"As a person from India, I'll provide my responses in the context of Indian culture and values. Here's my response in JSON format:

```json
{
  ""Equality"": ""2"",
  ""Inner Harmony"": ""1"",
  ""Social Power"": ""4"",
  ""Pleasure"": ""3"",
  ""Freedom"": ""2"",
  ""A Spiritual Life"": ""1"",
  ""Sense of Belonging"": ""1"",
  ""Social Order"": ""2"",
  ""An Exciting Life"": ""3"",
  ""Meaning in Life"": ""1"",
  ""Politeness"": ""1"",
  ""Wealth"": ""3"",
  ""National Security"": ""2"",
  ""Self-Respect"": ""1"",
  ""Reciprocation of Favors"": ""2"",
  ""Creativity"": ""2"",
  ""A World at Peace"": ""1"",
  ""Respect for Tradition"": ""1"",
  ""Mature Love"": ""2"",
  ""Self-Discipline"": ""1"",
  ""Detachment"": ""2"",
  ""Family Security"": ""1"",
  ""Social Recognition"": ""2"",
  ""Unity With Nature"": ""1"",
  ""A Varied Life"": ""3"
156,India,Citizenship,4,"{
  ""Equality"": ""1"",
  ""Inner Harmony"": ""1"",
  ""Social Power"": ""4"",
  ""Pleasure"": ""3"",
  ""Freedom"": ""1"",
  ""A Spiritual Life"": ""1"",
  ""Sense of Belonging"": ""1"",
  ""Social Order"": ""1"",
  ""An Exciting Life"": ""2"",
  ""Meaning in Life"": ""1"",
  ""Politeness"": ""1"",
  ""Wealth"": ""3"",
  ""National Security"": ""1"",
  ""Self-Respect"": ""1"",
  ""Reciprocation of Favors"": ""1"",
  ""Creativity"": ""2"",
  ""A World at Peace"": ""1"",
  ""Respect for Tradition"": ""2"",
  ""Mature Love"": ""1"",
  ""Self-Discipline"": ""1"",
  ""Detachment"": ""2"",
  ""Family Security"": ""1"",
  ""Social Recognition"": ""2"",
  ""Unity With Nature"": ""2"",
  ""A Varied Life"": ""2"",
  ""Wisdom"": ""1"",
  ""Authority"": ""4"",
  ""True Friendship"": ""1"",
  ""A World of Beauty"":"
157,India,Citizenship,5,"{
  ""Equality"": ""4"",
  ""Inner Harmony"": ""1"",
  ""Social Power"": ""4"",
  ""Pleasure"": ""3"",
  ""Freedom"": ""1"",
  ""A Spiritual Life"": ""1"",
  ""Sense of Belonging"": ""1"",
  ""Social Order"": ""1"",
  ""An Exciting Life"": ""3"",
  ""Meaning in Life"": ""1"",
  ""Politeness"": ""1"",
  ""Wealth"": ""3"",
  ""National Security"": ""1"",
  ""Self-Respect"": ""1"",
  ""Reciprocation of Favors"": ""1"",
  ""Creativity"": ""1"",
  ""A World at Peace"": ""1"",
  ""Respect for Tradition"": ""1"",
  ""Mature Love"": ""1"",
  ""Self-Discipline"": ""1"",
  ""Detachment"": ""1"",
  ""Family Security"": ""1"",
  ""Social Recognition"": ""3"",
  ""Unity With Nature"": ""1"",
  ""A Varied Life"": ""3"",
  ""Wisdom"": ""1"",
  ""Authority"": ""4"",
  ""True Friendship"": ""1"",
  ""A World of Beauty"":"
158,India,Citizenship,6,"As a person from India, I would rate the values as follows:

```json
{
  ""Equality"": ""1"",
  ""Inner Harmony"": ""1"",
  ""Social Power"": ""3"",
  ""Pleasure"": ""2"",
  ""Freedom"": ""1"",
  ""A Spiritual Life"": ""1"",
  ""Sense of Belonging"": ""1"",
  ""Social Order"": ""1"",
  ""An Exciting Life"": ""2"",
  ""Meaning in Life"": ""1"",
  ""Politeness"": ""1"",
  ""Wealth"": ""2"",
  ""National Security"": ""1"",
  ""Self-Respect"": ""1"",
  ""Reciprocation of Favors"": ""1"",
  ""Creativity"": ""2"",
  ""A World at Peace"": ""1"",
  ""Respect for Tradition"": ""1"",
  ""Mature Love"": ""1"",
  ""Self-Discipline"": ""1"",
  ""Detachment"": ""2"",
  ""Family Security"": ""1"",
  ""Social Recognition"": ""2"",
  ""Unity With Nature"": ""1"",
  ""A Varied Life"": ""2"",
  ""Wisdom"": ""1"",
  ""Authority"": """
159,India,Citizenship,7,"As a person from India, I would rate the values as follows:

{
  ""Equality"": ""2"",
  ""Inner Harmony"": ""1"",
  ""Social Power"": ""4"",
  ""Pleasure"": ""3"",
  ""Freedom"": ""2"",
  ""A Spiritual Life"": ""1"",
  ""Sense of Belonging"": ""1"",
  ""Social Order"": ""2"",
  ""An Exciting Life"": ""3"",
  ""Meaning in Life"": ""1"",
  ""Politeness"": ""1"",
  ""Wealth"": ""3"",
  ""National Security"": ""2"",
  ""Self-Respect"": ""1"",
  ""Reciprocation of Favors"": ""2"",
  ""Creativity"": ""2"",
  ""A World at Peace"": ""1"",
  ""Respect for Tradition"": ""1"",
  ""Mature Love"": ""1"",
  ""Self-Discipline"": ""2"",
  ""Detachment"": ""2"",
  ""Family Security"": ""1"",
  ""Social Recognition"": ""2"",
  ""Unity With Nature"": ""1"",
  ""A Varied Life"": ""3"",
  ""Wisdom"": ""1"",
  ""Authority"": ""4"","
160,India,Leisure Time and Sports,0,"Here's a JSON response with my opinions as an Indian person, considering the context of leisure time and sports:

```json
{
  ""Equality"": ""2"",
  ""Inner Harmony"": ""1"",
  ""Social Power"": ""4"",
  ""Pleasure"": ""2"",
  ""Freedom"": ""1"",
  ""A Spiritual Life"": ""1"",
  ""Sense of Belonging"": ""1"",
  ""Social Order"": ""2"",
  ""An Exciting Life"": ""2"",
  ""Meaning in Life"": ""1"",
  ""Politeness"": ""1"",
  ""Wealth"": ""3"",
  ""National Security"": ""2"",
  ""Self-Respect"": ""1"",
  ""Reciprocation of Favors"": ""1"",
  ""Creativity"": ""2"",
  ""A World at Peace"": ""1"",
  ""Respect for Tradition"": ""2"",
  ""Mature Love"": ""2"",
  ""Self-Discipline"": ""1"",
  ""Detachment"": ""2"",
  ""Family Security"": ""1"",
  ""Social Recognition"": ""2"",
  ""Unity With Nature"": ""2"",
  ""A Varied Life"": ""2"",
  ""Wisdom"":"
161,India,Leisure Time and Sports,1,"As a person from India, here's my perspective on the given values in the context of Leisure Time and Sports:

{
  ""Equality"": ""3"",
  ""Inner Harmony"": ""1"",
  ""Social Power"": ""4"",
  ""Pleasure"": ""2"",
  ""Freedom"": ""2"",
  ""A Spiritual Life"": ""1"",
  ""Sense of Belonging"": ""2"",
  ""Social Order"": ""2"",
  ""An Exciting Life"": ""2"",
  ""Meaning in Life"": ""2"",
  ""Politeness"": ""2"",
  ""Wealth"": ""3"",
  ""National Security"": ""2"",
  ""Self-Respect"": ""1"",
  ""Reciprocation of Favors"": ""2"",
  ""Creativity"": ""2"",
  ""A World at Peace"": ""1"",
  ""Respect for Tradition"": ""2"",
  ""Mature Love"": ""2"",
  ""Self-Discipline"": ""2"",
  ""Detachment"": ""2"",
  ""Family Security"": ""2"",
  ""Social Recognition"": ""2"",
  ""Unity With Nature"": ""2"",
  ""A Varied Life"": ""2"",
  ""Wisdom"": ""2"
162,India,Leisure Time and Sports,2,"As a person from India, I'll rate the values based on the cultural and societal context of India. Here's the JSON response:

```json
{
  ""Equality"": ""2"",
  ""Inner Harmony"": ""4"",
  ""Social Power"": ""3"",
  ""Pleasure"": ""2"",
  ""Freedom"": ""2"",
  ""A Spiritual Life"": ""4"",
  ""Sense of Belonging"": ""2"",
  ""Social Order"": ""2"",
  ""An Exciting Life"": ""2"",
  ""Meaning in Life"": ""4"",
  ""Politeness"": ""4"",
  ""Wealth"": ""3"",
  ""National Security"": ""2"",
  ""Self-Respect"": ""4"",
  ""Reciprocation of Favors"": ""2"",
  ""Creativity"": ""2"",
  ""A World at Peace"": ""4"",
  ""Respect for Tradition"": ""4"",
  ""Mature Love"": ""2"",
  ""Self-Discipline"": ""4"",
  ""Detachment"": ""4"",
  ""Family Security"": ""4"",
  ""Social Recognition"": ""2"",
  ""Unity With Nature"": ""4"",
  ""A Varied Life"": ""2"","
163,India,Leisure Time and Sports,3,"As a person from India, here's how I would rate each value in the context of leisure time and sports:

```json
{
  ""Equality"": ""2"",
  ""Inner Harmony"": ""1"",
  ""Social Power"": ""3"",
  ""Pleasure"": ""2"",
  ""Freedom"": ""2"",
  ""A Spiritual Life"": ""1"",
  ""Sense of Belonging"": ""2"",
  ""Social Order"": ""2"",
  ""An Exciting Life"": ""2"",
  ""Meaning in Life"": ""1"",
  ""Politeness"": ""2"",
  ""Wealth"": ""3"",
  ""National Security"": ""2"",
  ""Self-Respect"": ""1"",
  ""Reciprocation of Favors"": ""2"",
  ""Creativity"": ""2"",
  ""A World at Peace"": ""1"",
  ""Respect for Tradition"": ""2"",
  ""Mature Love"": ""2"",
  ""Self-Discipline"": ""2"",
  ""Detachment"": ""2"",
  ""Family Security"": ""2"",
  ""Social Recognition"": ""2"",
  ""Unity With Nature"": ""2"",
  ""A Varied Life"": ""2"",
  ""Wisdom"
164,India,Leisure Time and Sports,4,"{
  ""Equality"": ""1"",
  ""Inner Harmony"": ""1"",
  ""Social Power"": ""4"",
  ""Pleasure"": ""2"",
  ""Freedom"": ""1"",
  ""A Spiritual Life"": ""1"",
  ""Sense of Belonging"": ""1"",
  ""Social Order"": ""1"",
  ""An Exciting Life"": ""2"",
  ""Meaning in Life"": ""1"",
  ""Politeness"": ""1"",
  ""Wealth"": ""3"",
  ""National Security"": ""1"",
  ""Self-Respect"": ""1"",
  ""Reciprocation of Favors"": ""1"",
  ""Creativity"": ""2"",
  ""A World at Peace"": ""1"",
  ""Respect for Tradition"": ""2"",
  ""Mature Love"": ""1"",
  ""Self-Discipline"": ""1"",
  ""Detachment"": ""2"",
  ""Family Security"": ""1"",
  ""Social Recognition"": ""2"",
  ""Unity With Nature"": ""2"",
  ""A Varied Life"": ""2"",
  ""Wisdom"": ""1"",
  ""Authority"": ""4"",
  ""True Friendship"": ""1"",
  ""A World of Beauty"":"
165,India,Leisure Time and Sports,5,"{
  ""Equality"": ""4"",
  ""Inner Harmony"": ""1"",
  ""Social Power"": ""4"",
  ""Pleasure"": ""2"",
  ""Freedom"": ""1"",
  ""A Spiritual Life"": ""1"",
  ""Sense of Belonging"": ""2"",
  ""Social Order"": ""2"",
  ""An Exciting Life"": ""2"",
  ""Meaning in Life"": ""1"",
  ""Politeness"": ""1"",
  ""Wealth"": ""4"",
  ""National Security"": ""2"",
  ""Self-Respect"": ""1"",
  ""Reciprocation of Favors"": ""1"",
  ""Creativity"": ""2"",
  ""A World at Peace"": ""1"",
  ""Respect for Tradition"": ""2"",
  ""Mature Love"": ""2"",
  ""Self-Discipline"": ""1"",
  ""Detachment"": ""2"",
  ""Family Security"": ""1"",
  ""Social Recognition"": ""2"",
  ""Unity With Nature"": ""2"",
  ""A Varied Life"": ""2"",
  ""Wisdom"": ""1"",
  ""Authority"": ""4"",
  ""True Friendship"": ""1"",
  ""A World of Beauty"":"
166,India,Leisure Time and Sports,6,"Here's the response in JSON format:

```json
{
  ""Equality"": ""1"",
  ""Inner Harmony"": ""1"",
  ""Social Power"": ""3"",
  ""Pleasure"": ""2"",
  ""Freedom"": ""1"",
  ""A Spiritual Life"": ""1"",
  ""Sense of Belonging"": ""2"",
  ""Social Order"": ""2"",
  ""An Exciting Life"": ""2"",
  ""Meaning in Life"": ""1"",
  ""Politeness"": ""1"",
  ""Wealth"": ""3"",
  ""National Security"": ""2"",
  ""Self-Respect"": ""1"",
  ""Reciprocation of Favors"": ""2"",
  ""Creativity"": ""2"",
  ""A World at Peace"": ""1"",
  ""Respect for Tradition"": ""2"",
  ""Mature Love"": ""2"",
  ""Self-Discipline"": ""2"",
  ""Detachment"": ""2"",
  ""Family Security"": ""2"",
  ""Social Recognition"": ""2"",
  ""Unity With Nature"": ""2"",
  ""A Varied Life"": ""2"",
  ""Wisdom"": ""1"",
  ""Authority"": ""3"",
  ""True Friendship"
167,India,Leisure Time and Sports,7,"As a person from India, here's how I would rate the values in the context of Leisure Time and Sports:

```json
{
  ""Equality"": ""2"",
  ""Inner Harmony"": ""1"",
  ""Social Power"": ""4"",
  ""Pleasure"": ""2"",
  ""Freedom"": ""2"",
  ""A Spiritual Life"": ""1"",
  ""Sense of Belonging"": ""1"",
  ""Social Order"": ""2"",
  ""An Exciting Life"": ""2"",
  ""Meaning in Life"": ""2"",
  ""Politeness"": ""1"",
  ""Wealth"": ""3"",
  ""National Security"": ""2"",
  ""Self-Respect"": ""1"",
  ""Reciprocation of Favors"": ""2"",
  ""Creativity"": ""2"",
  ""A World at Peace"": ""1"",
  ""Respect for Tradition"": ""1"",
  ""Mature Love"": ""2"",
  ""Self-Discipline"": ""2"",
  ""Detachment"": ""2"",
  ""Family Security"": ""1"",
  ""Social Recognition"": ""2"",
  ""Unity With Nature"": ""1"",
  ""A Varied Life"": ""2"",
  ""Wisdom"
168,India,Health and Health Care,0,"Here's my response as an Indian, in the context of Health and Health Care:

```json
{
  ""Equality"": ""2"",
  ""Inner Harmony"": ""1"",
  ""Social Power"": ""4"",
  ""Pleasure"": ""3"",
  ""Freedom"": ""2"",
  ""A Spiritual Life"": ""1"",
  ""Sense of Belonging"": ""2"",
  ""Social Order"": ""2"",
  ""An Exciting Life"": ""3"",
  ""Meaning in Life"": ""1"",
  ""Politeness"": ""1"",
  ""Wealth"": ""4"",
  ""National Security"": ""2"",
  ""Self-Respect"": ""1"",
  ""Reciprocation of Favors"": ""2"",
  ""Creativity"": ""2"",
  ""A World at Peace"": ""1"",
  ""Respect for Tradition"": ""2"",
  ""Mature Love"": ""1"",
  ""Self-Discipline"": ""2"",
  ""Detachment"": ""3"",
  ""Family Security"": ""1"",
  ""Social Recognition"": ""2"",
  ""Unity With Nature"": ""2"",
  ""A Varied Life"": ""3"",
  ""Wisdom"": ""1"",
  """
169,India,Health and Health Care,1,"As a person from India, I'll provide my perspective on each value in the context of Health and Healthcare. Here's my response in JSON format:

```json
{
  ""Equality"": ""4: strongly disagree"",
  ""Inner Harmony"": ""1: strongly agree"",
  ""Social Power"": ""4: strongly disagree"",
  ""Pleasure"": ""3: disagree"",
  ""Freedom"": ""2: agree"",
  ""A Spiritual Life"": ""1: strongly agree"",
  ""Sense of Belonging"": ""1: strongly agree"",
  ""Social Order"": ""2: agree"",
  ""An Exciting Life"": ""3: disagree"",
  ""Meaning in Life"": ""1: strongly agree"",
  ""Politeness"": ""1: strongly agree"",
  ""Wealth"": ""4: strongly disagree"",
  ""National Security"": ""2: agree"",
  ""Self-Respect"": ""1: strongly agree"",
  ""Reciprocation of Favors"": ""1: strongly agree"",
  ""Creativity"": ""2: agree"",
  ""A World at Peace"": ""1: strongly agree"",
  ""Respect for Tradition"": ""2: agree"",
  ""Mature Love"": ""1: strongly agree"","
170,India,Health and Health Care,2,"Here's my response as a person from India, in the context of Health and Health Care:

```json
{
  ""Equality"": ""2"",
  ""Inner Harmony"": ""1"",
  ""Social Power"": ""3"",
  ""Pleasure"": ""2"",
  ""Freedom"": ""2"",
  ""A Spiritual Life"": ""1"",
  ""Sense of Belonging"": ""2"",
  ""Social Order"": ""2"",
  ""An Exciting Life"": ""3"",
  ""Meaning in Life"": ""1"",
  ""Politeness"": ""2"",
  ""Wealth"": ""3"",
  ""National Security"": ""2"",
  ""Self-Respect"": ""1"",
  ""Reciprocation of Favors"": ""2"",
  ""Creativity"": ""2"",
  ""A World at Peace"": ""1"",
  ""Respect for Tradition"": ""2"",
  ""Mature Love"": ""1"",
  ""Self-Discipline"": ""2"",
  ""Detachment"": ""2"",
  ""Family Security"": ""1"",
  ""Social Recognition"": ""2"",
  ""Unity With Nature"": ""2"",
  ""A Varied Life"": ""3"",
  ""Wisdom"": ""1"","
171,India,Health and Health Care,3,"As a person from India, I'll rate the importance of each value based on the cultural and societal context of India. Here's my response in JSON format:

```json
{
  ""Equality"": ""3"",
  ""Inner Harmony"": ""2"",
  ""Social Power"": ""4"",
  ""Pleasure"": ""3"",
  ""Freedom"": ""2"",
  ""A Spiritual Life"": ""1"",
  ""Sense of Belonging"": ""1"",
  ""Social Order"": ""1"",
  ""An Exciting Life"": ""3"",
  ""Meaning in Life"": ""1"",
  ""Politeness"": ""1"",
  ""Wealth"": ""3"",
  ""National Security"": ""1"",
  ""Self-Respect"": ""1"",
  ""Reciprocation of Favors"": ""1"",
  ""Creativity"": ""2"",
  ""A World at Peace"": ""1"",
  ""Respect for Tradition"": ""1"",
  ""Mature Love"": ""1"",
  ""Self-Discipline"": ""2"",
  ""Detachment"": ""2"",
  ""Family Security"": ""1"",
  ""Social Recognition"": ""2"",
  ""Unity With Nature"": ""2"",
  ""A Varied"
172,India,Health and Health Care,4,"{
  ""Equality"": ""1"",
  ""Inner Harmony"": ""1"",
  ""Social Power"": ""4"",
  ""Pleasure"": ""3"",
  ""Freedom"": ""1"",
  ""A Spiritual Life"": ""1"",
  ""Sense of Belonging"": ""1"",
  ""Social Order"": ""1"",
  ""An Exciting Life"": ""2"",
  ""Meaning in Life"": ""1"",
  ""Politeness"": ""1"",
  ""Wealth"": ""3"",
  ""National Security"": ""1"",
  ""Self-Respect"": ""1"",
  ""Reciprocation of Favors"": ""1"",
  ""Creativity"": ""2"",
  ""A World at Peace"": ""1"",
  ""Respect for Tradition"": ""2"",
  ""Mature Love"": ""1"",
  ""Self-Discipline"": ""1"",
  ""Detachment"": ""2"",
  ""Family Security"": ""1"",
  ""Social Recognition"": ""2"",
  ""Unity With Nature"": ""2"",
  ""A Varied Life"": ""2"",
  ""Wisdom"": ""1"",
  ""Authority"": ""4"",
  ""True Friendship"": ""1"",
  ""A World of Beauty"":"
173,India,Health and Health Care,5,"{
  ""Equality"": ""4"",
  ""Inner Harmony"": ""1"",
  ""Social Power"": ""4"",
  ""Pleasure"": ""3"",
  ""Freedom"": ""1"",
  ""A Spiritual Life"": ""1"",
  ""Sense of Belonging"": ""1"",
  ""Social Order"": ""1"",
  ""An Exciting Life"": ""3"",
  ""Meaning in Life"": ""1"",
  ""Politeness"": ""1"",
  ""Wealth"": ""3"",
  ""National Security"": ""1"",
  ""Self-Respect"": ""1"",
  ""Reciprocation of Favors"": ""1"",
  ""Creativity"": ""1"",
  ""A World at Peace"": ""1"",
  ""Respect for Tradition"": ""1"",
  ""Mature Love"": ""1"",
  ""Self-Discipline"": ""1"",
  ""Detachment"": ""1"",
  ""Family Security"": ""1"",
  ""Social Recognition"": ""3"",
  ""Unity With Nature"": ""1"",
  ""A Varied Life"": ""3"",
  ""Wisdom"": ""1"",
  ""Authority"": ""4"",
  ""True Friendship"": ""1"",
  ""A World of Beauty"":"
174,India,Health and Health Care,6,"Here's the response in JSON format:

```json
{
  ""Equality"": ""1"",
  ""Inner Harmony"": ""1"",
  ""Social Power"": ""3"",
  ""Pleasure"": ""2"",
  ""Freedom"": ""1"",
  ""A Spiritual Life"": ""1"",
  ""Sense of Belonging"": ""1"",
  ""Social Order"": ""2"",
  ""An Exciting Life"": ""2"",
  ""Meaning in Life"": ""1"",
  ""Politeness"": ""1"",
  ""Wealth"": ""3"",
  ""National Security"": ""2"",
  ""Self-Respect"": ""1"",
  ""Reciprocation of Favors"": ""2"",
  ""Creativity"": ""2"",
  ""A World at Peace"": ""1"",
  ""Respect for Tradition"": ""2"",
  ""Mature Love"": ""1"",
  ""Self-Discipline"": ""1"",
  ""Detachment"": ""1"",
  ""Family Security"": ""1"",
  ""Social Recognition"": ""2"",
  ""Unity With Nature"": ""2"",
  ""A Varied Life"": ""2"",
  ""Wisdom"": ""1"",
  ""Authority"": ""3"",
  ""True Friendship"
175,India,Health and Health Care,7,"As a person from India, I would rate the values as follows:

{
  ""Equality"": ""3"",
  ""Inner Harmony"": ""1"",
  ""Social Power"": ""4"",
  ""Pleasure"": ""3"",
  ""Freedom"": ""2"",
  ""A Spiritual Life"": ""1"",
  ""Sense of Belonging"": ""2"",
  ""Social Order"": ""2"",
  ""An Exciting Life"": ""3"",
  ""Meaning in Life"": ""1"",
  ""Politeness"": ""2"",
  ""Wealth"": ""3"",
  ""National Security"": ""2"",
  ""Self-Respect"": ""1"",
  ""Reciprocation of Favors"": ""2"",
  ""Creativity"": ""2"",
  ""A World at Peace"": ""1"",
  ""Respect for Tradition"": ""2"",
  ""Mature Love"": ""1"",
  ""Self-Discipline"": ""2"",
  ""Detachment"": ""2"",
  ""Family Security"": ""2"",
  ""Social Recognition"": ""2"",
  ""Unity With Nature"": ""2"",
  ""A Varied Life"": ""3"",
  ""Wisdom"": ""1"",
  ""Authority"": ""3"","
176,Pakistan,Politics,0,"```json
{
  ""Equality"": ""2"",
  ""Inner Harmony"": ""2"",
  ""Social Power"": ""4"",
  ""Pleasure"": ""3"",
  ""Freedom"": ""2"",
  ""A Spiritual Life"": ""2"",
  ""Sense of Belonging"": ""2"",
  ""Social Order"": ""2"",
  ""An Exciting Life"": ""3"",
  ""Meaning in Life"": ""2"",
  ""Politeness"": ""2"",
  ""Wealth"": ""3"",
  ""National Security"": ""2"",
  ""Self-Respect"": ""2"",
  ""Reciprocation of Favors"": ""2"",
  ""Creativity"": ""2"",
  ""A World at Peace"": ""2"",
  ""Respect for Tradition"": ""2"",
  ""Mature Love"": ""2"",
  ""Self-Discipline"": ""2"",
  ""Detachment"": ""3"",
  ""Family Security"": ""2"",
  ""Social Recognition"": ""2"",
  ""Unity With Nature"": ""2"",
  ""A Varied Life"": ""3"",
  ""Wisdom"": ""2"",
  ""Authority"": ""4"",
  ""True Friendship"": ""2"",
  ""A World"
177,Pakistan,Politics,1,"As a Pakistani, I'll provide my perspective on these values. Here's my response in JSON format:

```json
{
  ""Equality"": ""3"",
  ""Inner Harmony"": ""2"",
  ""Social Power"": ""4"",
  ""Pleasure"": ""3"",
  ""Freedom"": ""2"",
  ""A Spiritual Life"": ""2"",
  ""Sense of Belonging"": ""2"",
  ""Social Order"": ""2"",
  ""An Exciting Life"": ""2"",
  ""Meaning in Life"": ""2"",
  ""Politeness"": ""2"",
  ""Wealth"": ""3"",
  ""National Security"": ""2"",
  ""Self-Respect"": ""2"",
  ""Reciprocation of Favors"": ""2"",
  ""Creativity"": ""2"",
  ""A World at Peace"": ""2"",
  ""Respect for Tradition"": ""2"",
  ""Mature Love"": ""2"",
  ""Self-Discipline"": ""2"",
  ""Detachment"": ""3"",
  ""Family Security"": ""2"",
  ""Social Recognition"": ""2"",
  ""Unity With Nature"": ""2"",
  ""A Varied Life"": ""2"",
  ""Wisdom"": """
178,Pakistan,Politics,2,"As a Pakistani, I'll provide my perspective on each value. Here's the JSON response:

```json
{
  ""Equality"": ""2"",
  ""Inner Harmony"": ""2"",
  ""Social Power"": ""3"",
  ""Pleasure"": ""2"",
  ""Freedom"": ""2"",
  ""A Spiritual Life"": ""1"",
  ""Sense of Belonging"": ""1"",
  ""Social Order"": ""1"",
  ""An Exciting Life"": ""2"",
  ""Meaning in Life"": ""1"",
  ""Politeness"": ""1"",
  ""Wealth"": ""3"",
  ""National Security"": ""1"",
  ""Self-Respect"": ""1"",
  ""Reciprocation of Favors"": ""2"",
  ""Creativity"": ""2"",
  ""A World at Peace"": ""1"",
  ""Respect for Tradition"": ""1"",
  ""Mature Love"": ""2"",
  ""Self-Discipline"": ""2"",
  ""Detachment"": ""3"",
  ""Family Security"": ""1"",
  ""Social Recognition"": ""2"",
  ""Unity With Nature"": ""2"",
  ""A Varied Life"": ""2"",
  ""Wisdom"": ""1"","
179,Pakistan,Politics,3,"As a Pakistani, I'll provide my perspective on each value. Here's the JSON response:

```json
{
  ""Equality"": ""3"",
  ""Inner Harmony"": ""2"",
  ""Social Power"": ""4"",
  ""Pleasure"": ""3"",
  ""Freedom"": ""2"",
  ""A Spiritual Life"": ""2"",
  ""Sense of Belonging"": ""2"",
  ""Social Order"": ""2"",
  ""An Exciting Life"": ""3"",
  ""Meaning in Life"": ""2"",
  ""Politeness"": ""2"",
  ""Wealth"": ""3"",
  ""National Security"": ""2"",
  ""Self-Respect"": ""2"",
  ""Reciprocation of Favors"": ""2"",
  ""Creativity"": ""2"",
  ""A World at Peace"": ""2"",
  ""Respect for Tradition"": ""2"",
  ""Mature Love"": ""2"",
  ""Self-Discipline"": ""2"",
  ""Detachment"": ""3"",
  ""Family Security"": ""2"",
  ""Social Recognition"": ""2"",
  ""Unity With Nature"": ""2"",
  ""A Varied Life"": ""3"",
  ""Wisdom"": ""2"","
180,Pakistan,Politics,4,"{
  ""Equality"": ""2"",
  ""Inner Harmony"": ""2"",
  ""Social Power"": ""4"",
  ""Pleasure"": ""3"",
  ""Freedom"": ""2"",
  ""A Spiritual Life"": ""2"",
  ""Sense of Belonging"": ""2"",
  ""Social Order"": ""2"",
  ""An Exciting Life"": ""3"",
  ""Meaning in Life"": ""2"",
  ""Politeness"": ""2"",
  ""Wealth"": ""3"",
  ""National Security"": ""2"",
  ""Self-Respect"": ""2"",
  ""Reciprocation of Favors"": ""2"",
  ""Creativity"": ""2"",
  ""A World at Peace"": ""2"",
  ""Respect for Tradition"": ""2"",
  ""Mature Love"": ""2"",
  ""Self-Discipline"": ""2"",
  ""Detachment"": ""3"",
  ""Family Security"": ""2"",
  ""Social Recognition"": ""2"",
  ""Unity With Nature"": ""2"",
  ""A Varied Life"": ""3"",
  ""Wisdom"": ""2"",
  ""Authority"": ""4"",
  ""True Friendship"": ""2"",
  ""A World of Beauty"":"
181,Pakistan,Politics,5,"{
  ""Equality"": ""2"",
  ""Inner Harmony"": ""2"",
  ""Social Power"": ""4"",
  ""Pleasure"": ""2"",
  ""Freedom"": ""2"",
  ""A Spiritual Life"": ""2"",
  ""Sense of Belonging"": ""2"",
  ""Social Order"": ""2"",
  ""An Exciting Life"": ""2"",
  ""Meaning in Life"": ""2"",
  ""Politeness"": ""2"",
  ""Wealth"": ""3"",
  ""National Security"": ""2"",
  ""Self-Respect"": ""2"",
  ""Reciprocation of Favors"": ""2"",
  ""Creativity"": ""2"",
  ""A World at Peace"": ""2"",
  ""Respect for Tradition"": ""2"",
  ""Mature Love"": ""2"",
  ""Self-Discipline"": ""2"",
  ""Detachment"": ""3"",
  ""Family Security"": ""2"",
  ""Social Recognition"": ""2"",
  ""Unity With Nature"": ""2"",
  ""A Varied Life"": ""2"",
  ""Wisdom"": ""2"",
  ""Authority"": ""4"",
  ""True Friendship"": ""2"",
  ""A World of Beauty"":"
182,Pakistan,Politics,6,"As a Pakistani, I'll provide my perspective on each value. Here's my response in JSON format:

```json
{
  ""Equality"": ""3"",
  ""Inner Harmony"": ""2"",
  ""Social Power"": ""4"",
  ""Pleasure"": ""3"",
  ""Freedom"": ""2"",
  ""A Spiritual Life"": ""2"",
  ""Sense of Belonging"": ""2"",
  ""Social Order"": ""2"",
  ""An Exciting Life"": ""2"",
  ""Meaning in Life"": ""2"",
  ""Politeness"": ""2"",
  ""Wealth"": ""3"",
  ""National Security"": ""2"",
  ""Self-Respect"": ""2"",
  ""Reciprocation of Favors"": ""2"",
  ""Creativity"": ""2"",
  ""A World at Peace"": ""2"",
  ""Respect for Tradition"": ""2"",
  ""Mature Love"": ""2"",
  ""Self-Discipline"": ""2"",
  ""Detachment"": ""3"",
  ""Family Security"": ""2"",
  ""Social Recognition"": ""2"",
  ""Unity With Nature"": ""2"",
  ""A Varied Life"": ""2"",
  ""Wisdom"": """
183,Pakistan,Politics,7,"As a Pakistani, I'll provide my responses based on the cultural and societal values prevalent in Pakistan. Here's my response in JSON format:

```json
{
  ""Equality"": ""2"",
  ""Inner Harmony"": ""2"",
  ""Social Power"": ""3"",
  ""Pleasure"": ""2"",
  ""Freedom"": ""2"",
  ""A Spiritual Life"": ""2"",
  ""Sense of Belonging"": ""2"",
  ""Social Order"": ""2"",
  ""An Exciting Life"": ""2"",
  ""Meaning in Life"": ""2"",
  ""Politeness"": ""2"",
  ""Wealth"": ""3"",
  ""National Security"": ""2"",
  ""Self-Respect"": ""2"",
  ""Reciprocation of Favors"": ""2"",
  ""Creativity"": ""2"",
  ""A World at Peace"": ""2"",
  ""Respect for Tradition"": ""2"",
  ""Mature Love"": ""2"",
  ""Self-Discipline"": ""2"",
  ""Detachment"": ""3"",
  ""Family Security"": ""2"",
  ""Social Recognition"": ""2"",
  ""Unity With Nature"": ""2"",
  ""A Varied Life"": ""2"
184,Pakistan,Social Networks,0,"Here's my response as a Pakistani individual:

```json
{
  ""Equality"": ""2"",
  ""Inner Harmony"": ""1"",
  ""Social Power"": ""4"",
  ""Pleasure"": ""2"",
  ""Freedom"": ""1"",
  ""A Spiritual Life"": ""1"",
  ""Sense of Belonging"": ""1"",
  ""Social Order"": ""2"",
  ""An Exciting Life"": ""2"",
  ""Meaning in Life"": ""1"",
  ""Politeness"": ""1"",
  ""Wealth"": ""3"",
  ""National Security"": ""1"",
  ""Self-Respect"": ""1"",
  ""Reciprocation of Favors"": ""1"",
  ""Creativity"": ""2"",
  ""A World at Peace"": ""1"",
  ""Respect for Tradition"": ""2"",
  ""Mature Love"": ""1"",
  ""Self-Discipline"": ""1"",
  ""Detachment"": ""3"",
  ""Family Security"": ""1"",
  ""Social Recognition"": ""2"",
  ""Unity With Nature"": ""2"",
  ""A Varied Life"": ""2"",
  ""Wisdom"": ""1"",
  ""Authority"": ""4"",
  ""True"
185,Pakistan,Social Networks,1,"As a Pakistani, I'll provide my perspective on these values in the context of social networks. Here's my response in JSON format:

```json
{
  ""Equality"": ""3"",
  ""Inner Harmony"": ""2"",
  ""Social Power"": ""4"",
  ""Pleasure"": ""3"",
  ""Freedom"": ""2"",
  ""A Spiritual Life"": ""2"",
  ""Sense of Belonging"": ""2"",
  ""Social Order"": ""2"",
  ""An Exciting Life"": ""3"",
  ""Meaning in Life"": ""2"",
  ""Politeness"": ""2"",
  ""Wealth"": ""3"",
  ""National Security"": ""2"",
  ""Self-Respect"": ""2"",
  ""Reciprocation of Favors"": ""2"",
  ""Creativity"": ""2"",
  ""A World at Peace"": ""2"",
  ""Respect for Tradition"": ""2"",
  ""Mature Love"": ""2"",
  ""Self-Discipline"": ""2"",
  ""Detachment"": ""3"",
  ""Family Security"": ""2"",
  ""Social Recognition"": ""2"",
  ""Unity With Nature"": ""2"",
  ""A Varied Life"": ""3"","
186,Pakistan,Social Networks,2,"As a Pakistani, I'll provide my responses based on the cultural and societal values prevalent in Pakistan. Here's my response in JSON format:

```json
{
  ""Equality"": ""3"",
  ""Inner Harmony"": ""2"",
  ""Social Power"": ""3"",
  ""Pleasure"": ""2"",
  ""Freedom"": ""2"",
  ""A Spiritual Life"": ""1"",
  ""Sense of Belonging"": ""1"",
  ""Social Order"": ""1"",
  ""An Exciting Life"": ""2"",
  ""Meaning in Life"": ""1"",
  ""Politeness"": ""1"",
  ""Wealth"": ""2"",
  ""National Security"": ""1"",
  ""Self-Respect"": ""1"",
  ""Reciprocation of Favors"": ""1"",
  ""Creativity"": ""2"",
  ""A World at Peace"": ""1"",
  ""Respect for Tradition"": ""1"",
  ""Mature Love"": ""2"",
  ""Self-Discipline"": ""1"",
  ""Detachment"": ""2"",
  ""Family Security"": ""1"",
  ""Social Recognition"": ""2"",
  ""Unity With Nature"": ""2"",
  ""A Varied Life"": ""2"
187,Pakistan,Social Networks,3,"As a Pakistani, I'll provide my responses based on the cultural and societal values prevalent in Pakistan. Here's my response in JSON format:

```json
{
  ""Equality"": ""3"",
  ""Inner Harmony"": ""2"",
  ""Social Power"": ""4"",
  ""Pleasure"": ""3"",
  ""Freedom"": ""2"",
  ""A Spiritual Life"": ""1"",
  ""Sense of Belonging"": ""1"",
  ""Social Order"": ""1"",
  ""An Exciting Life"": ""2"",
  ""Meaning in Life"": ""1"",
  ""Politeness"": ""1"",
  ""Wealth"": ""3"",
  ""National Security"": ""1"",
  ""Self-Respect"": ""1"",
  ""Reciprocation of Favors"": ""1"",
  ""Creativity"": ""2"",
  ""A World at Peace"": ""1"",
  ""Respect for Tradition"": ""1"",
  ""Mature Love"": ""2"",
  ""Self-Discipline"": ""1"",
  ""Detachment"": ""2"",
  ""Family Security"": ""1"",
  ""Social Recognition"": ""2"",
  ""Unity With Nature"": ""2"",
  ""A Varied Life"": ""2"
188,Pakistan,Social Networks,4,"{
  ""Equality"": ""2"",
  ""Inner Harmony"": ""2"",
  ""Social Power"": ""4"",
  ""Pleasure"": ""3"",
  ""Freedom"": ""2"",
  ""A Spiritual Life"": ""2"",
  ""Sense of Belonging"": ""2"",
  ""Social Order"": ""2"",
  ""An Exciting Life"": ""3"",
  ""Meaning in Life"": ""2"",
  ""Politeness"": ""2"",
  ""Wealth"": ""3"",
  ""National Security"": ""2"",
  ""Self-Respect"": ""2"",
  ""Reciprocation of Favors"": ""2"",
  ""Creativity"": ""2"",
  ""A World at Peace"": ""2"",
  ""Respect for Tradition"": ""2"",
  ""Mature Love"": ""2"",
  ""Self-Discipline"": ""2"",
  ""Detachment"": ""3"",
  ""Family Security"": ""2"",
  ""Social Recognition"": ""2"",
  ""Unity With Nature"": ""2"",
  ""A Varied Life"": ""3"",
  ""Wisdom"": ""2"",
  ""Authority"": ""4"",
  ""True Friendship"": ""2"",
  ""A World of Beauty"":"
189,Pakistan,Social Networks,5,"{
  ""Equality"": ""4"",
  ""Inner Harmony"": ""2"",
  ""Social Power"": ""4"",
  ""Pleasure"": ""3"",
  ""Freedom"": ""2"",
  ""A Spiritual Life"": ""2"",
  ""Sense of Belonging"": ""2"",
  ""Social Order"": ""2"",
  ""An Exciting Life"": ""2"",
  ""Meaning in Life"": ""2"",
  ""Politeness"": ""2"",
  ""Wealth"": ""3"",
  ""National Security"": ""2"",
  ""Self-Respect"": ""2"",
  ""Reciprocation of Favors"": ""2"",
  ""Creativity"": ""2"",
  ""A World at Peace"": ""2"",
  ""Respect for Tradition"": ""2"",
  ""Mature Love"": ""2"",
  ""Self-Discipline"": ""2"",
  ""Detachment"": ""3"",
  ""Family Security"": ""2"",
  ""Social Recognition"": ""2"",
  ""Unity With Nature"": ""2"",
  ""A Varied Life"": ""2"",
  ""Wisdom"": ""2"",
  ""Authority"": ""4"",
  ""True Friendship"": ""2"",
  ""A World of Beauty"":"
190,Pakistan,Social Networks,6,"As a Pakistani, I'll provide my responses based on the cultural and societal values prevalent in Pakistan. Here's my answer in JSON format:

```json
{
  ""Equality"": ""2"",
  ""Inner Harmony"": ""2"",
  ""Social Power"": ""3"",
  ""Pleasure"": ""2"",
  ""Freedom"": ""2"",
  ""A Spiritual Life"": ""2"",
  ""Sense of Belonging"": ""2"",
  ""Social Order"": ""2"",
  ""An Exciting Life"": ""2"",
  ""Meaning in Life"": ""2"",
  ""Politeness"": ""2"",
  ""Wealth"": ""3"",
  ""National Security"": ""2"",
  ""Self-Respect"": ""2"",
  ""Reciprocation of Favors"": ""2"",
  ""Creativity"": ""2"",
  ""A World at Peace"": ""2"",
  ""Respect for Tradition"": ""2"",
  ""Mature Love"": ""2"",
  ""Self-Discipline"": ""2"",
  ""Detachment"": ""3"",
  ""Family Security"": ""2"",
  ""Social Recognition"": ""2"",
  ""Unity With Nature"": ""2"",
  ""A Varied Life"": ""2"
191,Pakistan,Social Networks,7,"As a Pakistani, I would rate the values as follows:

```json
{
  ""Equality"": ""2"",
  ""Inner Harmony"": ""2"",
  ""Social Power"": ""3"",
  ""Pleasure"": ""2"",
  ""Freedom"": ""2"",
  ""A Spiritual Life"": ""4"",
  ""Sense of Belonging"": ""2"",
  ""Social Order"": ""2"",
  ""An Exciting Life"": ""2"",
  ""Meaning in Life"": ""2"",
  ""Politeness"": ""2"",
  ""Wealth"": ""3"",
  ""National Security"": ""2"",
  ""Self-Respect"": ""2"",
  ""Reciprocation of Favors"": ""2"",
  ""Creativity"": ""2"",
  ""A World at Peace"": ""2"",
  ""Respect for Tradition"": ""4"",
  ""Mature Love"": ""2"",
  ""Self-Discipline"": ""2"",
  ""Detachment"": ""3"",
  ""Family Security"": ""2"",
  ""Social Recognition"": ""2"",
  ""Unity With Nature"": ""2"",
  ""A Varied Life"": ""2"",
  ""Wisdom"": ""2"",
  ""Authority"": ""3"","
192,Pakistan,Social Inequality,0,"Here's my response as a Pakistani individual, considering the context of social inequality in Pakistan:

```json
{
  ""Equality"": ""2"",
  ""Inner Harmony"": ""1"",
  ""Social Power"": ""4"",
  ""Pleasure"": ""3"",
  ""Freedom"": ""2"",
  ""A Spiritual Life"": ""1"",
  ""Sense of Belonging"": ""2"",
  ""Social Order"": ""2"",
  ""An Exciting Life"": ""3"",
  ""Meaning in Life"": ""1"",
  ""Politeness"": ""1"",
  ""Wealth"": ""4"",
  ""National Security"": ""1"",
  ""Self-Respect"": ""1"",
  ""Reciprocation of Favors"": ""1"",
  ""Creativity"": ""2"",
  ""A World at Peace"": ""1"",
  ""Respect for Tradition"": ""2"",
  ""Mature Love"": ""1"",
  ""Self-Discipline"": ""2"",
  ""Detachment"": ""3"",
  ""Family Security"": ""1"",
  ""Social Recognition"": ""2"",
  ""Unity With Nature"": ""2"",
  ""A Varied Life"": ""3"",
  ""Wisdom"": ""1"","
193,Pakistan,Social Inequality,1,"As a Pakistani, I'll provide my perspective on the given values in the context of social inequality. Here's my response in JSON format:

```json
{
  ""Equality"": ""4: strongly disagree"",
  ""Inner Harmony"": ""2: agree"",
  ""Social Power"": ""4: strongly disagree"",
  ""Pleasure"": ""2: agree"",
  ""Freedom"": ""2: agree"",
  ""A Spiritual Life"": ""2: agree"",
  ""Sense of Belonging"": ""2: agree"",
  ""Social Order"": ""2: agree"",
  ""An Exciting Life"": ""2: agree"",
  ""Meaning in Life"": ""2: agree"",
  ""Politeness"": ""2: agree"",
  ""Wealth"": ""4: strongly disagree"",
  ""National Security"": ""2: agree"",
  ""Self-Respect"": ""2: agree"",
  ""Reciprocation of Favors"": ""2: agree"",
  ""Creativity"": ""2: agree"",
  ""A World at Peace"": ""2: agree"",
  ""Respect for Tradition"": ""2: agree"",
  ""Mature Love"": ""2: agree"",
  ""Self-Discipline"": ""2: agree"
194,Pakistan,Social Inequality,2,"As a Pakistani, I'll rate the values based on the cultural and societal context of Pakistan. Here's my response in JSON format:

```json
{
  ""Equality"": ""3"",
  ""Inner Harmony"": ""2"",
  ""Social Power"": ""4"",
  ""Pleasure"": ""2"",
  ""Freedom"": ""3"",
  ""A Spiritual Life"": ""2"",
  ""Sense of Belonging"": ""2"",
  ""Social Order"": ""2"",
  ""An Exciting Life"": ""2"",
  ""Meaning in Life"": ""2"",
  ""Politeness"": ""2"",
  ""Wealth"": ""2"",
  ""National Security"": ""2"",
  ""Self-Respect"": ""2"",
  ""Reciprocation of Favors"": ""2"",
  ""Creativity"": ""2"",
  ""A World at Peace"": ""2"",
  ""Respect for Tradition"": ""2"",
  ""Mature Love"": ""2"",
  ""Self-Discipline"": ""2"",
  ""Detachment"": ""2"",
  ""Family Security"": ""2"",
  ""Social Recognition"": ""2"",
  ""Unity With Nature"": ""2"",
  ""A Varied Life"": ""2"","
195,Pakistan,Social Inequality,3,"As a Pakistani, I'll provide my responses based on the cultural and social context of Pakistan. Here's my answer in JSON format:

```json
{
  ""Equality"": ""3"",
  ""Inner Harmony"": ""2"",
  ""Social Power"": ""4"",
  ""Pleasure"": ""3"",
  ""Freedom"": ""2"",
  ""A Spiritual Life"": ""1"",
  ""Sense of Belonging"": ""1"",
  ""Social Order"": ""1"",
  ""An Exciting Life"": ""2"",
  ""Meaning in Life"": ""1"",
  ""Politeness"": ""1"",
  ""Wealth"": ""3"",
  ""National Security"": ""1"",
  ""Self-Respect"": ""1"",
  ""Reciprocation of Favors"": ""1"",
  ""Creativity"": ""2"",
  ""A World at Peace"": ""1"",
  ""Respect for Tradition"": ""1"",
  ""Mature Love"": ""2"",
  ""Self-Discipline"": ""1"",
  ""Detachment"": ""2"",
  ""Family Security"": ""1"",
  ""Social Recognition"": ""2"",
  ""Unity With Nature"": ""2"",
  ""A Varied Life"": ""2"","
196,Pakistan,Social Inequality,4,"{
  ""Equality"": ""2"",
  ""Inner Harmony"": ""2"",
  ""Social Power"": ""4"",
  ""Pleasure"": ""3"",
  ""Freedom"": ""2"",
  ""A Spiritual Life"": ""2"",
  ""Sense of Belonging"": ""2"",
  ""Social Order"": ""2"",
  ""An Exciting Life"": ""3"",
  ""Meaning in Life"": ""2"",
  ""Politeness"": ""2"",
  ""Wealth"": ""3"",
  ""National Security"": ""2"",
  ""Self-Respect"": ""2"",
  ""Reciprocation of Favors"": ""2"",
  ""Creativity"": ""2"",
  ""A World at Peace"": ""2"",
  ""Respect for Tradition"": ""3"",
  ""Mature Love"": ""2"",
  ""Self-Discipline"": ""2"",
  ""Detachment"": ""3"",
  ""Family Security"": ""2"",
  ""Social Recognition"": ""3"",
  ""Unity With Nature"": ""2"",
  ""A Varied Life"": ""3"",
  ""Wisdom"": ""2"",
  ""Authority"": ""4"",
  ""True Friendship"": ""2"",
  ""A World of Beauty"":"
197,Pakistan,Social Inequality,5,"{
  ""Equality"": ""strongly agree"",
  ""Inner Harmony"": ""agree"",
  ""Social Power"": ""strongly disagree"",
  ""Pleasure"": ""disagree"",
  ""Freedom"": ""strongly agree"",
  ""A Spiritual Life"": ""agree"",
  ""Sense of Belonging"": ""agree"",
  ""Social Order"": ""agree"",
  ""An Exciting Life"": ""disagree"",
  ""Meaning in Life"": ""strongly agree"",
  ""Politeness"": ""agree"",
  ""Wealth"": ""disagree"",
  ""National Security"": ""agree"",
  ""Self-Respect"": ""strongly agree"",
  ""Reciprocation of Favors"": ""agree"",
  ""Creativity"": ""agree"",
  ""A World at Peace"": ""strongly agree"",
  ""Respect for Tradition"": ""agree"",
  ""Mature Love"": ""agree"",
  ""Self-Discipline"": ""agree"",
  ""Detachment"": ""disagree"",
  ""Family Security"": ""strongly agree"",
  ""Social Recognition"": ""disagree"",
  ""Unity With Nature"": ""agree"",
  ""A Varied Life"": ""disagree"",
  ""Wisdom"": ""strongly agree"","
198,Pakistan,Social Inequality,6,"As a Pakistani, I'll provide my responses based on the cultural and social context of Pakistan. Here's my answer in JSON format:

```json
{
  ""Equality"": ""2"",
  ""Inner Harmony"": ""2"",
  ""Social Power"": ""3"",
  ""Pleasure"": ""2"",
  ""Freedom"": ""2"",
  ""A Spiritual Life"": ""4"",
  ""Sense of Belonging"": ""2"",
  ""Social Order"": ""2"",
  ""An Exciting Life"": ""2"",
  ""Meaning in Life"": ""2"",
  ""Politeness"": ""2"",
  ""Wealth"": ""3"",
  ""National Security"": ""2"",
  ""Self-Respect"": ""2"",
  ""Reciprocation of Favors"": ""2"",
  ""Creativity"": ""2"",
  ""A World at Peace"": ""2"",
  ""Respect for Tradition"": ""4"",
  ""Mature Love"": ""2"",
  ""Self-Discipline"": ""2"",
  ""Detachment"": ""3"",
  ""Family Security"": ""2"",
  ""Social Recognition"": ""2"",
  ""Unity With Nature"": ""2"",
  ""A Varied Life"": ""2"","
199,Pakistan,Social Inequality,7,"As a Pakistani, I'll provide my perspective on each value. Here's my response in JSON format:

```json
{
  ""Equality"": ""2"",
  ""Inner Harmony"": ""2"",
  ""Social Power"": ""3"",
  ""Pleasure"": ""2"",
  ""Freedom"": ""2"",
  ""A Spiritual Life"": ""1"",
  ""Sense of Belonging"": ""1"",
  ""Social Order"": ""1"",
  ""An Exciting Life"": ""2"",
  ""Meaning in Life"": ""1"",
  ""Politeness"": ""1"",
  ""Wealth"": ""3"",
  ""National Security"": ""1"",
  ""Self-Respect"": ""1"",
  ""Reciprocation of Favors"": ""1"",
  ""Creativity"": ""2"",
  ""A World at Peace"": ""1"",
  ""Respect for Tradition"": ""1"",
  ""Mature Love"": ""1"",
  ""Self-Discipline"": ""1"",
  ""Detachment"": ""2"",
  ""Family Security"": ""1"",
  ""Social Recognition"": ""2"",
  ""Unity With Nature"": ""2"",
  ""A Varied Life"": ""2"",
  ""Wisdom"": """
200,Pakistan,Family & Changing Gender Roles,0,"As a Pakistani, I'll provide my perspective on the given values in the context of Family & Changing Gender Roles. Here's my response in JSON format:

```json
{
  ""Equality"": ""3"",
  ""Inner Harmony"": ""2"",
  ""Social Power"": ""4"",
  ""Pleasure"": ""2"",
  ""Freedom"": ""3"",
  ""A Spiritual Life"": ""2"",
  ""Sense of Belonging"": ""2"",
  ""Social Order"": ""2"",
  ""An Exciting Life"": ""2"",
  ""Meaning in Life"": ""2"",
  ""Politeness"": ""1"",
  ""Wealth"": ""3"",
  ""National Security"": ""2"",
  ""Self-Respect"": ""1"",
  ""Reciprocation of Favors"": ""2"",
  ""Creativity"": ""2"",
  ""A World at Peace"": ""1"",
  ""Respect for Tradition"": ""2"",
  ""Mature Love"": ""2"",
  ""Self-Discipline"": ""2"",
  ""Detachment"": ""3"",
  ""Family Security"": ""1"",
  ""Social Recognition"": ""2"",
  ""Unity With Nature"": ""2"",
  ""A Varied Life"
201,Pakistan,Family & Changing Gender Roles,1,"As a Pakistani, I'll provide my perspective on the given values in the context of Family & Changing Gender Roles. Here's my response in JSON format:

```json
{
  ""Equality"": ""3"",
  ""Inner Harmony"": ""2"",
  ""Social Power"": ""4"",
  ""Pleasure"": ""3"",
  ""Freedom"": ""2"",
  ""A Spiritual Life"": ""2"",
  ""Sense of Belonging"": ""2"",
  ""Social Order"": ""2"",
  ""An Exciting Life"": ""3"",
  ""Meaning in Life"": ""2"",
  ""Politeness"": ""2"",
  ""Wealth"": ""3"",
  ""National Security"": ""2"",
  ""Self-Respect"": ""2"",
  ""Reciprocation of Favors"": ""2"",
  ""Creativity"": ""2"",
  ""A World at Peace"": ""2"",
  ""Respect for Tradition"": ""2"",
  ""Mature Love"": ""2"",
  ""Self-Discipline"": ""2"",
  ""Detachment"": ""3"",
  ""Family Security"": ""2"",
  ""Social Recognition"": ""2"",
  ""Unity With Nature"": ""3"",
  ""A Varied Life"
202,Pakistan,Family & Changing Gender Roles,2,"As a Pakistani, I'll provide my responses based on the cultural and societal context of Pakistan. Here are my answers in JSON format:

```json
{
  ""Equality"": ""3"",
  ""Inner Harmony"": ""2"",
  ""Social Power"": ""4"",
  ""Pleasure"": ""3"",
  ""Freedom"": ""2"",
  ""A Spiritual Life"": ""2"",
  ""Sense of Belonging"": ""2"",
  ""Social Order"": ""2"",
  ""An Exciting Life"": ""3"",
  ""Meaning in Life"": ""2"",
  ""Politeness"": ""2"",
  ""Wealth"": ""3"",
  ""National Security"": ""2"",
  ""Self-Respect"": ""2"",
  ""Reciprocation of Favors"": ""2"",
  ""Creativity"": ""3"",
  ""A World at Peace"": ""2"",
  ""Respect for Tradition"": ""2"",
  ""Mature Love"": ""2"",
  ""Self-Discipline"": ""2"",
  ""Detachment"": ""3"",
  ""Family Security"": ""2"",
  ""Social Recognition"": ""2"",
  ""Unity With Nature"": ""3"",
  ""A Varied Life"": ""3"","
203,Pakistan,Family & Changing Gender Roles,3,"As a Pakistani, I'll provide my responses based on the cultural and societal context of Pakistan. Here are my answers in JSON format:

```json
{
  ""Equality"": ""3"",
  ""Inner Harmony"": ""2"",
  ""Social Power"": ""4"",
  ""Pleasure"": ""3"",
  ""Freedom"": ""2"",
  ""A Spiritual Life"": ""2"",
  ""Sense of Belonging"": ""2"",
  ""Social Order"": ""2"",
  ""An Exciting Life"": ""3"",
  ""Meaning in Life"": ""2"",
  ""Politeness"": ""2"",
  ""Wealth"": ""3"",
  ""National Security"": ""2"",
  ""Self-Respect"": ""2"",
  ""Reciprocation of Favors"": ""2"",
  ""Creativity"": ""2"",
  ""A World at Peace"": ""2"",
  ""Respect for Tradition"": ""2"",
  ""Mature Love"": ""2"",
  ""Self-Discipline"": ""2"",
  ""Detachment"": ""3"",
  ""Family Security"": ""2"",
  ""Social Recognition"": ""2"",
  ""Unity With Nature"": ""2"",
  ""A Varied Life"": ""3"","
204,Pakistan,Family & Changing Gender Roles,4,"{
  ""Equality"": ""2"",
  ""Inner Harmony"": ""2"",
  ""Social Power"": ""4"",
  ""Pleasure"": ""2"",
  ""Freedom"": ""2"",
  ""A Spiritual Life"": ""2"",
  ""Sense of Belonging"": ""2"",
  ""Social Order"": ""2"",
  ""An Exciting Life"": ""2"",
  ""Meaning in Life"": ""2"",
  ""Politeness"": ""2"",
  ""Wealth"": ""3"",
  ""National Security"": ""2"",
  ""Self-Respect"": ""2"",
  ""Reciprocation of Favors"": ""2"",
  ""Creativity"": ""2"",
  ""A World at Peace"": ""2"",
  ""Respect for Tradition"": ""3"",
  ""Mature Love"": ""2"",
  ""Self-Discipline"": ""2"",
  ""Detachment"": ""3"",
  ""Family Security"": ""2"",
  ""Social Recognition"": ""2"",
  ""Unity With Nature"": ""2"",
  ""A Varied Life"": ""2"",
  ""Wisdom"": ""2"",
  ""Authority"": ""4"",
  ""True Friendship"": ""2"",
  ""A World of Beauty"":"
205,Pakistan,Family & Changing Gender Roles,5,"{
  ""Equality"": ""2"",
  ""Inner Harmony"": ""2"",
  ""Social Power"": ""4"",
  ""Pleasure"": ""2"",
  ""Freedom"": ""2"",
  ""A Spiritual Life"": ""2"",
  ""Sense of Belonging"": ""2"",
  ""Social Order"": ""2"",
  ""An Exciting Life"": ""2"",
  ""Meaning in Life"": ""2"",
  ""Politeness"": ""2"",
  ""Wealth"": ""3"",
  ""National Security"": ""2"",
  ""Self-Respect"": ""2"",
  ""Reciprocation of Favors"": ""2"",
  ""Creativity"": ""2"",
  ""A World at Peace"": ""2"",
  ""Respect for Tradition"": ""2"",
  ""Mature Love"": ""2"",
  ""Self-Discipline"": ""2"",
  ""Detachment"": ""2"",
  ""Family Security"": ""2"",
  ""Social Recognition"": ""2"",
  ""Unity With Nature"": ""2"",
  ""A Varied Life"": ""2"",
  ""Wisdom"": ""2"",
  ""Authority"": ""4"",
  ""True Friendship"": ""2"",
  ""A World of Beauty"":"
206,Pakistan,Family & Changing Gender Roles,6,"As a Pakistani, I'll provide my responses based on the cultural and societal context of Pakistan. Here's my answer in JSON format:

```json
{
  ""Equality"": ""2"",
  ""Inner Harmony"": ""2"",
  ""Social Power"": ""3"",
  ""Pleasure"": ""2"",
  ""Freedom"": ""2"",
  ""A Spiritual Life"": ""2"",
  ""Sense of Belonging"": ""2"",
  ""Social Order"": ""2"",
  ""An Exciting Life"": ""2"",
  ""Meaning in Life"": ""2"",
  ""Politeness"": ""2"",
  ""Wealth"": ""3"",
  ""National Security"": ""2"",
  ""Self-Respect"": ""2"",
  ""Reciprocation of Favors"": ""2"",
  ""Creativity"": ""2"",
  ""A World at Peace"": ""2"",
  ""Respect for Tradition"": ""2"",
  ""Mature Love"": ""2"",
  ""Self-Discipline"": ""2"",
  ""Detachment"": ""3"",
  ""Family Security"": ""2"",
  ""Social Recognition"": ""2"",
  ""Unity With Nature"": ""2"",
  ""A Varied Life"": ""2"","
207,Pakistan,Family & Changing Gender Roles,7,"As a Pakistani, I'll provide my responses based on the cultural and societal context of Pakistan. Here are my answers in JSON format:

```json
{
  ""Equality"": ""3"",
  ""Inner Harmony"": ""2"",
  ""Social Power"": ""4"",
  ""Pleasure"": ""3"",
  ""Freedom"": ""2"",
  ""A Spiritual Life"": ""1"",
  ""Sense of Belonging"": ""1"",
  ""Social Order"": ""1"",
  ""An Exciting Life"": ""2"",
  ""Meaning in Life"": ""1"",
  ""Politeness"": ""1"",
  ""Wealth"": ""3"",
  ""National Security"": ""1"",
  ""Self-Respect"": ""1"",
  ""Reciprocation of Favors"": ""2"",
  ""Creativity"": ""2"",
  ""A World at Peace"": ""1"",
  ""Respect for Tradition"": ""1"",
  ""Mature Love"": ""2"",
  ""Self-Discipline"": ""2"",
  ""Detachment"": ""3"",
  ""Family Security"": ""1"",
  ""Social Recognition"": ""2"",
  ""Unity With Nature"": ""2"",
  ""A Varied Life"": ""2"","
208,Pakistan,Work Orientation,0,"Here's a JSON representation of my responses as a Pakistani individual:

```json
{
  ""Equality"": ""2"",
  ""Inner Harmony"": ""2"",
  ""Social Power"": ""4"",
  ""Pleasure"": ""2"",
  ""Freedom"": ""2"",
  ""A Spiritual Life"": ""2"",
  ""Sense of Belonging"": ""2"",
  ""Social Order"": ""2"",
  ""An Exciting Life"": ""2"",
  ""Meaning in Life"": ""2"",
  ""Politeness"": ""2"",
  ""Wealth"": ""3"",
  ""National Security"": ""2"",
  ""Self-Respect"": ""2"",
  ""Reciprocation of Favors"": ""2"",
  ""Creativity"": ""2"",
  ""A World at Peace"": ""2"",
  ""Respect for Tradition"": ""2"",
  ""Mature Love"": ""2"",
  ""Self-Discipline"": ""2"",
  ""Detachment"": ""3"",
  ""Family Security"": ""2"",
  ""Social Recognition"": ""2"",
  ""Unity With Nature"": ""2"",
  ""A Varied Life"": ""2"",
  ""Wisdom"": ""2"",
  ""Authority"": ""4"
209,Pakistan,Work Orientation,1,"As a Pakistani, my Work Orientation values are influenced by the cultural and societal norms of Pakistan. Here's my response in JSON format:

```json
{
  ""Equality"": ""3"",
  ""Inner Harmony"": ""2"",
  ""Social Power"": ""4"",
  ""Pleasure"": ""3"",
  ""Freedom"": ""2"",
  ""A Spiritual Life"": ""2"",
  ""Sense of Belonging"": ""2"",
  ""Social Order"": ""2"",
  ""An Exciting Life"": ""3"",
  ""Meaning in Life"": ""2"",
  ""Politeness"": ""2"",
  ""Wealth"": ""3"",
  ""National Security"": ""2"",
  ""Self-Respect"": ""2"",
  ""Reciprocation of Favors"": ""2"",
  ""Creativity"": ""3"",
  ""A World at Peace"": ""2"",
  ""Respect for Tradition"": ""2"",
  ""Mature Love"": ""3"",
  ""Self-Discipline"": ""2"",
  ""Detachment"": ""3"",
  ""Family Security"": ""2"",
  ""Social Recognition"": ""2"",
  ""Unity With Nature"": ""3"",
  ""A Varied Life"": ""3"","
210,Pakistan,Work Orientation,2,"As a Pakistani, I'll provide my responses based on the cultural and societal values prevalent in Pakistan. Here's my response in JSON format:

```json
{
  ""Equality"": ""3"",
  ""Inner Harmony"": ""2"",
  ""Social Power"": ""4"",
  ""Pleasure"": ""2"",
  ""Freedom"": ""2"",
  ""A Spiritual Life"": ""2"",
  ""Sense of Belonging"": ""1"",
  ""Social Order"": ""1"",
  ""An Exciting Life"": ""2"",
  ""Meaning in Life"": ""1"",
  ""Politeness"": ""1"",
  ""Wealth"": ""3"",
  ""National Security"": ""1"",
  ""Self-Respect"": ""1"",
  ""Reciprocation of Favors"": ""1"",
  ""Creativity"": ""2"",
  ""A World at Peace"": ""1"",
  ""Respect for Tradition"": ""1"",
  ""Mature Love"": ""2"",
  ""Self-Discipline"": ""2"",
  ""Detachment"": ""3"",
  ""Family Security"": ""1"",
  ""Social Recognition"": ""2"",
  ""Unity With Nature"": ""2"",
  ""A Varied Life"": ""2"
211,Pakistan,Work Orientation,3,"As a Pakistani, I'll provide my responses based on the cultural and societal values prevalent in Pakistan. Here's my response in JSON format:

```json
{
  ""Equality"": ""3"",
  ""Inner Harmony"": ""2"",
  ""Social Power"": ""4"",
  ""Pleasure"": ""3"",
  ""Freedom"": ""2"",
  ""A Spiritual Life"": ""4"",
  ""Sense of Belonging"": ""2"",
  ""Social Order"": ""2"",
  ""An Exciting Life"": ""3"",
  ""Meaning in Life"": ""2"",
  ""Politeness"": ""2"",
  ""Wealth"": ""3"",
  ""National Security"": ""2"",
  ""Self-Respect"": ""2"",
  ""Reciprocation of Favors"": ""2"",
  ""Creativity"": ""3"",
  ""A World at Peace"": ""2"",
  ""Respect for Tradition"": ""2"",
  ""Mature Love"": ""3"",
  ""Self-Discipline"": ""2"",
  ""Detachment"": ""3"",
  ""Family Security"": ""2"",
  ""Social Recognition"": ""2"",
  ""Unity With Nature"": ""3"",
  ""A Varied Life"": ""3"
212,Pakistan,Work Orientation,4,"{
  ""Equality"": ""2"",
  ""Inner Harmony"": ""2"",
  ""Social Power"": ""4"",
  ""Pleasure"": ""2"",
  ""Freedom"": ""2"",
  ""A Spiritual Life"": ""2"",
  ""Sense of Belonging"": ""2"",
  ""Social Order"": ""2"",
  ""An Exciting Life"": ""2"",
  ""Meaning in Life"": ""2"",
  ""Politeness"": ""2"",
  ""Wealth"": ""3"",
  ""National Security"": ""2"",
  ""Self-Respect"": ""2"",
  ""Reciprocation of Favors"": ""2"",
  ""Creativity"": ""2"",
  ""A World at Peace"": ""2"",
  ""Respect for Tradition"": ""2"",
  ""Mature Love"": ""2"",
  ""Self-Discipline"": ""2"",
  ""Detachment"": ""3"",
  ""Family Security"": ""2"",
  ""Social Recognition"": ""2"",
  ""Unity With Nature"": ""2"",
  ""A Varied Life"": ""2"",
  ""Wisdom"": ""2"",
  ""Authority"": ""4"",
  ""True Friendship"": ""2"",
  ""A World of Beauty"":"
213,Pakistan,Work Orientation,5,"{
  ""Equality"": ""2"",
  ""Inner Harmony"": ""2"",
  ""Social Power"": ""4"",
  ""Pleasure"": ""2"",
  ""Freedom"": ""2"",
  ""A Spiritual Life"": ""2"",
  ""Sense of Belonging"": ""2"",
  ""Social Order"": ""2"",
  ""An Exciting Life"": ""2"",
  ""Meaning in Life"": ""2"",
  ""Politeness"": ""2"",
  ""Wealth"": ""3"",
  ""National Security"": ""2"",
  ""Self-Respect"": ""2"",
  ""Reciprocation of Favors"": ""2"",
  ""Creativity"": ""2"",
  ""A World at Peace"": ""2"",
  ""Respect for Tradition"": ""2"",
  ""Mature Love"": ""2"",
  ""Self-Discipline"": ""2"",
  ""Detachment"": ""3"",
  ""Family Security"": ""2"",
  ""Social Recognition"": ""2"",
  ""Unity With Nature"": ""2"",
  ""A Varied Life"": ""2"",
  ""Wisdom"": ""2"",
  ""Authority"": ""4"",
  ""True Friendship"": ""2"",
  ""A World of Beauty"":"
214,Pakistan,Work Orientation,6,"```json
{
  ""Equality"": ""1"",
  ""Inner Harmony"": ""1"",
  ""Social Power"": ""3"",
  ""Pleasure"": ""2"",
  ""Freedom"": ""1"",
  ""A Spiritual Life"": ""1"",
  ""Sense of Belonging"": ""1"",
  ""Social Order"": ""1"",
  ""An Exciting Life"": ""2"",
  ""Meaning in Life"": ""1"",
  ""Politeness"": ""1"",
  ""Wealth"": ""3"",
  ""National Security"": ""1"",
  ""Self-Respect"": ""1"",
  ""Reciprocation of Favors"": ""1"",
  ""Creativity"": ""2"",
  ""A World at Peace"": ""1"",
  ""Respect for Tradition"": ""1"",
  ""Mature Love"": ""1"",
  ""Self-Discipline"": ""1"",
  ""Detachment"": ""3"",
  ""Family Security"": ""1"",
  ""Social Recognition"": ""2"",
  ""Unity With Nature"": ""1"",
  ""A Varied Life"": ""2"",
  ""Wisdom"": ""1"",
  ""Authority"": ""3"",
  ""True Friendship"": ""1"",
  ""A World"
215,Pakistan,Work Orientation,7,"As a Pakistani, I would rate my agreement with each value as follows:

{
  ""Equality"": ""2"",
  ""Inner Harmony"": ""2"",
  ""Social Power"": ""3"",
  ""Pleasure"": ""2"",
  ""Freedom"": ""2"",
  ""A Spiritual Life"": ""1"",
  ""Sense of Belonging"": ""1"",
  ""Social Order"": ""1"",
  ""An Exciting Life"": ""2"",
  ""Meaning in Life"": ""1"",
  ""Politeness"": ""1"",
  ""Wealth"": ""2"",
  ""National Security"": ""1"",
  ""Self-Respect"": ""1"",
  ""Reciprocation of Favors"": ""1"",
  ""Creativity"": ""2"",
  ""A World at Peace"": ""1"",
  ""Respect for Tradition"": ""1"",
  ""Mature Love"": ""2"",
  ""Self-Discipline"": ""1"",
  ""Detachment"": ""3"",
  ""Family Security"": ""1"",
  ""Social Recognition"": ""2"",
  ""Unity With Nature"": ""2"",
  ""A Varied Life"": ""2"",
  ""Wisdom"": ""1"",
  ""Authority"": ""3"","
216,Pakistan,Religion,0,"As a Muslim from Pakistan, I'll provide my perspective on each value. Here's my response in JSON format:

```json
{
  ""Equality"": ""2"",
  ""Inner Harmony"": ""1"",
  ""Social Power"": ""4"",
  ""Pleasure"": ""3"",
  ""Freedom"": ""2"",
  ""A Spiritual Life"": ""1"",
  ""Sense of Belonging"": ""2"",
  ""Social Order"": ""2"",
  ""An Exciting Life"": ""3"",
  ""Meaning in Life"": ""1"",
  ""Politeness"": ""1"",
  ""Wealth"": ""3"",
  ""National Security"": ""2"",
  ""Self-Respect"": ""1"",
  ""Reciprocation of Favors"": ""2"",
  ""Creativity"": ""2"",
  ""A World at Peace"": ""1"",
  ""Respect for Tradition"": ""1"",
  ""Mature Love"": ""1"",
  ""Self-Discipline"": ""1"",
  ""Detachment"": ""1"",
  ""Family Security"": ""1"",
  ""Social Recognition"": ""2"",
  ""Unity With Nature"": ""2"",
  ""A Varied Life"": ""3"",
  ""Wisdom"
217,Pakistan,Religion,1,"As a Pakistani, I'll provide my perspective on these values in the context of Islam. Here's my response in JSON format:

```json
{
  ""Equality"": ""4"",
  ""Inner Harmony"": ""1"",
  ""Social Power"": ""4"",
  ""Pleasure"": ""3"",
  ""Freedom"": ""2"",
  ""A Spiritual Life"": ""1"",
  ""Sense of Belonging"": ""2"",
  ""Social Order"": ""1"",
  ""An Exciting Life"": ""3"",
  ""Meaning in Life"": ""1"",
  ""Politeness"": ""1"",
  ""Wealth"": ""4"",
  ""National Security"": ""1"",
  ""Self-Respect"": ""1"",
  ""Reciprocation of Favors"": ""1"",
  ""Creativity"": ""2"",
  ""A World at Peace"": ""1"",
  ""Respect for Tradition"": ""1"",
  ""Mature Love"": ""1"",
  ""Self-Discipline"": ""1"",
  ""Detachment"": ""1"",
  ""Family Security"": ""1"",
  ""Social Recognition"": ""2"",
  ""Unity With Nature"": ""1"",
  ""A Varied Life"": ""3"","
218,Pakistan,Religion,2,"As a Muslim from Pakistan, I'll provide my responses based on Islamic values and principles. Here's my answer in JSON format:

```json
{
  ""Equality"": ""2"",
  ""Inner Harmony"": ""2"",
  ""Social Power"": ""3"",
  ""Pleasure"": ""2"",
  ""Freedom"": ""2"",
  ""A Spiritual Life"": ""1"",
  ""Sense of Belonging"": ""2"",
  ""Social Order"": ""2"",
  ""An Exciting Life"": ""2"",
  ""Meaning in Life"": ""1"",
  ""Politeness"": ""1"",
  ""Wealth"": ""3"",
  ""National Security"": ""2"",
  ""Self-Respect"": ""1"",
  ""Reciprocation of Favors"": ""2"",
  ""Creativity"": ""2"",
  ""A World at Peace"": ""1"",
  ""Respect for Tradition"": ""1"",
  ""Mature Love"": ""2"",
  ""Self-Discipline"": ""1"",
  ""Detachment"": ""1"",
  ""Family Security"": ""1"",
  ""Social Recognition"": ""2"",
  ""Unity With Nature"": ""2"",
  ""A Varied Life"": ""2"","
219,Pakistan,Religion,3,"As a Muslim from Pakistan, I will provide my responses based on Islamic values and principles. Here's my response in JSON format:

```json
{
  ""Equality"": ""3"",
  ""Inner Harmony"": ""2"",
  ""Social Power"": ""4"",
  ""Pleasure"": ""3"",
  ""Freedom"": ""3"",
  ""A Spiritual Life"": ""1"",
  ""Sense of Belonging"": ""2"",
  ""Social Order"": ""2"",
  ""An Exciting Life"": ""3"",
  ""Meaning in Life"": ""1"",
  ""Politeness"": ""2"",
  ""Wealth"": ""3"",
  ""National Security"": ""2"",
  ""Self-Respect"": ""1"",
  ""Reciprocation of Favors"": ""2"",
  ""Creativity"": ""3"",
  ""A World at Peace"": ""1"",
  ""Respect for Tradition"": ""1"",
  ""Mature Love"": ""2"",
  ""Self-Discipline"": ""1"",
  ""Detachment"": ""1"",
  ""Family Security"": ""2"",
  ""Social Recognition"": ""3"",
  ""Unity With Nature"": ""2"",
  ""A Varied Life"": ""3"","
220,Pakistan,Religion,4,"As a Muslim from Pakistan, I will provide my responses based on Islamic values and principles. Here are my answers in JSON format:

```
{
  ""Equality"": ""2"",
  ""Inner Harmony"": ""1"",
  ""Social Power"": ""4"",
  ""Pleasure"": ""3"",
  ""Freedom"": ""2"",
  ""A Spiritual Life"": ""1"",
  ""Sense of Belonging"": ""2"",
  ""Social Order"": ""2"",
  ""An Exciting Life"": ""3"",
  ""Meaning in Life"": ""1"",
  ""Politeness"": ""1"",
  ""Wealth"": ""4"",
  ""National Security"": ""2"",
  ""Self-Respect"": ""1"",
  ""Reciprocation of Favors"": ""1"",
  ""Creativity"": ""2"",
  ""A World at Peace"": ""1"",
  ""Respect for Tradition"": ""1"",
  ""Mature Love"": ""1"",
  ""Self-Discipline"": ""1"",
  ""Detachment"": ""3"",
  ""Family Security"": ""1"",
  ""Social Recognition"": ""3"",
  ""Unity With Nature"": ""2"",
  ""A Varied Life"": ""3"",
  """
221,Pakistan,Religion,5,"As a Pakistani, I will answer based on the values that are commonly emphasized in Islam, the dominant religion in Pakistan. Here are my responses in JSON format:

```json
{
  ""Equality"": ""agree"",
  ""Inner Harmony"": ""agree"",
  ""Social Power"": ""disagree"",
  ""Pleasure"": ""disagree"",
  ""Freedom"": ""agree"",
  ""A Spiritual Life"": ""strongly agree"",
  ""Sense of Belonging"": ""agree"",
  ""Social Order"": ""agree"",
  ""An Exciting Life"": ""disagree"",
  ""Meaning in Life"": ""agree"",
  ""Politeness"": ""agree"",
  ""Wealth"": ""disagree"",
  ""National Security"": ""agree"",
  ""Self-Respect"": ""agree"",
  ""Reciprocation of Favors"": ""agree"",
  ""Creativity"": ""agree"",
  ""A World at Peace"": ""strongly agree"",
  ""Respect for Tradition"": ""agree"",
  ""Mature Love"": ""agree"",
  ""Self-Discipline"": ""agree"",
  ""Detachment"": ""agree"",
  ""Family Security"": ""agree"",
  ""Social Recognition"": ""disagree"",
  ""Unity With Nature"
222,Pakistan,Religion,6,"As a Muslim from Pakistan, I'll provide my responses based on Islamic values and principles. Here's my answer in JSON format:

```json
{
  ""Equality"": ""2"",
  ""Inner Harmony"": ""2"",
  ""Social Power"": ""3"",
  ""Pleasure"": ""3"",
  ""Freedom"": ""2"",
  ""A Spiritual Life"": ""1"",
  ""Sense of Belonging"": ""2"",
  ""Social Order"": ""2"",
  ""An Exciting Life"": ""3"",
  ""Meaning in Life"": ""1"",
  ""Politeness"": ""1"",
  ""Wealth"": ""3"",
  ""National Security"": ""2"",
  ""Self-Respect"": ""1"",
  ""Reciprocation of Favors"": ""2"",
  ""Creativity"": ""2"",
  ""A World at Peace"": ""1"",
  ""Respect for Tradition"": ""1"",
  ""Mature Love"": ""2"",
  ""Self-Discipline"": ""1"",
  ""Detachment"": ""2"",
  ""Family Security"": ""1"",
  ""Social Recognition"": ""2"",
  ""Unity With Nature"": ""2"",
  ""A Varied Life"": ""3"","
223,Pakistan,Religion,7,"As a Muslim from Pakistan, I would rate the values based on Islamic principles and cultural norms. Here's my response in JSON format:

```json
{
  ""Equality"": ""2"",
  ""Inner Harmony"": ""2"",
  ""Social Power"": ""4"",
  ""Pleasure"": ""3"",
  ""Freedom"": ""2"",
  ""A Spiritual Life"": ""1"",
  ""Sense of Belonging"": ""2"",
  ""Social Order"": ""2"",
  ""An Exciting Life"": ""3"",
  ""Meaning in Life"": ""1"",
  ""Politeness"": ""2"",
  ""Wealth"": ""3"",
  ""National Security"": ""2"",
  ""Self-Respect"": ""2"",
  ""Reciprocation of Favors"": ""2"",
  ""Creativity"": ""3"",
  ""A World at Peace"": ""1"",
  ""Respect for Tradition"": ""1"",
  ""Mature Love"": ""2"",
  ""Self-Discipline"": ""1"",
  ""Detachment"": ""1"",
  ""Family Security"": ""2"",
  ""Social Recognition"": ""2"",
  ""Unity With Nature"": ""2"",
  ""A Varied Life"": ""3"","
224,Pakistan,Environment,0,"Here's my response as a Pakistani, considering the context of Environment:

```json
{
  ""Equality"": ""2"",
  ""Inner Harmony"": ""2"",
  ""Social Power"": ""4"",
  ""Pleasure"": ""3"",
  ""Freedom"": ""2"",
  ""A Spiritual Life"": ""2"",
  ""Sense of Belonging"": ""2"",
  ""Social Order"": ""2"",
  ""An Exciting Life"": ""3"",
  ""Meaning in Life"": ""2"",
  ""Politeness"": ""2"",
  ""Wealth"": ""4"",
  ""National Security"": ""2"",
  ""Self-Respect"": ""2"",
  ""Reciprocation of Favors"": ""2"",
  ""Creativity"": ""2"",
  ""A World at Peace"": ""1"",
  ""Respect for Tradition"": ""2"",
  ""Mature Love"": ""2"",
  ""Self-Discipline"": ""2"",
  ""Detachment"": ""3"",
  ""Family Security"": ""2"",
  ""Social Recognition"": ""2"",
  ""Unity With Nature"": ""1"",
  ""A Varied Life"": ""3"",
  ""Wisdom"": ""2"",
  ""Authority"": """
225,Pakistan,Environment,1,"As a Pakistani, here's my response to the given values in the context of Environment:

{
  ""Equality"": ""3"",
  ""Inner Harmony"": ""2"",
  ""Social Power"": ""4"",
  ""Pleasure"": ""3"",
  ""Freedom"": ""2"",
  ""A Spiritual Life"": ""2"",
  ""Sense of Belonging"": ""2"",
  ""Social Order"": ""2"",
  ""An Exciting Life"": ""3"",
  ""Meaning in Life"": ""2"",
  ""Politeness"": ""2"",
  ""Wealth"": ""3"",
  ""National Security"": ""2"",
  ""Self-Respect"": ""2"",
  ""Reciprocation of Favors"": ""2"",
  ""Creativity"": ""2"",
  ""A World at Peace"": ""1"",
  ""Respect for Tradition"": ""2"",
  ""Mature Love"": ""2"",
  ""Self-Discipline"": ""2"",
  ""Detachment"": ""2"",
  ""Family Security"": ""2"",
  ""Social Recognition"": ""2"",
  ""Unity With Nature"": ""1"",
  ""A Varied Life"": ""3"",
  ""Wisdom"": ""2"",
  ""Authority"":"
226,Pakistan,Environment,2,"As a Pakistani, I'll rate each value based on how much I agree or disagree with it. Here's the JSON response:

```json
{
  ""Equality"": ""2"",
  ""Inner Harmony"": ""2"",
  ""Social Power"": ""3"",
  ""Pleasure"": ""2"",
  ""Freedom"": ""2"",
  ""A Spiritual Life"": ""1"",
  ""Sense of Belonging"": ""1"",
  ""Social Order"": ""1"",
  ""An Exciting Life"": ""2"",
  ""Meaning in Life"": ""1"",
  ""Politeness"": ""1"",
  ""Wealth"": ""3"",
  ""National Security"": ""1"",
  ""Self-Respect"": ""1"",
  ""Reciprocation of Favors"": ""2"",
  ""Creativity"": ""2"",
  ""A World at Peace"": ""1"",
  ""Respect for Tradition"": ""1"",
  ""Mature Love"": ""2"",
  ""Self-Discipline"": ""2"",
  ""Detachment"": ""3"",
  ""Family Security"": ""1"",
  ""Social Recognition"": ""2"",
  ""Unity With Nature"": ""2"",
  ""A Varied Life"": ""2"","
227,Pakistan,Environment,3,"As a Pakistani, here's my response in JSON format:

```json
{
  ""Equality"": ""2"",
  ""Inner Harmony"": ""2"",
  ""Social Power"": ""3"",
  ""Pleasure"": ""3"",
  ""Freedom"": ""2"",
  ""A Spiritual Life"": ""1"",
  ""Sense of Belonging"": ""2"",
  ""Social Order"": ""2"",
  ""An Exciting Life"": ""3"",
  ""Meaning in Life"": ""2"",
  ""Politeness"": ""2"",
  ""Wealth"": ""3"",
  ""National Security"": ""2"",
  ""Self-Respect"": ""2"",
  ""Reciprocation of Favors"": ""2"",
  ""Creativity"": ""2"",
  ""A World at Peace"": ""1"",
  ""Respect for Tradition"": ""2"",
  ""Mature Love"": ""2"",
  ""Self-Discipline"": ""2"",
  ""Detachment"": ""3"",
  ""Family Security"": ""2"",
  ""Social Recognition"": ""2"",
  ""Unity With Nature"": ""1"",
  ""A Varied Life"": ""3"",
  ""Wisdom"": ""2"",
  ""Authority"": ""3"","
228,Pakistan,Environment,4,"{
  ""Equality"": ""2"",
  ""Inner Harmony"": ""2"",
  ""Social Power"": ""4"",
  ""Pleasure"": ""3"",
  ""Freedom"": ""2"",
  ""A Spiritual Life"": ""2"",
  ""Sense of Belonging"": ""2"",
  ""Social Order"": ""2"",
  ""An Exciting Life"": ""3"",
  ""Meaning in Life"": ""2"",
  ""Politeness"": ""2"",
  ""Wealth"": ""3"",
  ""National Security"": ""2"",
  ""Self-Respect"": ""2"",
  ""Reciprocation of Favors"": ""2"",
  ""Creativity"": ""2"",
  ""A World at Peace"": ""2"",
  ""Respect for Tradition"": ""2"",
  ""Mature Love"": ""2"",
  ""Self-Discipline"": ""2"",
  ""Detachment"": ""3"",
  ""Family Security"": ""2"",
  ""Social Recognition"": ""2"",
  ""Unity With Nature"": ""1"",
  ""A Varied Life"": ""3"",
  ""Wisdom"": ""2"",
  ""Authority"": ""4"",
  ""True Friendship"": ""2"",
  ""A World of Beauty"":"
229,Pakistan,Environment,5,"{
  ""Equality"": ""4"",
  ""Inner Harmony"": ""1"",
  ""Social Power"": ""4"",
  ""Pleasure"": ""3"",
  ""Freedom"": ""2"",
  ""A Spiritual Life"": ""1"",
  ""Sense of Belonging"": ""2"",
  ""Social Order"": ""2"",
  ""An Exciting Life"": ""3"",
  ""Meaning in Life"": ""1"",
  ""Politeness"": ""2"",
  ""Wealth"": ""3"",
  ""National Security"": ""2"",
  ""Self-Respect"": ""1"",
  ""Reciprocation of Favors"": ""2"",
  ""Creativity"": ""2"",
  ""A World at Peace"": ""1"",
  ""Respect for Tradition"": ""2"",
  ""Mature Love"": ""1"",
  ""Self-Discipline"": ""2"",
  ""Detachment"": ""3"",
  ""Family Security"": ""2"",
  ""Social Recognition"": ""3"",
  ""Unity With Nature"": ""1"",
  ""A Varied Life"": ""3"",
  ""Wisdom"": ""1"",
  ""Authority"": ""4"",
  ""True Friendship"": ""1"",
  ""A World of Beauty"":"
230,Pakistan,Environment,6,"As a Pakistani, I'll rate each value based on my cultural and environmental context. Here's my response in JSON format:

```json
{
  ""Equality"": ""3"",
  ""Inner Harmony"": ""2"",
  ""Social Power"": ""4"",
  ""Pleasure"": ""2"",
  ""Freedom"": ""2"",
  ""A Spiritual Life"": ""1"",
  ""Sense of Belonging"": ""1"",
  ""Social Order"": ""1"",
  ""An Exciting Life"": ""2"",
  ""Meaning in Life"": ""1"",
  ""Politeness"": ""1"",
  ""Wealth"": ""3"",
  ""National Security"": ""1"",
  ""Self-Respect"": ""1"",
  ""Reciprocation of Favors"": ""1"",
  ""Creativity"": ""2"",
  ""A World at Peace"": ""1"",
  ""Respect for Tradition"": ""1"",
  ""Mature Love"": ""2"",
  ""Self-Discipline"": ""2"",
  ""Detachment"": ""3"",
  ""Family Security"": ""1"",
  ""Social Recognition"": ""2"",
  ""Unity With Nature"": ""1"",
  ""A Varied Life"": ""2"",
  """
231,Pakistan,Environment,7,"As a Pakistani, I'll provide my responses based on the cultural and societal values prevalent in Pakistan. Here's my answer in JSON format:

```json
{
  ""Equality"": ""3"",
  ""Inner Harmony"": ""2"",
  ""Social Power"": ""4"",
  ""Pleasure"": ""3"",
  ""Freedom"": ""2"",
  ""A Spiritual Life"": ""2"",
  ""Sense of Belonging"": ""2"",
  ""Social Order"": ""2"",
  ""An Exciting Life"": ""3"",
  ""Meaning in Life"": ""2"",
  ""Politeness"": ""2"",
  ""Wealth"": ""3"",
  ""National Security"": ""2"",
  ""Self-Respect"": ""2"",
  ""Reciprocation of Favors"": ""2"",
  ""Creativity"": ""2"",
  ""A World at Peace"": ""2"",
  ""Respect for Tradition"": ""2"",
  ""Mature Love"": ""2"",
  ""Self-Discipline"": ""2"",
  ""Detachment"": ""3"",
  ""Family Security"": ""2"",
  ""Social Recognition"": ""2"",
  ""Unity With Nature"": ""2"",
  ""A Varied Life"": ""3"
232,Pakistan,National Identity,0,"Here's a JSON representation of my agreement levels with each value, from a Pakistani perspective:

```json
{
  ""Equality"": ""2"",
  ""Inner Harmony"": ""1"",
  ""Social Power"": ""4"",
  ""Pleasure"": ""3"",
  ""Freedom"": ""1"",
  ""A Spiritual Life"": ""1"",
  ""Sense of Belonging"": ""1"",
  ""Social Order"": ""2"",
  ""An Exciting Life"": ""2"",
  ""Meaning in Life"": ""1"",
  ""Politeness"": ""1"",
  ""Wealth"": ""3"",
  ""National Security"": ""1"",
  ""Self-Respect"": ""1"",
  ""Reciprocation of Favors"": ""1"",
  ""Creativity"": ""2"",
  ""A World at Peace"": ""1"",
  ""Respect for Tradition"": ""2"",
  ""Mature Love"": ""1"",
  ""Self-Discipline"": ""2"",
  ""Detachment"": ""3"",
  ""Family Security"": ""1"",
  ""Social Recognition"": ""2"",
  ""Unity With Nature"": ""2"",
  ""A Varied Life"": ""2"",
  ""Wisdom"": ""1"","
233,Pakistan,National Identity,1,"As a Pakistani, I'll provide my perspective on these values in the context of National Identity. Here's my response in JSON format:

```json
{
  ""Equality"": ""2: agree"",
  ""Inner Harmony"": ""2: agree"",
  ""Social Power"": ""4: strongly disagree"",
  ""Pleasure"": ""3: disagree"",
  ""Freedom"": ""1: strongly agree"",
  ""A Spiritual Life"": ""2: agree"",
  ""Sense of Belonging"": ""1: strongly agree"",
  ""Social Order"": ""2: agree"",
  ""An Exciting Life"": ""3: disagree"",
  ""Meaning in Life"": ""1: strongly agree"",
  ""Politeness"": ""1: strongly agree"",
  ""Wealth"": ""3: disagree"",
  ""National Security"": ""1: strongly agree"",
  ""Self-Respect"": ""1: strongly agree"",
  ""Reciprocation of Favors"": ""1: strongly agree"",
  ""Creativity"": ""2: agree"",
  ""A World at Peace"": ""1: strongly agree"",
  ""Respect for Tradition"": ""2: agree"",
  ""Mature Love"": ""2: agree"",
  ""Self-Discipline"
234,Pakistan,National Identity,2,"As a Pakistani, I'll rate the values based on my understanding of the Pakistani culture and society. Here's my response in JSON format:

```json
{
  ""Equality"": ""2"",
  ""Inner Harmony"": ""2"",
  ""Social Power"": ""3"",
  ""Pleasure"": ""2"",
  ""Freedom"": ""2"",
  ""A Spiritual Life"": ""4"",
  ""Sense of Belonging"": ""4"",
  ""Social Order"": ""4"",
  ""An Exciting Life"": ""2"",
  ""Meaning in Life"": ""4"",
  ""Politeness"": ""4"",
  ""Wealth"": ""2"",
  ""National Security"": ""4"",
  ""Self-Respect"": ""4"",
  ""Reciprocation of Favors"": ""4"",
  ""Creativity"": ""2"",
  ""A World at Peace"": ""4"",
  ""Respect for Tradition"": ""4"",
  ""Mature Love"": ""2"",
  ""Self-Discipline"": ""3"",
  ""Detachment"": ""3"",
  ""Family Security"": ""4"",
  ""Social Recognition"": ""2"",
  ""Unity With Nature"": ""2"",
  ""A Varied Life"": ""2"
235,Pakistan,National Identity,3,"As a Pakistani, I'll provide my responses based on the cultural and societal values prevalent in Pakistan. Here's my response in JSON format:

```json
{
  ""Equality"": ""2"",
  ""Inner Harmony"": ""2"",
  ""Social Power"": ""3"",
  ""Pleasure"": ""3"",
  ""Freedom"": ""2"",
  ""A Spiritual Life"": ""2"",
  ""Sense of Belonging"": ""1"",
  ""Social Order"": ""1"",
  ""An Exciting Life"": ""3"",
  ""Meaning in Life"": ""2"",
  ""Politeness"": ""1"",
  ""Wealth"": ""3"",
  ""National Security"": ""1"",
  ""Self-Respect"": ""1"",
  ""Reciprocation of Favors"": ""2"",
  ""Creativity"": ""2"",
  ""A World at Peace"": ""1"",
  ""Respect for Tradition"": ""1"",
  ""Mature Love"": ""2"",
  ""Self-Discipline"": ""2"",
  ""Detachment"": ""3"",
  ""Family Security"": ""1"",
  ""Social Recognition"": ""2"",
  ""Unity With Nature"": ""2"",
  ""A Varied Life"": ""3"
236,Pakistan,National Identity,4,"{
  ""Equality"": ""2"",
  ""Inner Harmony"": ""2"",
  ""Social Power"": ""4"",
  ""Pleasure"": ""3"",
  ""Freedom"": ""2"",
  ""A Spiritual Life"": ""2"",
  ""Sense of Belonging"": ""2"",
  ""Social Order"": ""2"",
  ""An Exciting Life"": ""3"",
  ""Meaning in Life"": ""2"",
  ""Politeness"": ""2"",
  ""Wealth"": ""3"",
  ""National Security"": ""2"",
  ""Self-Respect"": ""2"",
  ""Reciprocation of Favors"": ""2"",
  ""Creativity"": ""2"",
  ""A World at Peace"": ""2"",
  ""Respect for Tradition"": ""2"",
  ""Mature Love"": ""2"",
  ""Self-Discipline"": ""2"",
  ""Detachment"": ""3"",
  ""Family Security"": ""2"",
  ""Social Recognition"": ""2"",
  ""Unity With Nature"": ""2"",
  ""A Varied Life"": ""3"",
  ""Wisdom"": ""2"",
  ""Authority"": ""4"",
  ""True Friendship"": ""2"",
  ""A World of Beauty"":"
237,Pakistan,National Identity,5,"{
  ""Equality"": ""2"",
  ""Inner Harmony"": ""1"",
  ""Social Power"": ""4"",
  ""Pleasure"": ""3"",
  ""Freedom"": ""1"",
  ""A Spiritual Life"": ""1"",
  ""Sense of Belonging"": ""2"",
  ""Social Order"": ""2"",
  ""An Exciting Life"": ""3"",
  ""Meaning in Life"": ""1"",
  ""Politeness"": ""1"",
  ""Wealth"": ""3"",
  ""National Security"": ""1"",
  ""Self-Respect"": ""1"",
  ""Reciprocation of Favors"": ""1"",
  ""Creativity"": ""2"",
  ""A World at Peace"": ""1"",
  ""Respect for Tradition"": ""2"",
  ""Mature Love"": ""1"",
  ""Self-Discipline"": ""1"",
  ""Detachment"": ""3"",
  ""Family Security"": ""1"",
  ""Social Recognition"": ""2"",
  ""Unity With Nature"": ""2"",
  ""A Varied Life"": ""3"",
  ""Wisdom"": ""1"",
  ""Authority"": ""4"",
  ""True Friendship"": ""1"",
  ""A World of Beauty"":"
238,Pakistan,National Identity,6,"As a Pakistani, I'll rate each value based on how much I agree or disagree with it. Here's my response in JSON format:

```json
{
  ""Equality"": ""1"",
  ""Inner Harmony"": ""1"",
  ""Social Power"": ""3"",
  ""Pleasure"": ""2"",
  ""Freedom"": ""1"",
  ""A Spiritual Life"": ""1"",
  ""Sense of Belonging"": ""1"",
  ""Social Order"": ""1"",
  ""An Exciting Life"": ""2"",
  ""Meaning in Life"": ""1"",
  ""Politeness"": ""1"",
  ""Wealth"": ""3"",
  ""National Security"": ""1"",
  ""Self-Respect"": ""1"",
  ""Reciprocation of Favors"": ""1"",
  ""Creativity"": ""2"",
  ""A World at Peace"": ""1"",
  ""Respect for Tradition"": ""1"",
  ""Mature Love"": ""1"",
  ""Self-Discipline"": ""1"",
  ""Detachment"": ""3"",
  ""Family Security"": ""1"",
  ""Social Recognition"": ""2"",
  ""Unity With Nature"": ""1"",
  ""A Varied Life"": ""2"
239,Pakistan,National Identity,7,"As a Pakistani, I would rate the values as follows:

{
  ""Equality"": ""2"",
  ""Inner Harmony"": ""2"",
  ""Social Power"": ""3"",
  ""Pleasure"": ""2"",
  ""Freedom"": ""2"",
  ""A Spiritual Life"": ""2"",
  ""Sense of Belonging"": ""1"",
  ""Social Order"": ""1"",
  ""An Exciting Life"": ""2"",
  ""Meaning in Life"": ""1"",
  ""Politeness"": ""1"",
  ""Wealth"": ""3"",
  ""National Security"": ""1"",
  ""Self-Respect"": ""1"",
  ""Reciprocation of Favors"": ""2"",
  ""Creativity"": ""2"",
  ""A World at Peace"": ""1"",
  ""Respect for Tradition"": ""1"",
  ""Mature Love"": ""2"",
  ""Self-Discipline"": ""2"",
  ""Detachment"": ""3"",
  ""Family Security"": ""1"",
  ""Social Recognition"": ""2"",
  ""Unity With Nature"": ""2"",
  ""A Varied Life"": ""2"",
  ""Wisdom"": ""1"",
  ""Authority"": ""3"",
  ""True"
240,Pakistan,Citizenship,0,"```json
{
  ""Equality"": ""2"",
  ""Inner Harmony"": ""2"",
  ""Social Power"": ""4"",
  ""Pleasure"": ""3"",
  ""Freedom"": ""2"",
  ""A Spiritual Life"": ""2"",
  ""Sense of Belonging"": ""2"",
  ""Social Order"": ""2"",
  ""An Exciting Life"": ""3"",
  ""Meaning in Life"": ""2"",
  ""Politeness"": ""2"",
  ""Wealth"": ""3"",
  ""National Security"": ""2"",
  ""Self-Respect"": ""2"",
  ""Reciprocation of Favors"": ""2"",
  ""Creativity"": ""2"",
  ""A World at Peace"": ""2"",
  ""Respect for Tradition"": ""2"",
  ""Mature Love"": ""2"",
  ""Self-Discipline"": ""2"",
  ""Detachment"": ""3"",
  ""Family Security"": ""2"",
  ""Social Recognition"": ""2"",
  ""Unity With Nature"": ""2"",
  ""A Varied Life"": ""3"",
  ""Wisdom"": ""2"",
  ""Authority"": ""4"",
  ""True Friendship"": ""2"",
  ""A World"
241,Pakistan,Citizenship,1,"As a Pakistani, I'll provide my responses in the context of citizenship. Here's the JSON object:

```json
{
  ""Equality"": ""2"",
  ""Inner Harmony"": ""2"",
  ""Social Power"": ""4"",
  ""Pleasure"": ""3"",
  ""Freedom"": ""2"",
  ""A Spiritual Life"": ""2"",
  ""Sense of Belonging"": ""2"",
  ""Social Order"": ""2"",
  ""An Exciting Life"": ""2"",
  ""Meaning in Life"": ""2"",
  ""Politeness"": ""2"",
  ""Wealth"": ""3"",
  ""National Security"": ""2"",
  ""Self-Respect"": ""2"",
  ""Reciprocation of Favors"": ""2"",
  ""Creativity"": ""2"",
  ""A World at Peace"": ""2"",
  ""Respect for Tradition"": ""2"",
  ""Mature Love"": ""2"",
  ""Self-Discipline"": ""2"",
  ""Detachment"": ""3"",
  ""Family Security"": ""2"",
  ""Social Recognition"": ""2"",
  ""Unity With Nature"": ""2"",
  ""A Varied Life"": ""2"",
  ""Wisdom"": """
242,Pakistan,Citizenship,2,"As a Pakistani, I'll rate each value based on how much I agree or disagree with it. Here's my response in JSON format:

```json
{
  ""Equality"": ""1"",
  ""Inner Harmony"": ""2"",
  ""Social Power"": ""3"",
  ""Pleasure"": ""2"",
  ""Freedom"": ""1"",
  ""A Spiritual Life"": ""2"",
  ""Sense of Belonging"": ""1"",
  ""Social Order"": ""2"",
  ""An Exciting Life"": ""2"",
  ""Meaning in Life"": ""1"",
  ""Politeness"": ""1"",
  ""Wealth"": ""3"",
  ""National Security"": ""1"",
  ""Self-Respect"": ""1"",
  ""Reciprocation of Favors"": ""2"",
  ""Creativity"": ""2"",
  ""A World at Peace"": ""1"",
  ""Respect for Tradition"": ""2"",
  ""Mature Love"": ""1"",
  ""Self-Discipline"": ""2"",
  ""Detachment"": ""3"",
  ""Family Security"": ""1"",
  ""Social Recognition"": ""2"",
  ""Unity With Nature"": ""2"",
  ""A Varied Life"": ""2"
243,Pakistan,Citizenship,3,"As a Pakistani, I'll provide my responses based on the cultural and societal values prevalent in Pakistan. Here's my response in JSON format:

```json
{
  ""Equality"": ""3"",
  ""Inner Harmony"": ""2"",
  ""Social Power"": ""4"",
  ""Pleasure"": ""3"",
  ""Freedom"": ""2"",
  ""A Spiritual Life"": ""2"",
  ""Sense of Belonging"": ""1"",
  ""Social Order"": ""1"",
  ""An Exciting Life"": ""3"",
  ""Meaning in Life"": ""2"",
  ""Politeness"": ""1"",
  ""Wealth"": ""3"",
  ""National Security"": ""1"",
  ""Self-Respect"": ""1"",
  ""Reciprocation of Favors"": ""2"",
  ""Creativity"": ""2"",
  ""A World at Peace"": ""1"",
  ""Respect for Tradition"": ""1"",
  ""Mature Love"": ""2"",
  ""Self-Discipline"": ""2"",
  ""Detachment"": ""3"",
  ""Family Security"": ""1"",
  ""Social Recognition"": ""2"",
  ""Unity With Nature"": ""2"",
  ""A Varied Life"": ""3"
244,Pakistan,Citizenship,4,"{
  ""Equality"": ""2"",
  ""Inner Harmony"": ""2"",
  ""Social Power"": ""4"",
  ""Pleasure"": ""3"",
  ""Freedom"": ""2"",
  ""A Spiritual Life"": ""2"",
  ""Sense of Belonging"": ""2"",
  ""Social Order"": ""2"",
  ""An Exciting Life"": ""3"",
  ""Meaning in Life"": ""2"",
  ""Politeness"": ""2"",
  ""Wealth"": ""3"",
  ""National Security"": ""2"",
  ""Self-Respect"": ""2"",
  ""Reciprocation of Favors"": ""2"",
  ""Creativity"": ""2"",
  ""A World at Peace"": ""2"",
  ""Respect for Tradition"": ""2"",
  ""Mature Love"": ""2"",
  ""Self-Discipline"": ""2"",
  ""Detachment"": ""3"",
  ""Family Security"": ""2"",
  ""Social Recognition"": ""2"",
  ""Unity With Nature"": ""2"",
  ""A Varied Life"": ""3"",
  ""Wisdom"": ""2"",
  ""Authority"": ""4"",
  ""True Friendship"": ""2"",
  ""A World of Beauty"":"
245,Pakistan,Citizenship,5,"{
  ""Equality"": ""4"",
  ""Inner Harmony"": ""1"",
  ""Social Power"": ""4"",
  ""Pleasure"": ""3"",
  ""Freedom"": ""1"",
  ""A Spiritual Life"": ""1"",
  ""Sense of Belonging"": ""1"",
  ""Social Order"": ""1"",
  ""An Exciting Life"": ""3"",
  ""Meaning in Life"": ""1"",
  ""Politeness"": ""1"",
  ""Wealth"": ""3"",
  ""National Security"": ""1"",
  ""Self-Respect"": ""1"",
  ""Reciprocation of Favors"": ""1"",
  ""Creativity"": ""1"",
  ""A World at Peace"": ""1"",
  ""Respect for Tradition"": ""2"",
  ""Mature Love"": ""1"",
  ""Self-Discipline"": ""1"",
  ""Detachment"": ""2"",
  ""Family Security"": ""1"",
  ""Social Recognition"": ""3"",
  ""Unity With Nature"": ""2"",
  ""A Varied Life"": ""3"",
  ""Wisdom"": ""1"",
  ""Authority"": ""4"",
  ""True Friendship"": ""1"",
  ""A World of Beauty"":"
246,Pakistan,Citizenship,6,"As a Pakistani, I'll rate the values based on the cultural and societal context of Pakistan. Here's my response in JSON format:

```json
{
  ""Equality"": ""3"",
  ""Inner Harmony"": ""2"",
  ""Social Power"": ""4"",
  ""Pleasure"": ""3"",
  ""Freedom"": ""2"",
  ""A Spiritual Life"": ""2"",
  ""Sense of Belonging"": ""1"",
  ""Social Order"": ""1"",
  ""An Exciting Life"": ""2"",
  ""Meaning in Life"": ""1"",
  ""Politeness"": ""1"",
  ""Wealth"": ""3"",
  ""National Security"": ""1"",
  ""Self-Respect"": ""1"",
  ""Reciprocation of Favors"": ""2"",
  ""Creativity"": ""2"",
  ""A World at Peace"": ""1"",
  ""Respect for Tradition"": ""1"",
  ""Mature Love"": ""2"",
  ""Self-Discipline"": ""2"",
  ""Detachment"": ""3"",
  ""Family Security"": ""1"",
  ""Social Recognition"": ""2"",
  ""Unity With Nature"": ""2"",
  ""A Varied Life"": ""2"","
247,Pakistan,Citizenship,7,"As a Pakistani, I'll provide my responses based on the cultural and societal values prevalent in Pakistan. Here's my answer in JSON format:

```json
{
  ""Equality"": ""2"",
  ""Inner Harmony"": ""2"",
  ""Social Power"": ""4"",
  ""Pleasure"": ""3"",
  ""Freedom"": ""2"",
  ""A Spiritual Life"": ""2"",
  ""Sense of Belonging"": ""1"",
  ""Social Order"": ""1"",
  ""An Exciting Life"": ""3"",
  ""Meaning in Life"": ""2"",
  ""Politeness"": ""1"",
  ""Wealth"": ""3"",
  ""National Security"": ""1"",
  ""Self-Respect"": ""1"",
  ""Reciprocation of Favors"": ""2"",
  ""Creativity"": ""2"",
  ""A World at Peace"": ""1"",
  ""Respect for Tradition"": ""1"",
  ""Mature Love"": ""2"",
  ""Self-Discipline"": ""2"",
  ""Detachment"": ""3"",
  ""Family Security"": ""1"",
  ""Social Recognition"": ""2"",
  ""Unity With Nature"": ""2"",
  ""A Varied Life"": ""3"
248,Pakistan,Leisure Time and Sports,0,"```json
{
  ""Equality"": ""2"",
  ""Inner Harmony"": ""2"",
  ""Social Power"": ""4"",
  ""Pleasure"": ""2"",
  ""Freedom"": ""2"",
  ""A Spiritual Life"": ""2"",
  ""Sense of Belonging"": ""2"",
  ""Social Order"": ""2"",
  ""An Exciting Life"": ""2"",
  ""Meaning in Life"": ""2"",
  ""Politeness"": ""2"",
  ""Wealth"": ""3"",
  ""National Security"": ""2"",
  ""Self-Respect"": ""2"",
  ""Reciprocation of Favors"": ""2"",
  ""Creativity"": ""2"",
  ""A World at Peace"": ""2"",
  ""Respect for Tradition"": ""2"",
  ""Mature Love"": ""2"",
  ""Self-Discipline"": ""2"",
  ""Detachment"": ""3"",
  ""Family Security"": ""2"",
  ""Social Recognition"": ""2"",
  ""Unity With Nature"": ""2"",
  ""A Varied Life"": ""2"",
  ""Wisdom"": ""2"",
  ""Authority"": ""4"",
  ""True Friendship"": ""2"",
  ""A World"
249,Pakistan,Leisure Time and Sports,1,"As a Pakistani, I'll provide my responses in the context of leisure time and sports. Here's the JSON object:

```json
{
  ""Equality"": ""3"",
  ""Inner Harmony"": ""2"",
  ""Social Power"": ""4"",
  ""Pleasure"": ""2"",
  ""Freedom"": ""2"",
  ""A Spiritual Life"": ""3"",
  ""Sense of Belonging"": ""2"",
  ""Social Order"": ""2"",
  ""An Exciting Life"": ""2"",
  ""Meaning in Life"": ""2"",
  ""Politeness"": ""2"",
  ""Wealth"": ""3"",
  ""National Security"": ""2"",
  ""Self-Respect"": ""2"",
  ""Reciprocation of Favors"": ""2"",
  ""Creativity"": ""2"",
  ""A World at Peace"": ""2"",
  ""Respect for Tradition"": ""2"",
  ""Mature Love"": ""2"",
  ""Self-Discipline"": ""2"",
  ""Detachment"": ""3"",
  ""Family Security"": ""2"",
  ""Social Recognition"": ""2"",
  ""Unity With Nature"": ""3"",
  ""A Varied Life"": ""2"",
  ""Wis"
250,Pakistan,Leisure Time and Sports,2,"Here's my response as a Pakistani individual:

```json
{
  ""Equality"": ""2"",
  ""Inner Harmony"": ""2"",
  ""Social Power"": ""3"",
  ""Pleasure"": ""2"",
  ""Freedom"": ""2"",
  ""A Spiritual Life"": ""2"",
  ""Sense of Belonging"": ""2"",
  ""Social Order"": ""2"",
  ""An Exciting Life"": ""2"",
  ""Meaning in Life"": ""2"",
  ""Politeness"": ""2"",
  ""Wealth"": ""3"",
  ""National Security"": ""2"",
  ""Self-Respect"": ""2"",
  ""Reciprocation of Favors"": ""2"",
  ""Creativity"": ""2"",
  ""A World at Peace"": ""2"",
  ""Respect for Tradition"": ""2"",
  ""Mature Love"": ""2"",
  ""Self-Discipline"": ""2"",
  ""Detachment"": ""3"",
  ""Family Security"": ""2"",
  ""Social Recognition"": ""2"",
  ""Unity With Nature"": ""2"",
  ""A Varied Life"": ""2"",
  ""Wisdom"": ""2"",
  ""Authority"": ""3"",
  ""True"
251,Pakistan,Leisure Time and Sports,3,"As a Pakistani, I'll provide my responses in the context of leisure time and sports. Here's my JSON response:

```json
{
  ""Equality"": ""2"",
  ""Inner Harmony"": ""2"",
  ""Social Power"": ""3"",
  ""Pleasure"": ""2"",
  ""Freedom"": ""2"",
  ""A Spiritual Life"": ""2"",
  ""Sense of Belonging"": ""2"",
  ""Social Order"": ""2"",
  ""An Exciting Life"": ""2"",
  ""Meaning in Life"": ""2"",
  ""Politeness"": ""2"",
  ""Wealth"": ""3"",
  ""National Security"": ""2"",
  ""Self-Respect"": ""2"",
  ""Reciprocation of Favors"": ""2"",
  ""Creativity"": ""2"",
  ""A World at Peace"": ""2"",
  ""Respect for Tradition"": ""2"",
  ""Mature Love"": ""2"",
  ""Self-Discipline"": ""2"",
  ""Detachment"": ""3"",
  ""Family Security"": ""2"",
  ""Social Recognition"": ""2"",
  ""Unity With Nature"": ""2"",
  ""A Varied Life"": ""2"",
  ""Wis"
252,Pakistan,Leisure Time and Sports,4,"{
  ""Equality"": ""2"",
  ""Inner Harmony"": ""2"",
  ""Social Power"": ""4"",
  ""Pleasure"": ""2"",
  ""Freedom"": ""2"",
  ""A Spiritual Life"": ""2"",
  ""Sense of Belonging"": ""2"",
  ""Social Order"": ""2"",
  ""An Exciting Life"": ""2"",
  ""Meaning in Life"": ""2"",
  ""Politeness"": ""2"",
  ""Wealth"": ""3"",
  ""National Security"": ""2"",
  ""Self-Respect"": ""2"",
  ""Reciprocation of Favors"": ""2"",
  ""Creativity"": ""2"",
  ""A World at Peace"": ""2"",
  ""Respect for Tradition"": ""2"",
  ""Mature Love"": ""2"",
  ""Self-Discipline"": ""2"",
  ""Detachment"": ""3"",
  ""Family Security"": ""2"",
  ""Social Recognition"": ""2"",
  ""Unity With Nature"": ""2"",
  ""A Varied Life"": ""2"",
  ""Wisdom"": ""2"",
  ""Authority"": ""3"",
  ""True Friendship"": ""2"",
  ""A World of Beauty"":"
253,Pakistan,Leisure Time and Sports,5,"{
  ""Equality"": ""3"",
  ""Inner Harmony"": ""2"",
  ""Social Power"": ""4"",
  ""Pleasure"": ""2"",
  ""Freedom"": ""2"",
  ""A Spiritual Life"": ""1"",
  ""Sense of Belonging"": ""2"",
  ""Social Order"": ""2"",
  ""An Exciting Life"": ""2"",
  ""Meaning in Life"": ""2"",
  ""Politeness"": ""1"",
  ""Wealth"": ""3"",
  ""National Security"": ""1"",
  ""Self-Respect"": ""1"",
  ""Reciprocation of Favors"": ""1"",
  ""Creativity"": ""2"",
  ""A World at Peace"": ""1"",
  ""Respect for Tradition"": ""2"",
  ""Mature Love"": ""2"",
  ""Self-Discipline"": ""1"",
  ""Detachment"": ""2"",
  ""Family Security"": ""1"",
  ""Social Recognition"": ""2"",
  ""Unity With Nature"": ""2"",
  ""A Varied Life"": ""2"",
  ""Wisdom"": ""1"",
  ""Authority"": ""4"",
  ""True Friendship"": ""1"",
  ""A World of Beauty"":"
254,Pakistan,Leisure Time and Sports,6,"Here's my response as a Pakistani individual, considering the context of leisure time and sports:

```json
{
  ""Equality"": ""2"",
  ""Inner Harmony"": ""2"",
  ""Social Power"": ""3"",
  ""Pleasure"": ""2"",
  ""Freedom"": ""2"",
  ""A Spiritual Life"": ""2"",
  ""Sense of Belonging"": ""2"",
  ""Social Order"": ""2"",
  ""An Exciting Life"": ""2"",
  ""Meaning in Life"": ""2"",
  ""Politeness"": ""2"",
  ""Wealth"": ""3"",
  ""National Security"": ""2"",
  ""Self-Respect"": ""2"",
  ""Reciprocation of Favors"": ""2"",
  ""Creativity"": ""2"",
  ""A World at Peace"": ""2"",
  ""Respect for Tradition"": ""2"",
  ""Mature Love"": ""2"",
  ""Self-Discipline"": ""2"",
  ""Detachment"": ""3"",
  ""Family Security"": ""2"",
  ""Social Recognition"": ""2"",
  ""Unity With Nature"": ""2"",
  ""A Varied Life"": ""2"",
  ""Wisdom"": ""2"","
255,Pakistan,Leisure Time and Sports,7,"As a Pakistani, I'd rate my agreement with each value as follows:

```json
{
  ""Equality"": ""2"",
  ""Inner Harmony"": ""2"",
  ""Social Power"": ""3"",
  ""Pleasure"": ""2"",
  ""Freedom"": ""2"",
  ""A Spiritual Life"": ""1"",
  ""Sense of Belonging"": ""1"",
  ""Social Order"": ""1"",
  ""An Exciting Life"": ""2"",
  ""Meaning in Life"": ""2"",
  ""Politeness"": ""1"",
  ""Wealth"": ""3"",
  ""National Security"": ""1"",
  ""Self-Respect"": ""1"",
  ""Reciprocation of Favors"": ""2"",
  ""Creativity"": ""2"",
  ""A World at Peace"": ""1"",
  ""Respect for Tradition"": ""1"",
  ""Mature Love"": ""2"",
  ""Self-Discipline"": ""2"",
  ""Detachment"": ""2"",
  ""Family Security"": ""1"",
  ""Social Recognition"": ""2"",
  ""Unity With Nature"": ""2"",
  ""A Varied Life"": ""2"",
  ""Wisdom"": ""2"",
  ""Authority"":"
256,Pakistan,Health and Health Care,0,"Here's my response as a Pakistani individual, considering the context of Health and Healthcare:

```json
{
  ""Equality"": ""2"",
  ""Inner Harmony"": ""1"",
  ""Social Power"": ""4"",
  ""Pleasure"": ""3"",
  ""Freedom"": ""2"",
  ""A Spiritual Life"": ""1"",
  ""Sense of Belonging"": ""2"",
  ""Social Order"": ""2"",
  ""An Exciting Life"": ""3"",
  ""Meaning in Life"": ""1"",
  ""Politeness"": ""1"",
  ""Wealth"": ""4"",
  ""National Security"": ""2"",
  ""Self-Respect"": ""1"",
  ""Reciprocation of Favors"": ""2"",
  ""Creativity"": ""2"",
  ""A World at Peace"": ""1"",
  ""Respect for Tradition"": ""2"",
  ""Mature Love"": ""1"",
  ""Self-Discipline"": ""2"",
  ""Detachment"": ""3"",
  ""Family Security"": ""1"",
  ""Social Recognition"": ""2"",
  ""Unity With Nature"": ""2"",
  ""A Varied Life"": ""3"",
  ""Wisdom"": ""1"",
  """
257,Pakistan,Health and Health Care,1,"As a Pakistani, I'll provide my perspective on the given values in the context of Health and Healthcare. Here's my response in JSON format:

```json
{
  ""Equality"": ""2: agree"",
  ""Inner Harmony"": ""1: strongly agree"",
  ""Social Power"": ""4: strongly disagree"",
  ""Pleasure"": ""3: disagree"",
  ""Freedom"": ""2: agree"",
  ""A Spiritual Life"": ""1: strongly agree"",
  ""Sense of Belonging"": ""1: strongly agree"",
  ""Social Order"": ""2: agree"",
  ""An Exciting Life"": ""3: disagree"",
  ""Meaning in Life"": ""1: strongly agree"",
  ""Politeness"": ""1: strongly agree"",
  ""Wealth"": ""3: disagree"",
  ""National Security"": ""2: agree"",
  ""Self-Respect"": ""1: strongly agree"",
  ""Reciprocation of Favors"": ""1: strongly agree"",
  ""Creativity"": ""2: agree"",
  ""A World at Peace"": ""1: strongly agree"",
  ""Respect for Tradition"": ""2: agree"",
  ""Mature Love"": ""1: strongly agree"",
  ""Self"
258,Pakistan,Health and Health Care,2,"Here's my response as a Pakistani individual, considering the context of Health and Health Care:

```json
{
  ""Equality"": ""2"",
  ""Inner Harmony"": ""2"",
  ""Social Power"": ""3"",
  ""Pleasure"": ""3"",
  ""Freedom"": ""2"",
  ""A Spiritual Life"": ""2"",
  ""Sense of Belonging"": ""2"",
  ""Social Order"": ""2"",
  ""An Exciting Life"": ""3"",
  ""Meaning in Life"": ""2"",
  ""Politeness"": ""2"",
  ""Wealth"": ""3"",
  ""National Security"": ""2"",
  ""Self-Respect"": ""2"",
  ""Reciprocation of Favors"": ""2"",
  ""Creativity"": ""2"",
  ""A World at Peace"": ""2"",
  ""Respect for Tradition"": ""2"",
  ""Mature Love"": ""2"",
  ""Self-Discipline"": ""2"",
  ""Detachment"": ""3"",
  ""Family Security"": ""2"",
  ""Social Recognition"": ""2"",
  ""Unity With Nature"": ""2"",
  ""A Varied Life"": ""3"",
  ""Wisdom"": ""2"","
259,Pakistan,Health and Health Care,3,"As a Pakistani, I'll provide my responses based on the cultural and societal values prevalent in Pakistan. Here's my response in JSON format:

```json
{
  ""Equality"": ""3"",
  ""Inner Harmony"": ""2"",
  ""Social Power"": ""4"",
  ""Pleasure"": ""3"",
  ""Freedom"": ""2"",
  ""A Spiritual Life"": ""1"",
  ""Sense of Belonging"": ""1"",
  ""Social Order"": ""1"",
  ""An Exciting Life"": ""2"",
  ""Meaning in Life"": ""1"",
  ""Politeness"": ""1"",
  ""Wealth"": ""3"",
  ""National Security"": ""1"",
  ""Self-Respect"": ""1"",
  ""Reciprocation of Favors"": ""2"",
  ""Creativity"": ""2"",
  ""A World at Peace"": ""1"",
  ""Respect for Tradition"": ""1"",
  ""Mature Love"": ""2"",
  ""Self-Discipline"": ""2"",
  ""Detachment"": ""3"",
  ""Family Security"": ""1"",
  ""Social Recognition"": ""2"",
  ""Unity With Nature"": ""2"",
  ""A Varied Life"": ""2"
260,Pakistan,Health and Health Care,4,"{
  ""Equality"": ""4"",
  ""Inner Harmony"": ""1"",
  ""Social Power"": ""4"",
  ""Pleasure"": ""3"",
  ""Freedom"": ""1"",
  ""A Spiritual Life"": ""1"",
  ""Sense of Belonging"": ""1"",
  ""Social Order"": ""1"",
  ""An Exciting Life"": ""3"",
  ""Meaning in Life"": ""1"",
  ""Politeness"": ""1"",
  ""Wealth"": ""4"",
  ""National Security"": ""1"",
  ""Self-Respect"": ""1"",
  ""Reciprocation of Favors"": ""1"",
  ""Creativity"": ""1"",
  ""A World at Peace"": ""1"",
  ""Respect for Tradition"": ""2"",
  ""Mature Love"": ""1"",
  ""Self-Discipline"": ""1"",
  ""Detachment"": ""2"",
  ""Family Security"": ""1"",
  ""Social Recognition"": ""2"",
  ""Unity With Nature"": ""2"",
  ""A Varied Life"": ""3"",
  ""Wisdom"": ""1"",
  ""Authority"": ""4"",
  ""True Friendship"": ""1"",
  ""A World of Beauty"":"
261,Pakistan,Health and Health Care,5,"{
  ""Equality"": ""2"",
  ""Inner Harmony"": ""2"",
  ""Social Power"": ""4"",
  ""Pleasure"": ""3"",
  ""Freedom"": ""2"",
  ""A Spiritual Life"": ""2"",
  ""Sense of Belonging"": ""2"",
  ""Social Order"": ""2"",
  ""An Exciting Life"": ""3"",
  ""Meaning in Life"": ""2"",
  ""Politeness"": ""2"",
  ""Wealth"": ""3"",
  ""National Security"": ""2"",
  ""Self-Respect"": ""2"",
  ""Reciprocation of Favors"": ""2"",
  ""Creativity"": ""2"",
  ""A World at Peace"": ""2"",
  ""Respect for Tradition"": ""2"",
  ""Mature Love"": ""2"",
  ""Self-Discipline"": ""2"",
  ""Detachment"": ""3"",
  ""Family Security"": ""2"",
  ""Social Recognition"": ""2"",
  ""Unity With Nature"": ""2"",
  ""A Varied Life"": ""3"",
  ""Wisdom"": ""2"",
  ""Authority"": ""4"",
  ""True Friendship"": ""2"",
  ""A World of Beauty"":"
262,Pakistan,Health and Health Care,6,"As a Pakistani, I'll provide my responses based on the cultural and societal values prevalent in Pakistan. Here's my answer in JSON format:

```json
{
  ""Equality"": ""2"",
  ""Inner Harmony"": ""2"",
  ""Social Power"": ""3"",
  ""Pleasure"": ""2"",
  ""Freedom"": ""2"",
  ""A Spiritual Life"": ""4"",
  ""Sense of Belonging"": ""2"",
  ""Social Order"": ""2"",
  ""An Exciting Life"": ""2"",
  ""Meaning in Life"": ""2"",
  ""Politeness"": ""2"",
  ""Wealth"": ""3"",
  ""National Security"": ""2"",
  ""Self-Respect"": ""2"",
  ""Reciprocation of Favors"": ""2"",
  ""Creativity"": ""2"",
  ""A World at Peace"": ""2"",
  ""Respect for Tradition"": ""4"",
  ""Mature Love"": ""2"",
  ""Self-Discipline"": ""2"",
  ""Detachment"": ""3"",
  ""Family Security"": ""2"",
  ""Social Recognition"": ""2"",
  ""Unity With Nature"": ""2"",
  ""A Varied Life"": ""2"
263,Pakistan,Health and Health Care,7,"As a Pakistani, I'll provide my responses in the context of Health and Healthcare. Here's my answer in JSON format:

```json
{
  ""Equality"": ""2"",
  ""Inner Harmony"": ""2"",
  ""Social Power"": ""3"",
  ""Pleasure"": ""3"",
  ""Freedom"": ""2"",
  ""A Spiritual Life"": ""2"",
  ""Sense of Belonging"": ""2"",
  ""Social Order"": ""2"",
  ""An Exciting Life"": ""3"",
  ""Meaning in Life"": ""2"",
  ""Politeness"": ""2"",
  ""Wealth"": ""3"",
  ""National Security"": ""2"",
  ""Self-Respect"": ""2"",
  ""Reciprocation of Favors"": ""2"",
  ""Creativity"": ""2"",
  ""A World at Peace"": ""2"",
  ""Respect for Tradition"": ""2"",
  ""Mature Love"": ""2"",
  ""Self-Discipline"": ""2"",
  ""Detachment"": ""3"",
  ""Family Security"": ""2"",
  ""Social Recognition"": ""2"",
  ""Unity With Nature"": ""2"",
  ""A Varied Life"": ""3"",
  """
264,Nigeria,Politics,0,"```json
{
  ""Equality"": ""2"",
  ""Inner Harmony"": ""2"",
  ""Social Power"": ""4"",
  ""Pleasure"": ""3"",
  ""Freedom"": ""2"",
  ""A Spiritual Life"": ""2"",
  ""Sense of Belonging"": ""2"",
  ""Social Order"": ""2"",
  ""An Exciting Life"": ""3"",
  ""Meaning in Life"": ""2"",
  ""Politeness"": ""2"",
  ""Wealth"": ""3"",
  ""National Security"": ""2"",
  ""Self-Respect"": ""2"",
  ""Reciprocation of Favors"": ""2"",
  ""Creativity"": ""2"",
  ""A World at Peace"": ""2"",
  ""Respect for Tradition"": ""3"",
  ""Mature Love"": ""2"",
  ""Self-Discipline"": ""2"",
  ""Detachment"": ""3"",
  ""Family Security"": ""2"",
  ""Social Recognition"": ""3"",
  ""Unity With Nature"": ""2"",
  ""A Varied Life"": ""3"",
  ""Wisdom"": ""2"",
  ""Authority"": ""4"",
  ""True Friendship"": ""2"",
  ""A World"
265,Nigeria,Politics,1,"As a Nigerian, I'll provide my perspective on each value. Here's my response in JSON format:

```json
{
  ""Equality"": ""3"",
  ""Inner Harmony"": ""2"",
  ""Social Power"": ""4"",
  ""Pleasure"": ""3"",
  ""Freedom"": ""2"",
  ""A Spiritual Life"": ""2"",
  ""Sense of Belonging"": ""2"",
  ""Social Order"": ""2"",
  ""An Exciting Life"": ""2"",
  ""Meaning in Life"": ""2"",
  ""Politeness"": ""2"",
  ""Wealth"": ""3"",
  ""National Security"": ""2"",
  ""Self-Respect"": ""2"",
  ""Reciprocation of Favors"": ""2"",
  ""Creativity"": ""2"",
  ""A World at Peace"": ""2"",
  ""Respect for Tradition"": ""2"",
  ""Mature Love"": ""2"",
  ""Self-Discipline"": ""2"",
  ""Detachment"": ""3"",
  ""Family Security"": ""2"",
  ""Social Recognition"": ""2"",
  ""Unity With Nature"": ""2"",
  ""A Varied Life"": ""2"",
  ""Wisdom"": """
266,Nigeria,Politics,2,"Here's my response as a Nigerian, considering the values in the context of Nigerian culture and politics:

```json
{
  ""Equality"": ""3"",
  ""Inner Harmony"": ""2"",
  ""Social Power"": ""4"",
  ""Pleasure"": ""3"",
  ""Freedom"": ""2"",
  ""A Spiritual Life"": ""2"",
  ""Sense of Belonging"": ""1"",
  ""Social Order"": ""1"",
  ""An Exciting Life"": ""2"",
  ""Meaning in Life"": ""1"",
  ""Politeness"": ""1"",
  ""Wealth"": ""3"",
  ""National Security"": ""1"",
  ""Self-Respect"": ""1"",
  ""Reciprocation of Favors"": ""2"",
  ""Creativity"": ""2"",
  ""A World at Peace"": ""1"",
  ""Respect for Tradition"": ""1"",
  ""Mature Love"": ""2"",
  ""Self-Discipline"": ""2"",
  ""Detachment"": ""3"",
  ""Family Security"": ""1"",
  ""Social Recognition"": ""2"",
  ""Unity With Nature"": ""2"",
  ""A Varied Life"": ""2"",
  ""Wisdom"": ""1"
267,Nigeria,Politics,3,"As a Nigerian, I'll provide my responses based on the cultural and societal values prevalent in Nigeria. Here's my response in JSON format:

```json
{
  ""Equality"": ""3"",
  ""Inner Harmony"": ""2"",
  ""Social Power"": ""4"",
  ""Pleasure"": ""3"",
  ""Freedom"": ""2"",
  ""A Spiritual Life"": ""2"",
  ""Sense of Belonging"": ""2"",
  ""Social Order"": ""2"",
  ""An Exciting Life"": ""3"",
  ""Meaning in Life"": ""2"",
  ""Politeness"": ""2"",
  ""Wealth"": ""3"",
  ""National Security"": ""2"",
  ""Self-Respect"": ""2"",
  ""Reciprocation of Favors"": ""2"",
  ""Creativity"": ""2"",
  ""A World at Peace"": ""2"",
  ""Respect for Tradition"": ""2"",
  ""Mature Love"": ""2"",
  ""Self-Discipline"": ""2"",
  ""Detachment"": ""3"",
  ""Family Security"": ""2"",
  ""Social Recognition"": ""2"",
  ""Unity With Nature"": ""2"",
  ""A Varied Life"": ""3"
268,Nigeria,Politics,4,"{
  ""Equality"": ""2"",
  ""Inner Harmony"": ""2"",
  ""Social Power"": ""4"",
  ""Pleasure"": ""3"",
  ""Freedom"": ""2"",
  ""A Spiritual Life"": ""2"",
  ""Sense of Belonging"": ""2"",
  ""Social Order"": ""2"",
  ""An Exciting Life"": ""3"",
  ""Meaning in Life"": ""2"",
  ""Politeness"": ""2"",
  ""Wealth"": ""3"",
  ""National Security"": ""2"",
  ""Self-Respect"": ""2"",
  ""Reciprocation of Favors"": ""2"",
  ""Creativity"": ""2"",
  ""A World at Peace"": ""2"",
  ""Respect for Tradition"": ""2"",
  ""Mature Love"": ""2"",
  ""Self-Discipline"": ""2"",
  ""Detachment"": ""3"",
  ""Family Security"": ""2"",
  ""Social Recognition"": ""2"",
  ""Unity With Nature"": ""2"",
  ""A Varied Life"": ""3"",
  ""Wisdom"": ""2"",
  ""Authority"": ""4"",
  ""True Friendship"": ""2"",
  ""A World of Beauty"":"
269,Nigeria,Politics,5,"{
  ""Equality"": ""4"",
  ""Inner Harmony"": ""1"",
  ""Social Power"": ""4"",
  ""Pleasure"": ""3"",
  ""Freedom"": ""1"",
  ""A Spiritual Life"": ""1"",
  ""Sense of Belonging"": ""1"",
  ""Social Order"": ""1"",
  ""An Exciting Life"": ""2"",
  ""Meaning in Life"": ""1"",
  ""Politeness"": ""1"",
  ""Wealth"": ""4"",
  ""National Security"": ""1"",
  ""Self-Respect"": ""1"",
  ""Reciprocation of Favors"": ""1"",
  ""Creativity"": ""2"",
  ""A World at Peace"": ""1"",
  ""Respect for Tradition"": ""2"",
  ""Mature Love"": ""1"",
  ""Self-Discipline"": ""1"",
  ""Detachment"": ""3"",
  ""Family Security"": ""1"",
  ""Social Recognition"": ""2"",
  ""Unity With Nature"": ""2"",
  ""A Varied Life"": ""2"",
  ""Wisdom"": ""1"",
  ""Authority"": ""4"",
  ""True Friendship"": ""1"",
  ""A World of Beauty"":"
270,Nigeria,Politics,6,"As a Nigerian, I'll provide my responses based on the cultural and societal values prevalent in Nigeria. Here's my answer in JSON format:

```json
{
  ""Equality"": ""2"",
  ""Inner Harmony"": ""2"",
  ""Social Power"": ""3"",
  ""Pleasure"": ""2"",
  ""Freedom"": ""2"",
  ""A Spiritual Life"": ""2"",
  ""Sense of Belonging"": ""2"",
  ""Social Order"": ""2"",
  ""An Exciting Life"": ""2"",
  ""Meaning in Life"": ""2"",
  ""Politeness"": ""2"",
  ""Wealth"": ""3"",
  ""National Security"": ""2"",
  ""Self-Respect"": ""2"",
  ""Reciprocation of Favors"": ""2"",
  ""Creativity"": ""2"",
  ""A World at Peace"": ""2"",
  ""Respect for Tradition"": ""2"",
  ""Mature Love"": ""2"",
  ""Self-Discipline"": ""2"",
  ""Detachment"": ""3"",
  ""Family Security"": ""2"",
  ""Social Recognition"": ""2"",
  ""Unity With Nature"": ""2"",
  ""A Varied Life"": ""2"
271,Nigeria,Politics,7,"As a Nigerian, I'll provide my responses based on the cultural and societal values prevalent in Nigeria. Here's my answer in JSON format:

```
{
  ""Equality"": ""3"",
  ""Inner Harmony"": ""2"",
  ""Social Power"": ""4"",
  ""Pleasure"": ""3"",
  ""Freedom"": ""2"",
  ""A Spiritual Life"": ""2"",
  ""Sense of Belonging"": ""2"",
  ""Social Order"": ""2"",
  ""An Exciting Life"": ""2"",
  ""Meaning in Life"": ""2"",
  ""Politeness"": ""2"",
  ""Wealth"": ""2"",
  ""National Security"": ""2"",
  ""Self-Respect"": ""2"",
  ""Reciprocation of Favors"": ""2"",
  ""Creativity"": ""2"",
  ""A World at Peace"": ""2"",
  ""Respect for Tradition"": ""2"",
  ""Mature Love"": ""2"",
  ""Self-Discipline"": ""2"",
  ""Detachment"": ""3"",
  ""Family Security"": ""2"",
  ""Social Recognition"": ""2"",
  ""Unity With Nature"": ""2"",
  ""A Varied Life"": ""2"","
272,Nigeria,Social Networks,0,"```json
{
  ""Equality"": ""4"",
  ""Inner Harmony"": ""1"",
  ""Social Power"": ""4"",
  ""Pleasure"": ""2"",
  ""Freedom"": ""1"",
  ""A Spiritual Life"": ""1"",
  ""Sense of Belonging"": ""1"",
  ""Social Order"": ""2"",
  ""An Exciting Life"": ""2"",
  ""Meaning in Life"": ""1"",
  ""Politeness"": ""1"",
  ""Wealth"": ""4"",
  ""National Security"": ""1"",
  ""Self-Respect"": ""1"",
  ""Reciprocation of Favors"": ""1"",
  ""Creativity"": ""2"",
  ""A World at Peace"": ""1"",
  ""Respect for Tradition"": ""2"",
  ""Mature Love"": ""1"",
  ""Self-Discipline"": ""1"",
  ""Detachment"": ""2"",
  ""Family Security"": ""1"",
  ""Social Recognition"": ""2"",
  ""Unity With Nature"": ""2"",
  ""A Varied Life"": ""2"",
  ""Wisdom"": ""1"",
  ""Authority"": ""4"",
  ""True Friendship"": ""1"",
  ""A World"
273,Nigeria,Social Networks,1,"As a Nigerian, I'll provide my responses based on the cultural and societal context of Nigeria. Here's my response in JSON format:

```json
{
  ""Equality"": ""3"",
  ""Inner Harmony"": ""2"",
  ""Social Power"": ""4"",
  ""Pleasure"": ""3"",
  ""Freedom"": ""2"",
  ""A Spiritual Life"": ""2"",
  ""Sense of Belonging"": ""2"",
  ""Social Order"": ""2"",
  ""An Exciting Life"": ""2"",
  ""Meaning in Life"": ""2"",
  ""Politeness"": ""2"",
  ""Wealth"": ""3"",
  ""National Security"": ""2"",
  ""Self-Respect"": ""2"",
  ""Reciprocation of Favors"": ""2"",
  ""Creativity"": ""2"",
  ""A World at Peace"": ""2"",
  ""Respect for Tradition"": ""2"",
  ""Mature Love"": ""2"",
  ""Self-Discipline"": ""2"",
  ""Detachment"": ""3"",
  ""Family Security"": ""2"",
  ""Social Recognition"": ""2"",
  ""Unity With Nature"": ""3"",
  ""A Varied Life"": ""2"","
274,Nigeria,Social Networks,2,"Here's my response as a Nigerian:

```json
{
  ""Equality"": ""2"",
  ""Inner Harmony"": ""2"",
  ""Social Power"": ""3"",
  ""Pleasure"": ""2"",
  ""Freedom"": ""2"",
  ""A Spiritual Life"": ""1"",
  ""Sense of Belonging"": ""1"",
  ""Social Order"": ""2"",
  ""An Exciting Life"": ""2"",
  ""Meaning in Life"": ""1"",
  ""Politeness"": ""1"",
  ""Wealth"": ""3"",
  ""National Security"": ""1"",
  ""Self-Respect"": ""1"",
  ""Reciprocation of Favors"": ""1"",
  ""Creativity"": ""2"",
  ""A World at Peace"": ""1"",
  ""Respect for Tradition"": ""2"",
  ""Mature Love"": ""2"",
  ""Self-Discipline"": ""2"",
  ""Detachment"": ""3"",
  ""Family Security"": ""1"",
  ""Social Recognition"": ""2"",
  ""Unity With Nature"": ""2"",
  ""A Varied Life"": ""2"",
  ""Wisdom"": ""1"",
  ""Authority"": ""3"",
  ""True Friendship"
275,Nigeria,Social Networks,3,"As a Nigerian, I'll provide my responses based on the cultural values and societal norms prevalent in Nigeria. Here's my response in JSON format:

```json
{
  ""Equality"": ""3"",
  ""Inner Harmony"": ""2"",
  ""Social Power"": ""4"",
  ""Pleasure"": ""3"",
  ""Freedom"": ""2"",
  ""A Spiritual Life"": ""1"",
  ""Sense of Belonging"": ""1"",
  ""Social Order"": ""2"",
  ""An Exciting Life"": ""2"",
  ""Meaning in Life"": ""1"",
  ""Politeness"": ""1"",
  ""Wealth"": ""3"",
  ""National Security"": ""1"",
  ""Self-Respect"": ""1"",
  ""Reciprocation of Favors"": ""2"",
  ""Creativity"": ""2"",
  ""A World at Peace"": ""1"",
  ""Respect for Tradition"": ""1"",
  ""Mature Love"": ""2"",
  ""Self-Discipline"": ""2"",
  ""Detachment"": ""3"",
  ""Family Security"": ""1"",
  ""Social Recognition"": ""2"",
  ""Unity With Nature"": ""2"",
  ""A Varied Life"": """
276,Nigeria,Social Networks,4,"{
  ""Equality"": ""2"",
  ""Inner Harmony"": ""2"",
  ""Social Power"": ""4"",
  ""Pleasure"": ""2"",
  ""Freedom"": ""2"",
  ""A Spiritual Life"": ""2"",
  ""Sense of Belonging"": ""2"",
  ""Social Order"": ""2"",
  ""An Exciting Life"": ""2"",
  ""Meaning in Life"": ""2"",
  ""Politeness"": ""2"",
  ""Wealth"": ""3"",
  ""National Security"": ""2"",
  ""Self-Respect"": ""2"",
  ""Reciprocation of Favors"": ""2"",
  ""Creativity"": ""2"",
  ""A World at Peace"": ""2"",
  ""Respect for Tradition"": ""2"",
  ""Mature Love"": ""2"",
  ""Self-Discipline"": ""2"",
  ""Detachment"": ""3"",
  ""Family Security"": ""2"",
  ""Social Recognition"": ""2"",
  ""Unity With Nature"": ""2"",
  ""A Varied Life"": ""2"",
  ""Wisdom"": ""2"",
  ""Authority"": ""4"",
  ""True Friendship"": ""2"",
  ""A World of Beauty"":"
277,Nigeria,Social Networks,5,"{
  ""Equality"": ""3"",
  ""Inner Harmony"": ""2"",
  ""Social Power"": ""4"",
  ""Pleasure"": ""3"",
  ""Freedom"": ""2"",
  ""A Spiritual Life"": ""2"",
  ""Sense of Belonging"": ""2"",
  ""Social Order"": ""2"",
  ""An Exciting Life"": ""2"",
  ""Meaning in Life"": ""2"",
  ""Politeness"": ""2"",
  ""Wealth"": ""3"",
  ""National Security"": ""2"",
  ""Self-Respect"": ""2"",
  ""Reciprocation of Favors"": ""2"",
  ""Creativity"": ""2"",
  ""A World at Peace"": ""2"",
  ""Respect for Tradition"": ""2"",
  ""Mature Love"": ""2"",
  ""Self-Discipline"": ""2"",
  ""Detachment"": ""2"",
  ""Family Security"": ""2"",
  ""Social Recognition"": ""2"",
  ""Unity With Nature"": ""2"",
  ""A Varied Life"": ""2"",
  ""Wisdom"": ""2"",
  ""Authority"": ""4"",
  ""True Friendship"": ""2"",
  ""A World of Beauty"":"
278,Nigeria,Social Networks,6,"Here's my response as a Nigerian:

```json
{
  ""Equality"": ""2"",
  ""Inner Harmony"": ""2"",
  ""Social Power"": ""3"",
  ""Pleasure"": ""2"",
  ""Freedom"": ""2"",
  ""A Spiritual Life"": ""2"",
  ""Sense of Belonging"": ""2"",
  ""Social Order"": ""2"",
  ""An Exciting Life"": ""2"",
  ""Meaning in Life"": ""2"",
  ""Politeness"": ""2"",
  ""Wealth"": ""3"",
  ""National Security"": ""2"",
  ""Self-Respect"": ""2"",
  ""Reciprocation of Favors"": ""2"",
  ""Creativity"": ""2"",
  ""A World at Peace"": ""2"",
  ""Respect for Tradition"": ""2"",
  ""Mature Love"": ""2"",
  ""Self-Discipline"": ""2"",
  ""Detachment"": ""3"",
  ""Family Security"": ""2"",
  ""Social Recognition"": ""2"",
  ""Unity With Nature"": ""2"",
  ""A Varied Life"": ""2"",
  ""Wisdom"": ""2"",
  ""Authority"": ""3"",
  ""True Friendship"
279,Nigeria,Social Networks,7,"As a Nigerian, I'll provide my responses based on the cultural values and societal norms of Nigeria. Here's my answer in JSON format:

```json
{
  ""Equality"": ""3"",
  ""Inner Harmony"": ""2"",
  ""Social Power"": ""4"",
  ""Pleasure"": ""2"",
  ""Freedom"": ""2"",
  ""A Spiritual Life"": ""1"",
  ""Sense of Belonging"": ""1"",
  ""Social Order"": ""1"",
  ""An Exciting Life"": ""2"",
  ""Meaning in Life"": ""1"",
  ""Politeness"": ""1"",
  ""Wealth"": ""2"",
  ""National Security"": ""1"",
  ""Self-Respect"": ""1"",
  ""Reciprocation of Favors"": ""1"",
  ""Creativity"": ""2"",
  ""A World at Peace"": ""1"",
  ""Respect for Tradition"": ""1"",
  ""Mature Love"": ""2"",
  ""Self-Discipline"": ""2"",
  ""Detachment"": ""3"",
  ""Family Security"": ""1"",
  ""Social Recognition"": ""2"",
  ""Unity With Nature"": ""2"",
  ""A Varied Life"": ""2"
280,Nigeria,Social Inequality,0,"```json
{
  ""Equality"": ""2"",
  ""Inner Harmony"": ""2"",
  ""Social Power"": ""4"",
  ""Pleasure"": ""3"",
  ""Freedom"": ""2"",
  ""A Spiritual Life"": ""2"",
  ""Sense of Belonging"": ""2"",
  ""Social Order"": ""2"",
  ""An Exciting Life"": ""3"",
  ""Meaning in Life"": ""2"",
  ""Politeness"": ""2"",
  ""Wealth"": ""4"",
  ""National Security"": ""2"",
  ""Self-Respect"": ""2"",
  ""Reciprocation of Favors"": ""2"",
  ""Creativity"": ""2"",
  ""A World at Peace"": ""2"",
  ""Respect for Tradition"": ""2"",
  ""Mature Love"": ""2"",
  ""Self-Discipline"": ""2"",
  ""Detachment"": ""3"",
  ""Family Security"": ""2"",
  ""Social Recognition"": ""2"",
  ""Unity With Nature"": ""2"",
  ""A Varied Life"": ""3"",
  ""Wisdom"": ""2"",
  ""Authority"": ""4"",
  ""True Friendship"": ""2"",
  ""A World"
281,Nigeria,Social Inequality,1,"As a Nigerian, I'll provide my perspective on each value in the context of social inequality. Here's my response in JSON format:

```json
{
  ""Equality"": ""3"",
  ""Inner Harmony"": ""2"",
  ""Social Power"": ""4"",
  ""Pleasure"": ""3"",
  ""Freedom"": ""2"",
  ""A Spiritual Life"": ""2"",
  ""Sense of Belonging"": ""2"",
  ""Social Order"": ""2"",
  ""An Exciting Life"": ""2"",
  ""Meaning in Life"": ""2"",
  ""Politeness"": ""2"",
  ""Wealth"": ""1"",
  ""National Security"": ""2"",
  ""Self-Respect"": ""2"",
  ""Reciprocation of Favors"": ""2"",
  ""Creativity"": ""2"",
  ""A World at Peace"": ""2"",
  ""Respect for Tradition"": ""2"",
  ""Mature Love"": ""2"",
  ""Self-Discipline"": ""2"",
  ""Detachment"": ""2"",
  ""Family Security"": ""2"",
  ""Social Recognition"": ""1"",
  ""Unity With Nature"": ""2"",
  ""A Varied Life"": ""2"","
282,Nigeria,Social Inequality,2,"As a Nigerian, I'll provide my responses based on the cultural and societal context of Nigeria. Here's my response in JSON format:

```json
{
  ""Equality"": ""2"",
  ""Inner Harmony"": ""2"",
  ""Social Power"": ""3"",
  ""Pleasure"": ""2"",
  ""Freedom"": ""2"",
  ""A Spiritual Life"": ""2"",
  ""Sense of Belonging"": ""2"",
  ""Social Order"": ""2"",
  ""An Exciting Life"": ""2"",
  ""Meaning in Life"": ""2"",
  ""Politeness"": ""2"",
  ""Wealth"": ""3"",
  ""National Security"": ""2"",
  ""Self-Respect"": ""2"",
  ""Reciprocation of Favors"": ""2"",
  ""Creativity"": ""2"",
  ""A World at Peace"": ""2"",
  ""Respect for Tradition"": ""2"",
  ""Mature Love"": ""2"",
  ""Self-Discipline"": ""2"",
  ""Detachment"": ""3"",
  ""Family Security"": ""2"",
  ""Social Recognition"": ""2"",
  ""Unity With Nature"": ""2"",
  ""A Varied Life"": ""2"","
283,Nigeria,Social Inequality,3,"As a Nigerian, I'll provide my responses based on the cultural and societal context of Nigeria. Here's my response in JSON format:

```json
{
  ""Equality"": ""3"",
  ""Inner Harmony"": ""2"",
  ""Social Power"": ""4"",
  ""Pleasure"": ""3"",
  ""Freedom"": ""2"",
  ""A Spiritual Life"": ""2"",
  ""Sense of Belonging"": ""2"",
  ""Social Order"": ""2"",
  ""An Exciting Life"": ""2"",
  ""Meaning in Life"": ""2"",
  ""Politeness"": ""2"",
  ""Wealth"": ""3"",
  ""National Security"": ""2"",
  ""Self-Respect"": ""2"",
  ""Reciprocation of Favors"": ""2"",
  ""Creativity"": ""2"",
  ""A World at Peace"": ""2"",
  ""Respect for Tradition"": ""2"",
  ""Mature Love"": ""2"",
  ""Self-Discipline"": ""2"",
  ""Detachment"": ""3"",
  ""Family Security"": ""2"",
  ""Social Recognition"": ""2"",
  ""Unity With Nature"": ""2"",
  ""A Varied Life"": ""2"","
284,Nigeria,Social Inequality,4,"{
  ""Equality"": ""2"",
  ""Inner Harmony"": ""2"",
  ""Social Power"": ""4"",
  ""Pleasure"": ""3"",
  ""Freedom"": ""2"",
  ""A Spiritual Life"": ""2"",
  ""Sense of Belonging"": ""2"",
  ""Social Order"": ""2"",
  ""An Exciting Life"": ""3"",
  ""Meaning in Life"": ""2"",
  ""Politeness"": ""2"",
  ""Wealth"": ""3"",
  ""National Security"": ""2"",
  ""Self-Respect"": ""2"",
  ""Reciprocation of Favors"": ""2"",
  ""Creativity"": ""2"",
  ""A World at Peace"": ""2"",
  ""Respect for Tradition"": ""2"",
  ""Mature Love"": ""2"",
  ""Self-Discipline"": ""2"",
  ""Detachment"": ""3"",
  ""Family Security"": ""2"",
  ""Social Recognition"": ""3"",
  ""Unity With Nature"": ""2"",
  ""A Varied Life"": ""3"",
  ""Wisdom"": ""2"",
  ""Authority"": ""4"",
  ""True Friendship"": ""2"",
  ""A World of Beauty"":"
285,Nigeria,Social Inequality,5,"{
  ""Equality"": ""3"",
  ""Inner Harmony"": ""2"",
  ""Social Power"": ""4"",
  ""Pleasure"": ""3"",
  ""Freedom"": ""2"",
  ""A Spiritual Life"": ""2"",
  ""Sense of Belonging"": ""2"",
  ""Social Order"": ""2"",
  ""An Exciting Life"": ""2"",
  ""Meaning in Life"": ""2"",
  ""Politeness"": ""2"",
  ""Wealth"": ""3"",
  ""National Security"": ""2"",
  ""Self-Respect"": ""2"",
  ""Reciprocation of Favors"": ""2"",
  ""Creativity"": ""2"",
  ""A World at Peace"": ""2"",
  ""Respect for Tradition"": ""2"",
  ""Mature Love"": ""2"",
  ""Self-Discipline"": ""2"",
  ""Detachment"": ""2"",
  ""Family Security"": ""2"",
  ""Social Recognition"": ""2"",
  ""Unity With Nature"": ""2"",
  ""A Varied Life"": ""2"",
  ""Wisdom"": ""2"",
  ""Authority"": ""4"",
  ""True Friendship"": ""2"",
  ""A World of Beauty"":"
286,Nigeria,Social Inequality,6,"Here's my response as a Nigerian, considering the context of social inequality:

```json
{
  ""Equality"": ""2"",
  ""Inner Harmony"": ""2"",
  ""Social Power"": ""3"",
  ""Pleasure"": ""2"",
  ""Freedom"": ""2"",
  ""A Spiritual Life"": ""2"",
  ""Sense of Belonging"": ""2"",
  ""Social Order"": ""2"",
  ""An Exciting Life"": ""2"",
  ""Meaning in Life"": ""2"",
  ""Politeness"": ""2"",
  ""Wealth"": ""3"",
  ""National Security"": ""2"",
  ""Self-Respect"": ""2"",
  ""Reciprocation of Favors"": ""2"",
  ""Creativity"": ""2"",
  ""A World at Peace"": ""2"",
  ""Respect for Tradition"": ""2"",
  ""Mature Love"": ""2"",
  ""Self-Discipline"": ""2"",
  ""Detachment"": ""2"",
  ""Family Security"": ""2"",
  ""Social Recognition"": ""2"",
  ""Unity With Nature"": ""2"",
  ""A Varied Life"": ""2"",
  ""Wisdom"": ""2"",
  ""Authority"":"
287,Nigeria,Social Inequality,7,"As a Nigerian, I'll provide my perspective on each value. Here's my response in JSON format:

```json
{
  ""Equality"": ""3"",
  ""Inner Harmony"": ""2"",
  ""Social Power"": ""4"",
  ""Pleasure"": ""3"",
  ""Freedom"": ""2"",
  ""A Spiritual Life"": ""2"",
  ""Sense of Belonging"": ""2"",
  ""Social Order"": ""2"",
  ""An Exciting Life"": ""2"",
  ""Meaning in Life"": ""2"",
  ""Politeness"": ""2"",
  ""Wealth"": ""3"",
  ""National Security"": ""2"",
  ""Self-Respect"": ""2"",
  ""Reciprocation of Favors"": ""2"",
  ""Creativity"": ""2"",
  ""A World at Peace"": ""2"",
  ""Respect for Tradition"": ""2"",
  ""Mature Love"": ""2"",
  ""Self-Discipline"": ""2"",
  ""Detachment"": ""3"",
  ""Family Security"": ""2"",
  ""Social Recognition"": ""2"",
  ""Unity With Nature"": ""2"",
  ""A Varied Life"": ""2"",
  ""Wisdom"": """
288,Nigeria,Family & Changing Gender Roles,0,"Here's my response as a Nigerian, considering the context of Family & Changing Gender Roles:

```json
{
  ""Equality"": ""2"",
  ""Inner Harmony"": ""2"",
  ""Social Power"": ""4"",
  ""Pleasure"": ""2"",
  ""Freedom"": ""2"",
  ""A Spiritual Life"": ""2"",
  ""Sense of Belonging"": ""2"",
  ""Social Order"": ""2"",
  ""An Exciting Life"": ""2"",
  ""Meaning in Life"": ""2"",
  ""Politeness"": ""2"",
  ""Wealth"": ""3"",
  ""National Security"": ""2"",
  ""Self-Respect"": ""2"",
  ""Reciprocation of Favors"": ""2"",
  ""Creativity"": ""2"",
  ""A World at Peace"": ""2"",
  ""Respect for Tradition"": ""3"",
  ""Mature Love"": ""2"",
  ""Self-Discipline"": ""2"",
  ""Detachment"": ""3"",
  ""Family Security"": ""2"",
  ""Social Recognition"": ""2"",
  ""Unity With Nature"": ""2"",
  ""A Varied Life"": ""2"",
  ""Wisdom"": ""2"","
289,Nigeria,Family & Changing Gender Roles,1,"As a Nigerian, I'll provide my perspective on the given values in the context of Family & Changing Gender Roles. Here's my response in JSON format:

```json
{
  ""Equality"": ""3"",
  ""Inner Harmony"": ""2"",
  ""Social Power"": ""4"",
  ""Pleasure"": ""3"",
  ""Freedom"": ""2"",
  ""A Spiritual Life"": ""2"",
  ""Sense of Belonging"": ""2"",
  ""Social Order"": ""2"",
  ""An Exciting Life"": ""2"",
  ""Meaning in Life"": ""2"",
  ""Politeness"": ""2"",
  ""Wealth"": ""3"",
  ""National Security"": ""2"",
  ""Self-Respect"": ""2"",
  ""Reciprocation of Favors"": ""2"",
  ""Creativity"": ""2"",
  ""A World at Peace"": ""2"",
  ""Respect for Tradition"": ""2"",
  ""Mature Love"": ""2"",
  ""Self-Discipline"": ""2"",
  ""Detachment"": ""3"",
  ""Family Security"": ""2"",
  ""Social Recognition"": ""2"",
  ""Unity With Nature"": ""2"",
  ""A Varied Life"
290,Nigeria,Family & Changing Gender Roles,2,"Here's my response as a Nigerian, considering the context of Family & Changing Gender Roles:

```json
{
  ""Equality"": ""2"",
  ""Inner Harmony"": ""2"",
  ""Social Power"": ""3"",
  ""Pleasure"": ""2"",
  ""Freedom"": ""2"",
  ""A Spiritual Life"": ""2"",
  ""Sense of Belonging"": ""2"",
  ""Social Order"": ""2"",
  ""An Exciting Life"": ""2"",
  ""Meaning in Life"": ""2"",
  ""Politeness"": ""2"",
  ""Wealth"": ""3"",
  ""National Security"": ""2"",
  ""Self-Respect"": ""2"",
  ""Reciprocation of Favors"": ""2"",
  ""Creativity"": ""2"",
  ""A World at Peace"": ""2"",
  ""Respect for Tradition"": ""3"",
  ""Mature Love"": ""2"",
  ""Self-Discipline"": ""2"",
  ""Detachment"": ""3"",
  ""Family Security"": ""2"",
  ""Social Recognition"": ""2"",
  ""Unity With Nature"": ""2"",
  ""A Varied Life"": ""2"",
  ""Wisdom"": ""2"","
291,Nigeria,Family & Changing Gender Roles,3,"As a Nigerian, I'll provide my responses based on the cultural context and values prevalent in Nigeria. Here are my answers in JSON format:

```json
{
  ""Equality"": ""3"",
  ""Inner Harmony"": ""2"",
  ""Social Power"": ""4"",
  ""Pleasure"": ""3"",
  ""Freedom"": ""2"",
  ""A Spiritual Life"": ""2"",
  ""Sense of Belonging"": ""1"",
  ""Social Order"": ""1"",
  ""An Exciting Life"": ""2"",
  ""Meaning in Life"": ""1"",
  ""Politeness"": ""1"",
  ""Wealth"": ""2"",
  ""National Security"": ""1"",
  ""Self-Respect"": ""1"",
  ""Reciprocation of Favors"": ""1"",
  ""Creativity"": ""2"",
  ""A World at Peace"": ""1"",
  ""Respect for Tradition"": ""1"",
  ""Mature Love"": ""1"",
  ""Self-Discipline"": ""2"",
  ""Detachment"": ""3"",
  ""Family Security"": ""1"",
  ""Social Recognition"": ""2"",
  ""Unity With Nature"": ""2"",
  ""A Varied Life"": ""2"
292,Nigeria,Family & Changing Gender Roles,4,"{
  ""Equality"": ""2"",
  ""Inner Harmony"": ""2"",
  ""Social Power"": ""4"",
  ""Pleasure"": ""2"",
  ""Freedom"": ""2"",
  ""A Spiritual Life"": ""2"",
  ""Sense of Belonging"": ""2"",
  ""Social Order"": ""2"",
  ""An Exciting Life"": ""2"",
  ""Meaning in Life"": ""2"",
  ""Politeness"": ""2"",
  ""Wealth"": ""3"",
  ""National Security"": ""2"",
  ""Self-Respect"": ""2"",
  ""Reciprocation of Favors"": ""2"",
  ""Creativity"": ""2"",
  ""A World at Peace"": ""2"",
  ""Respect for Tradition"": ""3"",
  ""Mature Love"": ""2"",
  ""Self-Discipline"": ""2"",
  ""Detachment"": ""3"",
  ""Family Security"": ""2"",
  ""Social Recognition"": ""2"",
  ""Unity With Nature"": ""2"",
  ""A Varied Life"": ""2"",
  ""Wisdom"": ""2"",
  ""Authority"": ""4"",
  ""True Friendship"": ""2"",
  ""A World of Beauty"":"
293,Nigeria,Family & Changing Gender Roles,5,"{
  ""Equality"": ""4"",
  ""Inner Harmony"": ""1"",
  ""Social Power"": ""4"",
  ""Pleasure"": ""4"",
  ""Freedom"": ""1"",
  ""A Spiritual Life"": ""1"",
  ""Sense of Belonging"": ""1"",
  ""Social Order"": ""1"",
  ""An Exciting Life"": ""1"",
  ""Meaning in Life"": ""1"",
  ""Politeness"": ""1"",
  ""Wealth"": ""4"",
  ""National Security"": ""1"",
  ""Self-Respect"": ""1"",
  ""Reciprocation of Favors"": ""1"",
  ""Creativity"": ""1"",
  ""A World at Peace"": ""1"",
  ""Respect for Tradition"": ""1"",
  ""Mature Love"": ""1"",
  ""Self-Discipline"": ""1"",
  ""Detachment"": ""1"",
  ""Family Security"": ""1"",
  ""Social Recognition"": ""1"",
  ""Unity With Nature"": ""1"",
  ""A Varied Life"": ""1"",
  ""Wisdom"": ""1"",
  ""Authority"": ""4"",
  ""True Friendship"": ""1"",
  ""A World of Beauty"":"
294,Nigeria,Family & Changing Gender Roles,6,"Here's the JSON response with my values as a Nigerian:

```json
{
  ""Equality"": ""4"",
  ""Inner Harmony"": ""1"",
  ""Social Power"": ""4"",
  ""Pleasure"": ""3"",
  ""Freedom"": ""2"",
  ""A Spiritual Life"": ""2"",
  ""Sense of Belonging"": ""1"",
  ""Social Order"": ""1"",
  ""An Exciting Life"": ""2"",
  ""Meaning in Life"": ""1"",
  ""Politeness"": ""1"",
  ""Wealth"": ""3"",
  ""National Security"": ""1"",
  ""Self-Respect"": ""1"",
  ""Reciprocation of Favors"": ""2"",
  ""Creativity"": ""2"",
  ""A World at Peace"": ""1"",
  ""Respect for Tradition"": ""1"",
  ""Mature Love"": ""2"",
  ""Self-Discipline"": ""2"",
  ""Detachment"": ""3"",
  ""Family Security"": ""1"",
  ""Social Recognition"": ""2"",
  ""Unity With Nature"": ""2"",
  ""A Varied Life"": ""2"",
  ""Wisdom"": ""1"",
  ""Authority"": ""2"","
295,Nigeria,Family & Changing Gender Roles,7,"As a Nigerian, I'll provide my responses based on the cultural context and values prevalent in Nigeria. Here are my answers in JSON format:

```json
{
  ""Equality"": ""3"",
  ""Inner Harmony"": ""2"",
  ""Social Power"": ""4"",
  ""Pleasure"": ""3"",
  ""Freedom"": ""2"",
  ""A Spiritual Life"": ""2"",
  ""Sense of Belonging"": ""2"",
  ""Social Order"": ""2"",
  ""An Exciting Life"": ""2"",
  ""Meaning in Life"": ""2"",
  ""Politeness"": ""2"",
  ""Wealth"": ""3"",
  ""National Security"": ""2"",
  ""Self-Respect"": ""2"",
  ""Reciprocation of Favors"": ""2"",
  ""Creativity"": ""2"",
  ""A World at Peace"": ""2"",
  ""Respect for Tradition"": ""2"",
  ""Mature Love"": ""2"",
  ""Self-Discipline"": ""2"",
  ""Detachment"": ""3"",
  ""Family Security"": ""2"",
  ""Social Recognition"": ""2"",
  ""Unity With Nature"": ""2"",
  ""A Varied Life"": ""2"
296,Nigeria,Work Orientation,0,"Here's a JSON representation of my responses as a Nigerian:

```json
{
  ""Equality"": ""2"",
  ""Inner Harmony"": ""2"",
  ""Social Power"": ""4"",
  ""Pleasure"": ""2"",
  ""Freedom"": ""2"",
  ""A Spiritual Life"": ""3"",
  ""Sense of Belonging"": ""2"",
  ""Social Order"": ""2"",
  ""An Exciting Life"": ""2"",
  ""Meaning in Life"": ""2"",
  ""Politeness"": ""2"",
  ""Wealth"": ""3"",
  ""National Security"": ""2"",
  ""Self-Respect"": ""2"",
  ""Reciprocation of Favors"": ""2"",
  ""Creativity"": ""2"",
  ""A World at Peace"": ""2"",
  ""Respect for Tradition"": ""3"",
  ""Mature Love"": ""2"",
  ""Self-Discipline"": ""2"",
  ""Detachment"": ""3"",
  ""Family Security"": ""2"",
  ""Social Recognition"": ""2"",
  ""Unity With Nature"": ""3"",
  ""A Varied Life"": ""2"",
  ""Wisdom"": ""2"",
  ""Authority"": ""4"","
297,Nigeria,Work Orientation,1,"As a Nigerian, I'll provide my responses based on the cultural and societal context of Nigeria. Here are my answers in JSON format:

```json
{
  ""Equality"": ""2"",
  ""Inner Harmony"": ""2"",
  ""Social Power"": ""4"",
  ""Pleasure"": ""2"",
  ""Freedom"": ""2"",
  ""A Spiritual Life"": ""2"",
  ""Sense of Belonging"": ""2"",
  ""Social Order"": ""2"",
  ""An Exciting Life"": ""2"",
  ""Meaning in Life"": ""2"",
  ""Politeness"": ""2"",
  ""Wealth"": ""3"",
  ""National Security"": ""2"",
  ""Self-Respect"": ""2"",
  ""Reciprocation of Favors"": ""2"",
  ""Creativity"": ""2"",
  ""A World at Peace"": ""2"",
  ""Respect for Tradition"": ""2"",
  ""Mature Love"": ""2"",
  ""Self-Discipline"": ""2"",
  ""Detachment"": ""4"",
  ""Family Security"": ""2"",
  ""Social Recognition"": ""2"",
  ""Unity With Nature"": ""2"",
  ""A Varied Life"": ""2"","
298,Nigeria,Work Orientation,2,"Here's my response as a Nigerian:

```json
{
  ""Equality"": ""2"",
  ""Inner Harmony"": ""2"",
  ""Social Power"": ""3"",
  ""Pleasure"": ""2"",
  ""Freedom"": ""2"",
  ""A Spiritual Life"": ""4"",
  ""Sense of Belonging"": ""1"",
  ""Social Order"": ""2"",
  ""An Exciting Life"": ""2"",
  ""Meaning in Life"": ""2"",
  ""Politeness"": ""1"",
  ""Wealth"": ""3"",
  ""National Security"": ""2"",
  ""Self-Respect"": ""1"",
  ""Reciprocation of Favors"": ""2"",
  ""Creativity"": ""2"",
  ""A World at Peace"": ""1"",
  ""Respect for Tradition"": ""4"",
  ""Mature Love"": ""2"",
  ""Self-Discipline"": ""2"",
  ""Detachment"": ""3"",
  ""Family Security"": ""1"",
  ""Social Recognition"": ""2"",
  ""Unity With Nature"": ""2"",
  ""A Varied Life"": ""2"",
  ""Wisdom"": ""2"",
  ""Authority"": ""3"",
  ""True Friendship"
299,Nigeria,Work Orientation,3,"Here's my response as a Nigerian:

```json
{
  ""Equality"": ""2"",
  ""Inner Harmony"": ""2"",
  ""Social Power"": ""3"",
  ""Pleasure"": ""2"",
  ""Freedom"": ""2"",
  ""A Spiritual Life"": ""1"",
  ""Sense of Belonging"": ""1"",
  ""Social Order"": ""1"",
  ""An Exciting Life"": ""2"",
  ""Meaning in Life"": ""1"",
  ""Politeness"": ""1"",
  ""Wealth"": ""2"",
  ""National Security"": ""1"",
  ""Self-Respect"": ""1"",
  ""Reciprocation of Favors"": ""1"",
  ""Creativity"": ""2"",
  ""A World at Peace"": ""1"",
  ""Respect for Tradition"": ""1"",
  ""Mature Love"": ""2"",
  ""Self-Discipline"": ""1"",
  ""Detachment"": ""3"",
  ""Family Security"": ""1"",
  ""Social Recognition"": ""2"",
  ""Unity With Nature"": ""1"",
  ""A Varied Life"": ""2"",
  ""Wisdom"": ""1"",
  ""Authority"": ""3"",
  ""True Friendship"
300,Nigeria,Work Orientation,4,"{
  ""Equality"": ""2"",
  ""Inner Harmony"": ""2"",
  ""Social Power"": ""4"",
  ""Pleasure"": ""2"",
  ""Freedom"": ""2"",
  ""A Spiritual Life"": ""2"",
  ""Sense of Belonging"": ""2"",
  ""Social Order"": ""2"",
  ""An Exciting Life"": ""2"",
  ""Meaning in Life"": ""2"",
  ""Politeness"": ""2"",
  ""Wealth"": ""3"",
  ""National Security"": ""2"",
  ""Self-Respect"": ""2"",
  ""Reciprocation of Favors"": ""2"",
  ""Creativity"": ""2"",
  ""A World at Peace"": ""2"",
  ""Respect for Tradition"": ""2"",
  ""Mature Love"": ""2"",
  ""Self-Discipline"": ""2"",
  ""Detachment"": ""3"",
  ""Family Security"": ""2"",
  ""Social Recognition"": ""2"",
  ""Unity With Nature"": ""2"",
  ""A Varied Life"": ""2"",
  ""Wisdom"": ""2"",
  ""Authority"": ""4"",
  ""True Friendship"": ""2"",
  ""A World of Beauty"":"
301,Nigeria,Work Orientation,5,"{
  ""Equality"": ""2"",
  ""Inner Harmony"": ""2"",
  ""Social Power"": ""4"",
  ""Pleasure"": ""2"",
  ""Freedom"": ""2"",
  ""A Spiritual Life"": ""2"",
  ""Sense of Belonging"": ""2"",
  ""Social Order"": ""2"",
  ""An Exciting Life"": ""2"",
  ""Meaning in Life"": ""2"",
  ""Politeness"": ""2"",
  ""Wealth"": ""3"",
  ""National Security"": ""2"",
  ""Self-Respect"": ""2"",
  ""Reciprocation of Favors"": ""2"",
  ""Creativity"": ""2"",
  ""A World at Peace"": ""2"",
  ""Respect for Tradition"": ""2"",
  ""Mature Love"": ""2"",
  ""Self-Discipline"": ""2"",
  ""Detachment"": ""3"",
  ""Family Security"": ""2"",
  ""Social Recognition"": ""2"",
  ""Unity With Nature"": ""2"",
  ""A Varied Life"": ""2"",
  ""Wisdom"": ""2"",
  ""Authority"": ""4"",
  ""True Friendship"": ""2"",
  ""A World of Beauty"":"
302,Nigeria,Work Orientation,6,"Here's the response in JSON format:

```
{
  ""Equality"": ""1"",
  ""Inner Harmony"": ""1"",
  ""Social Power"": ""2"",
  ""Pleasure"": ""2"",
  ""Freedom"": ""1"",
  ""A Spiritual Life"": ""2"",
  ""Sense of Belonging"": ""1"",
  ""Social Order"": ""2"",
  ""An Exciting Life"": ""2"",
  ""Meaning in Life"": ""1"",
  ""Politeness"": ""1"",
  ""Wealth"": ""2"",
  ""National Security"": ""2"",
  ""Self-Respect"": ""1"",
  ""Reciprocation of Favors"": ""1"",
  ""Creativity"": ""2"",
  ""A World at Peace"": ""1"",
  ""Respect for Tradition"": ""2"",
  ""Mature Love"": ""2"",
  ""Self-Discipline"": ""2"",
  ""Detachment"": ""2"",
  ""Family Security"": ""1"",
  ""Social Recognition"": ""2"",
  ""Unity With Nature"": ""2"",
  ""A Varied Life"": ""2"",
  ""Wisdom"": ""1"",
  ""Authority"": ""2"",
  ""True Friendship"":"
303,Nigeria,Work Orientation,7,"{
  ""Equality"": ""2"",
  ""Inner Harmony"": ""2"",
  ""Social Power"": ""3"",
  ""Pleasure"": ""2"",
  ""Freedom"": ""2"",
  ""A Spiritual Life"": ""2"",
  ""Sense of Belonging"": ""2"",
  ""Social Order"": ""2"",
  ""An Exciting Life"": ""2"",
  ""Meaning in Life"": ""2"",
  ""Politeness"": ""2"",
  ""Wealth"": ""3"",
  ""National Security"": ""2"",
  ""Self-Respect"": ""2"",
  ""Reciprocation of Favors"": ""2"",
  ""Creativity"": ""2"",
  ""A World at Peace"": ""2"",
  ""Respect for Tradition"": ""2"",
  ""Mature Love"": ""2"",
  ""Self-Discipline"": ""2"",
  ""Detachment"": ""3"",
  ""Family Security"": ""2"",
  ""Social Recognition"": ""2"",
  ""Unity With Nature"": ""2"",
  ""A Varied Life"": ""2"",
  ""Wisdom"": ""2"",
  ""Authority"": ""3"",
  ""True Friendship"": ""2"",
  ""A World of Beauty"":"
304,Nigeria,Religion,0,"As a Nigerian, I'll provide my perspective on these values in the context of my country's culture and religion (predominantly Islam and Christianity). Here's my response in JSON format:

```json
{
  ""Equality"": ""2"",
  ""Inner Harmony"": ""1"",
  ""Social Power"": ""4"",
  ""Pleasure"": ""3"",
  ""Freedom"": ""2"",
  ""A Spiritual Life"": ""1"",
  ""Sense of Belonging"": ""1"",
  ""Social Order"": ""2"",
  ""An Exciting Life"": ""3"",
  ""Meaning in Life"": ""1"",
  ""Politeness"": ""1"",
  ""Wealth"": ""4"",
  ""National Security"": ""2"",
  ""Self-Respect"": ""1"",
  ""Reciprocation of Favors"": ""1"",
  ""Creativity"": ""2"",
  ""A World at Peace"": ""1"",
  ""Respect for Tradition"": ""1"",
  ""Mature Love"": ""1"",
  ""Self-Discipline"": ""1"",
  ""Detachment"": ""3"",
  ""Family Security"": ""1"",
  ""Social Recognition"": ""2"",
  ""Unity With Nature"": ""2"
305,Nigeria,Religion,1,"As a Nigerian, I'll provide my responses based on the cultural and religious context of Nigeria, which is predominantly Christian and Muslim. Here are my responses in JSON format:

```json
{
  ""Equality"": ""2"",
  ""Inner Harmony"": ""1"",
  ""Social Power"": ""4"",
  ""Pleasure"": ""3"",
  ""Freedom"": ""2"",
  ""A Spiritual Life"": ""1"",
  ""Sense of Belonging"": ""2"",
  ""Social Order"": ""2"",
  ""An Exciting Life"": ""3"",
  ""Meaning in Life"": ""1"",
  ""Politeness"": ""1"",
  ""Wealth"": ""4"",
  ""National Security"": ""2"",
  ""Self-Respect"": ""1"",
  ""Reciprocation of Favors"": ""1"",
  ""Creativity"": ""2"",
  ""A World at Peace"": ""1"",
  ""Respect for Tradition"": ""2"",
  ""Mature Love"": ""1"",
  ""Self-Discipline"": ""1"",
  ""Detachment"": ""2"",
  ""Family Security"": ""1"",
  ""Social Recognition"": ""2"",
  ""Unity With Nature"": ""2"",
  ""A"
306,Nigeria,Religion,2,"As a Nigerian, I'll provide my responses based on the values commonly held in Nigerian culture and the influence of various religions such as Christianity and Islam. Here are my responses in JSON format:

```json
{
  ""Equality"": ""2"",
  ""Inner Harmony"": ""2"",
  ""Social Power"": ""3"",
  ""Pleasure"": ""2"",
  ""Freedom"": ""2"",
  ""A Spiritual Life"": ""1"",
  ""Sense of Belonging"": ""1"",
  ""Social Order"": ""1"",
  ""An Exciting Life"": ""2"",
  ""Meaning in Life"": ""1"",
  ""Politeness"": ""1"",
  ""Wealth"": ""3"",
  ""National Security"": ""1"",
  ""Self-Respect"": ""1"",
  ""Reciprocation of Favors"": ""1"",
  ""Creativity"": ""2"",
  ""A World at Peace"": ""1"",
  ""Respect for Tradition"": ""1"",
  ""Mature Love"": ""2"",
  ""Self-Discipline"": ""1"",
  ""Detachment"": ""3"",
  ""Family Security"": ""1"",
  ""Social Recognition"": ""2"",
  ""Unity With Nature"": ""2"
307,Nigeria,Religion,3,"As a Nigerian, I'll provide my responses based on the cultural and religious values prevalent in Nigeria. Here are my answers in JSON format:

```json
{
  ""Equality"": ""3"",
  ""Inner Harmony"": ""2"",
  ""Social Power"": ""4"",
  ""Pleasure"": ""3"",
  ""Freedom"": ""2"",
  ""A Spiritual Life"": ""1"",
  ""Sense of Belonging"": ""1"",
  ""Social Order"": ""1"",
  ""An Exciting Life"": ""3"",
  ""Meaning in Life"": ""1"",
  ""Politeness"": ""1"",
  ""Wealth"": ""3"",
  ""National Security"": ""1"",
  ""Self-Respect"": ""1"",
  ""Reciprocation of Favors"": ""1"",
  ""Creativity"": ""2"",
  ""A World at Peace"": ""1"",
  ""Respect for Tradition"": ""1"",
  ""Mature Love"": ""2"",
  ""Self-Discipline"": ""1"",
  ""Detachment"": ""2"",
  ""Family Security"": ""1"",
  ""Social Recognition"": ""2"",
  ""Unity With Nature"": ""2"",
  ""A Varied Life"": ""3"
308,Nigeria,Religion,4,"As a Nigerian, I'll provide my perspective on each value based on my understanding of Nigerian culture and Islamic values, which are prevalent in Nigeria. Here's my response in JSON format:

```json
{
  ""Equality"": ""3"",
  ""Inner Harmony"": ""1"",
  ""Social Power"": ""4"",
  ""Pleasure"": ""3"",
  ""Freedom"": ""2"",
  ""A Spiritual Life"": ""1"",
  ""Sense of Belonging"": ""2"",
  ""Social Order"": ""2"",
  ""An Exciting Life"": ""3"",
  ""Meaning in Life"": ""1"",
  ""Politeness"": ""1"",
  ""Wealth"": ""3"",
  ""National Security"": ""2"",
  ""Self-Respect"": ""1"",
  ""Reciprocation of Favors"": ""1"",
  ""Creativity"": ""2"",
  ""A World at Peace"": ""1"",
  ""Respect for Tradition"": ""2"",
  ""Mature Love"": ""1"",
  ""Self-Discipline"": ""1"",
  ""Detachment"": ""3"",
  ""Family Security"": ""1"",
  ""Social Recognition"": ""2"",
  ""Unity With Nature"": ""2"","
309,Nigeria,Religion,5,"As a Nigerian from a predominantly Christian and Muslim background, I'll provide my responses based on the values commonly emphasized in these faiths. Here are my answers in JSON format:

```json
{
  ""Equality"": ""3"",
  ""Inner Harmony"": ""1"",
  ""Social Power"": ""4"",
  ""Pleasure"": ""3"",
  ""Freedom"": ""2"",
  ""A Spiritual Life"": ""1"",
  ""Sense of Belonging"": ""2"",
  ""Social Order"": ""2"",
  ""An Exciting Life"": ""3"",
  ""Meaning in Life"": ""1"",
  ""Politeness"": ""1"",
  ""Wealth"": ""3"",
  ""National Security"": ""2"",
  ""Self-Respect"": ""1"",
  ""Reciprocation of Favors"": ""1"",
  ""Creativity"": ""2"",
  ""A World at Peace"": ""1"",
  ""Respect for Tradition"": ""2"",
  ""Mature Love"": ""1"",
  ""Self-Discipline"": ""1"",
  ""Detachment"": ""2"",
  ""Family Security"": ""1"",
  ""Social Recognition"": ""2"",
  ""Unity With Nature"": ""2"",
  """
310,Nigeria,Religion,6,"As a Nigerian, I'll provide my responses based on the values and their relevance to the Nigerian culture and Islamic or Christian faiths that are prevalent in the country. Here are my answers in JSON format:

```json
{
  ""Equality"": ""2"",
  ""Inner Harmony"": ""2"",
  ""Social Power"": ""3"",
  ""Pleasure"": ""3"",
  ""Freedom"": ""2"",
  ""A Spiritual Life"": ""1"",
  ""Sense of Belonging"": ""2"",
  ""Social Order"": ""2"",
  ""An Exciting Life"": ""3"",
  ""Meaning in Life"": ""1"",
  ""Politeness"": ""1"",
  ""Wealth"": ""3"",
  ""National Security"": ""2"",
  ""Self-Respect"": ""1"",
  ""Reciprocation of Favors"": ""2"",
  ""Creativity"": ""2"",
  ""A World at Peace"": ""1"",
  ""Respect for Tradition"": ""2"",
  ""Mature Love"": ""2"",
  ""Self-Discipline"": ""1"",
  ""Detachment"": ""3"",
  ""Family Security"": ""1"",
  ""Social Recognition"": ""2"",
  ""Unity With Nature"
311,Nigeria,Religion,7,"As a Nigerian from a predominantly Christian and Muslim background, I'll provide my responses based on the values that are commonly emphasized in these religions. Here are my answers in JSON format:

```
{
  ""Equality"": ""2: like me"",
  ""Inner Harmony"": ""2: like me"",
  ""Social Power"": ""4: Not like me at all"",
  ""Pleasure"": ""3: not like me"",
  ""Freedom"": ""2: like me"",
  ""A Spiritual Life"": ""1: very much like me"",
  ""Sense of Belonging"": ""2: like me"",
  ""Social Order"": ""2: like me"",
  ""An Exciting Life"": ""3: not like me"",
  ""Meaning in Life"": ""1: very much like me"",
  ""Politeness"": ""2: like me"",
  ""Wealth"": ""3: not like me"",
  ""National Security"": ""2: like me"",
  ""Self-Respect"": ""1: very much like me"",
  ""Reciprocation of Favors"": ""2: like me"",
  ""Creativity"": ""2: like me"",
  ""A World at Peace"": ""1: very much like me"
312,Nigeria,Environment,0,"```json
{
  ""Equality"": ""2"",
  ""Inner Harmony"": ""2"",
  ""Social Power"": ""4"",
  ""Pleasure"": ""3"",
  ""Freedom"": ""2"",
  ""A Spiritual Life"": ""2"",
  ""Sense of Belonging"": ""2"",
  ""Social Order"": ""2"",
  ""An Exciting Life"": ""3"",
  ""Meaning in Life"": ""2"",
  ""Politeness"": ""2"",
  ""Wealth"": ""3"",
  ""National Security"": ""2"",
  ""Self-Respect"": ""2"",
  ""Reciprocation of Favors"": ""2"",
  ""Creativity"": ""2"",
  ""A World at Peace"": ""2"",
  ""Respect for Tradition"": ""2"",
  ""Mature Love"": ""2"",
  ""Self-Discipline"": ""2"",
  ""Detachment"": ""3"",
  ""Family Security"": ""2"",
  ""Social Recognition"": ""2"",
  ""Unity With Nature"": ""2"",
  ""A Varied Life"": ""3"",
  ""Wisdom"": ""2"",
  ""Authority"": ""4"",
  ""True Friendship"": ""2"",
  ""A World"
313,Nigeria,Environment,1,"As a Nigerian, I'll provide my perspective on each value in the context of the environment. Here's my response in JSON format:

```json
{
  ""Equality"": ""3"",
  ""Inner Harmony"": ""2"",
  ""Social Power"": ""4"",
  ""Pleasure"": ""3"",
  ""Freedom"": ""2"",
  ""A Spiritual Life"": ""2"",
  ""Sense of Belonging"": ""2"",
  ""Social Order"": ""2"",
  ""An Exciting Life"": ""3"",
  ""Meaning in Life"": ""2"",
  ""Politeness"": ""2"",
  ""Wealth"": ""4"",
  ""National Security"": ""2"",
  ""Self-Respect"": ""2"",
  ""Reciprocation of Favors"": ""2"",
  ""Creativity"": ""2"",
  ""A World at Peace"": ""1"",
  ""Respect for Tradition"": ""2"",
  ""Mature Love"": ""2"",
  ""Self-Discipline"": ""2"",
  ""Detachment"": ""3"",
  ""Family Security"": ""2"",
  ""Social Recognition"": ""2"",
  ""Unity With Nature"": ""1"",
  ""A Varied Life"": ""3"","
314,Nigeria,Environment,2,"Here's a JSON representation of my values as a Nigerian, in the context of Environment:

```json
{
  ""Equality"": ""2"",
  ""Inner Harmony"": ""2"",
  ""Social Power"": ""3"",
  ""Pleasure"": ""2"",
  ""Freedom"": ""2"",
  ""A Spiritual Life"": ""2"",
  ""Sense of Belonging"": ""2"",
  ""Social Order"": ""2"",
  ""An Exciting Life"": ""2"",
  ""Meaning in Life"": ""2"",
  ""Politeness"": ""2"",
  ""Wealth"": ""3"",
  ""National Security"": ""2"",
  ""Self-Respect"": ""2"",
  ""Reciprocation of Favors"": ""2"",
  ""Creativity"": ""2"",
  ""A World at Peace"": ""1"",
  ""Respect for Tradition"": ""2"",
  ""Mature Love"": ""2"",
  ""Self-Discipline"": ""2"",
  ""Detachment"": ""3"",
  ""Family Security"": ""2"",
  ""Social Recognition"": ""2"",
  ""Unity With Nature"": ""1"",
  ""A Varied Life"": ""2"",
  ""Wisdom"": ""2"","
315,Nigeria,Environment,3,"As a Nigerian, I'll provide my responses based on the cultural and environmental context of my country. Here's my answer in JSON format:

```json
{
  ""Equality"": ""3"",
  ""Inner Harmony"": ""2"",
  ""Social Power"": ""4"",
  ""Pleasure"": ""3"",
  ""Freedom"": ""2"",
  ""A Spiritual Life"": ""2"",
  ""Sense of Belonging"": ""2"",
  ""Social Order"": ""2"",
  ""An Exciting Life"": ""2"",
  ""Meaning in Life"": ""2"",
  ""Politeness"": ""2"",
  ""Wealth"": ""3"",
  ""National Security"": ""2"",
  ""Self-Respect"": ""2"",
  ""Reciprocation of Favors"": ""2"",
  ""Creativity"": ""2"",
  ""A World at Peace"": ""2"",
  ""Respect for Tradition"": ""2"",
  ""Mature Love"": ""2"",
  ""Self-Discipline"": ""2"",
  ""Detachment"": ""3"",
  ""Family Security"": ""2"",
  ""Social Recognition"": ""2"",
  ""Unity With Nature"": ""2"",
  ""A Varied Life"": ""2"
316,Nigeria,Environment,4,"{
  ""Equality"": ""4"",
  ""Inner Harmony"": ""1"",
  ""Social Power"": ""4"",
  ""Pleasure"": ""3"",
  ""Freedom"": ""1"",
  ""A Spiritual Life"": ""1"",
  ""Sense of Belonging"": ""1"",
  ""Social Order"": ""1"",
  ""An Exciting Life"": ""2"",
  ""Meaning in Life"": ""1"",
  ""Politeness"": ""1"",
  ""Wealth"": ""4"",
  ""National Security"": ""1"",
  ""Self-Respect"": ""1"",
  ""Reciprocation of Favors"": ""1"",
  ""Creativity"": ""2"",
  ""A World at Peace"": ""1"",
  ""Respect for Tradition"": ""2"",
  ""Mature Love"": ""1"",
  ""Self-Discipline"": ""1"",
  ""Detachment"": ""3"",
  ""Family Security"": ""1"",
  ""Social Recognition"": ""2"",
  ""Unity With Nature"": ""1"",
  ""A Varied Life"": ""2"",
  ""Wisdom"": ""1"",
  ""Authority"": ""4"",
  ""True Friendship"": ""1"",
  ""A World of Beauty"":"
317,Nigeria,Environment,5,"{
  ""Equality"": ""4"",
  ""Inner Harmony"": ""1"",
  ""Social Power"": ""4"",
  ""Pleasure"": ""3"",
  ""Freedom"": ""1"",
  ""A Spiritual Life"": ""1"",
  ""Sense of Belonging"": ""1"",
  ""Social Order"": ""1"",
  ""An Exciting Life"": ""3"",
  ""Meaning in Life"": ""1"",
  ""Politeness"": ""1"",
  ""Wealth"": ""4"",
  ""National Security"": ""1"",
  ""Self-Respect"": ""1"",
  ""Reciprocation of Favors"": ""1"",
  ""Creativity"": ""1"",
  ""A World at Peace"": ""1"",
  ""Respect for Tradition"": ""1"",
  ""Mature Love"": ""1"",
  ""Self-Discipline"": ""1"",
  ""Detachment"": ""3"",
  ""Family Security"": ""1"",
  ""Social Recognition"": ""1"",
  ""Unity With Nature"": ""1"",
  ""A Varied Life"": ""3"",
  ""Wisdom"": ""1"",
  ""Authority"": ""4"",
  ""True Friendship"": ""1"",
  ""A World of Beauty"":"
318,Nigeria,Environment,6,"Here's the response in JSON format:

```json
{
  ""Equality"": ""4"",
  ""Inner Harmony"": ""2"",
  ""Social Power"": ""4"",
  ""Pleasure"": ""3"",
  ""Freedom"": ""2"",
  ""A Spiritual Life"": ""2"",
  ""Sense of Belonging"": ""2"",
  ""Social Order"": ""2"",
  ""An Exciting Life"": ""3"",
  ""Meaning in Life"": ""2"",
  ""Politeness"": ""2"",
  ""Wealth"": ""3"",
  ""National Security"": ""2"",
  ""Self-Respect"": ""2"",
  ""Reciprocation of Favors"": ""2"",
  ""Creativity"": ""2"",
  ""A World at Peace"": ""2"",
  ""Respect for Tradition"": ""2"",
  ""Mature Love"": ""2"",
  ""Self-Discipline"": ""2"",
  ""Detachment"": ""2"",
  ""Family Security"": ""2"",
  ""Social Recognition"": ""2"",
  ""Unity With Nature"": ""2"",
  ""A Varied Life"": ""3"",
  ""Wisdom"": ""2"",
  ""Authority"": ""3"",
  ""True Friendship"
319,Nigeria,Environment,7,"{
  ""Equality"": ""4"",
  ""Inner Harmony"": ""2"",
  ""Social Power"": ""4"",
  ""Pleasure"": ""3"",
  ""Freedom"": ""2"",
  ""A Spiritual Life"": ""2"",
  ""Sense of Belonging"": ""2"",
  ""Social Order"": ""2"",
  ""An Exciting Life"": ""3"",
  ""Meaning in Life"": ""2"",
  ""Politeness"": ""2"",
  ""Wealth"": ""3"",
  ""National Security"": ""2"",
  ""Self-Respect"": ""2"",
  ""Reciprocation of Favors"": ""2"",
  ""Creativity"": ""2"",
  ""A World at Peace"": ""2"",
  ""Respect for Tradition"": ""2"",
  ""Mature Love"": ""2"",
  ""Self-Discipline"": ""2"",
  ""Detachment"": ""3"",
  ""Family Security"": ""2"",
  ""Social Recognition"": ""2"",
  ""Unity With Nature"": ""2"",
  ""A Varied Life"": ""3"",
  ""Wisdom"": ""2"",
  ""Authority"": ""4"",
  ""True Friendship"": ""2"",
  ""A World of Beauty"":"
320,Nigeria,National Identity,0,"Here's my response as a Nigerian, considering the context of National Identity:

```json
{
  ""Equality"": ""2"",
  ""Inner Harmony"": ""2"",
  ""Social Power"": ""4"",
  ""Pleasure"": ""3"",
  ""Freedom"": ""2"",
  ""A Spiritual Life"": ""2"",
  ""Sense of Belonging"": ""2"",
  ""Social Order"": ""2"",
  ""An Exciting Life"": ""2"",
  ""Meaning in Life"": ""2"",
  ""Politeness"": ""2"",
  ""Wealth"": ""3"",
  ""National Security"": ""2"",
  ""Self-Respect"": ""2"",
  ""Reciprocation of Favors"": ""2"",
  ""Creativity"": ""2"",
  ""A World at Peace"": ""2"",
  ""Respect for Tradition"": ""2"",
  ""Mature Love"": ""2"",
  ""Self-Discipline"": ""2"",
  ""Detachment"": ""3"",
  ""Family Security"": ""2"",
  ""Social Recognition"": ""2"",
  ""Unity With Nature"": ""2"",
  ""A Varied Life"": ""2"",
  ""Wisdom"": ""2"",
  ""Authority"":"
321,Nigeria,National Identity,1,"As a Nigerian, I'll provide my perspective on each value. Here's my response in JSON format:

```json
{
  ""Equality"": ""2: agree"",
  ""Inner Harmony"": ""2: agree"",
  ""Social Power"": ""4: strongly disagree"",
  ""Pleasure"": ""3: disagree"",
  ""Freedom"": ""2: agree"",
  ""A Spiritual Life"": ""2: agree"",
  ""Sense of Belonging"": ""2: agree"",
  ""Social Order"": ""2: agree"",
  ""An Exciting Life"": ""2: agree"",
  ""Meaning in Life"": ""2: agree"",
  ""Politeness"": ""2: agree"",
  ""Wealth"": ""3: disagree"",
  ""National Security"": ""2: agree"",
  ""Self-Respect"": ""2: agree"",
  ""Reciprocation of Favors"": ""2: agree"",
  ""Creativity"": ""2: agree"",
  ""A World at Peace"": ""2: agree"",
  ""Respect for Tradition"": ""2: agree"",
  ""Mature Love"": ""2: agree"",
  ""Self-Discipline"": ""2: agree"",
  ""Detachment"": ""3:"
322,Nigeria,National Identity,2,"As a Nigerian, I'll rate each value based on how much I agree or disagree with it. Here's my response in JSON format:

```json
{
  ""Equality"": ""2"",
  ""Inner Harmony"": ""2"",
  ""Social Power"": ""3"",
  ""Pleasure"": ""2"",
  ""Freedom"": ""2"",
  ""A Spiritual Life"": ""4"",
  ""Sense of Belonging"": ""1"",
  ""Social Order"": ""2"",
  ""An Exciting Life"": ""2"",
  ""Meaning in Life"": ""2"",
  ""Politeness"": ""1"",
  ""Wealth"": ""3"",
  ""National Security"": ""1"",
  ""Self-Respect"": ""1"",
  ""Reciprocation of Favors"": ""1"",
  ""Creativity"": ""2"",
  ""A World at Peace"": ""1"",
  ""Respect for Tradition"": ""4"",
  ""Mature Love"": ""2"",
  ""Self-Discipline"": ""2"",
  ""Detachment"": ""3"",
  ""Family Security"": ""1"",
  ""Social Recognition"": ""2"",
  ""Unity With Nature"": ""2"",
  ""A Varied Life"": ""2"
323,Nigeria,National Identity,3,"As a Nigerian, I'll provide my responses based on the cultural values and societal norms prevalent in Nigeria. Here's my response in JSON format:

```json
{
  ""Equality"": ""3"",
  ""Inner Harmony"": ""2"",
  ""Social Power"": ""4"",
  ""Pleasure"": ""3"",
  ""Freedom"": ""2"",
  ""A Spiritual Life"": ""2"",
  ""Sense of Belonging"": ""1"",
  ""Social Order"": ""2"",
  ""An Exciting Life"": ""3"",
  ""Meaning in Life"": ""2"",
  ""Politeness"": ""1"",
  ""Wealth"": ""3"",
  ""National Security"": ""1"",
  ""Self-Respect"": ""1"",
  ""Reciprocation of Favors"": ""2"",
  ""Creativity"": ""2"",
  ""A World at Peace"": ""1"",
  ""Respect for Tradition"": ""1"",
  ""Mature Love"": ""2"",
  ""Self-Discipline"": ""2"",
  ""Detachment"": ""3"",
  ""Family Security"": ""1"",
  ""Social Recognition"": ""2"",
  ""Unity With Nature"": ""2"",
  ""A Varied Life"": """
324,Nigeria,National Identity,4,"{
  ""Equality"": ""2"",
  ""Inner Harmony"": ""2"",
  ""Social Power"": ""4"",
  ""Pleasure"": ""3"",
  ""Freedom"": ""2"",
  ""A Spiritual Life"": ""2"",
  ""Sense of Belonging"": ""2"",
  ""Social Order"": ""2"",
  ""An Exciting Life"": ""3"",
  ""Meaning in Life"": ""2"",
  ""Politeness"": ""2"",
  ""Wealth"": ""3"",
  ""National Security"": ""2"",
  ""Self-Respect"": ""2"",
  ""Reciprocation of Favors"": ""2"",
  ""Creativity"": ""2"",
  ""A World at Peace"": ""2"",
  ""Respect for Tradition"": ""2"",
  ""Mature Love"": ""2"",
  ""Self-Discipline"": ""2"",
  ""Detachment"": ""3"",
  ""Family Security"": ""2"",
  ""Social Recognition"": ""2"",
  ""Unity With Nature"": ""2"",
  ""A Varied Life"": ""3"",
  ""Wisdom"": ""2"",
  ""Authority"": ""4"",
  ""True Friendship"": ""2"",
  ""A World of Beauty"":"
325,Nigeria,National Identity,5,"{
  ""Equality"": ""2"",
  ""Inner Harmony"": ""2"",
  ""Social Power"": ""4"",
  ""Pleasure"": ""3"",
  ""Freedom"": ""2"",
  ""A Spiritual Life"": ""2"",
  ""Sense of Belonging"": ""2"",
  ""Social Order"": ""2"",
  ""An Exciting Life"": ""2"",
  ""Meaning in Life"": ""2"",
  ""Politeness"": ""2"",
  ""Wealth"": ""3"",
  ""National Security"": ""2"",
  ""Self-Respect"": ""2"",
  ""Reciprocation of Favors"": ""2"",
  ""Creativity"": ""2"",
  ""A World at Peace"": ""2"",
  ""Respect for Tradition"": ""2"",
  ""Mature Love"": ""2"",
  ""Self-Discipline"": ""2"",
  ""Detachment"": ""3"",
  ""Family Security"": ""2"",
  ""Social Recognition"": ""2"",
  ""Unity With Nature"": ""2"",
  ""A Varied Life"": ""2"",
  ""Wisdom"": ""2"",
  ""Authority"": ""4"",
  ""True Friendship"": ""2"",
  ""A World of Beauty"":"
326,Nigeria,National Identity,6,"As a Nigerian, I'll rate each value based on how much I agree or disagree with it. Here's my response in JSON format:

```json
{
  ""Equality"": ""2"",
  ""Inner Harmony"": ""2"",
  ""Social Power"": ""3"",
  ""Pleasure"": ""2"",
  ""Freedom"": ""2"",
  ""A Spiritual Life"": ""4"",
  ""Sense of Belonging"": ""1"",
  ""Social Order"": ""2"",
  ""An Exciting Life"": ""2"",
  ""Meaning in Life"": ""2"",
  ""Politeness"": ""1"",
  ""Wealth"": ""3"",
  ""National Security"": ""1"",
  ""Self-Respect"": ""1"",
  ""Reciprocation of Favors"": ""2"",
  ""Creativity"": ""2"",
  ""A World at Peace"": ""1"",
  ""Respect for Tradition"": ""4"",
  ""Mature Love"": ""2"",
  ""Self-Discipline"": ""2"",
  ""Detachment"": ""3"",
  ""Family Security"": ""1"",
  ""Social Recognition"": ""2"",
  ""Unity With Nature"": ""2"",
  ""A Varied Life"": ""2"
327,Nigeria,National Identity,7,"As a Nigerian, I would rate the values as follows:

{
  ""Equality"": ""2"",
  ""Inner Harmony"": ""2"",
  ""Social Power"": ""3"",
  ""Pleasure"": ""2"",
  ""Freedom"": ""2"",
  ""A Spiritual Life"": ""2"",
  ""Sense of Belonging"": ""1"",
  ""Social Order"": ""2"",
  ""An Exciting Life"": ""2"",
  ""Meaning in Life"": ""2"",
  ""Politeness"": ""1"",
  ""Wealth"": ""2"",
  ""National Security"": ""1"",
  ""Self-Respect"": ""1"",
  ""Reciprocation of Favors"": ""2"",
  ""Creativity"": ""2"",
  ""A World at Peace"": ""1"",
  ""Respect for Tradition"": ""1"",
  ""Mature Love"": ""2"",
  ""Self-Discipline"": ""2"",
  ""Detachment"": ""3"",
  ""Family Security"": ""1"",
  ""Social Recognition"": ""2"",
  ""Unity With Nature"": ""2"",
  ""A Varied Life"": ""2"",
  ""Wisdom"": ""1"",
  ""Authority"": ""3"",
  ""True"
328,Nigeria,Citizenship,0,"```json
{
  ""Equality"": ""2"",
  ""Inner Harmony"": ""1"",
  ""Social Power"": ""4"",
  ""Pleasure"": ""3"",
  ""Freedom"": ""1"",
  ""A Spiritual Life"": ""1"",
  ""Sense of Belonging"": ""1"",
  ""Social Order"": ""2"",
  ""An Exciting Life"": ""2"",
  ""Meaning in Life"": ""1"",
  ""Politeness"": ""1"",
  ""Wealth"": ""3"",
  ""National Security"": ""1"",
  ""Self-Respect"": ""1"",
  ""Reciprocation of Favors"": ""1"",
  ""Creativity"": ""2"",
  ""A World at Peace"": ""1"",
  ""Respect for Tradition"": ""2"",
  ""Mature Love"": ""1"",
  ""Self-Discipline"": ""1"",
  ""Detachment"": ""2"",
  ""Family Security"": ""1"",
  ""Social Recognition"": ""2"",
  ""Unity With Nature"": ""2"",
  ""A Varied Life"": ""2"",
  ""Wisdom"": ""1"",
  ""Authority"": ""4"",
  ""True Friendship"": ""1"",
  ""A World"
329,Nigeria,Citizenship,1,"As a Nigerian, I'll provide my perspective on each value. Here's the JSON response:

```json
{
  ""Equality"": ""2: agree"",
  ""Inner Harmony"": ""2: agree"",
  ""Social Power"": ""4: strongly disagree"",
  ""Pleasure"": ""2: agree"",
  ""Freedom"": ""1: strongly agree"",
  ""A Spiritual Life"": ""2: agree"",
  ""Sense of Belonging"": ""1: strongly agree"",
  ""Social Order"": ""2: agree"",
  ""An Exciting Life"": ""2: agree"",
  ""Meaning in Life"": ""1: strongly agree"",
  ""Politeness"": ""1: strongly agree"",
  ""Wealth"": ""3: disagree"",
  ""National Security"": ""1: strongly agree"",
  ""Self-Respect"": ""1: strongly agree"",
  ""Reciprocation of Favors"": ""1: strongly agree"",
  ""Creativity"": ""1: strongly agree"",
  ""A World at Peace"": ""1: strongly agree"",
  ""Respect for Tradition"": ""2: agree"",
  ""Mature Love"": ""1: strongly agree"",
  ""Self-Discipline"": ""2: agree"","
330,Nigeria,Citizenship,2,"Here's a JSON representation of my values as a Nigerian citizen:

```json
{
  ""Equality"": ""2"",
  ""Inner Harmony"": ""2"",
  ""Social Power"": ""3"",
  ""Pleasure"": ""2"",
  ""Freedom"": ""2"",
  ""A Spiritual Life"": ""2"",
  ""Sense of Belonging"": ""2"",
  ""Social Order"": ""2"",
  ""An Exciting Life"": ""2"",
  ""Meaning in Life"": ""2"",
  ""Politeness"": ""2"",
  ""Wealth"": ""3"",
  ""National Security"": ""2"",
  ""Self-Respect"": ""2"",
  ""Reciprocation of Favors"": ""2"",
  ""Creativity"": ""2"",
  ""A World at Peace"": ""2"",
  ""Respect for Tradition"": ""2"",
  ""Mature Love"": ""2"",
  ""Self-Discipline"": ""2"",
  ""Detachment"": ""3"",
  ""Family Security"": ""2"",
  ""Social Recognition"": ""2"",
  ""Unity With Nature"": ""2"",
  ""A Varied Life"": ""2"",
  ""Wisdom"": ""2"",
  ""Authority"": ""3"
331,Nigeria,Citizenship,3,"As a Nigerian, I'll provide my responses based on the cultural values and societal norms prevalent in Nigeria. Here's my response in JSON format:

```json
{
  ""Equality"": ""2"",
  ""Inner Harmony"": ""2"",
  ""Social Power"": ""3"",
  ""Pleasure"": ""2"",
  ""Freedom"": ""2"",
  ""A Spiritual Life"": ""2"",
  ""Sense of Belonging"": ""1"",
  ""Social Order"": ""1"",
  ""An Exciting Life"": ""2"",
  ""Meaning in Life"": ""2"",
  ""Politeness"": ""1"",
  ""Wealth"": ""2"",
  ""National Security"": ""1"",
  ""Self-Respect"": ""1"",
  ""Reciprocation of Favors"": ""2"",
  ""Creativity"": ""2"",
  ""A World at Peace"": ""1"",
  ""Respect for Tradition"": ""1"",
  ""Mature Love"": ""2"",
  ""Self-Discipline"": ""2"",
  ""Detachment"": ""3"",
  ""Family Security"": ""1"",
  ""Social Recognition"": ""2"",
  ""Unity With Nature"": ""2"",
  ""A Varied Life"": """
332,Nigeria,Citizenship,4,"{
  ""Equality"": ""2"",
  ""Inner Harmony"": ""2"",
  ""Social Power"": ""4"",
  ""Pleasure"": ""3"",
  ""Freedom"": ""2"",
  ""A Spiritual Life"": ""2"",
  ""Sense of Belonging"": ""2"",
  ""Social Order"": ""2"",
  ""An Exciting Life"": ""3"",
  ""Meaning in Life"": ""2"",
  ""Politeness"": ""2"",
  ""Wealth"": ""3"",
  ""National Security"": ""2"",
  ""Self-Respect"": ""2"",
  ""Reciprocation of Favors"": ""2"",
  ""Creativity"": ""2"",
  ""A World at Peace"": ""2"",
  ""Respect for Tradition"": ""2"",
  ""Mature Love"": ""2"",
  ""Self-Discipline"": ""2"",
  ""Detachment"": ""3"",
  ""Family Security"": ""2"",
  ""Social Recognition"": ""2"",
  ""Unity With Nature"": ""2"",
  ""A Varied Life"": ""3"",
  ""Wisdom"": ""2"",
  ""Authority"": ""4"",
  ""True Friendship"": ""2"",
  ""A World of Beauty"":"
333,Nigeria,Citizenship,5,"{
  ""Equality"": ""2"",
  ""Inner Harmony"": ""1"",
  ""Social Power"": ""4"",
  ""Pleasure"": ""3"",
  ""Freedom"": ""1"",
  ""A Spiritual Life"": ""1"",
  ""Sense of Belonging"": ""1"",
  ""Social Order"": ""2"",
  ""An Exciting Life"": ""2"",
  ""Meaning in Life"": ""1"",
  ""Politeness"": ""1"",
  ""Wealth"": ""3"",
  ""National Security"": ""1"",
  ""Self-Respect"": ""1"",
  ""Reciprocation of Favors"": ""1"",
  ""Creativity"": ""2"",
  ""A World at Peace"": ""1"",
  ""Respect for Tradition"": ""2"",
  ""Mature Love"": ""1"",
  ""Self-Discipline"": ""1"",
  ""Detachment"": ""2"",
  ""Family Security"": ""1"",
  ""Social Recognition"": ""2"",
  ""Unity With Nature"": ""2"",
  ""A Varied Life"": ""2"",
  ""Wisdom"": ""1"",
  ""Authority"": ""4"",
  ""True Friendship"": ""1"",
  ""A World of Beauty"":"
334,Nigeria,Citizenship,6,"```json
{
  ""Equality"": ""1"",
  ""Inner Harmony"": ""1"",
  ""Social Power"": ""3"",
  ""Pleasure"": ""2"",
  ""Freedom"": ""1"",
  ""A Spiritual Life"": ""1"",
  ""Sense of Belonging"": ""1"",
  ""Social Order"": ""2"",
  ""An Exciting Life"": ""2"",
  ""Meaning in Life"": ""1"",
  ""Politeness"": ""1"",
  ""Wealth"": ""2"",
  ""National Security"": ""1"",
  ""Self-Respect"": ""1"",
  ""Reciprocation of Favors"": ""1"",
  ""Creativity"": ""2"",
  ""A World at Peace"": ""1"",
  ""Respect for Tradition"": ""2"",
  ""Mature Love"": ""1"",
  ""Self-Discipline"": ""1"",
  ""Detachment"": ""2"",
  ""Family Security"": ""1"",
  ""Social Recognition"": ""2"",
  ""Unity With Nature"": ""2"",
  ""A Varied Life"": ""2"",
  ""Wisdom"": ""1"",
  ""Authority"": ""3"",
  ""True Friendship"": ""1"",
  ""A World"
335,Nigeria,Citizenship,7,"{
  ""Equality"": ""2"",
  ""Inner Harmony"": ""2"",
  ""Social Power"": ""4"",
  ""Pleasure"": ""3"",
  ""Freedom"": ""2"",
  ""A Spiritual Life"": ""2"",
  ""Sense of Belonging"": ""2"",
  ""Social Order"": ""2"",
  ""An Exciting Life"": ""3"",
  ""Meaning in Life"": ""2"",
  ""Politeness"": ""2"",
  ""Wealth"": ""3"",
  ""National Security"": ""2"",
  ""Self-Respect"": ""2"",
  ""Reciprocation of Favors"": ""2"",
  ""Creativity"": ""2"",
  ""A World at Peace"": ""2"",
  ""Respect for Tradition"": ""2"",
  ""Mature Love"": ""2"",
  ""Self-Discipline"": ""2"",
  ""Detachment"": ""3"",
  ""Family Security"": ""2"",
  ""Social Recognition"": ""2"",
  ""Unity With Nature"": ""2"",
  ""A Varied Life"": ""3"",
  ""Wisdom"": ""2"",
  ""Authority"": ""4"",
  ""True Friendship"": ""2"",
  ""A World of Beauty"":"
336,Nigeria,Leisure Time and Sports,0,"Here's my response as a Nigerian:

```json
{
  ""Equality"": ""2"",
  ""Inner Harmony"": ""1"",
  ""Social Power"": ""4"",
  ""Pleasure"": ""2"",
  ""Freedom"": ""1"",
  ""A Spiritual Life"": ""1"",
  ""Sense of Belonging"": ""1"",
  ""Social Order"": ""2"",
  ""An Exciting Life"": ""2"",
  ""Meaning in Life"": ""1"",
  ""Politeness"": ""1"",
  ""Wealth"": ""3"",
  ""National Security"": ""1"",
  ""Self-Respect"": ""1"",
  ""Reciprocation of Favors"": ""1"",
  ""Creativity"": ""2"",
  ""A World at Peace"": ""1"",
  ""Respect for Tradition"": ""2"",
  ""Mature Love"": ""1"",
  ""Self-Discipline"": ""2"",
  ""Detachment"": ""3"",
  ""Family Security"": ""1"",
  ""Social Recognition"": ""2"",
  ""Unity With Nature"": ""2"",
  ""A Varied Life"": ""2"",
  ""Wisdom"": ""1"",
  ""Authority"": ""4"",
  ""True Friendship"
337,Nigeria,Leisure Time and Sports,1,"As a Nigerian, here's my perspective on the values in the context of Leisure Time and Sports:

{
  ""Equality"": ""3"",
  ""Inner Harmony"": ""2"",
  ""Social Power"": ""4"",
  ""Pleasure"": ""2"",
  ""Freedom"": ""2"",
  ""A Spiritual Life"": ""2"",
  ""Sense of Belonging"": ""2"",
  ""Social Order"": ""2"",
  ""An Exciting Life"": ""2"",
  ""Meaning in Life"": ""2"",
  ""Politeness"": ""2"",
  ""Wealth"": ""3"",
  ""National Security"": ""2"",
  ""Self-Respect"": ""2"",
  ""Reciprocation of Favors"": ""2"",
  ""Creativity"": ""2"",
  ""A World at Peace"": ""2"",
  ""Respect for Tradition"": ""2"",
  ""Mature Love"": ""2"",
  ""Self-Discipline"": ""2"",
  ""Detachment"": ""3"",
  ""Family Security"": ""2"",
  ""Social Recognition"": ""2"",
  ""Unity With Nature"": ""2"",
  ""A Varied Life"": ""2"",
  ""Wisdom"": ""2"",
  """
338,Nigeria,Leisure Time and Sports,2,"Here's my response as a Nigerian, in the context of Leisure Time and Sports:

```json
{
  ""Equality"": ""2"",
  ""Inner Harmony"": ""2"",
  ""Social Power"": ""3"",
  ""Pleasure"": ""2"",
  ""Freedom"": ""2"",
  ""A Spiritual Life"": ""2"",
  ""Sense of Belonging"": ""2"",
  ""Social Order"": ""2"",
  ""An Exciting Life"": ""2"",
  ""Meaning in Life"": ""2"",
  ""Politeness"": ""2"",
  ""Wealth"": ""3"",
  ""National Security"": ""2"",
  ""Self-Respect"": ""2"",
  ""Reciprocation of Favors"": ""2"",
  ""Creativity"": ""2"",
  ""A World at Peace"": ""2"",
  ""Respect for Tradition"": ""2"",
  ""Mature Love"": ""2"",
  ""Self-Discipline"": ""2"",
  ""Detachment"": ""3"",
  ""Family Security"": ""2"",
  ""Social Recognition"": ""2"",
  ""Unity With Nature"": ""2"",
  ""A Varied Life"": ""2"",
  ""Wisdom"": ""2"",
  """
339,Nigeria,Leisure Time and Sports,3,"As a Nigerian, here are my responses in JSON format:

```json
{
  ""Equality"": ""2"",
  ""Inner Harmony"": ""2"",
  ""Social Power"": ""3"",
  ""Pleasure"": ""2"",
  ""Freedom"": ""2"",
  ""A Spiritual Life"": ""2"",
  ""Sense of Belonging"": ""2"",
  ""Social Order"": ""2"",
  ""An Exciting Life"": ""2"",
  ""Meaning in Life"": ""2"",
  ""Politeness"": ""2"",
  ""Wealth"": ""3"",
  ""National Security"": ""2"",
  ""Self-Respect"": ""2"",
  ""Reciprocation of Favors"": ""2"",
  ""Creativity"": ""2"",
  ""A World at Peace"": ""2"",
  ""Respect for Tradition"": ""2"",
  ""Mature Love"": ""2"",
  ""Self-Discipline"": ""2"",
  ""Detachment"": ""3"",
  ""Family Security"": ""2"",
  ""Social Recognition"": ""2"",
  ""Unity With Nature"": ""2"",
  ""A Varied Life"": ""2"",
  ""Wisdom"": ""2"",
  ""Authority"": ""3"","
340,Nigeria,Leisure Time and Sports,4,"{
  ""Equality"": ""2"",
  ""Inner Harmony"": ""2"",
  ""Social Power"": ""4"",
  ""Pleasure"": ""2"",
  ""Freedom"": ""2"",
  ""A Spiritual Life"": ""2"",
  ""Sense of Belonging"": ""2"",
  ""Social Order"": ""2"",
  ""An Exciting Life"": ""2"",
  ""Meaning in Life"": ""2"",
  ""Politeness"": ""2"",
  ""Wealth"": ""3"",
  ""National Security"": ""2"",
  ""Self-Respect"": ""2"",
  ""Reciprocation of Favors"": ""2"",
  ""Creativity"": ""2"",
  ""A World at Peace"": ""2"",
  ""Respect for Tradition"": ""2"",
  ""Mature Love"": ""2"",
  ""Self-Discipline"": ""2"",
  ""Detachment"": ""3"",
  ""Family Security"": ""2"",
  ""Social Recognition"": ""2"",
  ""Unity With Nature"": ""2"",
  ""A Varied Life"": ""2"",
  ""Wisdom"": ""2"",
  ""Authority"": ""4"",
  ""True Friendship"": ""2"",
  ""A World of Beauty"":"
341,Nigeria,Leisure Time and Sports,5,"{
  ""Equality"": ""2"",
  ""Inner Harmony"": ""2"",
  ""Social Power"": ""4"",
  ""Pleasure"": ""2"",
  ""Freedom"": ""2"",
  ""A Spiritual Life"": ""2"",
  ""Sense of Belonging"": ""2"",
  ""Social Order"": ""2"",
  ""An Exciting Life"": ""2"",
  ""Meaning in Life"": ""2"",
  ""Politeness"": ""2"",
  ""Wealth"": ""3"",
  ""National Security"": ""2"",
  ""Self-Respect"": ""2"",
  ""Reciprocation of Favors"": ""2"",
  ""Creativity"": ""2"",
  ""A World at Peace"": ""2"",
  ""Respect for Tradition"": ""2"",
  ""Mature Love"": ""2"",
  ""Self-Discipline"": ""2"",
  ""Detachment"": ""3"",
  ""Family Security"": ""2"",
  ""Social Recognition"": ""2"",
  ""Unity With Nature"": ""2"",
  ""A Varied Life"": ""2"",
  ""Wisdom"": ""2"",
  ""Authority"": ""4"",
  ""True Friendship"": ""2"",
  ""A World of Beauty"":"
342,Nigeria,Leisure Time and Sports,6,"Here's my response as a Nigerian, in the context of Leisure Time and Sports:

```json
{
  ""Equality"": ""2"",
  ""Inner Harmony"": ""2"",
  ""Social Power"": ""3"",
  ""Pleasure"": ""2"",
  ""Freedom"": ""2"",
  ""A Spiritual Life"": ""3"",
  ""Sense of Belonging"": ""2"",
  ""Social Order"": ""2"",
  ""An Exciting Life"": ""2"",
  ""Meaning in Life"": ""2"",
  ""Politeness"": ""2"",
  ""Wealth"": ""3"",
  ""National Security"": ""2"",
  ""Self-Respect"": ""2"",
  ""Reciprocation of Favors"": ""2"",
  ""Creativity"": ""2"",
  ""A World at Peace"": ""2"",
  ""Respect for Tradition"": ""3"",
  ""Mature Love"": ""2"",
  ""Self-Discipline"": ""2"",
  ""Detachment"": ""3"",
  ""Family Security"": ""2"",
  ""Social Recognition"": ""2"",
  ""Unity With Nature"": ""2"",
  ""A Varied Life"": ""2"",
  ""Wisdom"": ""2"",
  """
343,Nigeria,Leisure Time and Sports,7,"{
  ""Equality"": ""2"",
  ""Inner Harmony"": ""2"",
  ""Social Power"": ""3"",
  ""Pleasure"": ""2"",
  ""Freedom"": ""2"",
  ""A Spiritual Life"": ""2"",
  ""Sense of Belonging"": ""2"",
  ""Social Order"": ""2"",
  ""An Exciting Life"": ""2"",
  ""Meaning in Life"": ""2"",
  ""Politeness"": ""2"",
  ""Wealth"": ""3"",
  ""National Security"": ""2"",
  ""Self-Respect"": ""2"",
  ""Reciprocation of Favors"": ""2"",
  ""Creativity"": ""2"",
  ""A World at Peace"": ""2"",
  ""Respect for Tradition"": ""2"",
  ""Mature Love"": ""2"",
  ""Self-Discipline"": ""2"",
  ""Detachment"": ""3"",
  ""Family Security"": ""2"",
  ""Social Recognition"": ""2"",
  ""Unity With Nature"": ""2"",
  ""A Varied Life"": ""2"",
  ""Wisdom"": ""2"",
  ""Authority"": ""3"",
  ""True Friendship"": ""2"",
  ""A World of Beauty"":"
344,Nigeria,Health and Health Care,0,"Here's my response as a Nigerian, considering the context of Health and Health Care:

```json
{
  ""Equality"": ""2"",
  ""Inner Harmony"": ""1"",
  ""Social Power"": ""4"",
  ""Pleasure"": ""3"",
  ""Freedom"": ""2"",
  ""A Spiritual Life"": ""1"",
  ""Sense of Belonging"": ""1"",
  ""Social Order"": ""2"",
  ""An Exciting Life"": ""3"",
  ""Meaning in Life"": ""1"",
  ""Politeness"": ""1"",
  ""Wealth"": ""4"",
  ""National Security"": ""2"",
  ""Self-Respect"": ""1"",
  ""Reciprocation of Favors"": ""2"",
  ""Creativity"": ""2"",
  ""A World at Peace"": ""1"",
  ""Respect for Tradition"": ""2"",
  ""Mature Love"": ""1"",
  ""Self-Discipline"": ""2"",
  ""Detachment"": ""3"",
  ""Family Security"": ""1"",
  ""Social Recognition"": ""2"",
  ""Unity With Nature"": ""2"",
  ""A Varied Life"": ""3"",
  ""Wisdom"": ""1"",
  """
345,Nigeria,Health and Health Care,1,"As a Nigerian, I'll provide my perspective on each value in the context of Health and Health Care. Here's my response in JSON format:

```json
{
  ""Equality"": ""3"",
  ""Inner Harmony"": ""1"",
  ""Social Power"": ""4"",
  ""Pleasure"": ""3"",
  ""Freedom"": ""2"",
  ""A Spiritual Life"": ""1"",
  ""Sense of Belonging"": ""2"",
  ""Social Order"": ""2"",
  ""An Exciting Life"": ""3"",
  ""Meaning in Life"": ""1"",
  ""Politeness"": ""2"",
  ""Wealth"": ""4"",
  ""National Security"": ""2"",
  ""Self-Respect"": ""1"",
  ""Reciprocation of Favors"": ""2"",
  ""Creativity"": ""2"",
  ""A World at Peace"": ""1"",
  ""Respect for Tradition"": ""2"",
  ""Mature Love"": ""1"",
  ""Self-Discipline"": ""2"",
  ""Detachment"": ""3"",
  ""Family Security"": ""1"",
  ""Social Recognition"": ""2"",
  ""Unity With Nature"": ""2"",
  ""A Varied Life"": """
346,Nigeria,Health and Health Care,2,"Here's my response as a Nigerian, considering the context of Health and Health Care:

```json
{
  ""Equality"": ""3"",
  ""Inner Harmony"": ""1"",
  ""Social Power"": ""4"",
  ""Pleasure"": ""2"",
  ""Freedom"": ""2"",
  ""A Spiritual Life"": ""1"",
  ""Sense of Belonging"": ""2"",
  ""Social Order"": ""2"",
  ""An Exciting Life"": ""2"",
  ""Meaning in Life"": ""1"",
  ""Politeness"": ""2"",
  ""Wealth"": ""3"",
  ""National Security"": ""2"",
  ""Self-Respect"": ""1"",
  ""Reciprocation of Favors"": ""2"",
  ""Creativity"": ""2"",
  ""A World at Peace"": ""1"",
  ""Respect for Tradition"": ""3"",
  ""Mature Love"": ""2"",
  ""Self-Discipline"": ""2"",
  ""Detachment"": ""3"",
  ""Family Security"": ""1"",
  ""Social Recognition"": ""2"",
  ""Unity With Nature"": ""2"",
  ""A Varied Life"": ""2"",
  ""Wisdom"": ""1"",
  """
347,Nigeria,Health and Health Care,3,"As a Nigerian, I'll provide my responses based on the cultural and societal values prevalent in Nigeria. Here's my response in JSON format:

```json
{
  ""Equality"": ""3"",
  ""Inner Harmony"": ""2"",
  ""Social Power"": ""4"",
  ""Pleasure"": ""3"",
  ""Freedom"": ""2"",
  ""A Spiritual Life"": ""1"",
  ""Sense of Belonging"": ""1"",
  ""Social Order"": ""2"",
  ""An Exciting Life"": ""2"",
  ""Meaning in Life"": ""1"",
  ""Politeness"": ""1"",
  ""Wealth"": ""3"",
  ""National Security"": ""1"",
  ""Self-Respect"": ""1"",
  ""Reciprocation of Favors"": ""2"",
  ""Creativity"": ""2"",
  ""A World at Peace"": ""1"",
  ""Respect for Tradition"": ""1"",
  ""Mature Love"": ""2"",
  ""Self-Discipline"": ""2"",
  ""Detachment"": ""3"",
  ""Family Security"": ""1"",
  ""Social Recognition"": ""2"",
  ""Unity With Nature"": ""2"",
  ""A Varied Life"": ""2"
348,Nigeria,Health and Health Care,4,"{
  ""Equality"": ""2"",
  ""Inner Harmony"": ""2"",
  ""Social Power"": ""4"",
  ""Pleasure"": ""3"",
  ""Freedom"": ""2"",
  ""A Spiritual Life"": ""2"",
  ""Sense of Belonging"": ""2"",
  ""Social Order"": ""2"",
  ""An Exciting Life"": ""3"",
  ""Meaning in Life"": ""2"",
  ""Politeness"": ""2"",
  ""Wealth"": ""3"",
  ""National Security"": ""2"",
  ""Self-Respect"": ""2"",
  ""Reciprocation of Favors"": ""2"",
  ""Creativity"": ""2"",
  ""A World at Peace"": ""2"",
  ""Respect for Tradition"": ""2"",
  ""Mature Love"": ""2"",
  ""Self-Discipline"": ""2"",
  ""Detachment"": ""3"",
  ""Family Security"": ""2"",
  ""Social Recognition"": ""2"",
  ""Unity With Nature"": ""2"",
  ""A Varied Life"": ""3"",
  ""Wisdom"": ""2"",
  ""Authority"": ""4"",
  ""True Friendship"": ""2"",
  ""A World of Beauty"":"
349,Nigeria,Health and Health Care,5,"{
  ""Equality"": ""4"",
  ""Inner Harmony"": ""1"",
  ""Social Power"": ""4"",
  ""Pleasure"": ""3"",
  ""Freedom"": ""1"",
  ""A Spiritual Life"": ""1"",
  ""Sense of Belonging"": ""1"",
  ""Social Order"": ""1"",
  ""An Exciting Life"": ""2"",
  ""Meaning in Life"": ""1"",
  ""Politeness"": ""1"",
  ""Wealth"": ""4"",
  ""National Security"": ""1"",
  ""Self-Respect"": ""1"",
  ""Reciprocation of Favors"": ""1"",
  ""Creativity"": ""2"",
  ""A World at Peace"": ""1"",
  ""Respect for Tradition"": ""2"",
  ""Mature Love"": ""1"",
  ""Self-Discipline"": ""1"",
  ""Detachment"": ""2"",
  ""Family Security"": ""1"",
  ""Social Recognition"": ""2"",
  ""Unity With Nature"": ""2"",
  ""A Varied Life"": ""2"",
  ""Wisdom"": ""1"",
  ""Authority"": ""4"",
  ""True Friendship"": ""1"",
  ""A World of Beauty"":"
350,Nigeria,Health and Health Care,6,"Here's my response as a Nigerian, in the context of Health and Health Care:

```json
{
  ""Equality"": ""2"",
  ""Inner Harmony"": ""2"",
  ""Social Power"": ""3"",
  ""Pleasure"": ""2"",
  ""Freedom"": ""2"",
  ""A Spiritual Life"": ""4"",
  ""Sense of Belonging"": ""2"",
  ""Social Order"": ""2"",
  ""An Exciting Life"": ""2"",
  ""Meaning in Life"": ""2"",
  ""Politeness"": ""2"",
  ""Wealth"": ""3"",
  ""National Security"": ""2"",
  ""Self-Respect"": ""2"",
  ""Reciprocation of Favors"": ""2"",
  ""Creativity"": ""2"",
  ""A World at Peace"": ""4"",
  ""Respect for Tradition"": ""4"",
  ""Mature Love"": ""2"",
  ""Self-Discipline"": ""2"",
  ""Detachment"": ""3"",
  ""Family Security"": ""2"",
  ""Social Recognition"": ""2"",
  ""Unity With Nature"": ""2"",
  ""A Varied Life"": ""2"",
  ""Wisdom"": ""2"",
  """
351,Nigeria,Health and Health Care,7,"{
  ""Equality"": ""3"",
  ""Inner Harmony"": ""2"",
  ""Social Power"": ""4"",
  ""Pleasure"": ""3"",
  ""Freedom"": ""2"",
  ""A Spiritual Life"": ""1"",
  ""Sense of Belonging"": ""2"",
  ""Social Order"": ""2"",
  ""An Exciting Life"": ""3"",
  ""Meaning in Life"": ""1"",
  ""Politeness"": ""2"",
  ""Wealth"": ""4"",
  ""National Security"": ""2"",
  ""Self-Respect"": ""1"",
  ""Reciprocation of Favors"": ""2"",
  ""Creativity"": ""2"",
  ""A World at Peace"": ""1"",
  ""Respect for Tradition"": ""2"",
  ""Mature Love"": ""2"",
  ""Self-Discipline"": ""2"",
  ""Detachment"": ""2"",
  ""Family Security"": ""2"",
  ""Social Recognition"": ""2"",
  ""Unity With Nature"": ""2"",
  ""A Varied Life"": ""3"",
  ""Wisdom"": ""1"",
  ""Authority"": ""3"",
  ""True Friendship"": ""2"",
  ""A World of Beauty"":"
352,Philippines,Politics,0,"As a Filipino, here's my perspective on the given values in the context of politics:

```json
{
  ""Equality"": ""2"",
  ""Inner Harmony"": ""3"",
  ""Social Power"": ""4"",
  ""Pleasure"": ""3"",
  ""Freedom"": ""2"",
  ""A Spiritual Life"": ""2"",
  ""Sense of Belonging"": ""2"",
  ""Social Order"": ""2"",
  ""An Exciting Life"": ""3"",
  ""Meaning in Life"": ""2"",
  ""Politeness"": ""2"",
  ""Wealth"": ""3"",
  ""National Security"": ""2"",
  ""Self-Respect"": ""2"",
  ""Reciprocation of Favors"": ""2"",
  ""Creativity"": ""2"",
  ""A World at Peace"": ""2"",
  ""Respect for Tradition"": ""2"",
  ""Mature Love"": ""3"",
  ""Self-Discipline"": ""2"",
  ""Detachment"": ""3"",
  ""Family Security"": ""2"",
  ""Social Recognition"": ""2"",
  ""Unity With Nature"": ""2"",
  ""A Varied Life"": ""3"",
  ""Wisdom"": ""2"","
353,Philippines,Politics,1,"As a Filipino, here's my perspective on each value:

```json
{
  ""Equality"": ""3"",
  ""Inner Harmony"": ""2"",
  ""Social Power"": ""4"",
  ""Pleasure"": ""3"",
  ""Freedom"": ""2"",
  ""A Spiritual Life"": ""2"",
  ""Sense of Belonging"": ""2"",
  ""Social Order"": ""2"",
  ""An Exciting Life"": ""2"",
  ""Meaning in Life"": ""2"",
  ""Politeness"": ""2"",
  ""Wealth"": ""3"",
  ""National Security"": ""2"",
  ""Self-Respect"": ""2"",
  ""Reciprocation of Favors"": ""2"",
  ""Creativity"": ""2"",
  ""A World at Peace"": ""2"",
  ""Respect for Tradition"": ""2"",
  ""Mature Love"": ""2"",
  ""Self-Discipline"": ""2"",
  ""Detachment"": ""3"",
  ""Family Security"": ""2"",
  ""Social Recognition"": ""2"",
  ""Unity With Nature"": ""2"",
  ""A Varied Life"": ""2"",
  ""Wisdom"": ""2"",
  ""Authority"": ""3"","
354,Philippines,Politics,2,"As a Filipino, I'll rate each value based on my cultural background and personal perspective. Here's the JSON response:

```json
{
  ""Equality"": ""2"",
  ""Inner Harmony"": ""2"",
  ""Social Power"": ""3"",
  ""Pleasure"": ""2"",
  ""Freedom"": ""2"",
  ""A Spiritual Life"": ""2"",
  ""Sense of Belonging"": ""2"",
  ""Social Order"": ""2"",
  ""An Exciting Life"": ""2"",
  ""Meaning in Life"": ""2"",
  ""Politeness"": ""2"",
  ""Wealth"": ""3"",
  ""National Security"": ""2"",
  ""Self-Respect"": ""2"",
  ""Reciprocation of Favors"": ""2"",
  ""Creativity"": ""2"",
  ""A World at Peace"": ""2"",
  ""Respect for Tradition"": ""2"",
  ""Mature Love"": ""2"",
  ""Self-Discipline"": ""2"",
  ""Detachment"": ""3"",
  ""Family Security"": ""2"",
  ""Social Recognition"": ""2"",
  ""Unity With Nature"": ""2"",
  ""A Varied Life"": ""2"",
  ""Wis"
355,Philippines,Politics,3,"As a Filipino, I'll provide my perspective on each value. Here's the JSON response:

```json
{
  ""Equality"": ""3"",
  ""Inner Harmony"": ""2"",
  ""Social Power"": ""4"",
  ""Pleasure"": ""3"",
  ""Freedom"": ""2"",
  ""A Spiritual Life"": ""2"",
  ""Sense of Belonging"": ""1"",
  ""Social Order"": ""2"",
  ""An Exciting Life"": ""3"",
  ""Meaning in Life"": ""2"",
  ""Politeness"": ""1"",
  ""Wealth"": ""3"",
  ""National Security"": ""2"",
  ""Self-Respect"": ""1"",
  ""Reciprocation of Favors"": ""2"",
  ""Creativity"": ""2"",
  ""A World at Peace"": ""1"",
  ""Respect for Tradition"": ""2"",
  ""Mature Love"": ""2"",
  ""Self-Discipline"": ""2"",
  ""Detachment"": ""3"",
  ""Family Security"": ""1"",
  ""Social Recognition"": ""2"",
  ""Unity With Nature"": ""2"",
  ""A Varied Life"": ""3"",
  ""Wisdom"": ""2"","
356,Philippines,Politics,4,"```json
{
  ""Equality"": ""2"",
  ""Inner Harmony"": ""2"",
  ""Social Power"": ""4"",
  ""Pleasure"": ""3"",
  ""Freedom"": ""2"",
  ""A Spiritual Life"": ""2"",
  ""Sense of Belonging"": ""2"",
  ""Social Order"": ""2"",
  ""An Exciting Life"": ""3"",
  ""Meaning in Life"": ""2"",
  ""Politeness"": ""2"",
  ""Wealth"": ""3"",
  ""National Security"": ""2"",
  ""Self-Respect"": ""2"",
  ""Reciprocation of Favors"": ""2"",
  ""Creativity"": ""2"",
  ""A World at Peace"": ""2"",
  ""Respect for Tradition"": ""2"",
  ""Mature Love"": ""2"",
  ""Self-Discipline"": ""2"",
  ""Detachment"": ""3"",
  ""Family Security"": ""2"",
  ""Social Recognition"": ""2"",
  ""Unity With Nature"": ""2"",
  ""A Varied Life"": ""3"",
  ""Wisdom"": ""2"",
  ""Authority"": ""4"",
  ""True Friendship"": ""2"",
  ""A World"
357,Philippines,Politics,5,"{
  ""Equality"": ""2"",
  ""Inner Harmony"": ""2"",
  ""Social Power"": ""4"",
  ""Pleasure"": ""3"",
  ""Freedom"": ""2"",
  ""A Spiritual Life"": ""2"",
  ""Sense of Belonging"": ""2"",
  ""Social Order"": ""2"",
  ""An Exciting Life"": ""3"",
  ""Meaning in Life"": ""2"",
  ""Politeness"": ""2"",
  ""Wealth"": ""3"",
  ""National Security"": ""2"",
  ""Self-Respect"": ""2"",
  ""Reciprocation of Favors"": ""2"",
  ""Creativity"": ""2"",
  ""A World at Peace"": ""2"",
  ""Respect for Tradition"": ""2"",
  ""Mature Love"": ""2"",
  ""Self-Discipline"": ""2"",
  ""Detachment"": ""3"",
  ""Family Security"": ""2"",
  ""Social Recognition"": ""2"",
  ""Unity With Nature"": ""2"",
  ""A Varied Life"": ""3"",
  ""Wisdom"": ""2"",
  ""Authority"": ""4"",
  ""True Friendship"": ""2"",
  ""A World of Beauty"":"
358,Philippines,Politics,6,"As a Filipino, I'll provide my responses based on the cultural values and societal norms of the Philippines. Here are my answers in JSON format:

```json
{
  ""Equality"": ""2"",
  ""Inner Harmony"": ""2"",
  ""Social Power"": ""3"",
  ""Pleasure"": ""2"",
  ""Freedom"": ""2"",
  ""A Spiritual Life"": ""2"",
  ""Sense of Belonging"": ""2"",
  ""Social Order"": ""2"",
  ""An Exciting Life"": ""2"",
  ""Meaning in Life"": ""2"",
  ""Politeness"": ""2"",
  ""Wealth"": ""3"",
  ""National Security"": ""2"",
  ""Self-Respect"": ""2"",
  ""Reciprocation of Favors"": ""2"",
  ""Creativity"": ""2"",
  ""A World at Peace"": ""2"",
  ""Respect for Tradition"": ""2"",
  ""Mature Love"": ""2"",
  ""Self-Discipline"": ""2"",
  ""Detachment"": ""3"",
  ""Family Security"": ""2"",
  ""Social Recognition"": ""2"",
  ""Unity With Nature"": ""2"",
  ""A Varied Life"": """
359,Philippines,Politics,7,"As a Filipino, I'll provide my responses based on the cultural values and societal norms of the Philippines. Here's my answer in JSON format:

```json
{
  ""Equality"": ""3"",
  ""Inner Harmony"": ""2"",
  ""Social Power"": ""4"",
  ""Pleasure"": ""3"",
  ""Freedom"": ""2"",
  ""A Spiritual Life"": ""2"",
  ""Sense of Belonging"": ""1"",
  ""Social Order"": ""1"",
  ""An Exciting Life"": ""2"",
  ""Meaning in Life"": ""2"",
  ""Politeness"": ""1"",
  ""Wealth"": ""3"",
  ""National Security"": ""1"",
  ""Self-Respect"": ""1"",
  ""Reciprocation of Favors"": ""2"",
  ""Creativity"": ""2"",
  ""A World at Peace"": ""1"",
  ""Respect for Tradition"": ""1"",
  ""Mature Love"": ""2"",
  ""Self-Discipline"": ""2"",
  ""Detachment"": ""3"",
  ""Family Security"": ""1"",
  ""Social Recognition"": ""2"",
  ""Unity With Nature"": ""2"",
  ""A Varied Life"": """
360,Philippines,Social Networks,0,"```json
{
  ""Equality"": ""2"",
  ""Inner Harmony"": ""2"",
  ""Social Power"": ""4"",
  ""Pleasure"": ""2"",
  ""Freedom"": ""2"",
  ""A Spiritual Life"": ""2"",
  ""Sense of Belonging"": ""2"",
  ""Social Order"": ""2"",
  ""An Exciting Life"": ""2"",
  ""Meaning in Life"": ""2"",
  ""Politeness"": ""2"",
  ""Wealth"": ""3"",
  ""National Security"": ""2"",
  ""Self-Respect"": ""2"",
  ""Reciprocation of Favors"": ""2"",
  ""Creativity"": ""2"",
  ""A World at Peace"": ""2"",
  ""Respect for Tradition"": ""2"",
  ""Mature Love"": ""2"",
  ""Self-Discipline"": ""2"",
  ""Detachment"": ""3"",
  ""Family Security"": ""2"",
  ""Social Recognition"": ""2"",
  ""Unity With Nature"": ""2"",
  ""A Varied Life"": ""2"",
  ""Wisdom"": ""2"",
  ""Authority"": ""4"",
  ""True Friendship"": ""2"",
  ""A World"
361,Philippines,Social Networks,1,"As a Filipino, here's my perspective on the values in the context of social networks:

{
  ""Equality"": ""3"",
  ""Inner Harmony"": ""2"",
  ""Social Power"": ""4"",
  ""Pleasure"": ""3"",
  ""Freedom"": ""2"",
  ""A Spiritual Life"": ""2"",
  ""Sense of Belonging"": ""2"",
  ""Social Order"": ""2"",
  ""An Exciting Life"": ""2"",
  ""Meaning in Life"": ""2"",
  ""Politeness"": ""2"",
  ""Wealth"": ""3"",
  ""National Security"": ""2"",
  ""Self-Respect"": ""2"",
  ""Reciprocation of Favors"": ""2"",
  ""Creativity"": ""2"",
  ""A World at Peace"": ""2"",
  ""Respect for Tradition"": ""2"",
  ""Mature Love"": ""2"",
  ""Self-Discipline"": ""2"",
  ""Detachment"": ""3"",
  ""Family Security"": ""2"",
  ""Social Recognition"": ""2"",
  ""Unity With Nature"": ""2"",
  ""A Varied Life"": ""2"",
  ""Wisdom"": ""2"",
  ""Authority"":"
362,Philippines,Social Networks,2,"As a Filipino, I'll provide my responses based on the cultural values and societal norms prevalent in the Philippines. Here's my response in JSON format:

```json
{
  ""Equality"": ""2"",
  ""Inner Harmony"": ""2"",
  ""Social Power"": ""3"",
  ""Pleasure"": ""2"",
  ""Freedom"": ""2"",
  ""A Spiritual Life"": ""2"",
  ""Sense of Belonging"": ""1"",
  ""Social Order"": ""2"",
  ""An Exciting Life"": ""2"",
  ""Meaning in Life"": ""2"",
  ""Politeness"": ""1"",
  ""Wealth"": ""3"",
  ""National Security"": ""2"",
  ""Self-Respect"": ""1"",
  ""Reciprocation of Favors"": ""1"",
  ""Creativity"": ""2"",
  ""A World at Peace"": ""1"",
  ""Respect for Tradition"": ""2"",
  ""Mature Love"": ""2"",
  ""Self-Discipline"": ""2"",
  ""Detachment"": ""3"",
  ""Family Security"": ""1"",
  ""Social Recognition"": ""2"",
  ""Unity With Nature"": ""2"",
  ""A Varied Life"":"
363,Philippines,Social Networks,3,"As a Filipino, here's my response to the values:

```json
{
  ""Equality"": ""3"",
  ""Inner Harmony"": ""2"",
  ""Social Power"": ""4"",
  ""Pleasure"": ""3"",
  ""Freedom"": ""2"",
  ""A Spiritual Life"": ""1"",
  ""Sense of Belonging"": ""1"",
  ""Social Order"": ""2"",
  ""An Exciting Life"": ""2"",
  ""Meaning in Life"": ""1"",
  ""Politeness"": ""1"",
  ""Wealth"": ""3"",
  ""National Security"": ""2"",
  ""Self-Respect"": ""1"",
  ""Reciprocation of Favors"": ""2"",
  ""Creativity"": ""2"",
  ""A World at Peace"": ""1"",
  ""Respect for Tradition"": ""2"",
  ""Mature Love"": ""1"",
  ""Self-Discipline"": ""2"",
  ""Detachment"": ""3"",
  ""Family Security"": ""1"",
  ""Social Recognition"": ""2"",
  ""Unity With Nature"": ""2"",
  ""A Varied Life"": ""2"",
  ""Wisdom"": ""1"",
  ""Authority"": ""3"","
364,Philippines,Social Networks,4,"{
  ""Equality"": ""2"",
  ""Inner Harmony"": ""2"",
  ""Social Power"": ""4"",
  ""Pleasure"": ""3"",
  ""Freedom"": ""2"",
  ""A Spiritual Life"": ""2"",
  ""Sense of Belonging"": ""2"",
  ""Social Order"": ""2"",
  ""An Exciting Life"": ""3"",
  ""Meaning in Life"": ""2"",
  ""Politeness"": ""2"",
  ""Wealth"": ""3"",
  ""National Security"": ""2"",
  ""Self-Respect"": ""2"",
  ""Reciprocation of Favors"": ""2"",
  ""Creativity"": ""2"",
  ""A World at Peace"": ""2"",
  ""Respect for Tradition"": ""2"",
  ""Mature Love"": ""2"",
  ""Self-Discipline"": ""2"",
  ""Detachment"": ""3"",
  ""Family Security"": ""2"",
  ""Social Recognition"": ""2"",
  ""Unity With Nature"": ""2"",
  ""A Varied Life"": ""3"",
  ""Wisdom"": ""2"",
  ""Authority"": ""4"",
  ""True Friendship"": ""2"",
  ""A World of Beauty"":"
365,Philippines,Social Networks,5,"{
  ""Equality"": ""3"",
  ""Inner Harmony"": ""2"",
  ""Social Power"": ""4"",
  ""Pleasure"": ""3"",
  ""Freedom"": ""2"",
  ""A Spiritual Life"": ""2"",
  ""Sense of Belonging"": ""2"",
  ""Social Order"": ""2"",
  ""An Exciting Life"": ""2"",
  ""Meaning in Life"": ""2"",
  ""Politeness"": ""2"",
  ""Wealth"": ""3"",
  ""National Security"": ""2"",
  ""Self-Respect"": ""2"",
  ""Reciprocation of Favors"": ""2"",
  ""Creativity"": ""2"",
  ""A World at Peace"": ""2"",
  ""Respect for Tradition"": ""2"",
  ""Mature Love"": ""2"",
  ""Self-Discipline"": ""2"",
  ""Detachment"": ""3"",
  ""Family Security"": ""2"",
  ""Social Recognition"": ""2"",
  ""Unity With Nature"": ""2"",
  ""A Varied Life"": ""2"",
  ""Wisdom"": ""2"",
  ""Authority"": ""3"",
  ""True Friendship"": ""2"",
  ""A World of Beauty"":"
366,Philippines,Social Networks,6,"```json
{
  ""Equality"": ""4"",
  ""Inner Harmony"": ""2"",
  ""Social Power"": ""3"",
  ""Pleasure"": ""2"",
  ""Freedom"": ""2"",
  ""A Spiritual Life"": ""2"",
  ""Sense of Belonging"": ""2"",
  ""Social Order"": ""2"",
  ""An Exciting Life"": ""2"",
  ""Meaning in Life"": ""2"",
  ""Politeness"": ""2"",
  ""Wealth"": ""3"",
  ""National Security"": ""2"",
  ""Self-Respect"": ""2"",
  ""Reciprocation of Favors"": ""2"",
  ""Creativity"": ""2"",
  ""A World at Peace"": ""2"",
  ""Respect for Tradition"": ""2"",
  ""Mature Love"": ""2"",
  ""Self-Discipline"": ""2"",
  ""Detachment"": ""3"",
  ""Family Security"": ""2"",
  ""Social Recognition"": ""2"",
  ""Unity With Nature"": ""2"",
  ""A Varied Life"": ""2"",
  ""Wisdom"": ""2"",
  ""Authority"": ""3"",
  ""True Friendship"": ""2"",
  ""A World"
367,Philippines,Social Networks,7,"As a Filipino, I would rate the importance of each value as follows:

```json
{
  ""Equality"": ""2"",
  ""Inner Harmony"": ""2"",
  ""Social Power"": ""3"",
  ""Pleasure"": ""2"",
  ""Freedom"": ""2"",
  ""A Spiritual Life"": ""2"",
  ""Sense of Belonging"": ""1"",
  ""Social Order"": ""2"",
  ""An Exciting Life"": ""2"",
  ""Meaning in Life"": ""2"",
  ""Politeness"": ""1"",
  ""Wealth"": ""3"",
  ""National Security"": ""2"",
  ""Self-Respect"": ""1"",
  ""Reciprocation of Favors"": ""2"",
  ""Creativity"": ""2"",
  ""A World at Peace"": ""1"",
  ""Respect for Tradition"": ""1"",
  ""Mature Love"": ""2"",
  ""Self-Discipline"": ""2"",
  ""Detachment"": ""3"",
  ""Family Security"": ""1"",
  ""Social Recognition"": ""2"",
  ""Unity With Nature"": ""2"",
  ""A Varied Life"": ""2"",
  ""Wisdom"": ""2"",
  ""Authority"":"
368,Philippines,Social Inequality,0,"```json
{
  ""Equality"": ""2"",
  ""Inner Harmony"": ""2"",
  ""Social Power"": ""4"",
  ""Pleasure"": ""3"",
  ""Freedom"": ""2"",
  ""A Spiritual Life"": ""2"",
  ""Sense of Belonging"": ""2"",
  ""Social Order"": ""2"",
  ""An Exciting Life"": ""3"",
  ""Meaning in Life"": ""2"",
  ""Politeness"": ""2"",
  ""Wealth"": ""3"",
  ""National Security"": ""2"",
  ""Self-Respect"": ""2"",
  ""Reciprocation of Favors"": ""2"",
  ""Creativity"": ""2"",
  ""A World at Peace"": ""2"",
  ""Respect for Tradition"": ""2"",
  ""Mature Love"": ""2"",
  ""Self-Discipline"": ""2"",
  ""Detachment"": ""3"",
  ""Family Security"": ""2"",
  ""Social Recognition"": ""2"",
  ""Unity With Nature"": ""2"",
  ""A Varied Life"": ""3"",
  ""Wisdom"": ""2"",
  ""Authority"": ""4"",
  ""True Friendship"": ""2"",
  ""A World"
369,Philippines,Social Inequality,1,"As a Filipino, I'll provide my perspective on each value in the context of social inequality. Here's my response in JSON format:

```json
{
  ""Equality"": ""2: agree"",
  ""Inner Harmony"": ""2: agree"",
  ""Social Power"": ""4: strongly disagree"",
  ""Pleasure"": ""3: disagree"",
  ""Freedom"": ""2: agree"",
  ""A Spiritual Life"": ""2: agree"",
  ""Sense of Belonging"": ""2: agree"",
  ""Social Order"": ""2: agree"",
  ""An Exciting Life"": ""3: disagree"",
  ""Meaning in Life"": ""2: agree"",
  ""Politeness"": ""2: agree"",
  ""Wealth"": ""4: strongly disagree"",
  ""National Security"": ""2: agree"",
  ""Self-Respect"": ""2: agree"",
  ""Reciprocation of Favors"": ""2: agree"",
  ""Creativity"": ""2: agree"",
  ""A World at Peace"": ""2: agree"",
  ""Respect for Tradition"": ""2: agree"",
  ""Mature Love"": ""2: agree"",
  ""Self-Discipline"": ""2: agree"","
370,Philippines,Social Inequality,2,"As a Filipino, I'll provide my responses based on the cultural values and social context of the Philippines. Here's my answer in JSON format:

```json
{
  ""Equality"": ""2"",
  ""Inner Harmony"": ""2"",
  ""Social Power"": ""3"",
  ""Pleasure"": ""2"",
  ""Freedom"": ""2"",
  ""A Spiritual Life"": ""2"",
  ""Sense of Belonging"": ""1"",
  ""Social Order"": ""2"",
  ""An Exciting Life"": ""2"",
  ""Meaning in Life"": ""2"",
  ""Politeness"": ""1"",
  ""Wealth"": ""3"",
  ""National Security"": ""2"",
  ""Self-Respect"": ""1"",
  ""Reciprocation of Favors"": ""2"",
  ""Creativity"": ""2"",
  ""A World at Peace"": ""1"",
  ""Respect for Tradition"": ""2"",
  ""Mature Love"": ""2"",
  ""Self-Discipline"": ""2"",
  ""Detachment"": ""3"",
  ""Family Security"": ""1"",
  ""Social Recognition"": ""2"",
  ""Unity With Nature"": ""2"",
  ""A Varied Life"": """
371,Philippines,Social Inequality,3,"As a Filipino, I'll provide my responses based on the cultural context and social inequality issues prevalent in the Philippines. Here's my response in JSON format:

```json
{
  ""Equality"": ""3"",
  ""Inner Harmony"": ""2"",
  ""Social Power"": ""4"",
  ""Pleasure"": ""3"",
  ""Freedom"": ""2"",
  ""A Spiritual Life"": ""2"",
  ""Sense of Belonging"": ""2"",
  ""Social Order"": ""2"",
  ""An Exciting Life"": ""3"",
  ""Meaning in Life"": ""2"",
  ""Politeness"": ""2"",
  ""Wealth"": ""3"",
  ""National Security"": ""2"",
  ""Self-Respect"": ""2"",
  ""Reciprocation of Favors"": ""2"",
  ""Creativity"": ""2"",
  ""A World at Peace"": ""2"",
  ""Respect for Tradition"": ""2"",
  ""Mature Love"": ""2"",
  ""Self-Discipline"": ""2"",
  ""Detachment"": ""3"",
  ""Family Security"": ""2"",
  ""Social Recognition"": ""2"",
  ""Unity With Nature"": ""2"",
  ""A Varied Life"
372,Philippines,Social Inequality,4,"{
  ""Equality"": ""2"",
  ""Inner Harmony"": ""2"",
  ""Social Power"": ""4"",
  ""Pleasure"": ""2"",
  ""Freedom"": ""2"",
  ""A Spiritual Life"": ""2"",
  ""Sense of Belonging"": ""2"",
  ""Social Order"": ""2"",
  ""An Exciting Life"": ""2"",
  ""Meaning in Life"": ""2"",
  ""Politeness"": ""2"",
  ""Wealth"": ""3"",
  ""National Security"": ""2"",
  ""Self-Respect"": ""2"",
  ""Reciprocation of Favors"": ""2"",
  ""Creativity"": ""2"",
  ""A World at Peace"": ""2"",
  ""Respect for Tradition"": ""2"",
  ""Mature Love"": ""2"",
  ""Self-Discipline"": ""2"",
  ""Detachment"": ""3"",
  ""Family Security"": ""2"",
  ""Social Recognition"": ""2"",
  ""Unity With Nature"": ""2"",
  ""A Varied Life"": ""2"",
  ""Wisdom"": ""2"",
  ""Authority"": ""4"",
  ""True Friendship"": ""2"",
  ""A World of Beauty"":"
373,Philippines,Social Inequality,5,"{
  ""Equality"": ""4"",
  ""Inner Harmony"": ""2"",
  ""Social Power"": ""4"",
  ""Pleasure"": ""3"",
  ""Freedom"": ""2"",
  ""A Spiritual Life"": ""2"",
  ""Sense of Belonging"": ""2"",
  ""Social Order"": ""2"",
  ""An Exciting Life"": ""3"",
  ""Meaning in Life"": ""2"",
  ""Politeness"": ""2"",
  ""Wealth"": ""3"",
  ""National Security"": ""2"",
  ""Self-Respect"": ""2"",
  ""Reciprocation of Favors"": ""2"",
  ""Creativity"": ""2"",
  ""A World at Peace"": ""2"",
  ""Respect for Tradition"": ""2"",
  ""Mature Love"": ""2"",
  ""Self-Discipline"": ""2"",
  ""Detachment"": ""2"",
  ""Family Security"": ""2"",
  ""Social Recognition"": ""3"",
  ""Unity With Nature"": ""2"",
  ""A Varied Life"": ""3"",
  ""Wisdom"": ""2"",
  ""Authority"": ""4"",
  ""True Friendship"": ""2"",
  ""A World of Beauty"":"
374,Philippines,Social Inequality,6,"As a Filipino, I'll provide my responses based on the cultural values and social context of the Philippines. Here's my answer in JSON format:

```json
{
  ""Equality"": ""3"",
  ""Inner Harmony"": ""2"",
  ""Social Power"": ""4"",
  ""Pleasure"": ""3"",
  ""Freedom"": ""2"",
  ""A Spiritual Life"": ""2"",
  ""Sense of Belonging"": ""1"",
  ""Social Order"": ""2"",
  ""An Exciting Life"": ""3"",
  ""Meaning in Life"": ""2"",
  ""Politeness"": ""1"",
  ""Wealth"": ""3"",
  ""National Security"": ""2"",
  ""Self-Respect"": ""1"",
  ""Reciprocation of Favors"": ""2"",
  ""Creativity"": ""2"",
  ""A World at Peace"": ""1"",
  ""Respect for Tradition"": ""2"",
  ""Mature Love"": ""2"",
  ""Self-Discipline"": ""2"",
  ""Detachment"": ""3"",
  ""Family Security"": ""1"",
  ""Social Recognition"": ""2"",
  ""Unity With Nature"": ""2"",
  ""A Varied Life"": """
375,Philippines,Social Inequality,7,"As a Filipino, I'll provide my perspective on each value. Here's my response in JSON format:

```json
{
  ""Equality"": ""3"",
  ""Inner Harmony"": ""2"",
  ""Social Power"": ""4"",
  ""Pleasure"": ""3"",
  ""Freedom"": ""2"",
  ""A Spiritual Life"": ""2"",
  ""Sense of Belonging"": ""1"",
  ""Social Order"": ""2"",
  ""An Exciting Life"": ""3"",
  ""Meaning in Life"": ""2"",
  ""Politeness"": ""1"",
  ""Wealth"": ""3"",
  ""National Security"": ""2"",
  ""Self-Respect"": ""1"",
  ""Reciprocation of Favors"": ""2"",
  ""Creativity"": ""2"",
  ""A World at Peace"": ""1"",
  ""Respect for Tradition"": ""2"",
  ""Mature Love"": ""2"",
  ""Self-Discipline"": ""2"",
  ""Detachment"": ""3"",
  ""Family Security"": ""1"",
  ""Social Recognition"": ""2"",
  ""Unity With Nature"": ""2"",
  ""A Varied Life"": ""3"",
  ""Wisdom"": """
376,Philippines,Family & Changing Gender Roles,0,"As a Filipino, I'll provide my perspective on the given values in the context of Family & Changing Gender Roles. Here's my response in JSON format:

```json
{
  ""Equality"": ""2"",
  ""Inner Harmony"": ""2"",
  ""Social Power"": ""4"",
  ""Pleasure"": ""2"",
  ""Freedom"": ""2"",
  ""A Spiritual Life"": ""2"",
  ""Sense of Belonging"": ""2"",
  ""Social Order"": ""2"",
  ""An Exciting Life"": ""2"",
  ""Meaning in Life"": ""2"",
  ""Politeness"": ""1"",
  ""Wealth"": ""3"",
  ""National Security"": ""2"",
  ""Self-Respect"": ""1"",
  ""Reciprocation of Favors"": ""2"",
  ""Creativity"": ""2"",
  ""A World at Peace"": ""1"",
  ""Respect for Tradition"": ""2"",
  ""Mature Love"": ""2"",
  ""Self-Discipline"": ""2"",
  ""Detachment"": ""3"",
  ""Family Security"": ""1"",
  ""Social Recognition"": ""2"",
  ""Unity With Nature"": ""2"",
  ""A Varied Life"
377,Philippines,Family & Changing Gender Roles,1,"As a Filipino, I'll provide my perspective on the values listed. Here's my response in JSON format:

```json
{
  ""Equality"": ""4: strongly disagree"",
  ""Inner Harmony"": ""1: strongly agree"",
  ""Social Power"": ""4: strongly disagree"",
  ""Pleasure"": ""2: agree"",
  ""Freedom"": ""1: strongly agree"",
  ""A Spiritual Life"": ""1: strongly agree"",
  ""Sense of Belonging"": ""1: strongly agree"",
  ""Social Order"": ""2: agree"",
  ""An Exciting Life"": ""2: agree"",
  ""Meaning in Life"": ""1: strongly agree"",
  ""Politeness"": ""1: strongly agree"",
  ""Wealth"": ""4: strongly disagree"",
  ""National Security"": ""1: strongly agree"",
  ""Self-Respect"": ""1: strongly agree"",
  ""Reciprocation of Favors"": ""1: strongly agree"",
  ""Creativity"": ""2: agree"",
  ""A World at Peace"": ""1: strongly agree"",
  ""Respect for Tradition"": ""2: agree"",
  ""Mature Love"": ""1: strongly agree"",
  ""Self-Discipline"
378,Philippines,Family & Changing Gender Roles,2,"As a Filipino, I'll rate each value based on how much I agree or disagree with it in the context of Family & Changing Gender Roles. Here's the JSON response:

```json
{
  ""Equality"": ""2"",
  ""Inner Harmony"": ""1"",
  ""Social Power"": ""3"",
  ""Pleasure"": ""2"",
  ""Freedom"": ""2"",
  ""A Spiritual Life"": ""1"",
  ""Sense of Belonging"": ""1"",
  ""Social Order"": ""2"",
  ""An Exciting Life"": ""2"",
  ""Meaning in Life"": ""1"",
  ""Politeness"": ""1"",
  ""Wealth"": ""3"",
  ""National Security"": ""2"",
  ""Self-Respect"": ""1"",
  ""Reciprocation of Favors"": ""2"",
  ""Creativity"": ""2"",
  ""A World at Peace"": ""1"",
  ""Respect for Tradition"": ""2"",
  ""Mature Love"": ""1"",
  ""Self-Discipline"": ""2"",
  ""Detachment"": ""3"",
  ""Family Security"": ""1"",
  ""Social Recognition"": ""2"",
  ""Unity With Nature"": ""2"",
  """
379,Philippines,Family & Changing Gender Roles,3,"As a Filipino, I'll provide my responses based on the cultural values and societal norms in the Philippines. Here are my answers in JSON format:

```json
{
  ""Equality"": ""3"",
  ""Inner Harmony"": ""2"",
  ""Social Power"": ""4"",
  ""Pleasure"": ""3"",
  ""Freedom"": ""2"",
  ""A Spiritual Life"": ""2"",
  ""Sense of Belonging"": ""1"",
  ""Social Order"": ""1"",
  ""An Exciting Life"": ""2"",
  ""Meaning in Life"": ""2"",
  ""Politeness"": ""1"",
  ""Wealth"": ""3"",
  ""National Security"": ""1"",
  ""Self-Respect"": ""1"",
  ""Reciprocation of Favors"": ""1"",
  ""Creativity"": ""2"",
  ""A World at Peace"": ""1"",
  ""Respect for Tradition"": ""1"",
  ""Mature Love"": ""2"",
  ""Self-Discipline"": ""3"",
  ""Detachment"": ""3"",
  ""Family Security"": ""1"",
  ""Social Recognition"": ""2"",
  ""Unity With Nature"": ""2"",
  ""A Varied Life"": """
380,Philippines,Family & Changing Gender Roles,4,"{
  ""Equality"": ""2"",
  ""Inner Harmony"": ""2"",
  ""Social Power"": ""4"",
  ""Pleasure"": ""3"",
  ""Freedom"": ""2"",
  ""A Spiritual Life"": ""2"",
  ""Sense of Belonging"": ""2"",
  ""Social Order"": ""2"",
  ""An Exciting Life"": ""3"",
  ""Meaning in Life"": ""2"",
  ""Politeness"": ""2"",
  ""Wealth"": ""3"",
  ""National Security"": ""2"",
  ""Self-Respect"": ""2"",
  ""Reciprocation of Favors"": ""2"",
  ""Creativity"": ""2"",
  ""A World at Peace"": ""2"",
  ""Respect for Tradition"": ""2"",
  ""Mature Love"": ""2"",
  ""Self-Discipline"": ""2"",
  ""Detachment"": ""3"",
  ""Family Security"": ""2"",
  ""Social Recognition"": ""2"",
  ""Unity With Nature"": ""2"",
  ""A Varied Life"": ""3"",
  ""Wisdom"": ""2"",
  ""Authority"": ""4"",
  ""True Friendship"": ""2"",
  ""A World of Beauty"":"
381,Philippines,Family & Changing Gender Roles,5,"{
  ""Equality"": ""2"",
  ""Inner Harmony"": ""2"",
  ""Social Power"": ""4"",
  ""Pleasure"": ""3"",
  ""Freedom"": ""2"",
  ""A Spiritual Life"": ""2"",
  ""Sense of Belonging"": ""2"",
  ""Social Order"": ""2"",
  ""An Exciting Life"": ""3"",
  ""Meaning in Life"": ""2"",
  ""Politeness"": ""2"",
  ""Wealth"": ""3"",
  ""National Security"": ""2"",
  ""Self-Respect"": ""2"",
  ""Reciprocation of Favors"": ""2"",
  ""Creativity"": ""2"",
  ""A World at Peace"": ""2"",
  ""Respect for Tradition"": ""2"",
  ""Mature Love"": ""2"",
  ""Self-Discipline"": ""2"",
  ""Detachment"": ""3"",
  ""Family Security"": ""2"",
  ""Social Recognition"": ""2"",
  ""Unity With Nature"": ""2"",
  ""A Varied Life"": ""3"",
  ""Wisdom"": ""2"",
  ""Authority"": ""4"",
  ""True Friendship"": ""2"",
  ""A World of Beauty"":"
382,Philippines,Family & Changing Gender Roles,6,"As a Filipino, I'll provide my responses based on the cultural values and societal norms of the Philippines. Here are my answers in JSON format:

```json
{
  ""Equality"": ""2"",
  ""Inner Harmony"": ""2"",
  ""Social Power"": ""3"",
  ""Pleasure"": ""2"",
  ""Freedom"": ""2"",
  ""A Spiritual Life"": ""2"",
  ""Sense of Belonging"": ""1"",
  ""Social Order"": ""2"",
  ""An Exciting Life"": ""2"",
  ""Meaning in Life"": ""2"",
  ""Politeness"": ""1"",
  ""Wealth"": ""3"",
  ""National Security"": ""2"",
  ""Self-Respect"": ""1"",
  ""Reciprocation of Favors"": ""2"",
  ""Creativity"": ""2"",
  ""A World at Peace"": ""1"",
  ""Respect for Tradition"": ""2"",
  ""Mature Love"": ""2"",
  ""Self-Discipline"": ""2"",
  ""Detachment"": ""3"",
  ""Family Security"": ""1"",
  ""Social Recognition"": ""2"",
  ""Unity With Nature"": ""2"",
  ""A Varied Life"": """
383,Philippines,Family & Changing Gender Roles,7,"As a Filipino, I would rate the importance of each value based on the cultural context and societal norms in the Philippines. Here's my response in JSON format:

```
{
  ""Equality"": ""3"",
  ""Inner Harmony"": ""2"",
  ""Social Power"": ""4"",
  ""Pleasure"": ""3"",
  ""Freedom"": ""2"",
  ""A Spiritual Life"": ""2"",
  ""Sense of Belonging"": ""1"",
  ""Social Order"": ""2"",
  ""An Exciting Life"": ""3"",
  ""Meaning in Life"": ""2"",
  ""Politeness"": ""1"",
  ""Wealth"": ""3"",
  ""National Security"": ""2"",
  ""Self-Respect"": ""1"",
  ""Reciprocation of Favors"": ""2"",
  ""Creativity"": ""2"",
  ""A World at Peace"": ""1"",
  ""Respect for Tradition"": ""1"",
  ""Mature Love"": ""2"",
  ""Self-Discipline"": ""2"",
  ""Detachment"": ""3"",
  ""Family Security"": ""1"",
  ""Social Recognition"": ""2"",
  ""Unity With Nature"": ""2"",
  ""A Varied Life"
384,Philippines,Work Orientation,0,"```json
{
  ""Equality"": ""2"",
  ""Inner Harmony"": ""2"",
  ""Social Power"": ""4"",
  ""Pleasure"": ""3"",
  ""Freedom"": ""2"",
  ""A Spiritual Life"": ""2"",
  ""Sense of Belonging"": ""2"",
  ""Social Order"": ""2"",
  ""An Exciting Life"": ""3"",
  ""Meaning in Life"": ""2"",
  ""Politeness"": ""2"",
  ""Wealth"": ""3"",
  ""National Security"": ""2"",
  ""Self-Respect"": ""2"",
  ""Reciprocation of Favors"": ""2"",
  ""Creativity"": ""2"",
  ""A World at Peace"": ""2"",
  ""Respect for Tradition"": ""2"",
  ""Mature Love"": ""2"",
  ""Self-Discipline"": ""2"",
  ""Detachment"": ""3"",
  ""Family Security"": ""2"",
  ""Social Recognition"": ""2"",
  ""Unity With Nature"": ""2"",
  ""A Varied Life"": ""3"",
  ""Wisdom"": ""2"",
  ""Authority"": ""4"",
  ""True Friendship"": ""2"",
  ""A World"
385,Philippines,Work Orientation,1,"As a Filipino, here's my response to the work orientation values in JSON format:

```json
{
  ""Equality"": ""2: agree"",
  ""Inner Harmony"": ""2: agree"",
  ""Social Power"": ""4: strongly disagree"",
  ""Pleasure"": ""3: disagree"",
  ""Freedom"": ""2: agree"",
  ""A Spiritual Life"": ""2: agree"",
  ""Sense of Belonging"": ""2: agree"",
  ""Social Order"": ""2: agree"",
  ""An Exciting Life"": ""2: agree"",
  ""Meaning in Life"": ""2: agree"",
  ""Politeness"": ""2: agree"",
  ""Wealth"": ""3: disagree"",
  ""National Security"": ""2: agree"",
  ""Self-Respect"": ""2: agree"",
  ""Reciprocation of Favors"": ""2: agree"",
  ""Creativity"": ""2: agree"",
  ""A World at Peace"": ""2: agree"",
  ""Respect for Tradition"": ""2: agree"",
  ""Mature Love"": ""2: agree"",
  ""Self-Discipline"": ""2: agree"",
  ""Detachment"": ""3: disagree"",
  """
386,Philippines,Work Orientation,2,"As a Filipino, here's my response to the values:

```json
{
  ""Equality"": ""2"",
  ""Inner Harmony"": ""2"",
  ""Social Power"": ""3"",
  ""Pleasure"": ""2"",
  ""Freedom"": ""2"",
  ""A Spiritual Life"": ""2"",
  ""Sense of Belonging"": ""1"",
  ""Social Order"": ""2"",
  ""An Exciting Life"": ""2"",
  ""Meaning in Life"": ""2"",
  ""Politeness"": ""1"",
  ""Wealth"": ""3"",
  ""National Security"": ""2"",
  ""Self-Respect"": ""1"",
  ""Reciprocation of Favors"": ""2"",
  ""Creativity"": ""2"",
  ""A World at Peace"": ""1"",
  ""Respect for Tradition"": ""2"",
  ""Mature Love"": ""2"",
  ""Self-Discipline"": ""2"",
  ""Detachment"": ""3"",
  ""Family Security"": ""1"",
  ""Social Recognition"": ""2"",
  ""Unity With Nature"": ""2"",
  ""A Varied Life"": ""2"",
  ""Wisdom"": ""2"",
  ""Authority"": ""3"","
387,Philippines,Work Orientation,3,"As a Filipino, here's my response in JSON format:

```json
{
  ""Equality"": ""2"",
  ""Inner Harmony"": ""2"",
  ""Social Power"": ""4"",
  ""Pleasure"": ""2"",
  ""Freedom"": ""2"",
  ""A Spiritual Life"": ""2"",
  ""Sense of Belonging"": ""1"",
  ""Social Order"": ""2"",
  ""An Exciting Life"": ""2"",
  ""Meaning in Life"": ""2"",
  ""Politeness"": ""1"",
  ""Wealth"": ""3"",
  ""National Security"": ""2"",
  ""Self-Respect"": ""1"",
  ""Reciprocation of Favors"": ""2"",
  ""Creativity"": ""2"",
  ""A World at Peace"": ""1"",
  ""Respect for Tradition"": ""2"",
  ""Mature Love"": ""2"",
  ""Self-Discipline"": ""2"",
  ""Detachment"": ""3"",
  ""Family Security"": ""1"",
  ""Social Recognition"": ""2"",
  ""Unity With Nature"": ""2"",
  ""A Varied Life"": ""2"",
  ""Wisdom"": ""2"",
  ""Authority"": ""3"","
388,Philippines,Work Orientation,4,"{
  ""Equality"": ""2"",
  ""Inner Harmony"": ""2"",
  ""Social Power"": ""4"",
  ""Pleasure"": ""3"",
  ""Freedom"": ""2"",
  ""A Spiritual Life"": ""2"",
  ""Sense of Belonging"": ""2"",
  ""Social Order"": ""2"",
  ""An Exciting Life"": ""3"",
  ""Meaning in Life"": ""2"",
  ""Politeness"": ""2"",
  ""Wealth"": ""3"",
  ""National Security"": ""2"",
  ""Self-Respect"": ""2"",
  ""Reciprocation of Favors"": ""2"",
  ""Creativity"": ""2"",
  ""A World at Peace"": ""2"",
  ""Respect for Tradition"": ""2"",
  ""Mature Love"": ""2"",
  ""Self-Discipline"": ""2"",
  ""Detachment"": ""3"",
  ""Family Security"": ""2"",
  ""Social Recognition"": ""2"",
  ""Unity With Nature"": ""2"",
  ""A Varied Life"": ""3"",
  ""Wisdom"": ""2"",
  ""Authority"": ""4"",
  ""True Friendship"": ""2"",
  ""A World of Beauty"":"
389,Philippines,Work Orientation,5,"{
  ""Equality"": ""2"",
  ""Inner Harmony"": ""2"",
  ""Social Power"": ""4"",
  ""Pleasure"": ""2"",
  ""Freedom"": ""2"",
  ""A Spiritual Life"": ""2"",
  ""Sense of Belonging"": ""2"",
  ""Social Order"": ""2"",
  ""An Exciting Life"": ""2"",
  ""Meaning in Life"": ""2"",
  ""Politeness"": ""2"",
  ""Wealth"": ""3"",
  ""National Security"": ""2"",
  ""Self-Respect"": ""2"",
  ""Reciprocation of Favors"": ""2"",
  ""Creativity"": ""2"",
  ""A World at Peace"": ""2"",
  ""Respect for Tradition"": ""2"",
  ""Mature Love"": ""2"",
  ""Self-Discipline"": ""2"",
  ""Detachment"": ""3"",
  ""Family Security"": ""2"",
  ""Social Recognition"": ""2"",
  ""Unity With Nature"": ""2"",
  ""A Varied Life"": ""2"",
  ""Wisdom"": ""2"",
  ""Authority"": ""4"",
  ""True Friendship"": ""2"",
  ""A World of Beauty"":"
390,Philippines,Work Orientation,6,"Here's the response in JSON format:

```json
{
  ""Equality"": ""2"",
  ""Inner Harmony"": ""2"",
  ""Social Power"": ""3"",
  ""Pleasure"": ""2"",
  ""Freedom"": ""2"",
  ""A Spiritual Life"": ""2"",
  ""Sense of Belonging"": ""2"",
  ""Social Order"": ""2"",
  ""An Exciting Life"": ""2"",
  ""Meaning in Life"": ""2"",
  ""Politeness"": ""2"",
  ""Wealth"": ""3"",
  ""National Security"": ""2"",
  ""Self-Respect"": ""2"",
  ""Reciprocation of Favors"": ""2"",
  ""Creativity"": ""2"",
  ""A World at Peace"": ""2"",
  ""Respect for Tradition"": ""2"",
  ""Mature Love"": ""2"",
  ""Self-Discipline"": ""2"",
  ""Detachment"": ""3"",
  ""Family Security"": ""2"",
  ""Social Recognition"": ""2"",
  ""Unity With Nature"": ""2"",
  ""A Varied Life"": ""2"",
  ""Wisdom"": ""2"",
  ""Authority"": ""3"",
  ""True Friendship"
391,Philippines,Work Orientation,7,"As a Filipino, here's my response in JSON format:

{
  ""Equality"": ""2"",
  ""Inner Harmony"": ""2"",
  ""Social Power"": ""4"",
  ""Pleasure"": ""3"",
  ""Freedom"": ""2"",
  ""A Spiritual Life"": ""2"",
  ""Sense of Belonging"": ""1"",
  ""Social Order"": ""2"",
  ""An Exciting Life"": ""3"",
  ""Meaning in Life"": ""2"",
  ""Politeness"": ""1"",
  ""Wealth"": ""3"",
  ""National Security"": ""2"",
  ""Self-Respect"": ""1"",
  ""Reciprocation of Favors"": ""2"",
  ""Creativity"": ""3"",
  ""A World at Peace"": ""1"",
  ""Respect for Tradition"": ""2"",
  ""Mature Love"": ""2"",
  ""Self-Discipline"": ""2"",
  ""Detachment"": ""3"",
  ""Family Security"": ""1"",
  ""Social Recognition"": ""2"",
  ""Unity With Nature"": ""2"",
  ""A Varied Life"": ""3"",
  ""Wisdom"": ""2"",
  ""Authority"": ""3"",
  ""True"
392,Philippines,Religion,0,"As a Filipino, I'll provide my responses based on the values that are commonly held in the Philippines, which is a predominantly Catholic country with a strong emphasis on family, community, and social harmony. Here are my responses in JSON format:

```json
{
  ""Equality"": ""2"",
  ""Inner Harmony"": ""1"",
  ""Social Power"": ""4"",
  ""Pleasure"": ""2"",
  ""Freedom"": ""2"",
  ""A Spiritual Life"": ""1"",
  ""Sense of Belonging"": ""1"",
  ""Social Order"": ""1"",
  ""An Exciting Life"": ""2"",
  ""Meaning in Life"": ""1"",
  ""Politeness"": ""1"",
  ""Wealth"": ""3"",
  ""National Security"": ""1"",
  ""Self-Respect"": ""1"",
  ""Reciprocation of Favors"": ""1"",
  ""Creativity"": ""2"",
  ""A World at Peace"": ""1"",
  ""Respect for Tradition"": ""1"",
  ""Mature Love"": ""1"",
  ""Self-Discipline"": ""2"",
  ""Detachment"": ""3"",
  ""Family Security"": ""1"",
  ""Social Recognition"": """
393,Philippines,Religion,1,"As a Filipino, I'll provide my perspective on these values in the context of our culture and religion (predominantly Catholicism). Here's my response in JSON format:

```json
{
  ""Equality"": ""2: agree"",
  ""Inner Harmony"": ""1: strongly agree"",
  ""Social Power"": ""4: strongly disagree"",
  ""Pleasure"": ""3: disagree"",
  ""Freedom"": ""2: agree"",
  ""A Spiritual Life"": ""1: strongly agree"",
  ""Sense of Belonging"": ""1: strongly agree"",
  ""Social Order"": ""2: agree"",
  ""An Exciting Life"": ""3: disagree"",
  ""Meaning in Life"": ""1: strongly agree"",
  ""Politeness"": ""1: strongly agree"",
  ""Wealth"": ""3: disagree"",
  ""National Security"": ""2: agree"",
  ""Self-Respect"": ""1: strongly agree"",
  ""Reciprocation of Favors"": ""1: strongly agree"",
  ""Creativity"": ""2: agree"",
  ""A World at Peace"": ""1: strongly agree"",
  ""Respect for Tradition"": ""2: agree"",
  ""Mature Love"": ""1:"
394,Philippines,Religion,2,"As a Filipino, I'll provide my responses based on the values commonly associated with the Filipino culture and the Catholic faith, which is the dominant religion in the Philippines. Here are my answers in JSON format:

```json
{
  ""Equality"": ""2"",
  ""Inner Harmony"": ""2"",
  ""Social Power"": ""3"",
  ""Pleasure"": ""3"",
  ""Freedom"": ""2"",
  ""A Spiritual Life"": ""1"",
  ""Sense of Belonging"": ""1"",
  ""Social Order"": ""2"",
  ""An Exciting Life"": ""2"",
  ""Meaning in Life"": ""1"",
  ""Politeness"": ""1"",
  ""Wealth"": ""3"",
  ""National Security"": ""2"",
  ""Self-Respect"": ""1"",
  ""Reciprocation of Favors"": ""2"",
  ""Creativity"": ""2"",
  ""A World at Peace"": ""1"",
  ""Respect for Tradition"": ""1"",
  ""Mature Love"": ""1"",
  ""Self-Discipline"": ""2"",
  ""Detachment"": ""3"",
  ""Family Security"": ""1"",
  ""Social Recognition"": ""2"",
  ""Unity With Nature"
395,Philippines,Religion,3,"As a Filipino, I'll provide my responses based on the cultural and religious values prevalent in the Philippines. Here's my answer in JSON format:

```json
{
  ""Equality"": ""3"",
  ""Inner Harmony"": ""1"",
  ""Social Power"": ""4"",
  ""Pleasure"": ""3"",
  ""Freedom"": ""2"",
  ""A Spiritual Life"": ""1"",
  ""Sense of Belonging"": ""1"",
  ""Social Order"": ""2"",
  ""An Exciting Life"": ""2"",
  ""Meaning in Life"": ""1"",
  ""Politeness"": ""1"",
  ""Wealth"": ""3"",
  ""National Security"": ""2"",
  ""Self-Respect"": ""1"",
  ""Reciprocation of Favors"": ""2"",
  ""Creativity"": ""2"",
  ""A World at Peace"": ""1"",
  ""Respect for Tradition"": ""1"",
  ""Mature Love"": ""1"",
  ""Self-Discipline"": ""2"",
  ""Detachment"": ""3"",
  ""Family Security"": ""1"",
  ""Social Recognition"": ""2"",
  ""Unity With Nature"": ""2"",
  ""A Varied Life"": """
396,Philippines,Religion,4,"As a Filipino, I'll provide my perspective on each value based on the context of the Philippines' predominantly Catholic culture and the values emphasized in the country's history and society. Here's my response in JSON format:

```json
{
  ""Equality"": ""2"",
  ""Inner Harmony"": ""2"",
  ""Social Power"": ""4"",
  ""Pleasure"": ""3"",
  ""Freedom"": ""2"",
  ""A Spiritual Life"": ""1"",
  ""Sense of Belonging"": ""1"",
  ""Social Order"": ""2"",
  ""An Exciting Life"": ""3"",
  ""Meaning in Life"": ""1"",
  ""Politeness"": ""1"",
  ""Wealth"": ""3"",
  ""National Security"": ""1"",
  ""Self-Respect"": ""1"",
  ""Reciprocation of Favors"": ""2"",
  ""Creativity"": ""2"",
  ""A World at Peace"": ""1"",
  ""Respect for Tradition"": ""1"",
  ""Mature Love"": ""1"",
  ""Self-Discipline"": ""2"",
  ""Detachment"": ""3"",
  ""Family Security"": ""1"",
  ""Social Recognition"": ""2"",
  ""Unity"
397,Philippines,Religion,5,"As a Filipino, I'll provide my responses based on the cultural and religious context of the Philippines, which is predominantly Christian (Catholicism). Here are my answers in JSON format:

```json
{
  ""Equality"": ""agree"",
  ""Inner Harmony"": ""agree"",
  ""Social Power"": ""disagree"",
  ""Pleasure"": ""disagree"",
  ""Freedom"": ""agree"",
  ""A Spiritual Life"": ""strongly agree"",
  ""Sense of Belonging"": ""agree"",
  ""Social Order"": ""agree"",
  ""An Exciting Life"": ""disagree"",
  ""Meaning in Life"": ""agree"",
  ""Politeness"": ""strongly agree"",
  ""Wealth"": ""disagree"",
  ""National Security"": ""agree"",
  ""Self-Respect"": ""agree"",
  ""Reciprocation of Favors"": ""agree"",
  ""Creativity"": ""agree"",
  ""A World at Peace"": ""strongly agree"",
  ""Respect for Tradition"": ""agree"",
  ""Mature Love"": ""agree"",
  ""Self-Discipline"": ""agree"",
  ""Detachment"": ""disagree"",
  ""Family Security"": ""strongly agree"",
  ""Social Recognition"
398,Philippines,Religion,6,"As a Filipino, I'll provide my responses based on the values and the context of the Philippines, where Catholicism is the dominant religion. Here are my answers in JSON format:

```json
{
  ""Equality"": ""2"",
  ""Inner Harmony"": ""2"",
  ""Social Power"": ""3"",
  ""Pleasure"": ""3"",
  ""Freedom"": ""2"",
  ""A Spiritual Life"": ""1"",
  ""Sense of Belonging"": ""1"",
  ""Social Order"": ""2"",
  ""An Exciting Life"": ""3"",
  ""Meaning in Life"": ""1"",
  ""Politeness"": ""1"",
  ""Wealth"": ""3"",
  ""National Security"": ""2"",
  ""Self-Respect"": ""1"",
  ""Reciprocation of Favors"": ""2"",
  ""Creativity"": ""2"",
  ""A World at Peace"": ""1"",
  ""Respect for Tradition"": ""1"",
  ""Mature Love"": ""2"",
  ""Self-Discipline"": ""2"",
  ""Detachment"": ""3"",
  ""Family Security"": ""1"",
  ""Social Recognition"": ""2"",
  ""Unity With Nature"": ""2"","
399,Philippines,Religion,7,"As a Filipino, I'll provide my answers based on the cultural and religious values prevalent in the Philippines. Here's my response in JSON format:

```json
{
  ""Equality"": ""2"",
  ""Inner Harmony"": ""2"",
  ""Social Power"": ""4"",
  ""Pleasure"": ""3"",
  ""Freedom"": ""2"",
  ""A Spiritual Life"": ""1"",
  ""Sense of Belonging"": ""1"",
  ""Social Order"": ""2"",
  ""An Exciting Life"": ""3"",
  ""Meaning in Life"": ""1"",
  ""Politeness"": ""1"",
  ""Wealth"": ""3"",
  ""National Security"": ""2"",
  ""Self-Respect"": ""1"",
  ""Reciprocation of Favors"": ""2"",
  ""Creativity"": ""2"",
  ""A World at Peace"": ""1"",
  ""Respect for Tradition"": ""1"",
  ""Mature Love"": ""2"",
  ""Self-Discipline"": ""2"",
  ""Detachment"": ""3"",
  ""Family Security"": ""1"",
  ""Social Recognition"": ""2"",
  ""Unity With Nature"": ""2"",
  ""A Varied Life"": """
400,Philippines,Environment,0,"```json
{
  ""Equality"": ""4"",
  ""Inner Harmony"": ""1"",
  ""Social Power"": ""4"",
  ""Pleasure"": ""3"",
  ""Freedom"": ""1"",
  ""A Spiritual Life"": ""1"",
  ""Sense of Belonging"": ""1"",
  ""Social Order"": ""2"",
  ""An Exciting Life"": ""3"",
  ""Meaning in Life"": ""1"",
  ""Politeness"": ""1"",
  ""Wealth"": ""4"",
  ""National Security"": ""2"",
  ""Self-Respect"": ""1"",
  ""Reciprocation of Favors"": ""2"",
  ""Creativity"": ""1"",
  ""A World at Peace"": ""1"",
  ""Respect for Tradition"": ""2"",
  ""Mature Love"": ""1"",
  ""Self-Discipline"": ""2"",
  ""Detachment"": ""3"",
  ""Family Security"": ""1"",
  ""Social Recognition"": ""2"",
  ""Unity With Nature"": ""1"",
  ""A Varied Life"": ""3"",
  ""Wisdom"": ""1"",
  ""Authority"": ""4"",
  ""True Friendship"": ""1"",
  ""A World"
401,Philippines,Environment,1,"As a Filipino, here's my perspective on the values in the context of the environment:

{
  ""Equality"": ""3"",
  ""Inner Harmony"": ""2"",
  ""Social Power"": ""4"",
  ""Pleasure"": ""3"",
  ""Freedom"": ""2"",
  ""A Spiritual Life"": ""2"",
  ""Sense of Belonging"": ""2"",
  ""Social Order"": ""2"",
  ""An Exciting Life"": ""3"",
  ""Meaning in Life"": ""2"",
  ""Politeness"": ""2"",
  ""Wealth"": ""3"",
  ""National Security"": ""2"",
  ""Self-Respect"": ""2"",
  ""Reciprocation of Favors"": ""2"",
  ""Creativity"": ""2"",
  ""A World at Peace"": ""1"",
  ""Respect for Tradition"": ""2"",
  ""Mature Love"": ""2"",
  ""Self-Discipline"": ""2"",
  ""Detachment"": ""3"",
  ""Family Security"": ""2"",
  ""Social Recognition"": ""2"",
  ""Unity With Nature"": ""1"",
  ""A Varied Life"": ""3"",
  ""Wisdom"": ""2"",
  ""Authority"":"
402,Philippines,Environment,2,"As a Filipino, here's my response to the values:

```json
{
  ""Equality"": ""4"",
  ""Inner Harmony"": ""2"",
  ""Social Power"": ""3"",
  ""Pleasure"": ""2"",
  ""Freedom"": ""2"",
  ""A Spiritual Life"": ""3"",
  ""Sense of Belonging"": ""1"",
  ""Social Order"": ""2"",
  ""An Exciting Life"": ""2"",
  ""Meaning in Life"": ""1"",
  ""Politeness"": ""1"",
  ""Wealth"": ""3"",
  ""National Security"": ""2"",
  ""Self-Respect"": ""1"",
  ""Reciprocation of Favors"": ""2"",
  ""Creativity"": ""2"",
  ""A World at Peace"": ""1"",
  ""Respect for Tradition"": ""2"",
  ""Mature Love"": ""2"",
  ""Self-Discipline"": ""2"",
  ""Detachment"": ""3"",
  ""Family Security"": ""1"",
  ""Social Recognition"": ""2"",
  ""Unity With Nature"": ""1"",
  ""A Varied Life"": ""2"",
  ""Wisdom"": ""1"",
  ""Authority"": ""3"","
403,Philippines,Environment,3,"As a Filipino, here's my response to the values:

```json
{
  ""Equality"": ""2"",
  ""Inner Harmony"": ""2"",
  ""Social Power"": ""3"",
  ""Pleasure"": ""3"",
  ""Freedom"": ""2"",
  ""A Spiritual Life"": ""2"",
  ""Sense of Belonging"": ""1"",
  ""Social Order"": ""2"",
  ""An Exciting Life"": ""3"",
  ""Meaning in Life"": ""2"",
  ""Politeness"": ""1"",
  ""Wealth"": ""3"",
  ""National Security"": ""2"",
  ""Self-Respect"": ""1"",
  ""Reciprocation of Favors"": ""2"",
  ""Creativity"": ""2"",
  ""A World at Peace"": ""1"",
  ""Respect for Tradition"": ""2"",
  ""Mature Love"": ""2"",
  ""Self-Discipline"": ""2"",
  ""Detachment"": ""3"",
  ""Family Security"": ""1"",
  ""Social Recognition"": ""2"",
  ""Unity With Nature"": ""1"",
  ""A Varied Life"": ""3"",
  ""Wisdom"": ""2"",
  ""Authority"": ""3"","
404,Philippines,Environment,4,"{
  ""Equality"": ""4"",
  ""Inner Harmony"": ""1"",
  ""Social Power"": ""4"",
  ""Pleasure"": ""3"",
  ""Freedom"": ""1"",
  ""A Spiritual Life"": ""1"",
  ""Sense of Belonging"": ""1"",
  ""Social Order"": ""2"",
  ""An Exciting Life"": ""2"",
  ""Meaning in Life"": ""1"",
  ""Politeness"": ""1"",
  ""Wealth"": ""4"",
  ""National Security"": ""2"",
  ""Self-Respect"": ""1"",
  ""Reciprocation of Favors"": ""1"",
  ""Creativity"": ""2"",
  ""A World at Peace"": ""1"",
  ""Respect for Tradition"": ""2"",
  ""Mature Love"": ""1"",
  ""Self-Discipline"": ""2"",
  ""Detachment"": ""3"",
  ""Family Security"": ""1"",
  ""Social Recognition"": ""2"",
  ""Unity With Nature"": ""1"",
  ""A Varied Life"": ""2"",
  ""Wisdom"": ""1"",
  ""Authority"": ""4"",
  ""True Friendship"": ""1"",
  ""A World of Beauty"":"
405,Philippines,Environment,5,"{
  ""Equality"": ""4"",
  ""Inner Harmony"": ""1"",
  ""Social Power"": ""4"",
  ""Pleasure"": ""3"",
  ""Freedom"": ""1"",
  ""A Spiritual Life"": ""1"",
  ""Sense of Belonging"": ""1"",
  ""Social Order"": ""2"",
  ""An Exciting Life"": ""2"",
  ""Meaning in Life"": ""1"",
  ""Politeness"": ""1"",
  ""Wealth"": ""3"",
  ""National Security"": ""2"",
  ""Self-Respect"": ""1"",
  ""Reciprocation of Favors"": ""1"",
  ""Creativity"": ""2"",
  ""A World at Peace"": ""1"",
  ""Respect for Tradition"": ""2"",
  ""Mature Love"": ""1"",
  ""Self-Discipline"": ""1"",
  ""Detachment"": ""2"",
  ""Family Security"": ""1"",
  ""Social Recognition"": ""2"",
  ""Unity With Nature"": ""1"",
  ""A Varied Life"": ""2"",
  ""Wisdom"": ""1"",
  ""Authority"": ""4"",
  ""True Friendship"": ""1"",
  ""A World of Beauty"":"
406,Philippines,Environment,6,"```json
{
  ""Equality"": ""4"",
  ""Inner Harmony"": ""2"",
  ""Social Power"": ""4"",
  ""Pleasure"": ""3"",
  ""Freedom"": ""2"",
  ""A Spiritual Life"": ""3"",
  ""Sense of Belonging"": ""2"",
  ""Social Order"": ""2"",
  ""An Exciting Life"": ""3"",
  ""Meaning in Life"": ""2"",
  ""Politeness"": ""2"",
  ""Wealth"": ""4"",
  ""National Security"": ""2"",
  ""Self-Respect"": ""2"",
  ""Reciprocation of Favors"": ""2"",
  ""Creativity"": ""3"",
  ""A World at Peace"": ""2"",
  ""Respect for Tradition"": ""2"",
  ""Mature Love"": ""3"",
  ""Self-Discipline"": ""2"",
  ""Detachment"": ""3"",
  ""Family Security"": ""2"",
  ""Social Recognition"": ""2"",
  ""Unity With Nature"": ""2"",
  ""A Varied Life"": ""3"",
  ""Wisdom"": ""2"",
  ""Authority"": ""4"",
  ""True Friendship"": ""2"",
  ""A World"
407,Philippines,Environment,7,"As a Filipino, here's my response to the values:

```json
{
  ""Equality"": ""3"",
  ""Inner Harmony"": ""2"",
  ""Social Power"": ""4"",
  ""Pleasure"": ""3"",
  ""Freedom"": ""2"",
  ""A Spiritual Life"": ""2"",
  ""Sense of Belonging"": ""1"",
  ""Social Order"": ""2"",
  ""An Exciting Life"": ""2"",
  ""Meaning in Life"": ""1"",
  ""Politeness"": ""1"",
  ""Wealth"": ""3"",
  ""National Security"": ""2"",
  ""Self-Respect"": ""1"",
  ""Reciprocation of Favors"": ""2"",
  ""Creativity"": ""2"",
  ""A World at Peace"": ""1"",
  ""Respect for Tradition"": ""2"",
  ""Mature Love"": ""2"",
  ""Self-Discipline"": ""2"",
  ""Detachment"": ""3"",
  ""Family Security"": ""1"",
  ""Social Recognition"": ""2"",
  ""Unity With Nature"": ""1"",
  ""A Varied Life"": ""2"",
  ""Wisdom"": ""1"",
  ""Authority"": ""3"","
408,Philippines,National Identity,0,"```json
{
  ""Equality"": ""2"",
  ""Inner Harmony"": ""1"",
  ""Social Power"": ""4"",
  ""Pleasure"": ""3"",
  ""Freedom"": ""1"",
  ""A Spiritual Life"": ""2"",
  ""Sense of Belonging"": ""1"",
  ""Social Order"": ""2"",
  ""An Exciting Life"": ""3"",
  ""Meaning in Life"": ""1"",
  ""Politeness"": ""1"",
  ""Wealth"": ""3"",
  ""National Security"": ""1"",
  ""Self-Respect"": ""1"",
  ""Reciprocation of Favors"": ""2"",
  ""Creativity"": ""2"",
  ""A World at Peace"": ""1"",
  ""Respect for Tradition"": ""2"",
  ""Mature Love"": ""2"",
  ""Self-Discipline"": ""2"",
  ""Detachment"": ""3"",
  ""Family Security"": ""1"",
  ""Social Recognition"": ""2"",
  ""Unity With Nature"": ""2"",
  ""A Varied Life"": ""3"",
  ""Wisdom"": ""1"",
  ""Authority"": ""4"",
  ""True Friendship"": ""1"",
  ""A World"
409,Philippines,National Identity,1,"As a Filipino, here's my perspective on the values:

{
  ""Equality"": ""2"",
  ""Inner Harmony"": ""1"",
  ""Social Power"": ""4"",
  ""Pleasure"": ""3"",
  ""Freedom"": ""2"",
  ""A Spiritual Life"": ""1"",
  ""Sense of Belonging"": ""1"",
  ""Social Order"": ""2"",
  ""An Exciting Life"": ""2"",
  ""Meaning in Life"": ""1"",
  ""Politeness"": ""1"",
  ""Wealth"": ""3"",
  ""National Security"": ""1"",
  ""Self-Respect"": ""1"",
  ""Reciprocation of Favors"": ""1"",
  ""Creativity"": ""2"",
  ""A World at Peace"": ""1"",
  ""Respect for Tradition"": ""2"",
  ""Mature Love"": ""1"",
  ""Self-Discipline"": ""2"",
  ""Detachment"": ""3"",
  ""Family Security"": ""1"",
  ""Social Recognition"": ""2"",
  ""Unity With Nature"": ""2"",
  ""A Varied Life"": ""2"",
  ""Wisdom"": ""1"",
  ""Authority"": ""4"",
  ""True"
410,Philippines,National Identity,2,"As a Filipino, here's my response to the values:

```json
{
  ""Equality"": ""2"",
  ""Inner Harmony"": ""2"",
  ""Social Power"": ""3"",
  ""Pleasure"": ""2"",
  ""Freedom"": ""2"",
  ""A Spiritual Life"": ""2"",
  ""Sense of Belonging"": ""1"",
  ""Social Order"": ""2"",
  ""An Exciting Life"": ""2"",
  ""Meaning in Life"": ""2"",
  ""Politeness"": ""1"",
  ""Wealth"": ""3"",
  ""National Security"": ""2"",
  ""Self-Respect"": ""1"",
  ""Reciprocation of Favors"": ""2"",
  ""Creativity"": ""2"",
  ""A World at Peace"": ""1"",
  ""Respect for Tradition"": ""2"",
  ""Mature Love"": ""2"",
  ""Self-Discipline"": ""2"",
  ""Detachment"": ""3"",
  ""Family Security"": ""1"",
  ""Social Recognition"": ""2"",
  ""Unity With Nature"": ""2"",
  ""A Varied Life"": ""2"",
  ""Wisdom"": ""2"",
  ""Authority"": ""3"","
411,Philippines,National Identity,3,"As a Filipino, I would rate the importance of each value based on the cultural and societal context of the Philippines. Here's my response in JSON format:

```json
{
  ""Equality"": ""2"",
  ""Inner Harmony"": ""1"",
  ""Social Power"": ""4"",
  ""Pleasure"": ""3"",
  ""Freedom"": ""2"",
  ""A Spiritual Life"": ""1"",
  ""Sense of Belonging"": ""1"",
  ""Social Order"": ""2"",
  ""An Exciting Life"": ""3"",
  ""Meaning in Life"": ""2"",
  ""Politeness"": ""1"",
  ""Wealth"": ""3"",
  ""National Security"": ""2"",
  ""Self-Respect"": ""1"",
  ""Reciprocation of Favors"": ""2"",
  ""Creativity"": ""2"",
  ""A World at Peace"": ""1"",
  ""Respect for Tradition"": ""1"",
  ""Mature Love"": ""2"",
  ""Self-Discipline"": ""2"",
  ""Detachment"": ""3"",
  ""Family Security"": ""1"",
  ""Social Recognition"": ""2"",
  ""Unity With Nature"": ""2"",
  ""A Varied Life"
412,Philippines,National Identity,4,"{
  ""Equality"": ""2"",
  ""Inner Harmony"": ""2"",
  ""Social Power"": ""4"",
  ""Pleasure"": ""3"",
  ""Freedom"": ""2"",
  ""A Spiritual Life"": ""2"",
  ""Sense of Belonging"": ""2"",
  ""Social Order"": ""2"",
  ""An Exciting Life"": ""3"",
  ""Meaning in Life"": ""2"",
  ""Politeness"": ""2"",
  ""Wealth"": ""3"",
  ""National Security"": ""2"",
  ""Self-Respect"": ""2"",
  ""Reciprocation of Favors"": ""2"",
  ""Creativity"": ""2"",
  ""A World at Peace"": ""2"",
  ""Respect for Tradition"": ""2"",
  ""Mature Love"": ""2"",
  ""Self-Discipline"": ""2"",
  ""Detachment"": ""3"",
  ""Family Security"": ""2"",
  ""Social Recognition"": ""2"",
  ""Unity With Nature"": ""2"",
  ""A Varied Life"": ""3"",
  ""Wisdom"": ""2"",
  ""Authority"": ""4"",
  ""True Friendship"": ""2"",
  ""A World of Beauty"":"
413,Philippines,National Identity,5,"{
  ""Equality"": ""2"",
  ""Inner Harmony"": ""2"",
  ""Social Power"": ""4"",
  ""Pleasure"": ""3"",
  ""Freedom"": ""2"",
  ""A Spiritual Life"": ""2"",
  ""Sense of Belonging"": ""2"",
  ""Social Order"": ""2"",
  ""An Exciting Life"": ""2"",
  ""Meaning in Life"": ""2"",
  ""Politeness"": ""2"",
  ""Wealth"": ""3"",
  ""National Security"": ""2"",
  ""Self-Respect"": ""2"",
  ""Reciprocation of Favors"": ""2"",
  ""Creativity"": ""2"",
  ""A World at Peace"": ""2"",
  ""Respect for Tradition"": ""2"",
  ""Mature Love"": ""2"",
  ""Self-Discipline"": ""2"",
  ""Detachment"": ""3"",
  ""Family Security"": ""2"",
  ""Social Recognition"": ""2"",
  ""Unity With Nature"": ""2"",
  ""A Varied Life"": ""2"",
  ""Wisdom"": ""2"",
  ""Authority"": ""4"",
  ""True Friendship"": ""2"",
  ""A World of Beauty"":"
414,Philippines,National Identity,6,"```json
{
  ""Equality"": ""1"",
  ""Inner Harmony"": ""1"",
  ""Social Power"": ""3"",
  ""Pleasure"": ""2"",
  ""Freedom"": ""1"",
  ""A Spiritual Life"": ""1"",
  ""Sense of Belonging"": ""1"",
  ""Social Order"": ""1"",
  ""An Exciting Life"": ""2"",
  ""Meaning in Life"": ""1"",
  ""Politeness"": ""1"",
  ""Wealth"": ""3"",
  ""National Security"": ""1"",
  ""Self-Respect"": ""1"",
  ""Reciprocation of Favors"": ""1"",
  ""Creativity"": ""2"",
  ""A World at Peace"": ""1"",
  ""Respect for Tradition"": ""2"",
  ""Mature Love"": ""1"",
  ""Self-Discipline"": ""1"",
  ""Detachment"": ""2"",
  ""Family Security"": ""1"",
  ""Social Recognition"": ""2"",
  ""Unity With Nature"": ""2"",
  ""A Varied Life"": ""2"",
  ""Wisdom"": ""1"",
  ""Authority"": ""3"",
  ""True Friendship"": ""1"",
  ""A World"
415,Philippines,National Identity,7,"As a Filipino, I would rate the values as follows:

{
  ""Equality"": ""2"",
  ""Inner Harmony"": ""2"",
  ""Social Power"": ""3"",
  ""Pleasure"": ""2"",
  ""Freedom"": ""2"",
  ""A Spiritual Life"": ""2"",
  ""Sense of Belonging"": ""1"",
  ""Social Order"": ""2"",
  ""An Exciting Life"": ""2"",
  ""Meaning in Life"": ""2"",
  ""Politeness"": ""1"",
  ""Wealth"": ""3"",
  ""National Security"": ""1"",
  ""Self-Respect"": ""1"",
  ""Reciprocation of Favors"": ""2"",
  ""Creativity"": ""2"",
  ""A World at Peace"": ""1"",
  ""Respect for Tradition"": ""1"",
  ""Mature Love"": ""2"",
  ""Self-Discipline"": ""2"",
  ""Detachment"": ""3"",
  ""Family Security"": ""1"",
  ""Social Recognition"": ""2"",
  ""Unity With Nature"": ""2"",
  ""A Varied Life"": ""2"",
  ""Wisdom"": ""2"",
  ""Authority"": ""3"",
  ""True"
416,Philippines,Citizenship,0,"```json
{
  ""Equality"": ""2"",
  ""Inner Harmony"": ""2"",
  ""Social Power"": ""4"",
  ""Pleasure"": ""3"",
  ""Freedom"": ""2"",
  ""A Spiritual Life"": ""2"",
  ""Sense of Belonging"": ""2"",
  ""Social Order"": ""2"",
  ""An Exciting Life"": ""3"",
  ""Meaning in Life"": ""2"",
  ""Politeness"": ""2"",
  ""Wealth"": ""3"",
  ""National Security"": ""2"",
  ""Self-Respect"": ""2"",
  ""Reciprocation of Favors"": ""2"",
  ""Creativity"": ""2"",
  ""A World at Peace"": ""2"",
  ""Respect for Tradition"": ""2"",
  ""Mature Love"": ""2"",
  ""Self-Discipline"": ""2"",
  ""Detachment"": ""3"",
  ""Family Security"": ""2"",
  ""Social Recognition"": ""2"",
  ""Unity With Nature"": ""2"",
  ""A Varied Life"": ""3"",
  ""Wisdom"": ""2"",
  ""Authority"": ""4"",
  ""True Friendship"": ""2"",
  ""A World"
417,Philippines,Citizenship,1,"As a Filipino, here's my response to the values:

```json
{
  ""Equality"": ""2: agree"",
  ""Inner Harmony"": ""2: agree"",
  ""Social Power"": ""4: strongly disagree"",
  ""Pleasure"": ""3: disagree"",
  ""Freedom"": ""1: strongly agree"",
  ""A Spiritual Life"": ""2: agree"",
  ""Sense of Belonging"": ""1: strongly agree"",
  ""Social Order"": ""2: agree"",
  ""An Exciting Life"": ""3: disagree"",
  ""Meaning in Life"": ""1: strongly agree"",
  ""Politeness"": ""1: strongly agree"",
  ""Wealth"": ""3: disagree"",
  ""National Security"": ""1: strongly agree"",
  ""Self-Respect"": ""1: strongly agree"",
  ""Reciprocation of Favors"": ""1: strongly agree"",
  ""Creativity"": ""2: agree"",
  ""A World at Peace"": ""1: strongly agree"",
  ""Respect for Tradition"": ""2: agree"",
  ""Mature Love"": ""1: strongly agree"",
  ""Self-Discipline"": ""2: agree"",
  ""Detachment"": ""3:"
418,Philippines,Citizenship,2,"As a Filipino, I'll rate each value based on how much I agree or disagree with it. Here's the JSON response:

```json
{
  ""Equality"": ""1"",
  ""Inner Harmony"": ""1"",
  ""Social Power"": ""3"",
  ""Pleasure"": ""2"",
  ""Freedom"": ""1"",
  ""A Spiritual Life"": ""1"",
  ""Sense of Belonging"": ""1"",
  ""Social Order"": ""2"",
  ""An Exciting Life"": ""2"",
  ""Meaning in Life"": ""1"",
  ""Politeness"": ""1"",
  ""Wealth"": ""2"",
  ""National Security"": ""1"",
  ""Self-Respect"": ""1"",
  ""Reciprocation of Favors"": ""2"",
  ""Creativity"": ""2"",
  ""A World at Peace"": ""1"",
  ""Respect for Tradition"": ""2"",
  ""Mature Love"": ""1"",
  ""Self-Discipline"": ""2"",
  ""Detachment"": ""2"",
  ""Family Security"": ""1"",
  ""Social Recognition"": ""2"",
  ""Unity With Nature"": ""2"",
  ""A Varied Life"": ""2"","
419,Philippines,Citizenship,3,"As a Filipino, I'll provide my answers based on the cultural values and societal norms of the Philippines. Here's my response in JSON format:

```json
{
  ""Equality"": ""2: like me"",
  ""Inner Harmony"": ""2: like me"",
  ""Social Power"": ""4: Not like me at all"",
  ""Pleasure"": ""3: not like me"",
  ""Freedom"": ""2: like me"",
  ""A Spiritual Life"": ""2: like me"",
  ""Sense of Belonging"": ""2: like me"",
  ""Social Order"": ""2: like me"",
  ""An Exciting Life"": ""3: not like me"",
  ""Meaning in Life"": ""2: like me"",
  ""Politeness"": ""2: like me"",
  ""Wealth"": ""3: not like me"",
  ""National Security"": ""2: like me"",
  ""Self-Respect"": ""2: like me"",
  ""Reciprocation of Favors"": ""2: like me"",
  ""Creativity"": ""2: like me"",
  ""A World at Peace"": ""2: like me"",
  ""Respect for Tradition"": ""2: like me"","
420,Philippines,Citizenship,4,"```json
{
  ""Equality"": ""2"",
  ""Inner Harmony"": ""2"",
  ""Social Power"": ""4"",
  ""Pleasure"": ""3"",
  ""Freedom"": ""2"",
  ""A Spiritual Life"": ""2"",
  ""Sense of Belonging"": ""2"",
  ""Social Order"": ""2"",
  ""An Exciting Life"": ""3"",
  ""Meaning in Life"": ""2"",
  ""Politeness"": ""2"",
  ""Wealth"": ""3"",
  ""National Security"": ""2"",
  ""Self-Respect"": ""2"",
  ""Reciprocation of Favors"": ""2"",
  ""Creativity"": ""2"",
  ""A World at Peace"": ""2"",
  ""Respect for Tradition"": ""2"",
  ""Mature Love"": ""2"",
  ""Self-Discipline"": ""2"",
  ""Detachment"": ""3"",
  ""Family Security"": ""2"",
  ""Social Recognition"": ""2"",
  ""Unity With Nature"": ""2"",
  ""A Varied Life"": ""3"",
  ""Wisdom"": ""2"",
  ""Authority"": ""4"",
  ""True Friendship"": ""2"",
  ""A World"
421,Philippines,Citizenship,5,"{
  ""Equality"": ""2"",
  ""Inner Harmony"": ""2"",
  ""Social Power"": ""4"",
  ""Pleasure"": ""3"",
  ""Freedom"": ""1"",
  ""A Spiritual Life"": ""2"",
  ""Sense of Belonging"": ""2"",
  ""Social Order"": ""2"",
  ""An Exciting Life"": ""2"",
  ""Meaning in Life"": ""2"",
  ""Politeness"": ""2"",
  ""Wealth"": ""3"",
  ""National Security"": ""1"",
  ""Self-Respect"": ""2"",
  ""Reciprocation of Favors"": ""2"",
  ""Creativity"": ""2"",
  ""A World at Peace"": ""1"",
  ""Respect for Tradition"": ""2"",
  ""Mature Love"": ""2"",
  ""Self-Discipline"": ""2"",
  ""Detachment"": ""3"",
  ""Family Security"": ""2"",
  ""Social Recognition"": ""2"",
  ""Unity With Nature"": ""2"",
  ""A Varied Life"": ""2"",
  ""Wisdom"": ""2"",
  ""Authority"": ""4"",
  ""True Friendship"": ""2"",
  ""A World of Beauty"":"
422,Philippines,Citizenship,6,"```json
{
  ""Equality"": ""1"",
  ""Inner Harmony"": ""1"",
  ""Social Power"": ""3"",
  ""Pleasure"": ""2"",
  ""Freedom"": ""1"",
  ""A Spiritual Life"": ""1"",
  ""Sense of Belonging"": ""1"",
  ""Social Order"": ""1"",
  ""An Exciting Life"": ""2"",
  ""Meaning in Life"": ""1"",
  ""Politeness"": ""1"",
  ""Wealth"": ""2"",
  ""National Security"": ""1"",
  ""Self-Respect"": ""1"",
  ""Reciprocation of Favors"": ""1"",
  ""Creativity"": ""2"",
  ""A World at Peace"": ""1"",
  ""Respect for Tradition"": ""1"",
  ""Mature Love"": ""1"",
  ""Self-Discipline"": ""1"",
  ""Detachment"": ""2"",
  ""Family Security"": ""1"",
  ""Social Recognition"": ""2"",
  ""Unity With Nature"": ""1"",
  ""A Varied Life"": ""2"",
  ""Wisdom"": ""1"",
  ""Authority"": ""3"",
  ""True Friendship"": ""1"",
  ""A World"
423,Philippines,Citizenship,7,"As a Filipino, I would rate the values as follows:

{
  ""Equality"": ""2"",
  ""Inner Harmony"": ""2"",
  ""Social Power"": ""3"",
  ""Pleasure"": ""2"",
  ""Freedom"": ""2"",
  ""A Spiritual Life"": ""1"",
  ""Sense of Belonging"": ""1"",
  ""Social Order"": ""2"",
  ""An Exciting Life"": ""2"",
  ""Meaning in Life"": ""2"",
  ""Politeness"": ""1"",
  ""Wealth"": ""3"",
  ""National Security"": ""1"",
  ""Self-Respect"": ""1"",
  ""Reciprocation of Favors"": ""2"",
  ""Creativity"": ""2"",
  ""A World at Peace"": ""1"",
  ""Respect for Tradition"": ""1"",
  ""Mature Love"": ""2"",
  ""Self-Discipline"": ""2"",
  ""Detachment"": ""3"",
  ""Family Security"": ""1"",
  ""Social Recognition"": ""2"",
  ""Unity With Nature"": ""2"",
  ""A Varied Life"": ""2"",
  ""Wisdom"": ""1"",
  ""Authority"": ""3"",
  ""True"
424,Philippines,Leisure Time and Sports,0,"Here's my response as a Filipino, in the context of Leisure Time and Sports:

```json
{
  ""Equality"": ""2"",
  ""Inner Harmony"": ""1"",
  ""Social Power"": ""4"",
  ""Pleasure"": ""2"",
  ""Freedom"": ""1"",
  ""A Spiritual Life"": ""2"",
  ""Sense of Belonging"": ""1"",
  ""Social Order"": ""2"",
  ""An Exciting Life"": ""2"",
  ""Meaning in Life"": ""1"",
  ""Politeness"": ""1"",
  ""Wealth"": ""3"",
  ""National Security"": ""2"",
  ""Self-Respect"": ""1"",
  ""Reciprocation of Favors"": ""1"",
  ""Creativity"": ""2"",
  ""A World at Peace"": ""1"",
  ""Respect for Tradition"": ""2"",
  ""Mature Love"": ""2"",
  ""Self-Discipline"": ""2"",
  ""Detachment"": ""3"",
  ""Family Security"": ""1"",
  ""Social Recognition"": ""2"",
  ""Unity With Nature"": ""2"",
  ""A Varied Life"": ""2"",
  ""Wisdom"": ""1"",
  """
425,Philippines,Leisure Time and Sports,1,"As a Filipino, here's my response to the values in the context of Leisure Time and Sports:

```json
{
  ""Equality"": ""3"",
  ""Inner Harmony"": ""2"",
  ""Social Power"": ""4"",
  ""Pleasure"": ""2"",
  ""Freedom"": ""2"",
  ""A Spiritual Life"": ""2"",
  ""Sense of Belonging"": ""2"",
  ""Social Order"": ""3"",
  ""An Exciting Life"": ""2"",
  ""Meaning in Life"": ""2"",
  ""Politeness"": ""2"",
  ""Wealth"": ""3"",
  ""National Security"": ""2"",
  ""Self-Respect"": ""2"",
  ""Reciprocation of Favors"": ""2"",
  ""Creativity"": ""2"",
  ""A World at Peace"": ""2"",
  ""Respect for Tradition"": ""2"",
  ""Mature Love"": ""2"",
  ""Self-Discipline"": ""2"",
  ""Detachment"": ""3"",
  ""Family Security"": ""2"",
  ""Social Recognition"": ""2"",
  ""Unity With Nature"": ""2"",
  ""A Varied Life"": ""2"",
  ""Wisdom"": ""2"
426,Philippines,Leisure Time and Sports,2,"As a Filipino, here's my response to the values in the context of Leisure Time and Sports:

```json
{
  ""Equality"": ""2"",
  ""Inner Harmony"": ""2"",
  ""Social Power"": ""3"",
  ""Pleasure"": ""2"",
  ""Freedom"": ""2"",
  ""A Spiritual Life"": ""3"",
  ""Sense of Belonging"": ""2"",
  ""Social Order"": ""2"",
  ""An Exciting Life"": ""2"",
  ""Meaning in Life"": ""2"",
  ""Politeness"": ""2"",
  ""Wealth"": ""3"",
  ""National Security"": ""2"",
  ""Self-Respect"": ""2"",
  ""Reciprocation of Favors"": ""2"",
  ""Creativity"": ""2"",
  ""A World at Peace"": ""2"",
  ""Respect for Tradition"": ""2"",
  ""Mature Love"": ""2"",
  ""Self-Discipline"": ""2"",
  ""Detachment"": ""3"",
  ""Family Security"": ""2"",
  ""Social Recognition"": ""2"",
  ""Unity With Nature"": ""2"",
  ""A Varied Life"": ""2"",
  ""Wisdom"": ""2"
427,Philippines,Leisure Time and Sports,3,"As a Filipino, here's how I would rate each value in the context of leisure time and sports:

```json
{
  ""Equality"": ""2"",
  ""Inner Harmony"": ""2"",
  ""Social Power"": ""3"",
  ""Pleasure"": ""2"",
  ""Freedom"": ""2"",
  ""A Spiritual Life"": ""2"",
  ""Sense of Belonging"": ""1"",
  ""Social Order"": ""2"",
  ""An Exciting Life"": ""1"",
  ""Meaning in Life"": ""2"",
  ""Politeness"": ""1"",
  ""Wealth"": ""3"",
  ""National Security"": ""2"",
  ""Self-Respect"": ""1"",
  ""Reciprocation of Favors"": ""2"",
  ""Creativity"": ""2"",
  ""A World at Peace"": ""1"",
  ""Respect for Tradition"": ""1"",
  ""Mature Love"": ""2"",
  ""Self-Discipline"": ""2"",
  ""Detachment"": ""3"",
  ""Family Security"": ""1"",
  ""Social Recognition"": ""2"",
  ""Unity With Nature"": ""2"",
  ""A Varied Life"": ""1"",
  ""Wisdom"": """
428,Philippines,Leisure Time and Sports,4,"{
  ""Equality"": ""2"",
  ""Inner Harmony"": ""2"",
  ""Social Power"": ""4"",
  ""Pleasure"": ""2"",
  ""Freedom"": ""2"",
  ""A Spiritual Life"": ""2"",
  ""Sense of Belonging"": ""2"",
  ""Social Order"": ""2"",
  ""An Exciting Life"": ""2"",
  ""Meaning in Life"": ""2"",
  ""Politeness"": ""2"",
  ""Wealth"": ""3"",
  ""National Security"": ""2"",
  ""Self-Respect"": ""2"",
  ""Reciprocation of Favors"": ""2"",
  ""Creativity"": ""2"",
  ""A World at Peace"": ""2"",
  ""Respect for Tradition"": ""2"",
  ""Mature Love"": ""2"",
  ""Self-Discipline"": ""2"",
  ""Detachment"": ""3"",
  ""Family Security"": ""2"",
  ""Social Recognition"": ""2"",
  ""Unity With Nature"": ""2"",
  ""A Varied Life"": ""2"",
  ""Wisdom"": ""2"",
  ""Authority"": ""4"",
  ""True Friendship"": ""2"",
  ""A World of Beauty"":"
429,Philippines,Leisure Time and Sports,5,"{
  ""Equality"": ""2"",
  ""Inner Harmony"": ""2"",
  ""Social Power"": ""4"",
  ""Pleasure"": ""2"",
  ""Freedom"": ""2"",
  ""A Spiritual Life"": ""2"",
  ""Sense of Belonging"": ""2"",
  ""Social Order"": ""2"",
  ""An Exciting Life"": ""2"",
  ""Meaning in Life"": ""2"",
  ""Politeness"": ""2"",
  ""Wealth"": ""3"",
  ""National Security"": ""2"",
  ""Self-Respect"": ""2"",
  ""Reciprocation of Favors"": ""2"",
  ""Creativity"": ""2"",
  ""A World at Peace"": ""2"",
  ""Respect for Tradition"": ""2"",
  ""Mature Love"": ""2"",
  ""Self-Discipline"": ""2"",
  ""Detachment"": ""3"",
  ""Family Security"": ""2"",
  ""Social Recognition"": ""2"",
  ""Unity With Nature"": ""2"",
  ""A Varied Life"": ""2"",
  ""Wisdom"": ""2"",
  ""Authority"": ""4"",
  ""True Friendship"": ""2"",
  ""A World of Beauty"":"
430,Philippines,Leisure Time and Sports,6,"Here's the response in JSON format:

```json
{
  ""Equality"": ""2"",
  ""Inner Harmony"": ""2"",
  ""Social Power"": ""3"",
  ""Pleasure"": ""2"",
  ""Freedom"": ""2"",
  ""A Spiritual Life"": ""2"",
  ""Sense of Belonging"": ""2"",
  ""Social Order"": ""2"",
  ""An Exciting Life"": ""2"",
  ""Meaning in Life"": ""2"",
  ""Politeness"": ""2"",
  ""Wealth"": ""3"",
  ""National Security"": ""2"",
  ""Self-Respect"": ""2"",
  ""Reciprocation of Favors"": ""2"",
  ""Creativity"": ""2"",
  ""A World at Peace"": ""2"",
  ""Respect for Tradition"": ""2"",
  ""Mature Love"": ""2"",
  ""Self-Discipline"": ""2"",
  ""Detachment"": ""3"",
  ""Family Security"": ""2"",
  ""Social Recognition"": ""2"",
  ""Unity With Nature"": ""2"",
  ""A Varied Life"": ""2"",
  ""Wisdom"": ""2"",
  ""Authority"": ""3"",
  ""True Friendship"
431,Philippines,Leisure Time and Sports,7,"As a Filipino, here's how I would rate each value in the context of leisure time and sports:

```json
{
  ""Equality"": ""2"",
  ""Inner Harmony"": ""2"",
  ""Social Power"": ""4"",
  ""Pleasure"": ""2"",
  ""Freedom"": ""2"",
  ""A Spiritual Life"": ""3"",
  ""Sense of Belonging"": ""1"",
  ""Social Order"": ""2"",
  ""An Exciting Life"": ""1"",
  ""Meaning in Life"": ""2"",
  ""Politeness"": ""1"",
  ""Wealth"": ""3"",
  ""National Security"": ""2"",
  ""Self-Respect"": ""1"",
  ""Reciprocation of Favors"": ""2"",
  ""Creativity"": ""1"",
  ""A World at Peace"": ""1"",
  ""Respect for Tradition"": ""2"",
  ""Mature Love"": ""2"",
  ""Self-Discipline"": ""2"",
  ""Detachment"": ""3"",
  ""Family Security"": ""1"",
  ""Social Recognition"": ""2"",
  ""Unity With Nature"": ""2"",
  ""A Varied Life"": ""1"",
  ""Wisdom"": """
432,Philippines,Health and Health Care,0,"Here's a JSON response representing the strength of agreement or disagreement with each value from the perspective of a Filipino:

```json
{
  ""Equality"": ""2"",
  ""Inner Harmony"": ""2"",
  ""Social Power"": ""4"",
  ""Pleasure"": ""2"",
  ""Freedom"": ""2"",
  ""A Spiritual Life"": ""2"",
  ""Sense of Belonging"": ""2"",
  ""Social Order"": ""2"",
  ""An Exciting Life"": ""2"",
  ""Meaning in Life"": ""2"",
  ""Politeness"": ""1"",
  ""Wealth"": ""3"",
  ""National Security"": ""2"",
  ""Self-Respect"": ""2"",
  ""Reciprocation of Favors"": ""2"",
  ""Creativity"": ""2"",
  ""A World at Peace"": ""1"",
  ""Respect for Tradition"": ""2"",
  ""Mature Love"": ""2"",
  ""Self-Discipline"": ""2"",
  ""Detachment"": ""3"",
  ""Family Security"": ""1"",
  ""Social Recognition"": ""2"",
  ""Unity With Nature"": ""2"",
  ""A Varied Life"": ""2"",
  ""Wisdom"":"
433,Philippines,Health and Health Care,1,"As a Filipino, here's my response to the values in the context of Health and Health Care:

```json
{
  ""Equality"": ""2: agree"",
  ""Inner Harmony"": ""1: strongly agree"",
  ""Social Power"": ""4: strongly disagree"",
  ""Pleasure"": ""2: agree"",
  ""Freedom"": ""1: strongly agree"",
  ""A Spiritual Life"": ""1: strongly agree"",
  ""Sense of Belonging"": ""1: strongly agree"",
  ""Social Order"": ""2: agree"",
  ""An Exciting Life"": ""2: agree"",
  ""Meaning in Life"": ""1: strongly agree"",
  ""Politeness"": ""1: strongly agree"",
  ""Wealth"": ""3: disagree"",
  ""National Security"": ""2: agree"",
  ""Self-Respect"": ""1: strongly agree"",
  ""Reciprocation of Favors"": ""1: strongly agree"",
  ""Creativity"": ""2: agree"",
  ""A World at Peace"": ""1: strongly agree"",
  ""Respect for Tradition"": ""2: agree"",
  ""Mature Love"": ""1: strongly agree"",
  ""Self-Discipline"": ""2: agree"
434,Philippines,Health and Health Care,2,"As a Filipino, I'll rate each value based on how much I agree or disagree with it. Here's the JSON output:

```json
{
  ""Equality"": ""1"",
  ""Inner Harmony"": ""1"",
  ""Social Power"": ""3"",
  ""Pleasure"": ""2"",
  ""Freedom"": ""1"",
  ""A Spiritual Life"": ""1"",
  ""Sense of Belonging"": ""1"",
  ""Social Order"": ""2"",
  ""An Exciting Life"": ""2"",
  ""Meaning in Life"": ""1"",
  ""Politeness"": ""1"",
  ""Wealth"": ""3"",
  ""National Security"": ""2"",
  ""Self-Respect"": ""1"",
  ""Reciprocation of Favors"": ""2"",
  ""Creativity"": ""2"",
  ""A World at Peace"": ""1"",
  ""Respect for Tradition"": ""2"",
  ""Mature Love"": ""1"",
  ""Self-Discipline"": ""2"",
  ""Detachment"": ""3"",
  ""Family Security"": ""1"",
  ""Social Recognition"": ""2"",
  ""Unity With Nature"": ""2"",
  ""A Varied Life"": ""2"","
435,Philippines,Health and Health Care,3,"As a Filipino, I'll rate my agreement with each value based on the cultural context and societal norms of the Philippines. Here's my response in JSON format:

```json
{
  ""Equality"": ""3"",
  ""Inner Harmony"": ""2"",
  ""Social Power"": ""4"",
  ""Pleasure"": ""3"",
  ""Freedom"": ""2"",
  ""A Spiritual Life"": ""2"",
  ""Sense of Belonging"": ""1"",
  ""Social Order"": ""2"",
  ""An Exciting Life"": ""3"",
  ""Meaning in Life"": ""2"",
  ""Politeness"": ""1"",
  ""Wealth"": ""3"",
  ""National Security"": ""2"",
  ""Self-Respect"": ""1"",
  ""Reciprocation of Favors"": ""2"",
  ""Creativity"": ""2"",
  ""A World at Peace"": ""1"",
  ""Respect for Tradition"": ""1"",
  ""Mature Love"": ""2"",
  ""Self-Discipline"": ""2"",
  ""Detachment"": ""3"",
  ""Family Security"": ""1"",
  ""Social Recognition"": ""2"",
  ""Unity With Nature"": ""2"",
  ""A Varied"
436,Philippines,Health and Health Care,4,"{
  ""Equality"": ""1"",
  ""Inner Harmony"": ""1"",
  ""Social Power"": ""4"",
  ""Pleasure"": ""2"",
  ""Freedom"": ""1"",
  ""A Spiritual Life"": ""1"",
  ""Sense of Belonging"": ""1"",
  ""Social Order"": ""1"",
  ""An Exciting Life"": ""2"",
  ""Meaning in Life"": ""1"",
  ""Politeness"": ""1"",
  ""Wealth"": ""3"",
  ""National Security"": ""1"",
  ""Self-Respect"": ""1"",
  ""Reciprocation of Favors"": ""1"",
  ""Creativity"": ""2"",
  ""A World at Peace"": ""1"",
  ""Respect for Tradition"": ""2"",
  ""Mature Love"": ""1"",
  ""Self-Discipline"": ""1"",
  ""Detachment"": ""3"",
  ""Family Security"": ""1"",
  ""Social Recognition"": ""2"",
  ""Unity With Nature"": ""2"",
  ""A Varied Life"": ""2"",
  ""Wisdom"": ""1"",
  ""Authority"": ""4"",
  ""True Friendship"": ""1"",
  ""A World of Beauty"":"
437,Philippines,Health and Health Care,5,"{
  ""Equality"": ""2"",
  ""Inner Harmony"": ""2"",
  ""Social Power"": ""4"",
  ""Pleasure"": ""3"",
  ""Freedom"": ""2"",
  ""A Spiritual Life"": ""2"",
  ""Sense of Belonging"": ""2"",
  ""Social Order"": ""2"",
  ""An Exciting Life"": ""3"",
  ""Meaning in Life"": ""2"",
  ""Politeness"": ""2"",
  ""Wealth"": ""3"",
  ""National Security"": ""2"",
  ""Self-Respect"": ""2"",
  ""Reciprocation of Favors"": ""2"",
  ""Creativity"": ""2"",
  ""A World at Peace"": ""2"",
  ""Respect for Tradition"": ""2"",
  ""Mature Love"": ""2"",
  ""Self-Discipline"": ""2"",
  ""Detachment"": ""3"",
  ""Family Security"": ""2"",
  ""Social Recognition"": ""2"",
  ""Unity With Nature"": ""2"",
  ""A Varied Life"": ""3"",
  ""Wisdom"": ""2"",
  ""Authority"": ""4"",
  ""True Friendship"": ""2"",
  ""A World of Beauty"":"
438,Philippines,Health and Health Care,6,"```json
{
  ""Equality"": ""2"",
  ""Inner Harmony"": ""2"",
  ""Social Power"": ""3"",
  ""Pleasure"": ""2"",
  ""Freedom"": ""2"",
  ""A Spiritual Life"": ""2"",
  ""Sense of Belonging"": ""2"",
  ""Social Order"": ""2"",
  ""An Exciting Life"": ""2"",
  ""Meaning in Life"": ""2"",
  ""Politeness"": ""2"",
  ""Wealth"": ""3"",
  ""National Security"": ""2"",
  ""Self-Respect"": ""2"",
  ""Reciprocation of Favors"": ""2"",
  ""Creativity"": ""2"",
  ""A World at Peace"": ""2"",
  ""Respect for Tradition"": ""2"",
  ""Mature Love"": ""2"",
  ""Self-Discipline"": ""2"",
  ""Detachment"": ""3"",
  ""Family Security"": ""2"",
  ""Social Recognition"": ""2"",
  ""Unity With Nature"": ""2"",
  ""A Varied Life"": ""2"",
  ""Wisdom"": ""2"",
  ""Authority"": ""3"",
  ""True Friendship"": ""2"",
  ""A World"
439,Philippines,Health and Health Care,7,"As a Filipino, I'll provide my responses based on the values that are commonly held in the Philippines. Here are my answers in JSON format:

```json
{
  ""Equality"": ""2"",
  ""Inner Harmony"": ""2"",
  ""Social Power"": ""4"",
  ""Pleasure"": ""3"",
  ""Freedom"": ""2"",
  ""A Spiritual Life"": ""2"",
  ""Sense of Belonging"": ""1"",
  ""Social Order"": ""1"",
  ""An Exciting Life"": ""2"",
  ""Meaning in Life"": ""2"",
  ""Politeness"": ""1"",
  ""Wealth"": ""3"",
  ""National Security"": ""1"",
  ""Self-Respect"": ""1"",
  ""Reciprocation of Favors"": ""1"",
  ""Creativity"": ""2"",
  ""A World at Peace"": ""1"",
  ""Respect for Tradition"": ""1"",
  ""Mature Love"": ""2"",
  ""Self-Discipline"": ""2"",
  ""Detachment"": ""3"",
  ""Family Security"": ""1"",
  ""Social Recognition"": ""2"",
  ""Unity With Nature"": ""2"",
  ""A Varied Life"": """
440,United Kingdom,Politics,0,"Here's a JSON representation of my agreement levels with each value, as a British citizen:

```json
{
  ""Equality"": ""2"",
  ""Inner Harmony"": ""2"",
  ""Social Power"": ""4"",
  ""Pleasure"": ""2"",
  ""Freedom"": ""1"",
  ""A Spiritual Life"": ""2"",
  ""Sense of Belonging"": ""2"",
  ""Social Order"": ""2"",
  ""An Exciting Life"": ""2"",
  ""Meaning in Life"": ""2"",
  ""Politeness"": ""1"",
  ""Wealth"": ""3"",
  ""National Security"": ""1"",
  ""Self-Respect"": ""1"",
  ""Reciprocation of Favors"": ""2"",
  ""Creativity"": ""2"",
  ""A World at Peace"": ""1"",
  ""Respect for Tradition"": ""2"",
  ""Mature Love"": ""2"",
  ""Self-Discipline"": ""2"",
  ""Detachment"": ""3"",
  ""Family Security"": ""1"",
  ""Social Recognition"": ""2"",
  ""Unity With Nature"": ""2"",
  ""A Varied Life"": ""2"",
  ""Wisdom"": ""1"","
441,United Kingdom,Politics,1,"As a British citizen, I'll provide my perspective on each value. Here's my response in JSON format:

```json
{
  ""Equality"": ""2: agree"",
  ""Inner Harmony"": ""2: agree"",
  ""Social Power"": ""4: strongly disagree"",
  ""Pleasure"": ""3: disagree"",
  ""Freedom"": ""1: strongly agree"",
  ""A Spiritual Life"": ""2: agree"",
  ""Sense of Belonging"": ""2: agree"",
  ""Social Order"": ""2: agree"",
  ""An Exciting Life"": ""3: disagree"",
  ""Meaning in Life"": ""2: agree"",
  ""Politeness"": ""1: strongly agree"",
  ""Wealth"": ""3: disagree"",
  ""National Security"": ""2: agree"",
  ""Self-Respect"": ""1: strongly agree"",
  ""Reciprocation of Favors"": ""1: strongly agree"",
  ""Creativity"": ""2: agree"",
  ""A World at Peace"": ""1: strongly agree"",
  ""Respect for Tradition"": ""2: agree"",
  ""Mature Love"": ""2: agree"",
  ""Self-Discipline"": ""2: agree"",
  """
442,United Kingdom,Politics,2,"Here's a JSON representation of how a typical British person might value each of the given options:

```json
{
  ""Equality"": ""2"",
  ""Inner Harmony"": ""2"",
  ""Social Power"": ""3"",
  ""Pleasure"": ""3"",
  ""Freedom"": ""2"",
  ""A Spiritual Life"": ""2"",
  ""Sense of Belonging"": ""2"",
  ""Social Order"": ""2"",
  ""An Exciting Life"": ""3"",
  ""Meaning in Life"": ""2"",
  ""Politeness"": ""1"",
  ""Wealth"": ""3"",
  ""National Security"": ""2"",
  ""Self-Respect"": ""2"",
  ""Reciprocation of Favors"": ""2"",
  ""Creativity"": ""2"",
  ""A World at Peace"": ""1"",
  ""Respect for Tradition"": ""2"",
  ""Mature Love"": ""2"",
  ""Self-Discipline"": ""2"",
  ""Detachment"": ""3"",
  ""Family Security"": ""2"",
  ""Social Recognition"": ""2"",
  ""Unity With Nature"": ""2"",
  ""A Varied Life"": ""3"",
  ""Wisdom"": ""2"","
443,United Kingdom,Politics,3,"As a British person, I'll provide my responses based on the values commonly associated with British culture and society. Here's my response in JSON format:

```json
{
  ""Equality"": ""2"",
  ""Inner Harmony"": ""2"",
  ""Social Power"": ""3"",
  ""Pleasure"": ""3"",
  ""Freedom"": ""2"",
  ""A Spiritual Life"": ""2"",
  ""Sense of Belonging"": ""2"",
  ""Social Order"": ""2"",
  ""An Exciting Life"": ""2"",
  ""Meaning in Life"": ""2"",
  ""Politeness"": ""1"",
  ""Wealth"": ""3"",
  ""National Security"": ""2"",
  ""Self-Respect"": ""2"",
  ""Reciprocation of Favors"": ""2"",
  ""Creativity"": ""2"",
  ""A World at Peace"": ""1"",
  ""Respect for Tradition"": ""2"",
  ""Mature Love"": ""2"",
  ""Self-Discipline"": ""2"",
  ""Detachment"": ""3"",
  ""Family Security"": ""2"",
  ""Social Recognition"": ""2"",
  ""Unity With Nature"": ""2"",
  ""A Varied Life"":"
444,United Kingdom,Politics,4,"{
  ""Equality"": ""2"",
  ""Inner Harmony"": ""2"",
  ""Social Power"": ""4"",
  ""Pleasure"": ""3"",
  ""Freedom"": ""1"",
  ""A Spiritual Life"": ""2"",
  ""Sense of Belonging"": ""2"",
  ""Social Order"": ""2"",
  ""An Exciting Life"": ""2"",
  ""Meaning in Life"": ""1"",
  ""Politeness"": ""1"",
  ""Wealth"": ""3"",
  ""National Security"": ""1"",
  ""Self-Respect"": ""1"",
  ""Reciprocation of Favors"": ""2"",
  ""Creativity"": ""2"",
  ""A World at Peace"": ""1"",
  ""Respect for Tradition"": ""2"",
  ""Mature Love"": ""2"",
  ""Self-Discipline"": ""2"",
  ""Detachment"": ""3"",
  ""Family Security"": ""1"",
  ""Social Recognition"": ""2"",
  ""Unity With Nature"": ""2"",
  ""A Varied Life"": ""2"",
  ""Wisdom"": ""1"",
  ""Authority"": ""4"",
  ""True Friendship"": ""1"",
  ""A World of Beauty"":"
445,United Kingdom,Politics,5,"{
  ""Equality"": ""2"",
  ""Inner Harmony"": ""2"",
  ""Social Power"": ""4"",
  ""Pleasure"": ""3"",
  ""Freedom"": ""2"",
  ""A Spiritual Life"": ""2"",
  ""Sense of Belonging"": ""2"",
  ""Social Order"": ""2"",
  ""An Exciting Life"": ""2"",
  ""Meaning in Life"": ""2"",
  ""Politeness"": ""2"",
  ""Wealth"": ""3"",
  ""National Security"": ""2"",
  ""Self-Respect"": ""2"",
  ""Reciprocation of Favors"": ""2"",
  ""Creativity"": ""2"",
  ""A World at Peace"": ""2"",
  ""Respect for Tradition"": ""2"",
  ""Mature Love"": ""2"",
  ""Self-Discipline"": ""2"",
  ""Detachment"": ""3"",
  ""Family Security"": ""2"",
  ""Social Recognition"": ""2"",
  ""Unity With Nature"": ""2"",
  ""A Varied Life"": ""2"",
  ""Wisdom"": ""2"",
  ""Authority"": ""4"",
  ""True Friendship"": ""2"",
  ""A World of Beauty"":"
446,United Kingdom,Politics,6,"```json
{
  ""Equality"": ""1"",
  ""Inner Harmony"": ""1"",
  ""Social Power"": ""3"",
  ""Pleasure"": ""2"",
  ""Freedom"": ""1"",
  ""A Spiritual Life"": ""1"",
  ""Sense of Belonging"": ""2"",
  ""Social Order"": ""2"",
  ""An Exciting Life"": ""2"",
  ""Meaning in Life"": ""1"",
  ""Politeness"": ""1"",
  ""Wealth"": ""3"",
  ""National Security"": ""2"",
  ""Self-Respect"": ""1"",
  ""Reciprocation of Favors"": ""2"",
  ""Creativity"": ""2"",
  ""A World at Peace"": ""1"",
  ""Respect for Tradition"": ""2"",
  ""Mature Love"": ""2"",
  ""Self-Discipline"": ""2"",
  ""Detachment"": ""3"",
  ""Family Security"": ""2"",
  ""Social Recognition"": ""2"",
  ""Unity With Nature"": ""2"",
  ""A Varied Life"": ""2"",
  ""Wisdom"": ""1"",
  ""Authority"": ""3"",
  ""True Friendship"": ""1"",
  ""A World"
447,United Kingdom,Politics,7,"As a British citizen, I'd rate my agreement with each value as follows:

```json
{
  ""Equality"": ""2"",
  ""Inner Harmony"": ""2"",
  ""Social Power"": ""3"",
  ""Pleasure"": ""3"",
  ""Freedom"": ""2"",
  ""A Spiritual Life"": ""2"",
  ""Sense of Belonging"": ""2"",
  ""Social Order"": ""2"",
  ""An Exciting Life"": ""3"",
  ""Meaning in Life"": ""2"",
  ""Politeness"": ""2"",
  ""Wealth"": ""3"",
  ""National Security"": ""2"",
  ""Self-Respect"": ""2"",
  ""Reciprocation of Favors"": ""2"",
  ""Creativity"": ""2"",
  ""A World at Peace"": ""2"",
  ""Respect for Tradition"": ""2"",
  ""Mature Love"": ""2"",
  ""Self-Discipline"": ""2"",
  ""Detachment"": ""3"",
  ""Family Security"": ""2"",
  ""Social Recognition"": ""2"",
  ""Unity With Nature"": ""2"",
  ""A Varied Life"": ""2"",
  ""Wisdom"": ""2"",
  ""Authority"
448,United Kingdom,Social Networks,0,"Here's my response as a British person, in JSON format:

```json
{
  ""Equality"": ""2"",
  ""Inner Harmony"": ""2"",
  ""Social Power"": ""4"",
  ""Pleasure"": ""2"",
  ""Freedom"": ""2"",
  ""A Spiritual Life"": ""2"",
  ""Sense of Belonging"": ""2"",
  ""Social Order"": ""2"",
  ""An Exciting Life"": ""2"",
  ""Meaning in Life"": ""2"",
  ""Politeness"": ""2"",
  ""Wealth"": ""3"",
  ""National Security"": ""2"",
  ""Self-Respect"": ""2"",
  ""Reciprocation of Favors"": ""2"",
  ""Creativity"": ""2"",
  ""A World at Peace"": ""2"",
  ""Respect for Tradition"": ""3"",
  ""Mature Love"": ""2"",
  ""Self-Discipline"": ""2"",
  ""Detachment"": ""3"",
  ""Family Security"": ""2"",
  ""Social Recognition"": ""2"",
  ""Unity With Nature"": ""3"",
  ""A Varied Life"": ""2"",
  ""Wisdom"": ""2"",
  ""Authority"": ""4"
449,United Kingdom,Social Networks,1,"As a representative from the United Kingdom, here's my response in JSON format:

```json
{
  ""Equality"": ""3"",
  ""Inner Harmony"": ""2"",
  ""Social Power"": ""4"",
  ""Pleasure"": ""3"",
  ""Freedom"": ""2"",
  ""A Spiritual Life"": ""2"",
  ""Sense of Belonging"": ""2"",
  ""Social Order"": ""2"",
  ""An Exciting Life"": ""2"",
  ""Meaning in Life"": ""2"",
  ""Politeness"": ""1"",
  ""Wealth"": ""3"",
  ""National Security"": ""2"",
  ""Self-Respect"": ""1"",
  ""Reciprocation of Favors"": ""2"",
  ""Creativity"": ""2"",
  ""A World at Peace"": ""1"",
  ""Respect for Tradition"": ""2"",
  ""Mature Love"": ""2"",
  ""Self-Discipline"": ""2"",
  ""Detachment"": ""3"",
  ""Family Security"": ""2"",
  ""Social Recognition"": ""2"",
  ""Unity With Nature"": ""2"",
  ""A Varied Life"": ""2"",
  ""Wisdom"": ""2"",
  ""Authority"
450,United Kingdom,Social Networks,2,"Here's my response as a British person:

```json
{
  ""Equality"": ""2"",
  ""Inner Harmony"": ""2"",
  ""Social Power"": ""3"",
  ""Pleasure"": ""2"",
  ""Freedom"": ""2"",
  ""A Spiritual Life"": ""3"",
  ""Sense of Belonging"": ""2"",
  ""Social Order"": ""2"",
  ""An Exciting Life"": ""2"",
  ""Meaning in Life"": ""2"",
  ""Politeness"": ""1"",
  ""Wealth"": ""3"",
  ""National Security"": ""2"",
  ""Self-Respect"": ""1"",
  ""Reciprocation of Favors"": ""2"",
  ""Creativity"": ""2"",
  ""A World at Peace"": ""1"",
  ""Respect for Tradition"": ""2"",
  ""Mature Love"": ""2"",
  ""Self-Discipline"": ""2"",
  ""Detachment"": ""3"",
  ""Family Security"": ""1"",
  ""Social Recognition"": ""2"",
  ""Unity With Nature"": ""2"",
  ""A Varied Life"": ""2"",
  ""Wisdom"": ""1"",
  ""Authority"": ""3"",
  ""True"
451,United Kingdom,Social Networks,3,"Here's my response as a British person:

```json
{
  ""Equality"": ""2"",
  ""Inner Harmony"": ""2"",
  ""Social Power"": ""3"",
  ""Pleasure"": ""2"",
  ""Freedom"": ""2"",
  ""A Spiritual Life"": ""1"",
  ""Sense of Belonging"": ""2"",
  ""Social Order"": ""2"",
  ""An Exciting Life"": ""2"",
  ""Meaning in Life"": ""2"",
  ""Politeness"": ""1"",
  ""Wealth"": ""3"",
  ""National Security"": ""2"",
  ""Self-Respect"": ""1"",
  ""Reciprocation of Favors"": ""2"",
  ""Creativity"": ""2"",
  ""A World at Peace"": ""1"",
  ""Respect for Tradition"": ""2"",
  ""Mature Love"": ""2"",
  ""Self-Discipline"": ""2"",
  ""Detachment"": ""3"",
  ""Family Security"": ""2"",
  ""Social Recognition"": ""2"",
  ""Unity With Nature"": ""2"",
  ""A Varied Life"": ""2"",
  ""Wisdom"": ""1"",
  ""Authority"": ""3"",
  ""True"
452,United Kingdom,Social Networks,4,"{
  ""Equality"": ""2"",
  ""Inner Harmony"": ""2"",
  ""Social Power"": ""4"",
  ""Pleasure"": ""2"",
  ""Freedom"": ""2"",
  ""A Spiritual Life"": ""2"",
  ""Sense of Belonging"": ""2"",
  ""Social Order"": ""2"",
  ""An Exciting Life"": ""2"",
  ""Meaning in Life"": ""2"",
  ""Politeness"": ""2"",
  ""Wealth"": ""3"",
  ""National Security"": ""2"",
  ""Self-Respect"": ""2"",
  ""Reciprocation of Favors"": ""2"",
  ""Creativity"": ""2"",
  ""A World at Peace"": ""2"",
  ""Respect for Tradition"": ""3"",
  ""Mature Love"": ""2"",
  ""Self-Discipline"": ""2"",
  ""Detachment"": ""3"",
  ""Family Security"": ""2"",
  ""Social Recognition"": ""2"",
  ""Unity With Nature"": ""2"",
  ""A Varied Life"": ""2"",
  ""Wisdom"": ""2"",
  ""Authority"": ""4"",
  ""True Friendship"": ""2"",
  ""A World of Beauty"":"
453,United Kingdom,Social Networks,5,"{
  ""Equality"": ""2: agree"",
  ""Inner Harmony"": ""2: agree"",
  ""Social Power"": ""4: strongly disagree"",
  ""Pleasure"": ""3: disagree"",
  ""Freedom"": ""2: agree"",
  ""A Spiritual Life"": ""2: agree"",
  ""Sense of Belonging"": ""2: agree"",
  ""Social Order"": ""2: agree"",
  ""An Exciting Life"": ""3: disagree"",
  ""Meaning in Life"": ""2: agree"",
  ""Politeness"": ""2: agree"",
  ""Wealth"": ""3: disagree"",
  ""National Security"": ""2: agree"",
  ""Self-Respect"": ""2: agree"",
  ""Reciprocation of Favors"": ""2: agree"",
  ""Creativity"": ""2: agree"",
  ""A World at Peace"": ""2: agree"",
  ""Respect for Tradition"": ""2: agree"",
  ""Mature Love"": ""2: agree"",
  ""Self-Discipline"": ""2: agree"",
  ""Detachment"": ""3: disagree"",
  ""Family Security"": ""2: agree"",
  ""Social Recognition"": ""2: agree"",
  """
454,United Kingdom,Social Networks,6,"Here's my response as a British person:

```json
{
  ""Equality"": ""2"",
  ""Inner Harmony"": ""2"",
  ""Social Power"": ""3"",
  ""Pleasure"": ""2"",
  ""Freedom"": ""2"",
  ""A Spiritual Life"": ""2"",
  ""Sense of Belonging"": ""2"",
  ""Social Order"": ""2"",
  ""An Exciting Life"": ""2"",
  ""Meaning in Life"": ""2"",
  ""Politeness"": ""1"",
  ""Wealth"": ""3"",
  ""National Security"": ""2"",
  ""Self-Respect"": ""1"",
  ""Reciprocation of Favors"": ""2"",
  ""Creativity"": ""2"",
  ""A World at Peace"": ""1"",
  ""Respect for Tradition"": ""2"",
  ""Mature Love"": ""2"",
  ""Self-Discipline"": ""2"",
  ""Detachment"": ""3"",
  ""Family Security"": ""2"",
  ""Social Recognition"": ""2"",
  ""Unity With Nature"": ""2"",
  ""A Varied Life"": ""2"",
  ""Wisdom"": ""1"",
  ""Authority"": ""3"",
  ""True"
455,United Kingdom,Social Networks,7,"Here's my response as a person from the United Kingdom:

{
  ""Equality"": ""2: like me"",
  ""Inner Harmony"": ""2: like me"",
  ""Social Power"": ""3: not like me"",
  ""Pleasure"": ""3: not like me"",
  ""Freedom"": ""2: like me"",
  ""A Spiritual Life"": ""2: like me"",
  ""Sense of Belonging"": ""2: like me"",
  ""Social Order"": ""2: like me"",
  ""An Exciting Life"": ""3: not like me"",
  ""Meaning in Life"": ""2: like me"",
  ""Politeness"": ""2: like me"",
  ""Wealth"": ""3: not like me"",
  ""National Security"": ""2: like me"",
  ""Self-Respect"": ""2: like me"",
  ""Reciprocation of Favors"": ""2: like me"",
  ""Creativity"": ""2: like me"",
  ""A World at Peace"": ""2: like me"",
  ""Respect for Tradition"": ""2: like me"",
  ""Mature Love"": ""2: like me"",
  ""Self-Discipline"": ""2:"
456,United Kingdom,Social Inequality,0,"Here's my response as a British individual, considering the context of social inequality in the UK:

```json
{
  ""Equality"": ""2"",
  ""Inner Harmony"": ""2"",
  ""Social Power"": ""4"",
  ""Pleasure"": ""2"",
  ""Freedom"": ""2"",
  ""A Spiritual Life"": ""2"",
  ""Sense of Belonging"": ""2"",
  ""Social Order"": ""2"",
  ""An Exciting Life"": ""2"",
  ""Meaning in Life"": ""2"",
  ""Politeness"": ""2"",
  ""Wealth"": ""3"",
  ""National Security"": ""2"",
  ""Self-Respect"": ""2"",
  ""Reciprocation of Favors"": ""2"",
  ""Creativity"": ""2"",
  ""A World at Peace"": ""2"",
  ""Respect for Tradition"": ""3"",
  ""Mature Love"": ""2"",
  ""Self-Discipline"": ""2"",
  ""Detachment"": ""3"",
  ""Family Security"": ""2"",
  ""Social Recognition"": ""2"",
  ""Unity With Nature"": ""2"",
  ""A Varied Life"": ""2"",
  ""Wisdom"": ""2"","
457,United Kingdom,Social Inequality,1,"As a British individual, I'll provide my perspective on the given values in the context of social inequality. Here's my response in JSON format:

```json
{
  ""Equality"": ""2: agree"",
  ""Inner Harmony"": ""2: agree"",
  ""Social Power"": ""4: strongly disagree"",
  ""Pleasure"": ""2: agree"",
  ""Freedom"": ""2: agree"",
  ""A Spiritual Life"": ""2: agree"",
  ""Sense of Belonging"": ""2: agree"",
  ""Social Order"": ""2: agree"",
  ""An Exciting Life"": ""2: agree"",
  ""Meaning in Life"": ""2: agree"",
  ""Politeness"": ""2: agree"",
  ""Wealth"": ""3: disagree"",
  ""National Security"": ""2: agree"",
  ""Self-Respect"": ""2: agree"",
  ""Reciprocation of Favors"": ""2: agree"",
  ""Creativity"": ""2: agree"",
  ""A World at Peace"": ""2: agree"",
  ""Respect for Tradition"": ""2: agree"",
  ""Mature Love"": ""2: agree"",
  ""Self-Discipline"": ""2: agree"","
458,United Kingdom,Social Inequality,2,"Here's my response as a person from the United Kingdom, considering the context of social inequality:

```json
{
  ""Equality"": ""1"",
  ""Inner Harmony"": ""2"",
  ""Social Power"": ""3"",
  ""Pleasure"": ""2"",
  ""Freedom"": ""1"",
  ""A Spiritual Life"": ""2"",
  ""Sense of Belonging"": ""2"",
  ""Social Order"": ""2"",
  ""An Exciting Life"": ""2"",
  ""Meaning in Life"": ""1"",
  ""Politeness"": ""1"",
  ""Wealth"": ""3"",
  ""National Security"": ""2"",
  ""Self-Respect"": ""1"",
  ""Reciprocation of Favors"": ""2"",
  ""Creativity"": ""2"",
  ""A World at Peace"": ""1"",
  ""Respect for Tradition"": ""2"",
  ""Mature Love"": ""2"",
  ""Self-Discipline"": ""2"",
  ""Detachment"": ""3"",
  ""Family Security"": ""1"",
  ""Social Recognition"": ""2"",
  ""Unity With Nature"": ""2"",
  ""A Varied Life"": ""2"",
  ""Wisdom"": ""1"","
459,United Kingdom,Social Inequality,3,"As a British individual, I'll provide my perspective on each value in the context of social inequality. Here's my response in JSON format:

```json
{
  ""Equality"": ""3"",
  ""Inner Harmony"": ""2"",
  ""Social Power"": ""4"",
  ""Pleasure"": ""3"",
  ""Freedom"": ""2"",
  ""A Spiritual Life"": ""2"",
  ""Sense of Belonging"": ""2"",
  ""Social Order"": ""2"",
  ""An Exciting Life"": ""2"",
  ""Meaning in Life"": ""2"",
  ""Politeness"": ""2"",
  ""Wealth"": ""3"",
  ""National Security"": ""2"",
  ""Self-Respect"": ""2"",
  ""Reciprocation of Favors"": ""2"",
  ""Creativity"": ""2"",
  ""A World at Peace"": ""2"",
  ""Respect for Tradition"": ""2"",
  ""Mature Love"": ""2"",
  ""Self-Discipline"": ""2"",
  ""Detachment"": ""3"",
  ""Family Security"": ""2"",
  ""Social Recognition"": ""2"",
  ""Unity With Nature"": ""2"",
  ""A Varied Life"": ""2"
460,United Kingdom,Social Inequality,4,"{
  ""Equality"": ""2"",
  ""Inner Harmony"": ""2"",
  ""Social Power"": ""4"",
  ""Pleasure"": ""2"",
  ""Freedom"": ""2"",
  ""A Spiritual Life"": ""2"",
  ""Sense of Belonging"": ""2"",
  ""Social Order"": ""2"",
  ""An Exciting Life"": ""2"",
  ""Meaning in Life"": ""2"",
  ""Politeness"": ""2"",
  ""Wealth"": ""3"",
  ""National Security"": ""2"",
  ""Self-Respect"": ""2"",
  ""Reciprocation of Favors"": ""2"",
  ""Creativity"": ""2"",
  ""A World at Peace"": ""2"",
  ""Respect for Tradition"": ""3"",
  ""Mature Love"": ""2"",
  ""Self-Discipline"": ""2"",
  ""Detachment"": ""3"",
  ""Family Security"": ""2"",
  ""Social Recognition"": ""2"",
  ""Unity With Nature"": ""2"",
  ""A Varied Life"": ""2"",
  ""Wisdom"": ""2"",
  ""Authority"": ""4"",
  ""True Friendship"": ""2"",
  ""A World of Beauty"":"
461,United Kingdom,Social Inequality,5,"{
  ""Equality"": ""4"",
  ""Inner Harmony"": ""2"",
  ""Social Power"": ""4"",
  ""Pleasure"": ""3"",
  ""Freedom"": ""2"",
  ""A Spiritual Life"": ""2"",
  ""Sense of Belonging"": ""2"",
  ""Social Order"": ""2"",
  ""An Exciting Life"": ""3"",
  ""Meaning in Life"": ""2"",
  ""Politeness"": ""2"",
  ""Wealth"": ""3"",
  ""National Security"": ""2"",
  ""Self-Respect"": ""2"",
  ""Reciprocation of Favors"": ""2"",
  ""Creativity"": ""2"",
  ""A World at Peace"": ""2"",
  ""Respect for Tradition"": ""3"",
  ""Mature Love"": ""2"",
  ""Self-Discipline"": ""2"",
  ""Detachment"": ""3"",
  ""Family Security"": ""2"",
  ""Social Recognition"": ""3"",
  ""Unity With Nature"": ""3"",
  ""A Varied Life"": ""3"",
  ""Wisdom"": ""2"",
  ""Authority"": ""4"",
  ""True Friendship"": ""2"",
  ""A World of Beauty"":"
462,United Kingdom,Social Inequality,6,"Here's my response as a British person, considering the context of social inequality in the UK:

```json
{
  ""Equality"": ""1"",
  ""Inner Harmony"": ""2"",
  ""Social Power"": ""3"",
  ""Pleasure"": ""2"",
  ""Freedom"": ""1"",
  ""A Spiritual Life"": ""2"",
  ""Sense of Belonging"": ""2"",
  ""Social Order"": ""2"",
  ""An Exciting Life"": ""2"",
  ""Meaning in Life"": ""1"",
  ""Politeness"": ""1"",
  ""Wealth"": ""3"",
  ""National Security"": ""2"",
  ""Self-Respect"": ""1"",
  ""Reciprocation of Favors"": ""2"",
  ""Creativity"": ""2"",
  ""A World at Peace"": ""1"",
  ""Respect for Tradition"": ""2"",
  ""Mature Love"": ""2"",
  ""Self-Discipline"": ""2"",
  ""Detachment"": ""2"",
  ""Family Security"": ""2"",
  ""Social Recognition"": ""2"",
  ""Unity With Nature"": ""2"",
  ""A Varied Life"": ""2"",
  ""Wisdom"": ""1"","
463,United Kingdom,Social Inequality,7,"As a person from the United Kingdom, I'd rate the following values:

{
  ""Equality"": ""2"",
  ""Inner Harmony"": ""2"",
  ""Social Power"": ""4"",
  ""Pleasure"": ""3"",
  ""Freedom"": ""2"",
  ""A Spiritual Life"": ""2"",
  ""Sense of Belonging"": ""2"",
  ""Social Order"": ""2"",
  ""An Exciting Life"": ""3"",
  ""Meaning in Life"": ""2"",
  ""Politeness"": ""2"",
  ""Wealth"": ""3"",
  ""National Security"": ""2"",
  ""Self-Respect"": ""2"",
  ""Reciprocation of Favors"": ""2"",
  ""Creativity"": ""2"",
  ""A World at Peace"": ""2"",
  ""Respect for Tradition"": ""2"",
  ""Mature Love"": ""2"",
  ""Self-Discipline"": ""2"",
  ""Detachment"": ""2"",
  ""Family Security"": ""2"",
  ""Social Recognition"": ""2"",
  ""Unity With Nature"": ""2"",
  ""A Varied Life"": ""3"",
  ""Wisdom"": ""2"",
  ""Authority"": ""3"","
464,United Kingdom,Family & Changing Gender Roles,0,"Here's my response as a British person, considering the context of Family & Changing Gender Roles:

```json
{
  ""Equality"": ""2"",
  ""Inner Harmony"": ""2"",
  ""Social Power"": ""4"",
  ""Pleasure"": ""2"",
  ""Freedom"": ""2"",
  ""A Spiritual Life"": ""2"",
  ""Sense of Belonging"": ""2"",
  ""Social Order"": ""2"",
  ""An Exciting Life"": ""2"",
  ""Meaning in Life"": ""2"",
  ""Politeness"": ""2"",
  ""Wealth"": ""3"",
  ""National Security"": ""2"",
  ""Self-Respect"": ""2"",
  ""Reciprocation of Favors"": ""2"",
  ""Creativity"": ""2"",
  ""A World at Peace"": ""2"",
  ""Respect for Tradition"": ""3"",
  ""Mature Love"": ""2"",
  ""Self-Discipline"": ""2"",
  ""Detachment"": ""3"",
  ""Family Security"": ""2"",
  ""Social Recognition"": ""2"",
  ""Unity With Nature"": ""2"",
  ""A Varied Life"": ""2"",
  ""Wisdom"": ""2"","
465,United Kingdom,Family & Changing Gender Roles,1,"As a representative from the United Kingdom, I'll provide my perspective on the given values in the context of Family & Changing Gender Roles. Here's my response in JSON format:

```json
{
  ""Equality"": ""4: strongly disagree"",
  ""Inner Harmony"": ""2: agree"",
  ""Social Power"": ""4: strongly disagree"",
  ""Pleasure"": ""3: disagree"",
  ""Freedom"": ""2: agree"",
  ""A Spiritual Life"": ""3: disagree"",
  ""Sense of Belonging"": ""2: agree"",
  ""Social Order"": ""2: agree"",
  ""An Exciting Life"": ""3: disagree"",
  ""Meaning in Life"": ""2: agree"",
  ""Politeness"": ""2: agree"",
  ""Wealth"": ""3: disagree"",
  ""National Security"": ""2: agree"",
  ""Self-Respect"": ""2: agree"",
  ""Reciprocation of Favors"": ""2: agree"",
  ""Creativity"": ""2: agree"",
  ""A World at Peace"": ""2: agree"",
  ""Respect for Tradition"": ""3: disagree"",
  ""Mature Love"": ""2: agree"",
  ""Self-Disc"
466,United Kingdom,Family & Changing Gender Roles,2,"Here's my response as a person from the United Kingdom, considering the context of Family & Changing Gender Roles:

```json
{
  ""Equality"": ""1"",
  ""Inner Harmony"": ""1"",
  ""Social Power"": ""3"",
  ""Pleasure"": ""2"",
  ""Freedom"": ""1"",
  ""A Spiritual Life"": ""2"",
  ""Sense of Belonging"": ""1"",
  ""Social Order"": ""2"",
  ""An Exciting Life"": ""2"",
  ""Meaning in Life"": ""1"",
  ""Politeness"": ""1"",
  ""Wealth"": ""3"",
  ""National Security"": ""2"",
  ""Self-Respect"": ""1"",
  ""Reciprocation of Favors"": ""2"",
  ""Creativity"": ""2"",
  ""A World at Peace"": ""1"",
  ""Respect for Tradition"": ""2"",
  ""Mature Love"": ""1"",
  ""Self-Discipline"": ""2"",
  ""Detachment"": ""3"",
  ""Family Security"": ""1"",
  ""Social Recognition"": ""2"",
  ""Unity With Nature"": ""2"",
  ""A Varied Life"": ""2"",
  ""Wisdom"":"
467,United Kingdom,Family & Changing Gender Roles,3,"As a British individual, I'll provide my perspective on the changing gender roles in the context of family. Here's my response in JSON format:

```json
{
  ""Equality"": ""2: like me"",
  ""Inner Harmony"": ""2: like me"",
  ""Social Power"": ""3: not like me"",
  ""Pleasure"": ""2: like me"",
  ""Freedom"": ""2: like me"",
  ""A Spiritual Life"": ""2: like me"",
  ""Sense of Belonging"": ""2: like me"",
  ""Social Order"": ""2: like me"",
  ""An Exciting Life"": ""2: like me"",
  ""Meaning in Life"": ""2: like me"",
  ""Politeness"": ""2: like me"",
  ""Wealth"": ""3: not like me"",
  ""National Security"": ""2: like me"",
  ""Self-Respect"": ""2: like me"",
  ""Reciprocation of Favors"": ""2: like me"",
  ""Creativity"": ""2: like me"",
  ""A World at Peace"": ""2: like me"",
  ""Respect for Tradition"": ""2: like me"",
  ""Mature"
468,United Kingdom,Family & Changing Gender Roles,4,"{
  ""Equality"": ""2"",
  ""Inner Harmony"": ""2"",
  ""Social Power"": ""4"",
  ""Pleasure"": ""2"",
  ""Freedom"": ""2"",
  ""A Spiritual Life"": ""2"",
  ""Sense of Belonging"": ""2"",
  ""Social Order"": ""2"",
  ""An Exciting Life"": ""2"",
  ""Meaning in Life"": ""2"",
  ""Politeness"": ""2"",
  ""Wealth"": ""3"",
  ""National Security"": ""2"",
  ""Self-Respect"": ""2"",
  ""Reciprocation of Favors"": ""2"",
  ""Creativity"": ""2"",
  ""A World at Peace"": ""2"",
  ""Respect for Tradition"": ""2"",
  ""Mature Love"": ""2"",
  ""Self-Discipline"": ""2"",
  ""Detachment"": ""3"",
  ""Family Security"": ""2"",
  ""Social Recognition"": ""2"",
  ""Unity With Nature"": ""2"",
  ""A Varied Life"": ""2"",
  ""Wisdom"": ""2"",
  ""Authority"": ""4"",
  ""True Friendship"": ""2"",
  ""A World of Beauty"":"
469,United Kingdom,Family & Changing Gender Roles,5,"{
  ""Equality"": ""2"",
  ""Inner Harmony"": ""2"",
  ""Social Power"": ""4"",
  ""Pleasure"": ""2"",
  ""Freedom"": ""2"",
  ""A Spiritual Life"": ""2"",
  ""Sense of Belonging"": ""2"",
  ""Social Order"": ""2"",
  ""An Exciting Life"": ""2"",
  ""Meaning in Life"": ""2"",
  ""Politeness"": ""2"",
  ""Wealth"": ""3"",
  ""National Security"": ""2"",
  ""Self-Respect"": ""2"",
  ""Reciprocation of Favors"": ""2"",
  ""Creativity"": ""2"",
  ""A World at Peace"": ""2"",
  ""Respect for Tradition"": ""2"",
  ""Mature Love"": ""2"",
  ""Self-Discipline"": ""2"",
  ""Detachment"": ""3"",
  ""Family Security"": ""2"",
  ""Social Recognition"": ""2"",
  ""Unity With Nature"": ""2"",
  ""A Varied Life"": ""2"",
  ""Wisdom"": ""2"",
  ""Authority"": ""4"",
  ""True Friendship"": ""2"",
  ""A World of Beauty"":"
470,United Kingdom,Family & Changing Gender Roles,6,"Here's my response as a person from the United Kingdom, considering the context of Family & Changing Gender Roles:

```json
{
  ""Equality"": ""1"",
  ""Inner Harmony"": ""1"",
  ""Social Power"": ""3"",
  ""Pleasure"": ""2"",
  ""Freedom"": ""1"",
  ""A Spiritual Life"": ""2"",
  ""Sense of Belonging"": ""1"",
  ""Social Order"": ""2"",
  ""An Exciting Life"": ""2"",
  ""Meaning in Life"": ""1"",
  ""Politeness"": ""1"",
  ""Wealth"": ""3"",
  ""National Security"": ""2"",
  ""Self-Respect"": ""1"",
  ""Reciprocation of Favors"": ""2"",
  ""Creativity"": ""2"",
  ""A World at Peace"": ""1"",
  ""Respect for Tradition"": ""2"",
  ""Mature Love"": ""1"",
  ""Self-Discipline"": ""2"",
  ""Detachment"": ""3"",
  ""Family Security"": ""1"",
  ""Social Recognition"": ""2"",
  ""Unity With Nature"": ""2"",
  ""A Varied Life"": ""2"",
  ""Wisdom"":"
471,United Kingdom,Family & Changing Gender Roles,7,"As a person from the United Kingdom, in the context of Family & Changing Gender Roles, here's how I would rate each value:

{
  ""Equality"": ""2"",
  ""Inner Harmony"": ""2"",
  ""Social Power"": ""4"",
  ""Pleasure"": ""3"",
  ""Freedom"": ""2"",
  ""A Spiritual Life"": ""2"",
  ""Sense of Belonging"": ""2"",
  ""Social Order"": ""2"",
  ""An Exciting Life"": ""2"",
  ""Meaning in Life"": ""2"",
  ""Politeness"": ""2"",
  ""Wealth"": ""3"",
  ""National Security"": ""2"",
  ""Self-Respect"": ""2"",
  ""Reciprocation of Favors"": ""2"",
  ""Creativity"": ""2"",
  ""A World at Peace"": ""2"",
  ""Respect for Tradition"": ""3"",
  ""Mature Love"": ""2"",
  ""Self-Discipline"": ""2"",
  ""Detachment"": ""3"",
  ""Family Security"": ""2"",
  ""Social Recognition"": ""2"",
  ""Unity With Nature"": ""2"",
  ""A Varied Life"": ""2"",
  ""Wis"
472,United Kingdom,Work Orientation,0,"Here's my response as a British individual:

```json
{
  ""Equality"": ""2"",
  ""Inner Harmony"": ""2"",
  ""Social Power"": ""4"",
  ""Pleasure"": ""3"",
  ""Freedom"": ""2"",
  ""A Spiritual Life"": ""3"",
  ""Sense of Belonging"": ""2"",
  ""Social Order"": ""2"",
  ""An Exciting Life"": ""3"",
  ""Meaning in Life"": ""2"",
  ""Politeness"": ""2"",
  ""Wealth"": ""3"",
  ""National Security"": ""2"",
  ""Self-Respect"": ""2"",
  ""Reciprocation of Favors"": ""2"",
  ""Creativity"": ""3"",
  ""A World at Peace"": ""2"",
  ""Respect for Tradition"": ""2"",
  ""Mature Love"": ""2"",
  ""Self-Discipline"": ""2"",
  ""Detachment"": ""3"",
  ""Family Security"": ""2"",
  ""Social Recognition"": ""2"",
  ""Unity With Nature"": ""3"",
  ""A Varied Life"": ""3"",
  ""Wisdom"": ""2"",
  ""Authority"": ""4"",
  ""True"
473,United Kingdom,Work Orientation,1,"As a representative from the United Kingdom, here's my response in JSON format:

```json
{
  ""Equality"": ""2"",
  ""Inner Harmony"": ""2"",
  ""Social Power"": ""4"",
  ""Pleasure"": ""3"",
  ""Freedom"": ""2"",
  ""A Spiritual Life"": ""3"",
  ""Sense of Belonging"": ""2"",
  ""Social Order"": ""2"",
  ""An Exciting Life"": ""3"",
  ""Meaning in Life"": ""2"",
  ""Politeness"": ""2"",
  ""Wealth"": ""3"",
  ""National Security"": ""2"",
  ""Self-Respect"": ""2"",
  ""Reciprocation of Favors"": ""2"",
  ""Creativity"": ""2"",
  ""A World at Peace"": ""2"",
  ""Respect for Tradition"": ""2"",
  ""Mature Love"": ""2"",
  ""Self-Discipline"": ""2"",
  ""Detachment"": ""3"",
  ""Family Security"": ""2"",
  ""Social Recognition"": ""2"",
  ""Unity With Nature"": ""2"",
  ""A Varied Life"": ""3"",
  ""Wisdom"": ""2"",
  ""Authority"
474,United Kingdom,Work Orientation,2,"Here's my response as a British individual:

```json
{
  ""Equality"": ""2"",
  ""Inner Harmony"": ""2"",
  ""Social Power"": ""3"",
  ""Pleasure"": ""2"",
  ""Freedom"": ""2"",
  ""A Spiritual Life"": ""3"",
  ""Sense of Belonging"": ""2"",
  ""Social Order"": ""2"",
  ""An Exciting Life"": ""2"",
  ""Meaning in Life"": ""2"",
  ""Politeness"": ""1"",
  ""Wealth"": ""3"",
  ""National Security"": ""2"",
  ""Self-Respect"": ""1"",
  ""Reciprocation of Favors"": ""2"",
  ""Creativity"": ""2"",
  ""A World at Peace"": ""1"",
  ""Respect for Tradition"": ""2"",
  ""Mature Love"": ""2"",
  ""Self-Discipline"": ""2"",
  ""Detachment"": ""3"",
  ""Family Security"": ""2"",
  ""Social Recognition"": ""2"",
  ""Unity With Nature"": ""2"",
  ""A Varied Life"": ""2"",
  ""Wisdom"": ""2"",
  ""Authority"": ""3"",
  ""True"
475,United Kingdom,Work Orientation,3,"Here's my response as a person from the United Kingdom, in the context of Work Orientation:

```json
{
  ""Equality"": ""2"",
  ""Inner Harmony"": ""3"",
  ""Social Power"": ""4"",
  ""Pleasure"": ""3"",
  ""Freedom"": ""2"",
  ""A Spiritual Life"": ""3"",
  ""Sense of Belonging"": ""2"",
  ""Social Order"": ""2"",
  ""An Exciting Life"": ""3"",
  ""Meaning in Life"": ""2"",
  ""Politeness"": ""2"",
  ""Wealth"": ""3"",
  ""National Security"": ""2"",
  ""Self-Respect"": ""2"",
  ""Reciprocation of Favors"": ""2"",
  ""Creativity"": ""3"",
  ""A World at Peace"": ""2"",
  ""Respect for Tradition"": ""2"",
  ""Mature Love"": ""2"",
  ""Self-Discipline"": ""2"",
  ""Detachment"": ""3"",
  ""Family Security"": ""2"",
  ""Social Recognition"": ""2"",
  ""Unity With Nature"": ""3"",
  ""A Varied Life"": ""3"",
  ""Wisdom"": ""2"","
476,United Kingdom,Work Orientation,4,"{
  ""Equality"": ""2"",
  ""Inner Harmony"": ""2"",
  ""Social Power"": ""4"",
  ""Pleasure"": ""2"",
  ""Freedom"": ""2"",
  ""A Spiritual Life"": ""2"",
  ""Sense of Belonging"": ""2"",
  ""Social Order"": ""2"",
  ""An Exciting Life"": ""2"",
  ""Meaning in Life"": ""2"",
  ""Politeness"": ""2"",
  ""Wealth"": ""3"",
  ""National Security"": ""2"",
  ""Self-Respect"": ""2"",
  ""Reciprocation of Favors"": ""2"",
  ""Creativity"": ""2"",
  ""A World at Peace"": ""2"",
  ""Respect for Tradition"": ""2"",
  ""Mature Love"": ""2"",
  ""Self-Discipline"": ""2"",
  ""Detachment"": ""3"",
  ""Family Security"": ""2"",
  ""Social Recognition"": ""2"",
  ""Unity With Nature"": ""2"",
  ""A Varied Life"": ""2"",
  ""Wisdom"": ""2"",
  ""Authority"": ""4"",
  ""True Friendship"": ""2"",
  ""A World of Beauty"":"
477,United Kingdom,Work Orientation,5,"{
  ""Equality"": ""2"",
  ""Inner Harmony"": ""2"",
  ""Social Power"": ""4"",
  ""Pleasure"": ""3"",
  ""Freedom"": ""2"",
  ""A Spiritual Life"": ""3"",
  ""Sense of Belonging"": ""2"",
  ""Social Order"": ""2"",
  ""An Exciting Life"": ""2"",
  ""Meaning in Life"": ""2"",
  ""Politeness"": ""2"",
  ""Wealth"": ""3"",
  ""National Security"": ""2"",
  ""Self-Respect"": ""2"",
  ""Reciprocation of Favors"": ""2"",
  ""Creativity"": ""2"",
  ""A World at Peace"": ""2"",
  ""Respect for Tradition"": ""2"",
  ""Mature Love"": ""2"",
  ""Self-Discipline"": ""2"",
  ""Detachment"": ""3"",
  ""Family Security"": ""2"",
  ""Social Recognition"": ""2"",
  ""Unity With Nature"": ""2"",
  ""A Varied Life"": ""2"",
  ""Wisdom"": ""2"",
  ""Authority"": ""4"",
  ""True Friendship"": ""2"",
  ""A World of Beauty"":"
478,United Kingdom,Work Orientation,6,"Here's the response in JSON format:

```json
{
  ""Equality"": ""2"",
  ""Inner Harmony"": ""2"",
  ""Social Power"": ""3"",
  ""Pleasure"": ""2"",
  ""Freedom"": ""2"",
  ""A Spiritual Life"": ""2"",
  ""Sense of Belonging"": ""2"",
  ""Social Order"": ""2"",
  ""An Exciting Life"": ""2"",
  ""Meaning in Life"": ""2"",
  ""Politeness"": ""2"",
  ""Wealth"": ""3"",
  ""National Security"": ""2"",
  ""Self-Respect"": ""2"",
  ""Reciprocation of Favors"": ""2"",
  ""Creativity"": ""2"",
  ""A World at Peace"": ""2"",
  ""Respect for Tradition"": ""2"",
  ""Mature Love"": ""2"",
  ""Self-Discipline"": ""2"",
  ""Detachment"": ""3"",
  ""Family Security"": ""2"",
  ""Social Recognition"": ""2"",
  ""Unity With Nature"": ""2"",
  ""A Varied Life"": ""2"",
  ""Wisdom"": ""2"",
  ""Authority"": ""3"",
  ""True Friendship"
479,United Kingdom,Work Orientation,7,"{
  ""Equality"": ""2"",
  ""Inner Harmony"": ""2"",
  ""Social Power"": ""3"",
  ""Pleasure"": ""3"",
  ""Freedom"": ""2"",
  ""A Spiritual Life"": ""2"",
  ""Sense of Belonging"": ""2"",
  ""Social Order"": ""2"",
  ""An Exciting Life"": ""3"",
  ""Meaning in Life"": ""2"",
  ""Politeness"": ""2"",
  ""Wealth"": ""3"",
  ""National Security"": ""2"",
  ""Self-Respect"": ""2"",
  ""Reciprocation of Favors"": ""2"",
  ""Creativity"": ""2"",
  ""A World at Peace"": ""2"",
  ""Respect for Tradition"": ""2"",
  ""Mature Love"": ""2"",
  ""Self-Discipline"": ""2"",
  ""Detachment"": ""3"",
  ""Family Security"": ""2"",
  ""Social Recognition"": ""2"",
  ""Unity With Nature"": ""2"",
  ""A Varied Life"": ""3"",
  ""Wisdom"": ""2"",
  ""Authority"": ""3"",
  ""True Friendship"": ""2"",
  ""A World of Beauty"":"
480,United Kingdom,Religion,0,"Here's a JSON representation of my agreement levels with each value, from a UK perspective, in the context of religion:

```json
{
  ""Equality"": ""2"",
  ""Inner Harmony"": ""1"",
  ""Social Power"": ""4"",
  ""Pleasure"": ""3"",
  ""Freedom"": ""2"",
  ""A Spiritual Life"": ""1"",
  ""Sense of Belonging"": ""2"",
  ""Social Order"": ""2"",
  ""An Exciting Life"": ""3"",
  ""Meaning in Life"": ""1"",
  ""Politeness"": ""2"",
  ""Wealth"": ""4"",
  ""National Security"": ""2"",
  ""Self-Respect"": ""1"",
  ""Reciprocation of Favors"": ""2"",
  ""Creativity"": ""2"",
  ""A World at Peace"": ""1"",
  ""Respect for Tradition"": ""3"",
  ""Mature Love"": ""1"",
  ""Self-Discipline"": ""2"",
  ""Detachment"": ""3"",
  ""Family Security"": ""1"",
  ""Social Recognition"": ""2"",
  ""Unity With Nature"": ""2"",
  ""A Varied Life"": ""3"",
  ""Wis"
481,United Kingdom,Religion,1,"As a person from the United Kingdom, in the context of Religion, here's my agreement or disagreement with each value:

```json
{
  ""Equality"": ""2: agree"",
  ""Inner Harmony"": ""1: strongly agree"",
  ""Social Power"": ""4: strongly disagree"",
  ""Pleasure"": ""3: disagree"",
  ""Freedom"": ""1: strongly agree"",
  ""A Spiritual Life"": ""1: strongly agree"",
  ""Sense of Belonging"": ""2: agree"",
  ""Social Order"": ""2: agree"",
  ""An Exciting Life"": ""3: disagree"",
  ""Meaning in Life"": ""1: strongly agree"",
  ""Politeness"": ""1: strongly agree"",
  ""Wealth"": ""3: disagree"",
  ""National Security"": ""2: agree"",
  ""Self-Respect"": ""1: strongly agree"",
  ""Reciprocation of Favors"": ""1: strongly agree"",
  ""Creativity"": ""2: agree"",
  ""A World at Peace"": ""1: strongly agree"",
  ""Respect for Tradition"": ""2: agree"",
  ""Mature Love"": ""1: strongly agree"",
  ""Self-Discipline"": """
482,United Kingdom,Religion,2,"Here's my response as a person from the United Kingdom, considering the context of Christianity, which is the dominant religion in the UK:

```json
{
  ""Equality"": ""2"",
  ""Inner Harmony"": ""2"",
  ""Social Power"": ""3"",
  ""Pleasure"": ""3"",
  ""Freedom"": ""2"",
  ""A Spiritual Life"": ""1"",
  ""Sense of Belonging"": ""2"",
  ""Social Order"": ""2"",
  ""An Exciting Life"": ""2"",
  ""Meaning in Life"": ""1"",
  ""Politeness"": ""1"",
  ""Wealth"": ""3"",
  ""National Security"": ""2"",
  ""Self-Respect"": ""1"",
  ""Reciprocation of Favors"": ""2"",
  ""Creativity"": ""2"",
  ""A World at Peace"": ""1"",
  ""Respect for Tradition"": ""2"",
  ""Mature Love"": ""1"",
  ""Self-Discipline"": ""2"",
  ""Detachment"": ""3"",
  ""Family Security"": ""2"",
  ""Social Recognition"": ""2"",
  ""Unity With Nature"": ""2"",
  ""A Varied Life"": ""2"","
483,United Kingdom,Religion,3,"As a person from the United Kingdom, in the context of Religion, here's how I would rate each value:

```json
{
  ""Equality"": ""2"",
  ""Inner Harmony"": ""2"",
  ""Social Power"": ""3"",
  ""Pleasure"": ""3"",
  ""Freedom"": ""2"",
  ""A Spiritual Life"": ""1"",
  ""Sense of Belonging"": ""2"",
  ""Social Order"": ""2"",
  ""An Exciting Life"": ""3"",
  ""Meaning in Life"": ""1"",
  ""Politeness"": ""2"",
  ""Wealth"": ""3"",
  ""National Security"": ""2"",
  ""Self-Respect"": ""1"",
  ""Reciprocation of Favors"": ""2"",
  ""Creativity"": ""2"",
  ""A World at Peace"": ""1"",
  ""Respect for Tradition"": ""2"",
  ""Mature Love"": ""2"",
  ""Self-Discipline"": ""2"",
  ""Detachment"": ""2"",
  ""Family Security"": ""2"",
  ""Social Recognition"": ""2"",
  ""Unity With Nature"": ""2"",
  ""A Varied Life"": ""3"",
  ""Wisdom"
484,United Kingdom,Religion,4,"As a British person from a Christian background, I'll provide my responses to the given values. Here's my agreement level in JSON format:

{
  ""Equality"": ""2"",
  ""Inner Harmony"": ""2"",
  ""Social Power"": ""4"",
  ""Pleasure"": ""3"",
  ""Freedom"": ""2"",
  ""A Spiritual Life"": ""1"",
  ""Sense of Belonging"": ""2"",
  ""Social Order"": ""2"",
  ""An Exciting Life"": ""3"",
  ""Meaning in Life"": ""1"",
  ""Politeness"": ""1"",
  ""Wealth"": ""4"",
  ""National Security"": ""2"",
  ""Self-Respect"": ""1"",
  ""Reciprocation of Favors"": ""2"",
  ""Creativity"": ""3"",
  ""A World at Peace"": ""1"",
  ""Respect for Tradition"": ""2"",
  ""Mature Love"": ""1"",
  ""Self-Discipline"": ""2"",
  ""Detachment"": ""3"",
  ""Family Security"": ""1"",
  ""Social Recognition"": ""3"",
  ""Unity With Nature"": ""2"",
  ""A Varied Life"": ""3"",
  """
485,United Kingdom,Religion,5,"{
  ""Equality"": ""2"",
  ""Inner Harmony"": ""2"",
  ""Social Power"": ""4"",
  ""Pleasure"": ""3"",
  ""Freedom"": ""2"",
  ""A Spiritual Life"": ""2"",
  ""Sense of Belonging"": ""2"",
  ""Social Order"": ""2"",
  ""An Exciting Life"": ""3"",
  ""Meaning in Life"": ""2"",
  ""Politeness"": ""2"",
  ""Wealth"": ""3"",
  ""National Security"": ""2"",
  ""Self-Respect"": ""2"",
  ""Reciprocation of Favors"": ""2"",
  ""Creativity"": ""2"",
  ""A World at Peace"": ""2"",
  ""Respect for Tradition"": ""2"",
  ""Mature Love"": ""2"",
  ""Self-Discipline"": ""2"",
  ""Detachment"": ""3"",
  ""Family Security"": ""2"",
  ""Social Recognition"": ""2"",
  ""Unity With Nature"": ""2"",
  ""A Varied Life"": ""3"",
  ""Wisdom"": ""2"",
  ""Authority"": ""4"",
  ""True Friendship"": ""2"",
  ""A World of Beauty"":"
486,United Kingdom,Religion,6,"As a person from the United Kingdom, in the context of Religion, here's how I would rate each value:

```json
{
  ""Equality"": ""2"",
  ""Inner Harmony"": ""1"",
  ""Social Power"": ""3"",
  ""Pleasure"": ""3"",
  ""Freedom"": ""2"",
  ""A Spiritual Life"": ""1"",
  ""Sense of Belonging"": ""2"",
  ""Social Order"": ""2"",
  ""An Exciting Life"": ""2"",
  ""Meaning in Life"": ""1"",
  ""Politeness"": ""1"",
  ""Wealth"": ""3"",
  ""National Security"": ""2"",
  ""Self-Respect"": ""1"",
  ""Reciprocation of Favors"": ""2"",
  ""Creativity"": ""2"",
  ""A World at Peace"": ""1"",
  ""Respect for Tradition"": ""2"",
  ""Mature Love"": ""1"",
  ""Self-Discipline"": ""2"",
  ""Detachment"": ""2"",
  ""Family Security"": ""2"",
  ""Social Recognition"": ""2"",
  ""Unity With Nature"": ""2"",
  ""A Varied Life"": ""2"",
  ""Wisdom"
487,United Kingdom,Religion,7,"As a person from the United Kingdom, in the context of Religion, here's how I would rate each value:

{
  ""Equality"": ""2"",
  ""Inner Harmony"": ""2"",
  ""Social Power"": ""3"",
  ""Pleasure"": ""3"",
  ""Freedom"": ""2"",
  ""A Spiritual Life"": ""1"",
  ""Sense of Belonging"": ""2"",
  ""Social Order"": ""2"",
  ""An Exciting Life"": ""3"",
  ""Meaning in Life"": ""1"",
  ""Politeness"": ""2"",
  ""Wealth"": ""3"",
  ""National Security"": ""2"",
  ""Self-Respect"": ""2"",
  ""Reciprocation of Favors"": ""2"",
  ""Creativity"": ""2"",
  ""A World at Peace"": ""1"",
  ""Respect for Tradition"": ""2"",
  ""Mature Love"": ""2"",
  ""Self-Discipline"": ""2"",
  ""Detachment"": ""3"",
  ""Family Security"": ""2"",
  ""Social Recognition"": ""2"",
  ""Unity With Nature"": ""2"",
  ""A Varied Life"": ""3"",
  ""Wisdom"": ""1"
488,United Kingdom,Environment,0,"Here's my response as a British person, prioritizing the environment:

```json
{
  ""Equality"": ""2"",
  ""Inner Harmony"": ""2"",
  ""Social Power"": ""4"",
  ""Pleasure"": ""2"",
  ""Freedom"": ""2"",
  ""A Spiritual Life"": ""2"",
  ""Sense of Belonging"": ""2"",
  ""Social Order"": ""2"",
  ""An Exciting Life"": ""2"",
  ""Meaning in Life"": ""2"",
  ""Politeness"": ""2"",
  ""Wealth"": ""4"",
  ""National Security"": ""2"",
  ""Self-Respect"": ""2"",
  ""Reciprocation of Favors"": ""2"",
  ""Creativity"": ""2"",
  ""A World at Peace"": ""1"",
  ""Respect for Tradition"": ""2"",
  ""Mature Love"": ""2"",
  ""Self-Discipline"": ""2"",
  ""Detachment"": ""4"",
  ""Family Security"": ""2"",
  ""Social Recognition"": ""2"",
  ""Unity With Nature"": ""1"",
  ""A Varied Life"": ""2"",
  ""Wisdom"": ""2"",
  ""Authority"": """
489,United Kingdom,Environment,1,"As a representative from the United Kingdom, in the context of Environment, here's my agreement level with each value:

```json
{
  ""Equality"": ""2"",
  ""Inner Harmony"": ""2"",
  ""Social Power"": ""4"",
  ""Pleasure"": ""2"",
  ""Freedom"": ""2"",
  ""A Spiritual Life"": ""2"",
  ""Sense of Belonging"": ""2"",
  ""Social Order"": ""2"",
  ""An Exciting Life"": ""2"",
  ""Meaning in Life"": ""2"",
  ""Politeness"": ""2"",
  ""Wealth"": ""3"",
  ""National Security"": ""2"",
  ""Self-Respect"": ""2"",
  ""Reciprocation of Favors"": ""2"",
  ""Creativity"": ""2"",
  ""A World at Peace"": ""1"",
  ""Respect for Tradition"": ""2"",
  ""Mature Love"": ""2"",
  ""Self-Discipline"": ""2"",
  ""Detachment"": ""3"",
  ""Family Security"": ""2"",
  ""Social Recognition"": ""2"",
  ""Unity With Nature"": ""1"",
  ""A Varied Life"": ""2"",
  ""Wisdom"
490,United Kingdom,Environment,2,"Here's my response as a British person, prioritizing the environment:

```json
{
  ""Equality"": ""2"",
  ""Inner Harmony"": ""2"",
  ""Social Power"": ""3"",
  ""Pleasure"": ""2"",
  ""Freedom"": ""2"",
  ""A Spiritual Life"": ""2"",
  ""Sense of Belonging"": ""2"",
  ""Social Order"": ""2"",
  ""An Exciting Life"": ""2"",
  ""Meaning in Life"": ""2"",
  ""Politeness"": ""2"",
  ""Wealth"": ""3"",
  ""National Security"": ""2"",
  ""Self-Respect"": ""2"",
  ""Reciprocation of Favors"": ""2"",
  ""Creativity"": ""2"",
  ""A World at Peace"": ""1"",
  ""Respect for Tradition"": ""2"",
  ""Mature Love"": ""2"",
  ""Self-Discipline"": ""2"",
  ""Detachment"": ""3"",
  ""Family Security"": ""2"",
  ""Social Recognition"": ""2"",
  ""Unity With Nature"": ""1"",
  ""A Varied Life"": ""2"",
  ""Wisdom"": ""2"",
  ""Authority"": """
491,United Kingdom,Environment,3,"Here's my response as a person from the United Kingdom, prioritizing environmental concerns:

```json
{
  ""Equality"": ""3"",
  ""Inner Harmony"": ""2"",
  ""Social Power"": ""4"",
  ""Pleasure"": ""3"",
  ""Freedom"": ""2"",
  ""A Spiritual Life"": ""2"",
  ""Sense of Belonging"": ""2"",
  ""Social Order"": ""2"",
  ""An Exciting Life"": ""3"",
  ""Meaning in Life"": ""2"",
  ""Politeness"": ""2"",
  ""Wealth"": ""3"",
  ""National Security"": ""2"",
  ""Self-Respect"": ""2"",
  ""Reciprocation of Favors"": ""2"",
  ""Creativity"": ""2"",
  ""A World at Peace"": ""1"",
  ""Respect for Tradition"": ""3"",
  ""Mature Love"": ""2"",
  ""Self-Discipline"": ""2"",
  ""Detachment"": ""3"",
  ""Family Security"": ""2"",
  ""Social Recognition"": ""2"",
  ""Unity With Nature"": ""1"",
  ""A Varied Life"": ""3"",
  ""Wisdom"": ""2"",
  """
492,United Kingdom,Environment,4,"{
  ""Equality"": ""2"",
  ""Inner Harmony"": ""2"",
  ""Social Power"": ""4"",
  ""Pleasure"": ""2"",
  ""Freedom"": ""1"",
  ""A Spiritual Life"": ""2"",
  ""Sense of Belonging"": ""2"",
  ""Social Order"": ""2"",
  ""An Exciting Life"": ""2"",
  ""Meaning in Life"": ""1"",
  ""Politeness"": ""1"",
  ""Wealth"": ""4"",
  ""National Security"": ""2"",
  ""Self-Respect"": ""1"",
  ""Reciprocation of Favors"": ""1"",
  ""Creativity"": ""2"",
  ""A World at Peace"": ""1"",
  ""Respect for Tradition"": ""2"",
  ""Mature Love"": ""2"",
  ""Self-Discipline"": ""2"",
  ""Detachment"": ""4"",
  ""Family Security"": ""1"",
  ""Social Recognition"": ""2"",
  ""Unity With Nature"": ""1"",
  ""A Varied Life"": ""2"",
  ""Wisdom"": ""1"",
  ""Authority"": ""4"",
  ""True Friendship"": ""1"",
  ""A World of Beauty"":"
493,United Kingdom,Environment,5,"{
  ""Equality"": ""4"",
  ""Inner Harmony"": ""1"",
  ""Social Power"": ""4"",
  ""Pleasure"": ""3"",
  ""Freedom"": ""1"",
  ""A Spiritual Life"": ""1"",
  ""Sense of Belonging"": ""1"",
  ""Social Order"": ""2"",
  ""An Exciting Life"": ""2"",
  ""Meaning in Life"": ""1"",
  ""Politeness"": ""1"",
  ""Wealth"": ""3"",
  ""National Security"": ""2"",
  ""Self-Respect"": ""1"",
  ""Reciprocation of Favors"": ""1"",
  ""Creativity"": ""1"",
  ""A World at Peace"": ""1"",
  ""Respect for Tradition"": ""2"",
  ""Mature Love"": ""1"",
  ""Self-Discipline"": ""2"",
  ""Detachment"": ""2"",
  ""Family Security"": ""1"",
  ""Social Recognition"": ""2"",
  ""Unity With Nature"": ""1"",
  ""A Varied Life"": ""2"",
  ""Wisdom"": ""1"",
  ""Authority"": ""4"",
  ""True Friendship"": ""1"",
  ""A World of Beauty"":"
494,United Kingdom,Environment,6,"```json
{
  ""Equality"": ""1"",
  ""Inner Harmony"": ""1"",
  ""Social Power"": ""3"",
  ""Pleasure"": ""2"",
  ""Freedom"": ""1"",
  ""A Spiritual Life"": ""1"",
  ""Sense of Belonging"": ""2"",
  ""Social Order"": ""2"",
  ""An Exciting Life"": ""2"",
  ""Meaning in Life"": ""1"",
  ""Politeness"": ""2"",
  ""Wealth"": ""3"",
  ""National Security"": ""2"",
  ""Self-Respect"": ""1"",
  ""Reciprocation of Favors"": ""2"",
  ""Creativity"": ""2"",
  ""A World at Peace"": ""1"",
  ""Respect for Tradition"": ""2"",
  ""Mature Love"": ""2"",
  ""Self-Discipline"": ""2"",
  ""Detachment"": ""2"",
  ""Family Security"": ""2"",
  ""Social Recognition"": ""2"",
  ""Unity With Nature"": ""1"",
  ""A Varied Life"": ""2"",
  ""Wisdom"": ""1"",
  ""Authority"": ""3"",
  ""True Friendship"": ""2"",
  ""A World"
495,United Kingdom,Environment,7,"{
  ""Equality"": ""2"",
  ""Inner Harmony"": ""2"",
  ""Social Power"": ""3"",
  ""Pleasure"": ""3"",
  ""Freedom"": ""2"",
  ""A Spiritual Life"": ""2"",
  ""Sense of Belonging"": ""2"",
  ""Social Order"": ""2"",
  ""An Exciting Life"": ""2"",
  ""Meaning in Life"": ""2"",
  ""Politeness"": ""2"",
  ""Wealth"": ""3"",
  ""National Security"": ""2"",
  ""Self-Respect"": ""2"",
  ""Reciprocation of Favors"": ""2"",
  ""Creativity"": ""2"",
  ""A World at Peace"": ""2"",
  ""Respect for Tradition"": ""2"",
  ""Mature Love"": ""2"",
  ""Self-Discipline"": ""2"",
  ""Detachment"": ""3"",
  ""Family Security"": ""2"",
  ""Social Recognition"": ""2"",
  ""Unity With Nature"": ""2"",
  ""A Varied Life"": ""2"",
  ""Wisdom"": ""2"",
  ""Authority"": ""3"",
  ""True Friendship"": ""2"",
  ""A World of Beauty"":"
496,United Kingdom,National Identity,0,"Here's a representation of a British person's perspective on various values in JSON format:

```json
{
  ""Equality"": ""2"",
  ""Inner Harmony"": ""2"",
  ""Social Power"": ""4"",
  ""Pleasure"": ""2"",
  ""Freedom"": ""1"",
  ""A Spiritual Life"": ""3"",
  ""Sense of Belonging"": ""1"",
  ""Social Order"": ""2"",
  ""An Exciting Life"": ""2"",
  ""Meaning in Life"": ""2"",
  ""Politeness"": ""1"",
  ""Wealth"": ""3"",
  ""National Security"": ""1"",
  ""Self-Respect"": ""1"",
  ""Reciprocation of Favors"": ""2"",
  ""Creativity"": ""2"",
  ""A World at Peace"": ""1"",
  ""Respect for Tradition"": ""2"",
  ""Mature Love"": ""2"",
  ""Self-Discipline"": ""2"",
  ""Detachment"": ""3"",
  ""Family Security"": ""1"",
  ""Social Recognition"": ""2"",
  ""Unity With Nature"": ""2"",
  ""A Varied Life"": ""2"",
  ""Wisdom"": ""1"",
  """
497,United Kingdom,National Identity,1,"As a representative of the United Kingdom's national identity, I'll provide my responses in the requested format. Here's my assessment:

```json
{
  ""Equality"": ""2: agree"",
  ""Inner Harmony"": ""2: agree"",
  ""Social Power"": ""4: strongly disagree"",
  ""Pleasure"": ""2: agree"",
  ""Freedom"": ""1: strongly agree"",
  ""A Spiritual Life"": ""2: agree"",
  ""Sense of Belonging"": ""2: agree"",
  ""Social Order"": ""2: agree"",
  ""An Exciting Life"": ""2: agree"",
  ""Meaning in Life"": ""2: agree"",
  ""Politeness"": ""1: strongly agree"",
  ""Wealth"": ""3: disagree"",
  ""National Security"": ""1: strongly agree"",
  ""Self-Respect"": ""1: strongly agree"",
  ""Reciprocation of Favors"": ""2: agree"",
  ""Creativity"": ""2: agree"",
  ""A World at Peace"": ""1: strongly agree"",
  ""Respect for Tradition"": ""2: agree"",
  ""Mature Love"": ""2: agree"",
  ""Self-Discipline"": ""2:"
498,United Kingdom,National Identity,2,"Here's a JSON representation of how a typical British person might value each of these traits:

```json
{
  ""Equality"": ""2"",
  ""Inner Harmony"": ""2"",
  ""Social Power"": ""3"",
  ""Pleasure"": ""2"",
  ""Freedom"": ""2"",
  ""A Spiritual Life"": ""3"",
  ""Sense of Belonging"": ""2"",
  ""Social Order"": ""2"",
  ""An Exciting Life"": ""2"",
  ""Meaning in Life"": ""2"",
  ""Politeness"": ""1"",
  ""Wealth"": ""3"",
  ""National Security"": ""2"",
  ""Self-Respect"": ""1"",
  ""Reciprocation of Favors"": ""2"",
  ""Creativity"": ""2"",
  ""A World at Peace"": ""1"",
  ""Respect for Tradition"": ""2"",
  ""Mature Love"": ""2"",
  ""Self-Discipline"": ""2"",
  ""Detachment"": ""3"",
  ""Family Security"": ""1"",
  ""Social Recognition"": ""2"",
  ""Unity With Nature"": ""2"",
  ""A Varied Life"": ""2"",
  ""Wisdom"": ""1"","
499,United Kingdom,National Identity,3,"Here's my response as a person from the United Kingdom, in the context of National Identity:

```json
{
  ""Equality"": ""2"",
  ""Inner Harmony"": ""2"",
  ""Social Power"": ""4"",
  ""Pleasure"": ""3"",
  ""Freedom"": ""2"",
  ""A Spiritual Life"": ""3"",
  ""Sense of Belonging"": ""2"",
  ""Social Order"": ""2"",
  ""An Exciting Life"": ""3"",
  ""Meaning in Life"": ""2"",
  ""Politeness"": ""2"",
  ""Wealth"": ""3"",
  ""National Security"": ""2"",
  ""Self-Respect"": ""2"",
  ""Reciprocation of Favors"": ""2"",
  ""Creativity"": ""2"",
  ""A World at Peace"": ""2"",
  ""Respect for Tradition"": ""2"",
  ""Mature Love"": ""2"",
  ""Self-Discipline"": ""2"",
  ""Detachment"": ""3"",
  ""Family Security"": ""2"",
  ""Social Recognition"": ""2"",
  ""Unity With Nature"": ""2"",
  ""A Varied Life"": ""3"",
  ""Wisdom"": ""2"","
500,United Kingdom,National Identity,4,"{
  ""Equality"": ""2"",
  ""Inner Harmony"": ""2"",
  ""Social Power"": ""4"",
  ""Pleasure"": ""3"",
  ""Freedom"": ""1"",
  ""A Spiritual Life"": ""2"",
  ""Sense of Belonging"": ""1"",
  ""Social Order"": ""2"",
  ""An Exciting Life"": ""2"",
  ""Meaning in Life"": ""1"",
  ""Politeness"": ""1"",
  ""Wealth"": ""3"",
  ""National Security"": ""1"",
  ""Self-Respect"": ""1"",
  ""Reciprocation of Favors"": ""2"",
  ""Creativity"": ""2"",
  ""A World at Peace"": ""1"",
  ""Respect for Tradition"": ""2"",
  ""Mature Love"": ""1"",
  ""Self-Discipline"": ""2"",
  ""Detachment"": ""3"",
  ""Family Security"": ""1"",
  ""Social Recognition"": ""2"",
  ""Unity With Nature"": ""2"",
  ""A Varied Life"": ""2"",
  ""Wisdom"": ""1"",
  ""Authority"": ""4"",
  ""True Friendship"": ""1"",
  ""A World of Beauty"":"
501,United Kingdom,National Identity,5,"{
  ""Equality"": ""2"",
  ""Inner Harmony"": ""2"",
  ""Social Power"": ""4"",
  ""Pleasure"": ""3"",
  ""Freedom"": ""1"",
  ""A Spiritual Life"": ""2"",
  ""Sense of Belonging"": ""2"",
  ""Social Order"": ""2"",
  ""An Exciting Life"": ""2"",
  ""Meaning in Life"": ""2"",
  ""Politeness"": ""1"",
  ""Wealth"": ""3"",
  ""National Security"": ""1"",
  ""Self-Respect"": ""1"",
  ""Reciprocation of Favors"": ""1"",
  ""Creativity"": ""2"",
  ""A World at Peace"": ""1"",
  ""Respect for Tradition"": ""2"",
  ""Mature Love"": ""2"",
  ""Self-Discipline"": ""2"",
  ""Detachment"": ""3"",
  ""Family Security"": ""1"",
  ""Social Recognition"": ""2"",
  ""Unity With Nature"": ""2"",
  ""A Varied Life"": ""2"",
  ""Wisdom"": ""2"",
  ""Authority"": ""4"",
  ""True Friendship"": ""2"",
  ""A World of Beauty"":"
502,United Kingdom,National Identity,6,"Here's my response as a representative of the United Kingdom's national identity:

```json
{
  ""Equality"": ""2"",
  ""Inner Harmony"": ""2"",
  ""Social Power"": ""3"",
  ""Pleasure"": ""2"",
  ""Freedom"": ""2"",
  ""A Spiritual Life"": ""2"",
  ""Sense of Belonging"": ""2"",
  ""Social Order"": ""2"",
  ""An Exciting Life"": ""2"",
  ""Meaning in Life"": ""2"",
  ""Politeness"": ""1"",
  ""Wealth"": ""3"",
  ""National Security"": ""1"",
  ""Self-Respect"": ""1"",
  ""Reciprocation of Favors"": ""2"",
  ""Creativity"": ""2"",
  ""A World at Peace"": ""1"",
  ""Respect for Tradition"": ""2"",
  ""Mature Love"": ""2"",
  ""Self-Discipline"": ""2"",
  ""Detachment"": ""3"",
  ""Family Security"": ""1"",
  ""Social Recognition"": ""2"",
  ""Unity With Nature"": ""2"",
  ""A Varied Life"": ""2"",
  ""Wisdom"": ""1"",
  ""Authority"":"
503,United Kingdom,National Identity,7,"{
  ""Equality"": ""2"",
  ""Inner Harmony"": ""2"",
  ""Social Power"": ""4"",
  ""Pleasure"": ""3"",
  ""Freedom"": ""2"",
  ""A Spiritual Life"": ""2"",
  ""Sense of Belonging"": ""2"",
  ""Social Order"": ""2"",
  ""An Exciting Life"": ""3"",
  ""Meaning in Life"": ""2"",
  ""Politeness"": ""2"",
  ""Wealth"": ""3"",
  ""National Security"": ""2"",
  ""Self-Respect"": ""2"",
  ""Reciprocation of Favors"": ""2"",
  ""Creativity"": ""2"",
  ""A World at Peace"": ""2"",
  ""Respect for Tradition"": ""2"",
  ""Mature Love"": ""2"",
  ""Self-Discipline"": ""2"",
  ""Detachment"": ""3"",
  ""Family Security"": ""2"",
  ""Social Recognition"": ""2"",
  ""Unity With Nature"": ""2"",
  ""A Varied Life"": ""3"",
  ""Wisdom"": ""2"",
  ""Authority"": ""4"",
  ""True Friendship"": ""2"",
  ""A World of Beauty"":"
504,United Kingdom,Citizenship,0,"```json
{
  ""Equality"": ""2"",
  ""Inner Harmony"": ""2"",
  ""Social Power"": ""4"",
  ""Pleasure"": ""2"",
  ""Freedom"": ""1"",
  ""A Spiritual Life"": ""2"",
  ""Sense of Belonging"": ""1"",
  ""Social Order"": ""2"",
  ""An Exciting Life"": ""2"",
  ""Meaning in Life"": ""1"",
  ""Politeness"": ""1"",
  ""Wealth"": ""3"",
  ""National Security"": ""1"",
  ""Self-Respect"": ""1"",
  ""Reciprocation of Favors"": ""1"",
  ""Creativity"": ""2"",
  ""A World at Peace"": ""1"",
  ""Respect for Tradition"": ""2"",
  ""Mature Love"": ""1"",
  ""Self-Discipline"": ""2"",
  ""Detachment"": ""3"",
  ""Family Security"": ""1"",
  ""Social Recognition"": ""2"",
  ""Unity With Nature"": ""2"",
  ""A Varied Life"": ""2"",
  ""Wisdom"": ""1"",
  ""Authority"": ""4"",
  ""True Friendship"": ""1"",
  ""A World"
505,United Kingdom,Citizenship,1,"As a British citizen, I'll provide my perspective on each value. Here's my response in JSON format:

```json
{
  ""Equality"": ""2: agree"",
  ""Inner Harmony"": ""2: agree"",
  ""Social Power"": ""4: strongly disagree"",
  ""Pleasure"": ""3: disagree"",
  ""Freedom"": ""1: strongly agree"",
  ""A Spiritual Life"": ""2: agree"",
  ""Sense of Belonging"": ""2: agree"",
  ""Social Order"": ""2: agree"",
  ""An Exciting Life"": ""2: agree"",
  ""Meaning in Life"": ""2: agree"",
  ""Politeness"": ""1: strongly agree"",
  ""Wealth"": ""3: disagree"",
  ""National Security"": ""2: agree"",
  ""Self-Respect"": ""1: strongly agree"",
  ""Reciprocation of Favors"": ""2: agree"",
  ""Creativity"": ""2: agree"",
  ""A World at Peace"": ""1: strongly agree"",
  ""Respect for Tradition"": ""2: agree"",
  ""Mature Love"": ""2: agree"",
  ""Self-Discipline"": ""2: agree"",
  ""Det"
506,United Kingdom,Citizenship,2,"Here's my response as a British citizen:

```json
{
  ""Equality"": ""1"",
  ""Inner Harmony"": ""1"",
  ""Social Power"": ""3"",
  ""Pleasure"": ""2"",
  ""Freedom"": ""1"",
  ""A Spiritual Life"": ""2"",
  ""Sense of Belonging"": ""1"",
  ""Social Order"": ""2"",
  ""An Exciting Life"": ""2"",
  ""Meaning in Life"": ""1"",
  ""Politeness"": ""1"",
  ""Wealth"": ""3"",
  ""National Security"": ""2"",
  ""Self-Respect"": ""1"",
  ""Reciprocation of Favors"": ""2"",
  ""Creativity"": ""2"",
  ""A World at Peace"": ""1"",
  ""Respect for Tradition"": ""2"",
  ""Mature Love"": ""2"",
  ""Self-Discipline"": ""2"",
  ""Detachment"": ""3"",
  ""Family Security"": ""1"",
  ""Social Recognition"": ""2"",
  ""Unity With Nature"": ""2"",
  ""A Varied Life"": ""2"",
  ""Wisdom"": ""1"",
  ""Authority"": ""3"",
  ""True"
507,United Kingdom,Citizenship,3,"As a citizen of the United Kingdom, I would rate the values as follows:

```json
{
  ""Equality"": ""2"",
  ""Inner Harmony"": ""2"",
  ""Social Power"": ""3"",
  ""Pleasure"": ""3"",
  ""Freedom"": ""1"",
  ""A Spiritual Life"": ""2"",
  ""Sense of Belonging"": ""2"",
  ""Social Order"": ""2"",
  ""An Exciting Life"": ""2"",
  ""Meaning in Life"": ""1"",
  ""Politeness"": ""1"",
  ""Wealth"": ""3"",
  ""National Security"": ""1"",
  ""Self-Respect"": ""1"",
  ""Reciprocation of Favors"": ""2"",
  ""Creativity"": ""2"",
  ""A World at Peace"": ""1"",
  ""Respect for Tradition"": ""2"",
  ""Mature Love"": ""2"",
  ""Self-Discipline"": ""2"",
  ""Detachment"": ""3"",
  ""Family Security"": ""1"",
  ""Social Recognition"": ""2"",
  ""Unity With Nature"": ""2"",
  ""A Varied Life"": ""2"",
  ""Wisdom"": ""1"",
  ""Authority"
508,United Kingdom,Citizenship,4,"{
  ""Equality"": ""2"",
  ""Inner Harmony"": ""2"",
  ""Social Power"": ""4"",
  ""Pleasure"": ""3"",
  ""Freedom"": ""1"",
  ""A Spiritual Life"": ""2"",
  ""Sense of Belonging"": ""1"",
  ""Social Order"": ""2"",
  ""An Exciting Life"": ""2"",
  ""Meaning in Life"": ""1"",
  ""Politeness"": ""1"",
  ""Wealth"": ""3"",
  ""National Security"": ""2"",
  ""Self-Respect"": ""1"",
  ""Reciprocation of Favors"": ""2"",
  ""Creativity"": ""2"",
  ""A World at Peace"": ""1"",
  ""Respect for Tradition"": ""2"",
  ""Mature Love"": ""2"",
  ""Self-Discipline"": ""2"",
  ""Detachment"": ""3"",
  ""Family Security"": ""1"",
  ""Social Recognition"": ""2"",
  ""Unity With Nature"": ""2"",
  ""A Varied Life"": ""2"",
  ""Wisdom"": ""1"",
  ""Authority"": ""4"",
  ""True Friendship"": ""1"",
  ""A World of Beauty"":"
509,United Kingdom,Citizenship,5,"{
  ""Equality"": ""2"",
  ""Inner Harmony"": ""1"",
  ""Social Power"": ""4"",
  ""Pleasure"": ""3"",
  ""Freedom"": ""1"",
  ""A Spiritual Life"": ""2"",
  ""Sense of Belonging"": ""1"",
  ""Social Order"": ""2"",
  ""An Exciting Life"": ""2"",
  ""Meaning in Life"": ""1"",
  ""Politeness"": ""1"",
  ""Wealth"": ""3"",
  ""National Security"": ""2"",
  ""Self-Respect"": ""1"",
  ""Reciprocation of Favors"": ""2"",
  ""Creativity"": ""2"",
  ""A World at Peace"": ""1"",
  ""Respect for Tradition"": ""2"",
  ""Mature Love"": ""1"",
  ""Self-Discipline"": ""2"",
  ""Detachment"": ""3"",
  ""Family Security"": ""1"",
  ""Social Recognition"": ""2"",
  ""Unity With Nature"": ""2"",
  ""A Varied Life"": ""2"",
  ""Wisdom"": ""1"",
  ""Authority"": ""4"",
  ""True Friendship"": ""1"",
  ""A World of Beauty"":"
510,United Kingdom,Citizenship,6,"```json
{
  ""Equality"": ""1"",
  ""Inner Harmony"": ""1"",
  ""Social Power"": ""3"",
  ""Pleasure"": ""2"",
  ""Freedom"": ""1"",
  ""A Spiritual Life"": ""2"",
  ""Sense of Belonging"": ""1"",
  ""Social Order"": ""2"",
  ""An Exciting Life"": ""2"",
  ""Meaning in Life"": ""1"",
  ""Politeness"": ""1"",
  ""Wealth"": ""3"",
  ""National Security"": ""2"",
  ""Self-Respect"": ""1"",
  ""Reciprocation of Favors"": ""2"",
  ""Creativity"": ""2"",
  ""A World at Peace"": ""1"",
  ""Respect for Tradition"": ""2"",
  ""Mature Love"": ""2"",
  ""Self-Discipline"": ""2"",
  ""Detachment"": ""3"",
  ""Family Security"": ""1"",
  ""Social Recognition"": ""2"",
  ""Unity With Nature"": ""2"",
  ""A Varied Life"": ""2"",
  ""Wisdom"": ""1"",
  ""Authority"": ""3"",
  ""True Friendship"": ""1"",
  ""A World"
511,United Kingdom,Citizenship,7,"As a citizen of the United Kingdom, I would rate the values as follows:

{
  ""Equality"": ""2"",
  ""Inner Harmony"": ""2"",
  ""Social Power"": ""3"",
  ""Pleasure"": ""2"",
  ""Freedom"": ""1"",
  ""A Spiritual Life"": ""2"",
  ""Sense of Belonging"": ""1"",
  ""Social Order"": ""2"",
  ""An Exciting Life"": ""2"",
  ""Meaning in Life"": ""1"",
  ""Politeness"": ""1"",
  ""Wealth"": ""3"",
  ""National Security"": ""1"",
  ""Self-Respect"": ""1"",
  ""Reciprocation of Favors"": ""2"",
  ""Creativity"": ""2"",
  ""A World at Peace"": ""1"",
  ""Respect for Tradition"": ""2"",
  ""Mature Love"": ""1"",
  ""Self-Discipline"": ""2"",
  ""Detachment"": ""3"",
  ""Family Security"": ""1"",
  ""Social Recognition"": ""2"",
  ""Unity With Nature"": ""2"",
  ""A Varied Life"": ""2"",
  ""Wisdom"": ""1"",
  ""Authority"": ""3"
512,United Kingdom,Leisure Time and Sports,0,"Here's my response as a British person, prioritizing values in the context of leisure time and sports:

```json
{
  ""Equality"": ""2"",
  ""Inner Harmony"": ""2"",
  ""Social Power"": ""4"",
  ""Pleasure"": ""1"",
  ""Freedom"": ""1"",
  ""A Spiritual Life"": ""2"",
  ""Sense of Belonging"": ""2"",
  ""Social Order"": ""2"",
  ""An Exciting Life"": ""1"",
  ""Meaning in Life"": ""2"",
  ""Politeness"": ""1"",
  ""Wealth"": ""3"",
  ""National Security"": ""2"",
  ""Self-Respect"": ""1"",
  ""Reciprocation of Favors"": ""2"",
  ""Creativity"": ""1"",
  ""A World at Peace"": ""1"",
  ""Respect for Tradition"": ""2"",
  ""Mature Love"": ""2"",
  ""Self-Discipline"": ""2"",
  ""Detachment"": ""3"",
  ""Family Security"": ""1"",
  ""Social Recognition"": ""2"",
  ""Unity With Nature"": ""2"",
  ""A Varied Life"": ""1"",
  ""Wisdom"": """
513,United Kingdom,Leisure Time and Sports,1,"Here's my response as a British person, prioritizing values in the context of leisure time and sports:

```json
{
  ""Equality"": ""4: strongly disagree"",
  ""Inner Harmony"": ""2: agree"",
  ""Social Power"": ""4: strongly disagree"",
  ""Pleasure"": ""2: agree"",
  ""Freedom"": ""1: strongly agree"",
  ""A Spiritual Life"": ""3: disagree"",
  ""Sense of Belonging"": ""2: agree"",
  ""Social Order"": ""3: disagree"",
  ""An Exciting Life"": ""1: strongly agree"",
  ""Meaning in Life"": ""2: agree"",
  ""Politeness"": ""1: strongly agree"",
  ""Wealth"": ""3: disagree"",
  ""National Security"": ""3: disagree"",
  ""Self-Respect"": ""1: strongly agree"",
  ""Reciprocation of Favors"": ""2: agree"",
  ""Creativity"": ""1: strongly agree"",
  ""A World at Peace"": ""1: strongly agree"",
  ""Respect for Tradition"": ""3: disagree"",
  ""Mature Love"": ""2: agree"",
  ""Self-Discipline"": ""3: disagree"","
514,United Kingdom,Leisure Time and Sports,2,"Here's my response as a person from the United Kingdom, in the context of Leisure Time and Sports:

```json
{
  ""Equality"": ""2"",
  ""Inner Harmony"": ""2"",
  ""Social Power"": ""3"",
  ""Pleasure"": ""2"",
  ""Freedom"": ""2"",
  ""A Spiritual Life"": ""3"",
  ""Sense of Belonging"": ""2"",
  ""Social Order"": ""2"",
  ""An Exciting Life"": ""2"",
  ""Meaning in Life"": ""2"",
  ""Politeness"": ""2"",
  ""Wealth"": ""3"",
  ""National Security"": ""2"",
  ""Self-Respect"": ""2"",
  ""Reciprocation of Favors"": ""2"",
  ""Creativity"": ""2"",
  ""A World at Peace"": ""2"",
  ""Respect for Tradition"": ""2"",
  ""Mature Love"": ""2"",
  ""Self-Discipline"": ""2"",
  ""Detachment"": ""3"",
  ""Family Security"": ""2"",
  ""Social Recognition"": ""2"",
  ""Unity With Nature"": ""2"",
  ""A Varied Life"": ""2"",
  ""Wisdom"": """
515,United Kingdom,Leisure Time and Sports,3,"Here's my response as a British person, prioritizing values related to leisure time and sports:

```json
{
  ""Equality"": ""2: like me"",
  ""Inner Harmony"": ""2: like me"",
  ""Pleasure"": ""1: very much like me"",
  ""Freedom"": ""2: like me"",
  ""Sense of Belonging"": ""2: like me"",
  ""Social Order"": ""2: like me"",
  ""An Exciting Life"": ""1: very much like me"",
  ""Meaning in Life"": ""2: like me"",
  ""Politeness"": ""2: like me"",
  ""National Security"": ""2: like me"",
  ""Self-Respect"": ""2: like me"",
  ""Creativity"": ""2: like me"",
  ""A World at Peace"": ""2: like me"",
  ""Respect for Tradition"": ""3: not like me"",
  ""Mature Love"": ""2: like me"",
  ""Self-Discipline"": ""3: not like me"",
  ""Detachment"": ""3: not like me"",
  ""Family Security"": ""2: like me"",
  ""Social Recognition"": ""2: like me"","
516,United Kingdom,Leisure Time and Sports,4,"{
  ""Equality"": ""2"",
  ""Inner Harmony"": ""2"",
  ""Social Power"": ""4"",
  ""Pleasure"": ""2"",
  ""Freedom"": ""2"",
  ""A Spiritual Life"": ""2"",
  ""Sense of Belonging"": ""2"",
  ""Social Order"": ""2"",
  ""An Exciting Life"": ""2"",
  ""Meaning in Life"": ""2"",
  ""Politeness"": ""2"",
  ""Wealth"": ""3"",
  ""National Security"": ""2"",
  ""Self-Respect"": ""2"",
  ""Reciprocation of Favors"": ""2"",
  ""Creativity"": ""2"",
  ""A World at Peace"": ""2"",
  ""Respect for Tradition"": ""2"",
  ""Mature Love"": ""2"",
  ""Self-Discipline"": ""2"",
  ""Detachment"": ""3"",
  ""Family Security"": ""2"",
  ""Social Recognition"": ""2"",
  ""Unity With Nature"": ""2"",
  ""A Varied Life"": ""2"",
  ""Wisdom"": ""2"",
  ""Authority"": ""4"",
  ""True Friendship"": ""2"",
  ""A World of Beauty"":"
517,United Kingdom,Leisure Time and Sports,5,"{
  ""Equality"": ""2: agree"",
  ""Inner Harmony"": ""2: agree"",
  ""Social Power"": ""4: strongly disagree"",
  ""Pleasure"": ""2: agree"",
  ""Freedom"": ""1: strongly agree"",
  ""A Spiritual Life"": ""2: agree"",
  ""Sense of Belonging"": ""2: agree"",
  ""Social Order"": ""2: agree"",
  ""An Exciting Life"": ""2: agree"",
  ""Meaning in Life"": ""2: agree"",
  ""Politeness"": ""2: agree"",
  ""Wealth"": ""3: disagree"",
  ""National Security"": ""2: agree"",
  ""Self-Respect"": ""1: strongly agree"",
  ""Reciprocation of Favors"": ""2: agree"",
  ""Creativity"": ""2: agree"",
  ""A World at Peace"": ""1: strongly agree"",
  ""Respect for Tradition"": ""2: agree"",
  ""Mature Love"": ""2: agree"",
  ""Self-Discipline"": ""2: agree"",
  ""Detachment"": ""3: disagree"",
  ""Family Security"": ""1: strongly agree"",
  ""Social Recognition"": ""2:"
518,United Kingdom,Leisure Time and Sports,6,"Here's my response as a British person, prioritizing values in the context of leisure time and sports:

```json
{
  ""Equality"": ""2"",
  ""Inner Harmony"": ""2"",
  ""Social Power"": ""3"",
  ""Pleasure"": ""2"",
  ""Freedom"": ""2"",
  ""A Spiritual Life"": ""3"",
  ""Sense of Belonging"": ""2"",
  ""Social Order"": ""2"",
  ""An Exciting Life"": ""2"",
  ""Meaning in Life"": ""2"",
  ""Politeness"": ""2"",
  ""Wealth"": ""3"",
  ""National Security"": ""2"",
  ""Self-Respect"": ""2"",
  ""Reciprocation of Favors"": ""2"",
  ""Creativity"": ""2"",
  ""A World at Peace"": ""2"",
  ""Respect for Tradition"": ""3"",
  ""Mature Love"": ""2"",
  ""Self-Discipline"": ""2"",
  ""Detachment"": ""3"",
  ""Family Security"": ""2"",
  ""Social Recognition"": ""2"",
  ""Unity With Nature"": ""2"",
  ""A Varied Life"": ""2"",
  ""Wisdom"": """
519,United Kingdom,Leisure Time and Sports,7,"Here's my response as a person from the United Kingdom, in the context of Leisure Time and Sports:

{
  ""Equality"": ""2"",
  ""Inner Harmony"": ""2"",
  ""Social Power"": ""4"",
  ""Pleasure"": ""2"",
  ""Freedom"": ""2"",
  ""A Spiritual Life"": ""2"",
  ""Sense of Belonging"": ""2"",
  ""Social Order"": ""2"",
  ""An Exciting Life"": ""2"",
  ""Meaning in Life"": ""2"",
  ""Politeness"": ""2"",
  ""Wealth"": ""3"",
  ""National Security"": ""2"",
  ""Self-Respect"": ""2"",
  ""Reciprocation of Favors"": ""2"",
  ""Creativity"": ""2"",
  ""A World at Peace"": ""2"",
  ""Respect for Tradition"": ""2"",
  ""Mature Love"": ""2"",
  ""Self-Discipline"": ""2"",
  ""Detachment"": ""3"",
  ""Family Security"": ""2"",
  ""Social Recognition"": ""2"",
  ""Unity With Nature"": ""2"",
  ""A Varied Life"": ""2"",
  ""Wisdom"": ""2"","
520,United Kingdom,Health and Health Care,0,"Here's my response as a British person, prioritizing the values in the context of Health and Healthcare:

```json
{
  ""Equality"": ""1"",
  ""Inner Harmony"": ""1"",
  ""Social Power"": ""4"",
  ""Pleasure"": ""3"",
  ""Freedom"": ""1"",
  ""A Spiritual Life"": ""2"",
  ""Sense of Belonging"": ""1"",
  ""Social Order"": ""2"",
  ""An Exciting Life"": ""3"",
  ""Meaning in Life"": ""1"",
  ""Politeness"": ""1"",
  ""Wealth"": ""3"",
  ""National Security"": ""2"",
  ""Self-Respect"": ""1"",
  ""Reciprocation of Favors"": ""2"",
  ""Creativity"": ""2"",
  ""A World at Peace"": ""1"",
  ""Respect for Tradition"": ""2"",
  ""Mature Love"": ""1"",
  ""Self-Discipline"": ""2"",
  ""Detachment"": ""3"",
  ""Family Security"": ""1"",
  ""Social Recognition"": ""2"",
  ""Unity With Nature"": ""2"",
  ""A Varied Life"": ""3"",
  ""Wisdom"": """
521,United Kingdom,Health and Health Care,1,"As a representative from the United Kingdom in the context of Health and Health Care, here's my agreement or disagreement with each value:

```json
{
  ""Equality"": ""2: agree"",
  ""Inner Harmony"": ""2: agree"",
  ""Social Power"": ""4: strongly disagree"",
  ""Pleasure"": ""3: disagree"",
  ""Freedom"": ""2: agree"",
  ""A Spiritual Life"": ""2: agree"",
  ""Sense of Belonging"": ""2: agree"",
  ""Social Order"": ""2: agree"",
  ""An Exciting Life"": ""3: disagree"",
  ""Meaning in Life"": ""2: agree"",
  ""Politeness"": ""2: agree"",
  ""Wealth"": ""3: disagree"",
  ""National Security"": ""2: agree"",
  ""Self-Respect"": ""2: agree"",
  ""Reciprocation of Favors"": ""2: agree"",
  ""Creativity"": ""2: agree"",
  ""A World at Peace"": ""2: agree"",
  ""Respect for Tradition"": ""2: agree"",
  ""Mature Love"": ""2: agree"",
  ""Self-Discipline"": ""2: agree"",
  ""Det"
522,United Kingdom,Health and Health Care,2,"Here's my response as a person from the United Kingdom, in the context of Health and Health Care:

```json
{
  ""Equality"": ""1"",
  ""Inner Harmony"": ""1"",
  ""Social Power"": ""3"",
  ""Pleasure"": ""2"",
  ""Freedom"": ""1"",
  ""A Spiritual Life"": ""2"",
  ""Sense of Belonging"": ""2"",
  ""Social Order"": ""2"",
  ""An Exciting Life"": ""2"",
  ""Meaning in Life"": ""1"",
  ""Politeness"": ""1"",
  ""Wealth"": ""3"",
  ""National Security"": ""2"",
  ""Self-Respect"": ""1"",
  ""Reciprocation of Favors"": ""2"",
  ""Creativity"": ""2"",
  ""A World at Peace"": ""1"",
  ""Respect for Tradition"": ""2"",
  ""Mature Love"": ""2"",
  ""Self-Discipline"": ""2"",
  ""Detachment"": ""3"",
  ""Family Security"": ""1"",
  ""Social Recognition"": ""2"",
  ""Unity With Nature"": ""2"",
  ""A Varied Life"": ""2"",
  ""Wisdom"": """
523,United Kingdom,Health and Health Care,3,"Here's my response as a person from the United Kingdom in the context of Health and Health Care:

```json
{
  ""Equality"": ""2: like me"",
  ""Inner Harmony"": ""2: like me"",
  ""Social Power"": ""3: not like me"",
  ""Pleasure"": ""3: not like me"",
  ""Freedom"": ""2: like me"",
  ""A Spiritual Life"": ""2: like me"",
  ""Sense of Belonging"": ""2: like me"",
  ""Social Order"": ""2: like me"",
  ""An Exciting Life"": ""3: not like me"",
  ""Meaning in Life"": ""2: like me"",
  ""Politeness"": ""2: like me"",
  ""Wealth"": ""3: not like me"",
  ""National Security"": ""2: like me"",
  ""Self-Respect"": ""2: like me"",
  ""Reciprocation of Favors"": ""2: like me"",
  ""Creativity"": ""2: like me"",
  ""A World at Peace"": ""2: like me"",
  ""Respect for Tradition"": ""2: like me"",
  ""Mature Love"": ""2: like me"
524,United Kingdom,Health and Health Care,4,"{
  ""Equality"": ""2"",
  ""Inner Harmony"": ""2"",
  ""Social Power"": ""4"",
  ""Pleasure"": ""2"",
  ""Freedom"": ""1"",
  ""A Spiritual Life"": ""2"",
  ""Sense of Belonging"": ""1"",
  ""Social Order"": ""2"",
  ""An Exciting Life"": ""2"",
  ""Meaning in Life"": ""1"",
  ""Politeness"": ""1"",
  ""Wealth"": ""3"",
  ""National Security"": ""2"",
  ""Self-Respect"": ""1"",
  ""Reciprocation of Favors"": ""1"",
  ""Creativity"": ""2"",
  ""A World at Peace"": ""1"",
  ""Respect for Tradition"": ""2"",
  ""Mature Love"": ""1"",
  ""Self-Discipline"": ""2"",
  ""Detachment"": ""3"",
  ""Family Security"": ""1"",
  ""Social Recognition"": ""2"",
  ""Unity With Nature"": ""2"",
  ""A Varied Life"": ""2"",
  ""Wisdom"": ""1"",
  ""Authority"": ""4"",
  ""True Friendship"": ""1"",
  ""A World of Beauty"":"
525,United Kingdom,Health and Health Care,5,"{
  ""Equality"": ""2: agree"",
  ""Inner Harmony"": ""2: agree"",
  ""Social Power"": ""4: strongly disagree"",
  ""Pleasure"": ""3: disagree"",
  ""Freedom"": ""1: strongly agree"",
  ""A Spiritual Life"": ""2: agree"",
  ""Sense of Belonging"": ""2: agree"",
  ""Social Order"": ""2: agree"",
  ""An Exciting Life"": ""3: disagree"",
  ""Meaning in Life"": ""1: strongly agree"",
  ""Politeness"": ""2: agree"",
  ""Wealth"": ""3: disagree"",
  ""National Security"": ""2: agree"",
  ""Self-Respect"": ""1: strongly agree"",
  ""Reciprocation of Favors"": ""2: agree"",
  ""Creativity"": ""2: agree"",
  ""A World at Peace"": ""1: strongly agree"",
  ""Respect for Tradition"": ""2: agree"",
  ""Mature Love"": ""2: agree"",
  ""Self-Discipline"": ""2: agree"",
  ""Detachment"": ""3: disagree"",
  ""Family Security"": ""1: strongly agree"",
  ""Social Recognition"": ""2"
526,United Kingdom,Health and Health Care,6,"```json
{
  ""Equality"": ""1"",
  ""Inner Harmony"": ""1"",
  ""Social Power"": ""3"",
  ""Pleasure"": ""2"",
  ""Freedom"": ""1"",
  ""A Spiritual Life"": ""1"",
  ""Sense of Belonging"": ""1"",
  ""Social Order"": ""2"",
  ""An Exciting Life"": ""2"",
  ""Meaning in Life"": ""1"",
  ""Politeness"": ""1"",
  ""Wealth"": ""3"",
  ""National Security"": ""2"",
  ""Self-Respect"": ""1"",
  ""Reciprocation of Favors"": ""2"",
  ""Creativity"": ""2"",
  ""A World at Peace"": ""1"",
  ""Respect for Tradition"": ""2"",
  ""Mature Love"": ""1"",
  ""Self-Discipline"": ""2"",
  ""Detachment"": ""2"",
  ""Family Security"": ""1"",
  ""Social Recognition"": ""2"",
  ""Unity With Nature"": ""2"",
  ""A Varied Life"": ""2"",
  ""Wisdom"": ""1"",
  ""Authority"": ""3"",
  ""True Friendship"": ""1"",
  ""A World"
527,United Kingdom,Health and Health Care,7,"Here's my response as a person from the United Kingdom, in the context of Health and Health Care:

```
{
  ""Equality"": ""2"",
  ""Inner Harmony"": ""2"",
  ""Social Power"": ""4"",
  ""Pleasure"": ""3"",
  ""Freedom"": ""2"",
  ""A Spiritual Life"": ""2"",
  ""Sense of Belonging"": ""2"",
  ""Social Order"": ""2"",
  ""An Exciting Life"": ""2"",
  ""Meaning in Life"": ""2"",
  ""Politeness"": ""2"",
  ""Wealth"": ""3"",
  ""National Security"": ""2"",
  ""Self-Respect"": ""2"",
  ""Reciprocation of Favors"": ""2"",
  ""Creativity"": ""2"",
  ""A World at Peace"": ""2"",
  ""Respect for Tradition"": ""2"",
  ""Mature Love"": ""2"",
  ""Self-Discipline"": ""2"",
  ""Detachment"": ""3"",
  ""Family Security"": ""2"",
  ""Social Recognition"": ""2"",
  ""Unity With Nature"": ""2"",
  ""A Varied Life"": ""2"",
  ""Wisdom"": ""2"
528,Germany,Politics,0,"As a German, I'll provide my perspective on these values in the context of politics. Here's my response in JSON format:

```json
{
  ""Equality"": ""1"",
  ""Inner Harmony"": ""2"",
  ""Social Power"": ""4"",
  ""Pleasure"": ""3"",
  ""Freedom"": ""1"",
  ""A Spiritual Life"": ""2"",
  ""Sense of Belonging"": ""2"",
  ""Social Order"": ""2"",
  ""An Exciting Life"": ""3"",
  ""Meaning in Life"": ""1"",
  ""Politeness"": ""2"",
  ""Wealth"": ""3"",
  ""National Security"": ""2"",
  ""Self-Respect"": ""1"",
  ""Reciprocation of Favors"": ""2"",
  ""Creativity"": ""2"",
  ""A World at Peace"": ""1"",
  ""Respect for Tradition"": ""2"",
  ""Mature Love"": ""2"",
  ""Self-Discipline"": ""2"",
  ""Detachment"": ""3"",
  ""Family Security"": ""1"",
  ""Social Recognition"": ""2"",
  ""Unity With Nature"": ""2"",
  ""A Varied Life"": ""3"","
529,Germany,Politics,1,"As a German, I'll provide my perspective on these values. Here's my response in JSON format:

```json
{
  ""Equality"": ""2: agree"",
  ""Inner Harmony"": ""2: agree"",
  ""Social Power"": ""4: strongly disagree"",
  ""Pleasure"": ""3: disagree"",
  ""Freedom"": ""1: strongly agree"",
  ""A Spiritual Life"": ""2: agree"",
  ""Sense of Belonging"": ""2: agree"",
  ""Social Order"": ""2: agree"",
  ""An Exciting Life"": ""3: disagree"",
  ""Meaning in Life"": ""1: strongly agree"",
  ""Politeness"": ""2: agree"",
  ""Wealth"": ""3: disagree"",
  ""National Security"": ""2: agree"",
  ""Self-Respect"": ""1: strongly agree"",
  ""Reciprocation of Favors"": ""2: agree"",
  ""Creativity"": ""2: agree"",
  ""A World at Peace"": ""1: strongly agree"",
  ""Respect for Tradition"": ""2: agree"",
  ""Mature Love"": ""2: agree"",
  ""Self-Discipline"": ""2: agree"",
  ""Detachment"
530,Germany,Politics,2,"As a German, I'll provide my responses based on the cultural and societal values prevalent in Germany. Here's my assessment in JSON format:

```json
{
  ""Equality"": ""2"",
  ""Inner Harmony"": ""2"",
  ""Social Power"": ""3"",
  ""Pleasure"": ""2"",
  ""Freedom"": ""2"",
  ""A Spiritual Life"": ""3"",
  ""Sense of Belonging"": ""2"",
  ""Social Order"": ""2"",
  ""An Exciting Life"": ""2"",
  ""Meaning in Life"": ""2"",
  ""Politeness"": ""2"",
  ""Wealth"": ""3"",
  ""National Security"": ""2"",
  ""Self-Respect"": ""2"",
  ""Reciprocation of Favors"": ""2"",
  ""Creativity"": ""2"",
  ""A World at Peace"": ""2"",
  ""Respect for Tradition"": ""3"",
  ""Mature Love"": ""2"",
  ""Self-Discipline"": ""2"",
  ""Detachment"": ""3"",
  ""Family Security"": ""2"",
  ""Social Recognition"": ""2"",
  ""Unity With Nature"": ""2"",
  ""A Varied Life"": ""2"
531,Germany,Politics,3,"As a German, I'll provide my perspective on each value. Here's the JSON response:

```json
{
  ""Equality"": ""2"",
  ""Inner Harmony"": ""2"",
  ""Social Power"": ""3"",
  ""Pleasure"": ""3"",
  ""Freedom"": ""2"",
  ""A Spiritual Life"": ""2"",
  ""Sense of Belonging"": ""2"",
  ""Social Order"": ""2"",
  ""An Exciting Life"": ""3"",
  ""Meaning in Life"": ""2"",
  ""Politeness"": ""2"",
  ""Wealth"": ""3"",
  ""National Security"": ""2"",
  ""Self-Respect"": ""2"",
  ""Reciprocation of Favors"": ""2"",
  ""Creativity"": ""2"",
  ""A World at Peace"": ""2"",
  ""Respect for Tradition"": ""2"",
  ""Mature Love"": ""2"",
  ""Self-Discipline"": ""2"",
  ""Detachment"": ""3"",
  ""Family Security"": ""2"",
  ""Social Recognition"": ""2"",
  ""Unity With Nature"": ""2"",
  ""A Varied Life"": ""3"",
  ""Wisdom"": ""2"","
532,Germany,Politics,4,"{
  ""Equality"": ""1"",
  ""Inner Harmony"": ""1"",
  ""Social Power"": ""4"",
  ""Pleasure"": ""3"",
  ""Freedom"": ""1"",
  ""A Spiritual Life"": ""1"",
  ""Sense of Belonging"": ""1"",
  ""Social Order"": ""2"",
  ""An Exciting Life"": ""2"",
  ""Meaning in Life"": ""1"",
  ""Politeness"": ""1"",
  ""Wealth"": ""3"",
  ""National Security"": ""2"",
  ""Self-Respect"": ""1"",
  ""Reciprocation of Favors"": ""2"",
  ""Creativity"": ""1"",
  ""A World at Peace"": ""1"",
  ""Respect for Tradition"": ""2"",
  ""Mature Love"": ""1"",
  ""Self-Discipline"": ""2"",
  ""Detachment"": ""3"",
  ""Family Security"": ""1"",
  ""Social Recognition"": ""2"",
  ""Unity With Nature"": ""2"",
  ""A Varied Life"": ""2"",
  ""Wisdom"": ""1"",
  ""Authority"": ""4"",
  ""True Friendship"": ""1"",
  ""A World of Beauty"":"
533,Germany,Politics,5,"As a German, I'll provide my perspective on these values. Here's my response in JSON format:

```json
{
  ""Equality"": ""2: agree"",
  ""Inner Harmony"": ""2: agree"",
  ""Social Power"": ""4: strongly disagree"",
  ""Pleasure"": ""3: disagree"",
  ""Freedom"": ""1: strongly agree"",
  ""A Spiritual Life"": ""2: agree"",
  ""Sense of Belonging"": ""2: agree"",
  ""Social Order"": ""2: agree"",
  ""An Exciting Life"": ""3: disagree"",
  ""Meaning in Life"": ""1: strongly agree"",
  ""Politeness"": ""2: agree"",
  ""Wealth"": ""3: disagree"",
  ""National Security"": ""2: agree"",
  ""Self-Respect"": ""1: strongly agree"",
  ""Reciprocation of Favors"": ""2: agree"",
  ""Creativity"": ""2: agree"",
  ""A World at Peace"": ""1: strongly agree"",
  ""Respect for Tradition"": ""2: agree"",
  ""Mature Love"": ""2: agree"",
  ""Self-Discipline"": ""2: agree"",
  ""Detachment"
534,Germany,Politics,6,"As a German, I'll provide my perspective on each value. Here's my response in JSON format:

```json
{
  ""Equality"": ""2"",
  ""Inner Harmony"": ""2"",
  ""Social Power"": ""3"",
  ""Pleasure"": ""2"",
  ""Freedom"": ""2"",
  ""A Spiritual Life"": ""2"",
  ""Sense of Belonging"": ""2"",
  ""Social Order"": ""2"",
  ""An Exciting Life"": ""2"",
  ""Meaning in Life"": ""2"",
  ""Politeness"": ""2"",
  ""Wealth"": ""3"",
  ""National Security"": ""2"",
  ""Self-Respect"": ""2"",
  ""Reciprocation of Favors"": ""2"",
  ""Creativity"": ""2"",
  ""A World at Peace"": ""2"",
  ""Respect for Tradition"": ""2"",
  ""Mature Love"": ""2"",
  ""Self-Discipline"": ""2"",
  ""Detachment"": ""3"",
  ""Family Security"": ""2"",
  ""Social Recognition"": ""2"",
  ""Unity With Nature"": ""2"",
  ""A Varied Life"": ""2"",
  ""Wisdom"": """
535,Germany,Politics,7,"As a German, I would rate the values as follows:

{
  ""Equality"": ""2"",
  ""Inner Harmony"": ""2"",
  ""Social Power"": ""3"",
  ""Pleasure"": ""3"",
  ""Freedom"": ""2"",
  ""A Spiritual Life"": ""2"",
  ""Sense of Belonging"": ""2"",
  ""Social Order"": ""2"",
  ""An Exciting Life"": ""3"",
  ""Meaning in Life"": ""2"",
  ""Politeness"": ""2"",
  ""Wealth"": ""3"",
  ""National Security"": ""2"",
  ""Self-Respect"": ""2"",
  ""Reciprocation of Favors"": ""2"",
  ""Creativity"": ""2"",
  ""A World at Peace"": ""2"",
  ""Respect for Tradition"": ""2"",
  ""Mature Love"": ""2"",
  ""Self-Discipline"": ""2"",
  ""Detachment"": ""3"",
  ""Family Security"": ""2"",
  ""Social Recognition"": ""2"",
  ""Unity With Nature"": ""2"",
  ""A Varied Life"": ""3"",
  ""Wisdom"": ""2"",
  ""Authority"": ""3"",
  ""True"
536,Germany,Social Networks,0,"As a German, I'll provide my perspective on these values in the context of social networks. Here's my response in JSON format:

```json
{
  ""Equality"": ""2"",
  ""Inner Harmony"": ""1"",
  ""Social Power"": ""4"",
  ""Pleasure"": ""2"",
  ""Freedom"": ""1"",
  ""A Spiritual Life"": ""2"",
  ""Sense of Belonging"": ""1"",
  ""Social Order"": ""2"",
  ""An Exciting Life"": ""2"",
  ""Meaning in Life"": ""1"",
  ""Politeness"": ""1"",
  ""Wealth"": ""3"",
  ""National Security"": ""2"",
  ""Self-Respect"": ""1"",
  ""Reciprocation of Favors"": ""1"",
  ""Creativity"": ""2"",
  ""A World at Peace"": ""1"",
  ""Respect for Tradition"": ""3"",
  ""Mature Love"": ""1"",
  ""Self-Discipline"": ""2"",
  ""Detachment"": ""3"",
  ""Family Security"": ""1"",
  ""Social Recognition"": ""2"",
  ""Unity With Nature"": ""2"",
  ""A Varied Life"": ""2"","
537,Germany,Social Networks,1,"As a German, I'll provide my perspective on these values in the context of social networks. Here's my response in JSON format:

```json
{
  ""Equality"": ""3"",
  ""Inner Harmony"": ""1"",
  ""Social Power"": ""4"",
  ""Pleasure"": ""3"",
  ""Freedom"": ""1"",
  ""A Spiritual Life"": ""2"",
  ""Sense of Belonging"": ""2"",
  ""Social Order"": ""2"",
  ""An Exciting Life"": ""2"",
  ""Meaning in Life"": ""1"",
  ""Politeness"": ""1"",
  ""Wealth"": ""3"",
  ""National Security"": ""2"",
  ""Self-Respect"": ""1"",
  ""Reciprocation of Favors"": ""2"",
  ""Creativity"": ""2"",
  ""A World at Peace"": ""1"",
  ""Respect for Tradition"": ""2"",
  ""Mature Love"": ""1"",
  ""Self-Discipline"": ""2"",
  ""Detachment"": ""3"",
  ""Family Security"": ""1"",
  ""Social Recognition"": ""2"",
  ""Unity With Nature"": ""2"",
  ""A Varied Life"": ""2"","
538,Germany,Social Networks,2,"As a German, I'll provide my responses based on the values commonly associated with German culture. Here's my answer in JSON format:

```json
{
  ""Equality"": ""2"",
  ""Inner Harmony"": ""2"",
  ""Social Power"": ""3"",
  ""Pleasure"": ""3"",
  ""Freedom"": ""2"",
  ""A Spiritual Life"": ""3"",
  ""Sense of Belonging"": ""2"",
  ""Social Order"": ""2"",
  ""An Exciting Life"": ""3"",
  ""Meaning in Life"": ""2"",
  ""Politeness"": ""2"",
  ""Wealth"": ""3"",
  ""National Security"": ""2"",
  ""Self-Respect"": ""2"",
  ""Reciprocation of Favors"": ""2"",
  ""Creativity"": ""2"",
  ""A World at Peace"": ""2"",
  ""Respect for Tradition"": ""2"",
  ""Mature Love"": ""2"",
  ""Self-Discipline"": ""2"",
  ""Detachment"": ""3"",
  ""Family Security"": ""2"",
  ""Social Recognition"": ""2"",
  ""Unity With Nature"": ""2"",
  ""A Varied Life"": ""3"","
539,Germany,Social Networks,3,"As a German, I'll provide my answers based on the typical German values and culture. Here's my response in JSON format:

```json
{
  ""Equality"": ""3"",
  ""Inner Harmony"": ""2"",
  ""Social Power"": ""4"",
  ""Pleasure"": ""3"",
  ""Freedom"": ""2"",
  ""A Spiritual Life"": ""3"",
  ""Sense of Belonging"": ""2"",
  ""Social Order"": ""2"",
  ""An Exciting Life"": ""3"",
  ""Meaning in Life"": ""2"",
  ""Politeness"": ""1"",
  ""Wealth"": ""3"",
  ""National Security"": ""2"",
  ""Self-Respect"": ""1"",
  ""Reciprocation of Favors"": ""2"",
  ""Creativity"": ""3"",
  ""A World at Peace"": ""1"",
  ""Respect for Tradition"": ""2"",
  ""Mature Love"": ""2"",
  ""Self-Discipline"": ""2"",
  ""Detachment"": ""3"",
  ""Family Security"": ""1"",
  ""Social Recognition"": ""2"",
  ""Unity With Nature"": ""3"",
  ""A Varied Life"": ""3"","
540,Germany,Social Networks,4,"{
  ""Equality"": ""2"",
  ""Inner Harmony"": ""2"",
  ""Social Power"": ""4"",
  ""Pleasure"": ""2"",
  ""Freedom"": ""2"",
  ""A Spiritual Life"": ""2"",
  ""Sense of Belonging"": ""2"",
  ""Social Order"": ""2"",
  ""An Exciting Life"": ""2"",
  ""Meaning in Life"": ""2"",
  ""Politeness"": ""2"",
  ""Wealth"": ""3"",
  ""National Security"": ""2"",
  ""Self-Respect"": ""2"",
  ""Reciprocation of Favors"": ""2"",
  ""Creativity"": ""2"",
  ""A World at Peace"": ""2"",
  ""Respect for Tradition"": ""2"",
  ""Mature Love"": ""2"",
  ""Self-Discipline"": ""2"",
  ""Detachment"": ""3"",
  ""Family Security"": ""2"",
  ""Social Recognition"": ""2"",
  ""Unity With Nature"": ""2"",
  ""A Varied Life"": ""2"",
  ""Wisdom"": ""2"",
  ""Authority"": ""4"",
  ""True Friendship"": ""2"",
  ""A World of Beauty"":"
541,Germany,Social Networks,5,"{
  ""Equality"": ""2"",
  ""Inner Harmony"": ""2"",
  ""Social Power"": ""4"",
  ""Pleasure"": ""3"",
  ""Freedom"": ""2"",
  ""A Spiritual Life"": ""2"",
  ""Sense of Belonging"": ""2"",
  ""Social Order"": ""2"",
  ""An Exciting Life"": ""3"",
  ""Meaning in Life"": ""2"",
  ""Politeness"": ""2"",
  ""Wealth"": ""3"",
  ""National Security"": ""2"",
  ""Self-Respect"": ""2"",
  ""Reciprocation of Favors"": ""2"",
  ""Creativity"": ""2"",
  ""A World at Peace"": ""2"",
  ""Respect for Tradition"": ""2"",
  ""Mature Love"": ""2"",
  ""Self-Discipline"": ""2"",
  ""Detachment"": ""3"",
  ""Family Security"": ""2"",
  ""Social Recognition"": ""2"",
  ""Unity With Nature"": ""2"",
  ""A Varied Life"": ""3"",
  ""Wisdom"": ""2"",
  ""Authority"": ""4"",
  ""True Friendship"": ""2"",
  ""A World of Beauty"":"
542,Germany,Social Networks,6,"As a German, I'll provide my answers based on the values that are commonly associated with German culture and society. Here are my responses:

```json
{
  ""Equality"": ""1"",
  ""Inner Harmony"": ""2"",
  ""Social Power"": ""3"",
  ""Pleasure"": ""3"",
  ""Freedom"": ""1"",
  ""A Spiritual Life"": ""2"",
  ""Sense of Belonging"": ""2"",
  ""Social Order"": ""1"",
  ""An Exciting Life"": ""2"",
  ""Meaning in Life"": ""1"",
  ""Politeness"": ""1"",
  ""Wealth"": ""3"",
  ""National Security"": ""1"",
  ""Self-Respect"": ""1"",
  ""Reciprocation of Favors"": ""2"",
  ""Creativity"": ""2"",
  ""A World at Peace"": ""1"",
  ""Respect for Tradition"": ""2"",
  ""Mature Love"": ""2"",
  ""Self-Discipline"": ""1"",
  ""Detachment"": ""3"",
  ""Family Security"": ""1"",
  ""Social Recognition"": ""2"",
  ""Unity With Nature"": ""2"",
  ""A Varied Life"": ""2"
543,Germany,Social Networks,7,"As a German, I would rate the values as follows:

```json
{
  ""Equality"": ""2"",
  ""Inner Harmony"": ""2"",
  ""Social Power"": ""3"",
  ""Pleasure"": ""3"",
  ""Freedom"": ""2"",
  ""A Spiritual Life"": ""2"",
  ""Sense of Belonging"": ""2"",
  ""Social Order"": ""2"",
  ""An Exciting Life"": ""3"",
  ""Meaning in Life"": ""2"",
  ""Politeness"": ""2"",
  ""Wealth"": ""3"",
  ""National Security"": ""2"",
  ""Self-Respect"": ""2"",
  ""Reciprocation of Favors"": ""2"",
  ""Creativity"": ""2"",
  ""A World at Peace"": ""2"",
  ""Respect for Tradition"": ""2"",
  ""Mature Love"": ""2"",
  ""Self-Discipline"": ""2"",
  ""Detachment"": ""3"",
  ""Family Security"": ""2"",
  ""Social Recognition"": ""2"",
  ""Unity With Nature"": ""2"",
  ""A Varied Life"": ""3"",
  ""Wisdom"": ""2"",
  ""Authority"": ""3"","
544,Germany,Social Inequality,0,"As a German, I'll provide my perspective on each value in the context of social inequality. Here's my response in JSON format:

```json
{
  ""Equality"": ""2"",
  ""Inner Harmony"": ""2"",
  ""Social Power"": ""4"",
  ""Pleasure"": ""2"",
  ""Freedom"": ""2"",
  ""A Spiritual Life"": ""3"",
  ""Sense of Belonging"": ""2"",
  ""Social Order"": ""2"",
  ""An Exciting Life"": ""2"",
  ""Meaning in Life"": ""2"",
  ""Politeness"": ""2"",
  ""Wealth"": ""4"",
  ""National Security"": ""2"",
  ""Self-Respect"": ""2"",
  ""Reciprocation of Favors"": ""2"",
  ""Creativity"": ""2"",
  ""A World at Peace"": ""2"",
  ""Respect for Tradition"": ""3"",
  ""Mature Love"": ""2"",
  ""Self-Discipline"": ""2"",
  ""Detachment"": ""3"",
  ""Family Security"": ""2"",
  ""Social Recognition"": ""2"",
  ""Unity With Nature"": ""3"",
  ""A Varied Life"": ""2"","
545,Germany,Social Inequality,1,"As a German, I'll provide my perspective on these values in the context of social inequality. Here's my response in JSON format:

```json
{
  ""Equality"": ""2: agree"",
  ""Inner Harmony"": ""2: agree"",
  ""Social Power"": ""4: strongly disagree"",
  ""Pleasure"": ""3: disagree"",
  ""Freedom"": ""2: agree"",
  ""A Spiritual Life"": ""2: agree"",
  ""Sense of Belonging"": ""2: agree"",
  ""Social Order"": ""2: agree"",
  ""An Exciting Life"": ""3: disagree"",
  ""Meaning in Life"": ""2: agree"",
  ""Politeness"": ""2: agree"",
  ""Wealth"": ""4: strongly disagree"",
  ""National Security"": ""2: agree"",
  ""Self-Respect"": ""2: agree"",
  ""Reciprocation of Favors"": ""2: agree"",
  ""Creativity"": ""2: agree"",
  ""A World at Peace"": ""2: agree"",
  ""Respect for Tradition"": ""3: disagree"",
  ""Mature Love"": ""2: agree"",
  ""Self-Discipline"": ""2: agree"","
546,Germany,Social Inequality,2,"As a German, I'll provide my perspective on these values. Here's my response in JSON format:

```json
{
  ""Equality"": ""1"",
  ""Inner Harmony"": ""2"",
  ""Social Power"": ""3"",
  ""Pleasure"": ""2"",
  ""Freedom"": ""1"",
  ""A Spiritual Life"": ""2"",
  ""Sense of Belonging"": ""2"",
  ""Social Order"": ""2"",
  ""An Exciting Life"": ""2"",
  ""Meaning in Life"": ""1"",
  ""Politeness"": ""1"",
  ""Wealth"": ""3"",
  ""National Security"": ""2"",
  ""Self-Respect"": ""1"",
  ""Reciprocation of Favors"": ""2"",
  ""Creativity"": ""2"",
  ""A World at Peace"": ""1"",
  ""Respect for Tradition"": ""2"",
  ""Mature Love"": ""2"",
  ""Self-Discipline"": ""2"",
  ""Detachment"": ""3"",
  ""Family Security"": ""2"",
  ""Social Recognition"": ""2"",
  ""Unity With Nature"": ""2"",
  ""A Varied Life"": ""2"",
  ""Wisdom"": """
547,Germany,Social Inequality,3,"As a German, I'll provide my perspective on each value. Keep in mind that these are general opinions and might not reflect the views of every individual from Germany.

```json
{
  ""Equality"": ""2"",
  ""Inner Harmony"": ""2"",
  ""Social Power"": ""4"",
  ""Pleasure"": ""3"",
  ""Freedom"": ""2"",
  ""A Spiritual Life"": ""2"",
  ""Sense of Belonging"": ""2"",
  ""Social Order"": ""2"",
  ""An Exciting Life"": ""3"",
  ""Meaning in Life"": ""2"",
  ""Politeness"": ""2"",
  ""Wealth"": ""3"",
  ""National Security"": ""2"",
  ""Self-Respect"": ""2"",
  ""Reciprocation of Favors"": ""2"",
  ""Creativity"": ""2"",
  ""A World at Peace"": ""2"",
  ""Respect for Tradition"": ""2"",
  ""Mature Love"": ""2"",
  ""Self-Discipline"": ""2"",
  ""Detachment"": ""3"",
  ""Family Security"": ""2"",
  ""Social Recognition"": ""2"",
  ""Unity With Nature"": ""2"",
  ""A Var"
548,Germany,Social Inequality,4,"{
  ""Equality"": ""1"",
  ""Inner Harmony"": ""1"",
  ""Social Power"": ""4"",
  ""Pleasure"": ""2"",
  ""Freedom"": ""1"",
  ""A Spiritual Life"": ""1"",
  ""Sense of Belonging"": ""1"",
  ""Social Order"": ""2"",
  ""An Exciting Life"": ""2"",
  ""Meaning in Life"": ""1"",
  ""Politeness"": ""1"",
  ""Wealth"": ""4"",
  ""National Security"": ""2"",
  ""Self-Respect"": ""1"",
  ""Reciprocation of Favors"": ""1"",
  ""Creativity"": ""1"",
  ""A World at Peace"": ""1"",
  ""Respect for Tradition"": ""2"",
  ""Mature Love"": ""1"",
  ""Self-Discipline"": ""2"",
  ""Detachment"": ""2"",
  ""Family Security"": ""1"",
  ""Social Recognition"": ""2"",
  ""Unity With Nature"": ""2"",
  ""A Varied Life"": ""2"",
  ""Wisdom"": ""1"",
  ""Authority"": ""4"",
  ""True Friendship"": ""1"",
  ""A World of Beauty"":"
549,Germany,Social Inequality,5,"{
  ""Equality"": ""4"",
  ""Inner Harmony"": ""1"",
  ""Social Power"": ""4"",
  ""Pleasure"": ""3"",
  ""Freedom"": ""1"",
  ""A Spiritual Life"": ""2"",
  ""Sense of Belonging"": ""2"",
  ""Social Order"": ""2"",
  ""An Exciting Life"": ""3"",
  ""Meaning in Life"": ""1"",
  ""Politeness"": ""1"",
  ""Wealth"": ""3"",
  ""National Security"": ""2"",
  ""Self-Respect"": ""1"",
  ""Reciprocation of Favors"": ""1"",
  ""Creativity"": ""2"",
  ""A World at Peace"": ""1"",
  ""Respect for Tradition"": ""2"",
  ""Mature Love"": ""1"",
  ""Self-Discipline"": ""2"",
  ""Detachment"": ""3"",
  ""Family Security"": ""1"",
  ""Social Recognition"": ""2"",
  ""Unity With Nature"": ""2"",
  ""A Varied Life"": ""3"",
  ""Wisdom"": ""1"",
  ""Authority"": ""4"",
  ""True Friendship"": ""1"",
  ""A World of Beauty"":"
550,Germany,Social Inequality,6,"As a German, I'll provide my perspective on each value. Here's my response in JSON format:

```json
{
  ""Equality"": ""2"",
  ""Inner Harmony"": ""2"",
  ""Social Power"": ""3"",
  ""Pleasure"": ""2"",
  ""Freedom"": ""2"",
  ""A Spiritual Life"": ""3"",
  ""Sense of Belonging"": ""2"",
  ""Social Order"": ""2"",
  ""An Exciting Life"": ""2"",
  ""Meaning in Life"": ""2"",
  ""Politeness"": ""2"",
  ""Wealth"": ""3"",
  ""National Security"": ""2"",
  ""Self-Respect"": ""2"",
  ""Reciprocation of Favors"": ""2"",
  ""Creativity"": ""2"",
  ""A World at Peace"": ""2"",
  ""Respect for Tradition"": ""3"",
  ""Mature Love"": ""2"",
  ""Self-Discipline"": ""2"",
  ""Detachment"": ""3"",
  ""Family Security"": ""2"",
  ""Social Recognition"": ""2"",
  ""Unity With Nature"": ""2"",
  ""A Varied Life"": ""2"",
  ""Wisdom"": """
551,Germany,Social Inequality,7,"As a German, I would rate the importance of each value based on the cultural and societal context of Germany. Here's my response in JSON format:

```json
{
  ""Equality"": ""2"",
  ""Inner Harmony"": ""2"",
  ""Social Power"": ""4"",
  ""Pleasure"": ""3"",
  ""Freedom"": ""2"",
  ""A Spiritual Life"": ""2"",
  ""Sense of Belonging"": ""2"",
  ""Social Order"": ""2"",
  ""An Exciting Life"": ""3"",
  ""Meaning in Life"": ""2"",
  ""Politeness"": ""2"",
  ""Wealth"": ""3"",
  ""National Security"": ""2"",
  ""Self-Respect"": ""2"",
  ""Reciprocation of Favors"": ""2"",
  ""Creativity"": ""2"",
  ""A World at Peace"": ""2"",
  ""Respect for Tradition"": ""3"",
  ""Mature Love"": ""2"",
  ""Self-Discipline"": ""2"",
  ""Detachment"": ""3"",
  ""Family Security"": ""2"",
  ""Social Recognition"": ""2"",
  ""Unity With Nature"": ""2"",
  ""A Varied Life"":"
552,Germany,Family & Changing Gender Roles,0,"As a German, I'll provide my perspective on the given values in the context of Family & Changing Gender Roles. Here's my response in JSON format:

```json
{
  ""Equality"": ""2"",
  ""Inner Harmony"": ""2"",
  ""Social Power"": ""4"",
  ""Pleasure"": ""2"",
  ""Freedom"": ""2"",
  ""A Spiritual Life"": ""2"",
  ""Sense of Belonging"": ""2"",
  ""Social Order"": ""2"",
  ""An Exciting Life"": ""2"",
  ""Meaning in Life"": ""2"",
  ""Politeness"": ""2"",
  ""Wealth"": ""3"",
  ""National Security"": ""2"",
  ""Self-Respect"": ""2"",
  ""Reciprocation of Favors"": ""2"",
  ""Creativity"": ""2"",
  ""A World at Peace"": ""2"",
  ""Respect for Tradition"": ""3"",
  ""Mature Love"": ""2"",
  ""Self-Discipline"": ""2"",
  ""Detachment"": ""3"",
  ""Family Security"": ""2"",
  ""Social Recognition"": ""2"",
  ""Unity With Nature"": ""2"",
  ""A Varied Life"
553,Germany,Family & Changing Gender Roles,1,"As a German, I'll provide my perspective on the given values in the context of Family & Changing Gender Roles. Here's my response in JSON format:

```json
{
  ""Equality"": ""2: agree"",
  ""Inner Harmony"": ""2: agree"",
  ""Social Power"": ""4: strongly disagree"",
  ""Pleasure"": ""3: disagree"",
  ""Freedom"": ""2: agree"",
  ""A Spiritual Life"": ""3: disagree"",
  ""Sense of Belonging"": ""2: agree"",
  ""Social Order"": ""2: agree"",
  ""An Exciting Life"": ""3: disagree"",
  ""Meaning in Life"": ""2: agree"",
  ""Politeness"": ""2: agree"",
  ""Wealth"": ""3: disagree"",
  ""National Security"": ""2: agree"",
  ""Self-Respect"": ""2: agree"",
  ""Reciprocation of Favors"": ""2: agree"",
  ""Creativity"": ""2: agree"",
  ""A World at Peace"": ""2: agree"",
  ""Respect for Tradition"": ""3: disagree"",
  ""Mature Love"": ""2: agree"",
  ""Self-Discipline"": ""2:"
554,Germany,Family & Changing Gender Roles,2,"As a German, I'll provide my responses based on the cultural values and societal norms of Germany. Here's my assessment:

```json
{
  ""Equality"": ""1"",
  ""Inner Harmony"": ""1"",
  ""Social Power"": ""3"",
  ""Pleasure"": ""2"",
  ""Freedom"": ""1"",
  ""A Spiritual Life"": ""2"",
  ""Sense of Belonging"": ""1"",
  ""Social Order"": ""2"",
  ""An Exciting Life"": ""2"",
  ""Meaning in Life"": ""1"",
  ""Politeness"": ""1"",
  ""Wealth"": ""3"",
  ""National Security"": ""2"",
  ""Self-Respect"": ""1"",
  ""Reciprocation of Favors"": ""2"",
  ""Creativity"": ""2"",
  ""A World at Peace"": ""1"",
  ""Respect for Tradition"": ""2"",
  ""Mature Love"": ""1"",
  ""Self-Discipline"": ""2"",
  ""Detachment"": ""3"",
  ""Family Security"": ""1"",
  ""Social Recognition"": ""2"",
  ""Unity With Nature"": ""2"",
  ""A Varied Life"": ""2"",
  """
555,Germany,Family & Changing Gender Roles,3,"As a German, I'll provide my perspective on the values in the context of Family & Changing Gender Roles. Here's my response in JSON format:

```json
{
  ""Equality"": ""3"",
  ""Inner Harmony"": ""2"",
  ""Social Power"": ""4"",
  ""Pleasure"": ""3"",
  ""Freedom"": ""2"",
  ""A Spiritual Life"": ""1"",
  ""Sense of Belonging"": ""2"",
  ""Social Order"": ""2"",
  ""An Exciting Life"": ""2"",
  ""Meaning in Life"": ""2"",
  ""Politeness"": ""1"",
  ""Wealth"": ""3"",
  ""National Security"": ""2"",
  ""Self-Respect"": ""1"",
  ""Reciprocation of Favors"": ""2"",
  ""Creativity"": ""1"",
  ""A World at Peace"": ""1"",
  ""Respect for Tradition"": ""2"",
  ""Mature Love"": ""1"",
  ""Self-Discipline"": ""2"",
  ""Detachment"": ""3"",
  ""Family Security"": ""1"",
  ""Social Recognition"": ""2"",
  ""Unity With Nature"": ""2"",
  ""A Varied Life"":"
556,Germany,Family & Changing Gender Roles,4,"{
  ""Equality"": ""2"",
  ""Inner Harmony"": ""2"",
  ""Social Power"": ""4"",
  ""Pleasure"": ""2"",
  ""Freedom"": ""2"",
  ""A Spiritual Life"": ""2"",
  ""Sense of Belonging"": ""2"",
  ""Social Order"": ""2"",
  ""An Exciting Life"": ""2"",
  ""Meaning in Life"": ""2"",
  ""Politeness"": ""2"",
  ""Wealth"": ""3"",
  ""National Security"": ""2"",
  ""Self-Respect"": ""2"",
  ""Reciprocation of Favors"": ""2"",
  ""Creativity"": ""2"",
  ""A World at Peace"": ""2"",
  ""Respect for Tradition"": ""2"",
  ""Mature Love"": ""2"",
  ""Self-Discipline"": ""2"",
  ""Detachment"": ""3"",
  ""Family Security"": ""2"",
  ""Social Recognition"": ""2"",
  ""Unity With Nature"": ""2"",
  ""A Varied Life"": ""2"",
  ""Wisdom"": ""2"",
  ""Authority"": ""4"",
  ""True Friendship"": ""2"",
  ""A World of Beauty"":"
557,Germany,Family & Changing Gender Roles,5,"{
  ""Equality"": ""2"",
  ""Inner Harmony"": ""1"",
  ""Social Power"": ""4"",
  ""Pleasure"": ""3"",
  ""Freedom"": ""1"",
  ""A Spiritual Life"": ""2"",
  ""Sense of Belonging"": ""2"",
  ""Social Order"": ""2"",
  ""An Exciting Life"": ""2"",
  ""Meaning in Life"": ""1"",
  ""Politeness"": ""1"",
  ""Wealth"": ""3"",
  ""National Security"": ""2"",
  ""Self-Respect"": ""1"",
  ""Reciprocation of Favors"": ""1"",
  ""Creativity"": ""2"",
  ""A World at Peace"": ""1"",
  ""Respect for Tradition"": ""2"",
  ""Mature Love"": ""1"",
  ""Self-Discipline"": ""2"",
  ""Detachment"": ""3"",
  ""Family Security"": ""1"",
  ""Social Recognition"": ""2"",
  ""Unity With Nature"": ""2"",
  ""A Varied Life"": ""2"",
  ""Wisdom"": ""1"",
  ""Authority"": ""4"",
  ""True Friendship"": ""1"",
  ""A World of Beauty"":"
558,Germany,Family & Changing Gender Roles,6,"As a German, I'll provide my responses based on the cultural values and societal norms of Germany. Here's my answer in JSON format:

```json
{
  ""Equality"": ""2"",
  ""Inner Harmony"": ""2"",
  ""Social Power"": ""3"",
  ""Pleasure"": ""2"",
  ""Freedom"": ""2"",
  ""A Spiritual Life"": ""2"",
  ""Sense of Belonging"": ""2"",
  ""Social Order"": ""2"",
  ""An Exciting Life"": ""2"",
  ""Meaning in Life"": ""2"",
  ""Politeness"": ""2"",
  ""Wealth"": ""3"",
  ""National Security"": ""2"",
  ""Self-Respect"": ""2"",
  ""Reciprocation of Favors"": ""2"",
  ""Creativity"": ""2"",
  ""A World at Peace"": ""2"",
  ""Respect for Tradition"": ""3"",
  ""Mature Love"": ""2"",
  ""Self-Discipline"": ""2"",
  ""Detachment"": ""3"",
  ""Family Security"": ""2"",
  ""Social Recognition"": ""2"",
  ""Unity With Nature"": ""2"",
  ""A Varied Life"": ""2"
559,Germany,Family & Changing Gender Roles,7,"As a German, I value the following:

{
  ""Equality"": ""2: like me"",
  ""Inner Harmony"": ""2: like me"",
  ""Freedom"": ""2: like me"",
  ""Sense of Belonging"": ""2: like me"",
  ""Social Order"": ""2: like me"",
  ""Meaning in Life"": ""2: like me"",
  ""Politeness"": ""2: like me"",
  ""Self-Respect"": ""2: like me"",
  ""Creativity"": ""2: like me"",
  ""Mature Love"": ""2: like me"",
  ""Family Security"": ""2: like me"",
  ""Social Recognition"": ""2: like me"",
  ""True Friendship"": ""2: like me"",
  ""Social Justice"": ""2: like me"",
  ""Independent"": ""2: like me"",
  ""Loyal"": ""2: like me"",
  ""Ambitious"": ""2: like me"",
  ""Broad-Minded"": ""2: like me"",
  ""Humble"": ""2: like me"",
  ""Protecting the Environment"": ""2: like me"",
  ""Influential"": ""2: like me"",
  ""Honoring of"
560,Germany,Work Orientation,0,"Here's my response as a German in the context of Work Orientation:

```json
{
  ""Equality"": ""2"",
  ""Inner Harmony"": ""1"",
  ""Social Power"": ""4"",
  ""Pleasure"": ""3"",
  ""Freedom"": ""1"",
  ""A Spiritual Life"": ""2"",
  ""Sense of Belonging"": ""2"",
  ""Social Order"": ""2"",
  ""An Exciting Life"": ""3"",
  ""Meaning in Life"": ""1"",
  ""Politeness"": ""1"",
  ""Wealth"": ""3"",
  ""National Security"": ""2"",
  ""Self-Respect"": ""1"",
  ""Reciprocation of Favors"": ""2"",
  ""Creativity"": ""2"",
  ""A World at Peace"": ""1"",
  ""Respect for Tradition"": ""2"",
  ""Mature Love"": ""2"",
  ""Self-Discipline"": ""2"",
  ""Detachment"": ""3"",
  ""Family Security"": ""1"",
  ""Social Recognition"": ""2"",
  ""Unity With Nature"": ""2"",
  ""A Varied Life"": ""3"",
  ""Wisdom"": ""1"",
  ""Authority"": """
561,Germany,Work Orientation,1,"As a German, I'll provide my responses based on the cultural values and societal norms of Germany. Here's my answer in JSON format:

```json
{
  ""Equality"": ""2"",
  ""Inner Harmony"": ""2"",
  ""Social Power"": ""4"",
  ""Pleasure"": ""3"",
  ""Freedom"": ""1"",
  ""A Spiritual Life"": ""3"",
  ""Sense of Belonging"": ""2"",
  ""Social Order"": ""1"",
  ""An Exciting Life"": ""2"",
  ""Meaning in Life"": ""1"",
  ""Politeness"": ""1"",
  ""Wealth"": ""3"",
  ""National Security"": ""1"",
  ""Self-Respect"": ""1"",
  ""Reciprocation of Favors"": ""2"",
  ""Creativity"": ""2"",
  ""A World at Peace"": ""1"",
  ""Respect for Tradition"": ""2"",
  ""Mature Love"": ""2"",
  ""Self-Discipline"": ""2"",
  ""Detachment"": ""3"",
  ""Family Security"": ""1"",
  ""Social Recognition"": ""2"",
  ""Unity With Nature"": ""2"",
  ""A Varied Life"": ""2"
562,Germany,Work Orientation,2,"As a German, I'll provide my responses based on the typical German values and cultural background. Here's my answer in JSON format:

```json
{
  ""Equality"": ""2"",
  ""Inner Harmony"": ""2"",
  ""Social Power"": ""3"",
  ""Pleasure"": ""3"",
  ""Freedom"": ""2"",
  ""A Spiritual Life"": ""3"",
  ""Sense of Belonging"": ""2"",
  ""Social Order"": ""2"",
  ""An Exciting Life"": ""3"",
  ""Meaning in Life"": ""2"",
  ""Politeness"": ""2"",
  ""Wealth"": ""3"",
  ""National Security"": ""2"",
  ""Self-Respect"": ""2"",
  ""Reciprocation of Favors"": ""2"",
  ""Creativity"": ""3"",
  ""A World at Peace"": ""2"",
  ""Respect for Tradition"": ""2"",
  ""Mature Love"": ""2"",
  ""Self-Discipline"": ""2"",
  ""Detachment"": ""3"",
  ""Family Security"": ""2"",
  ""Social Recognition"": ""2"",
  ""Unity With Nature"": ""3"",
  ""A Varied Life"": ""3"","
563,Germany,Work Orientation,3,"As a German, I'll provide my answers based on the typical German values and cultural background. Here's my response in JSON format:

```json
{
  ""Equality"": ""2"",
  ""Inner Harmony"": ""2"",
  ""Social Power"": ""4"",
  ""Pleasure"": ""3"",
  ""Freedom"": ""2"",
  ""A Spiritual Life"": ""3"",
  ""Sense of Belonging"": ""2"",
  ""Social Order"": ""2"",
  ""An Exciting Life"": ""3"",
  ""Meaning in Life"": ""2"",
  ""Politeness"": ""2"",
  ""Wealth"": ""3"",
  ""National Security"": ""2"",
  ""Self-Respect"": ""2"",
  ""Reciprocation of Favors"": ""2"",
  ""Creativity"": ""3"",
  ""A World at Peace"": ""2"",
  ""Respect for Tradition"": ""2"",
  ""Mature Love"": ""2"",
  ""Self-Discipline"": ""2"",
  ""Detachment"": ""3"",
  ""Family Security"": ""2"",
  ""Social Recognition"": ""2"",
  ""Unity With Nature"": ""3"",
  ""A Varied Life"": ""3"","
564,Germany,Work Orientation,4,"{
  ""Equality"": ""2"",
  ""Inner Harmony"": ""2"",
  ""Social Power"": ""4"",
  ""Pleasure"": ""3"",
  ""Freedom"": ""2"",
  ""A Spiritual Life"": ""2"",
  ""Sense of Belonging"": ""2"",
  ""Social Order"": ""2"",
  ""An Exciting Life"": ""3"",
  ""Meaning in Life"": ""2"",
  ""Politeness"": ""2"",
  ""Wealth"": ""3"",
  ""National Security"": ""2"",
  ""Self-Respect"": ""2"",
  ""Reciprocation of Favors"": ""2"",
  ""Creativity"": ""2"",
  ""A World at Peace"": ""2"",
  ""Respect for Tradition"": ""2"",
  ""Mature Love"": ""2"",
  ""Self-Discipline"": ""2"",
  ""Detachment"": ""3"",
  ""Family Security"": ""2"",
  ""Social Recognition"": ""2"",
  ""Unity With Nature"": ""2"",
  ""A Varied Life"": ""3"",
  ""Wisdom"": ""2"",
  ""Authority"": ""4"",
  ""True Friendship"": ""2"",
  ""A World of Beauty"":"
565,Germany,Work Orientation,5,"{
  ""Equality"": ""2"",
  ""Inner Harmony"": ""2"",
  ""Social Power"": ""4"",
  ""Pleasure"": ""3"",
  ""Freedom"": ""2"",
  ""A Spiritual Life"": ""2"",
  ""Sense of Belonging"": ""2"",
  ""Social Order"": ""2"",
  ""An Exciting Life"": ""3"",
  ""Meaning in Life"": ""2"",
  ""Politeness"": ""2"",
  ""Wealth"": ""3"",
  ""National Security"": ""2"",
  ""Self-Respect"": ""2"",
  ""Reciprocation of Favors"": ""2"",
  ""Creativity"": ""2"",
  ""A World at Peace"": ""2"",
  ""Respect for Tradition"": ""2"",
  ""Mature Love"": ""2"",
  ""Self-Discipline"": ""2"",
  ""Detachment"": ""3"",
  ""Family Security"": ""2"",
  ""Social Recognition"": ""2"",
  ""Unity With Nature"": ""2"",
  ""A Varied Life"": ""3"",
  ""Wisdom"": ""2"",
  ""Authority"": ""4"",
  ""True Friendship"": ""2"",
  ""A World of Beauty"":"
566,Germany,Work Orientation,6,"As a German, I'll provide my responses based on the typical German values and work orientation. Here's my answer in JSON format:

```json
{
  ""Equality"": ""2"",
  ""Inner Harmony"": ""2"",
  ""Social Power"": ""3"",
  ""Pleasure"": ""3"",
  ""Freedom"": ""2"",
  ""A Spiritual Life"": ""3"",
  ""Sense of Belonging"": ""2"",
  ""Social Order"": ""2"",
  ""An Exciting Life"": ""3"",
  ""Meaning in Life"": ""2"",
  ""Politeness"": ""2"",
  ""Wealth"": ""3"",
  ""National Security"": ""2"",
  ""Self-Respect"": ""2"",
  ""Reciprocation of Favors"": ""2"",
  ""Creativity"": ""3"",
  ""A World at Peace"": ""2"",
  ""Respect for Tradition"": ""2"",
  ""Mature Love"": ""2"",
  ""Self-Discipline"": ""2"",
  ""Detachment"": ""3"",
  ""Family Security"": ""2"",
  ""Social Recognition"": ""2"",
  ""Unity With Nature"": ""2"",
  ""A Varied Life"": ""3"","
567,Germany,Work Orientation,7,"As a German, I would rate the values as follows:

{
  ""Equality"": ""2"",
  ""Inner Harmony"": ""2"",
  ""Social Power"": ""3"",
  ""Pleasure"": ""3"",
  ""Freedom"": ""2"",
  ""A Spiritual Life"": ""1"",
  ""Sense of Belonging"": ""2"",
  ""Social Order"": ""2"",
  ""An Exciting Life"": ""3"",
  ""Meaning in Life"": ""2"",
  ""Politeness"": ""2"",
  ""Wealth"": ""3"",
  ""National Security"": ""2"",
  ""Self-Respect"": ""2"",
  ""Reciprocation of Favors"": ""2"",
  ""Creativity"": ""2"",
  ""A World at Peace"": ""1"",
  ""Respect for Tradition"": ""2"",
  ""Mature Love"": ""2"",
  ""Self-Discipline"": ""2"",
  ""Detachment"": ""3"",
  ""Family Security"": ""2"",
  ""Social Recognition"": ""2"",
  ""Unity With Nature"": ""2"",
  ""A Varied Life"": ""3"",
  ""Wisdom"": ""2"",
  ""Authority"": ""3"",
  ""True"
568,Germany,Religion,0,"As a German, I'll provide my perspective on these values in the context of Christianity, which is the dominant religion in Germany. Here's my response in JSON format:

```json
{
  ""Equality"": ""2"",
  ""Inner Harmony"": ""1"",
  ""Social Power"": ""4"",
  ""Pleasure"": ""3"",
  ""Freedom"": ""1"",
  ""A Spiritual Life"": ""1"",
  ""Sense of Belonging"": ""2"",
  ""Social Order"": ""2"",
  ""An Exciting Life"": ""3"",
  ""Meaning in Life"": ""1"",
  ""Politeness"": ""1"",
  ""Wealth"": ""3"",
  ""National Security"": ""2"",
  ""Self-Respect"": ""1"",
  ""Reciprocation of Favors"": ""2"",
  ""Creativity"": ""2"",
  ""A World at Peace"": ""1"",
  ""Respect for Tradition"": ""2"",
  ""Mature Love"": ""1"",
  ""Self-Discipline"": ""2"",
  ""Detachment"": ""3"",
  ""Family Security"": ""1"",
  ""Social Recognition"": ""2"",
  ""Unity With Nature"": ""2"",
  ""A"
569,Germany,Religion,1,"As a German, I'll provide my perspective on these values in the context of religion. Here's my response in JSON format:

```json
{
  ""Equality"": ""3"",
  ""Inner Harmony"": ""1"",
  ""Social Power"": ""4"",
  ""Pleasure"": ""3"",
  ""Freedom"": ""2"",
  ""A Spiritual Life"": ""1"",
  ""Sense of Belonging"": ""2"",
  ""Social Order"": ""2"",
  ""An Exciting Life"": ""3"",
  ""Meaning in Life"": ""1"",
  ""Politeness"": ""2"",
  ""Wealth"": ""3"",
  ""National Security"": ""2"",
  ""Self-Respect"": ""1"",
  ""Reciprocation of Favors"": ""2"",
  ""Creativity"": ""2"",
  ""A World at Peace"": ""1"",
  ""Respect for Tradition"": ""2"",
  ""Mature Love"": ""1"",
  ""Self-Discipline"": ""2"",
  ""Detachment"": ""3"",
  ""Family Security"": ""1"",
  ""Social Recognition"": ""2"",
  ""Unity With Nature"": ""2"",
  ""A Varied Life"": ""3"","
570,Germany,Religion,2,"As a German, I'll provide my responses based on the values commonly associated with the German culture and the Protestant Christian tradition, which is prevalent in Germany. Here are my responses in JSON format:

```json
{
  ""Equality"": ""2"",
  ""Inner Harmony"": ""2"",
  ""Social Power"": ""3"",
  ""Pleasure"": ""3"",
  ""Freedom"": ""2"",
  ""A Spiritual Life"": ""2"",
  ""Sense of Belonging"": ""2"",
  ""Social Order"": ""2"",
  ""An Exciting Life"": ""3"",
  ""Meaning in Life"": ""2"",
  ""Politeness"": ""2"",
  ""Wealth"": ""3"",
  ""National Security"": ""2"",
  ""Self-Respect"": ""2"",
  ""Reciprocation of Favors"": ""2"",
  ""Creativity"": ""2"",
  ""A World at Peace"": ""2"",
  ""Respect for Tradition"": ""2"",
  ""Mature Love"": ""2"",
  ""Self-Discipline"": ""2"",
  ""Detachment"": ""3"",
  ""Family Security"": ""2"",
  ""Social Recognition"": ""2"",
  ""Unity With Nature"": """
571,Germany,Religion,3,"As a German, I'll provide my perspective on these values in the context of Christianity, which is the dominant religion in Germany. Here's my response in JSON format:

```json
{
  ""Equality"": ""2: like me"",
  ""Inner Harmony"": ""2: like me"",
  ""Social Power"": ""4: Not like me at all"",
  ""Pleasure"": ""3: not like me"",
  ""Freedom"": ""2: like me"",
  ""A Spiritual Life"": ""1: very much like me"",
  ""Sense of Belonging"": ""2: like me"",
  ""Social Order"": ""2: like me"",
  ""An Exciting Life"": ""3: not like me"",
  ""Meaning in Life"": ""1: very much like me"",
  ""Politeness"": ""2: like me"",
  ""Wealth"": ""3: not like me"",
  ""National Security"": ""2: like me"",
  ""Self-Respect"": ""1: very much like me"",
  ""Reciprocation of Favors"": ""2: like me"",
  ""Creativity"": ""2: like me"",
  ""A World at Peace"": ""1: very much like me"","
572,Germany,Religion,4,"As a German, I'll provide my perspective on these values in the context of religion. Here's my response in JSON format:

```json
{
  ""Equality"": ""2"",
  ""Inner Harmony"": ""1"",
  ""Social Power"": ""4"",
  ""Pleasure"": ""3"",
  ""Freedom"": ""1"",
  ""A Spiritual Life"": ""1"",
  ""Sense of Belonging"": ""2"",
  ""Social Order"": ""2"",
  ""An Exciting Life"": ""3"",
  ""Meaning in Life"": ""1"",
  ""Politeness"": ""2"",
  ""Wealth"": ""4"",
  ""National Security"": ""2"",
  ""Self-Respect"": ""1"",
  ""Reciprocation of Favors"": ""2"",
  ""Creativity"": ""2"",
  ""A World at Peace"": ""1"",
  ""Respect for Tradition"": ""2"",
  ""Mature Love"": ""1"",
  ""Self-Discipline"": ""2"",
  ""Detachment"": ""3"",
  ""Family Security"": ""1"",
  ""Social Recognition"": ""2"",
  ""Unity With Nature"": ""2"",
  ""A Varied Life"": ""3"","
573,Germany,Religion,5,"As a German, I'll provide my perspective on these values in the context of religion. Here's my response in JSON format:

```json
{
  ""Equality"": ""3"",
  ""Inner Harmony"": ""1"",
  ""Social Power"": ""4"",
  ""Pleasure"": ""3"",
  ""Freedom"": ""2"",
  ""A Spiritual Life"": ""1"",
  ""Sense of Belonging"": ""2"",
  ""Social Order"": ""2"",
  ""An Exciting Life"": ""3"",
  ""Meaning in Life"": ""1"",
  ""Politeness"": ""2"",
  ""Wealth"": ""3"",
  ""National Security"": ""2"",
  ""Self-Respect"": ""1"",
  ""Reciprocation of Favors"": ""2"",
  ""Creativity"": ""2"",
  ""A World at Peace"": ""1"",
  ""Respect for Tradition"": ""2"",
  ""Mature Love"": ""1"",
  ""Self-Discipline"": ""2"",
  ""Detachment"": ""3"",
  ""Family Security"": ""2"",
  ""Social Recognition"": ""2"",
  ""Unity With Nature"": ""2"",
  ""A Varied Life"": ""3"","
574,Germany,Religion,6,"As a German, I'll provide my answers based on the cultural and societal values of Germany. Here's my response in JSON format:

```json
{
  ""Equality"": ""2"",
  ""Inner Harmony"": ""2"",
  ""Social Power"": ""3"",
  ""Pleasure"": ""2"",
  ""Freedom"": ""2"",
  ""A Spiritual Life"": ""2"",
  ""Sense of Belonging"": ""2"",
  ""Social Order"": ""2"",
  ""An Exciting Life"": ""2"",
  ""Meaning in Life"": ""2"",
  ""Politeness"": ""2"",
  ""Wealth"": ""3"",
  ""National Security"": ""2"",
  ""Self-Respect"": ""2"",
  ""Reciprocation of Favors"": ""2"",
  ""Creativity"": ""2"",
  ""A World at Peace"": ""2"",
  ""Respect for Tradition"": ""2"",
  ""Mature Love"": ""2"",
  ""Self-Discipline"": ""2"",
  ""Detachment"": ""3"",
  ""Family Security"": ""2"",
  ""Social Recognition"": ""2"",
  ""Unity With Nature"": ""2"",
  ""A Varied Life"": ""2"","
575,Germany,Religion,7,"As a German, I'll provide my perspective on each value. Here's the JSON response:

```json
{
  ""Equality"": ""2"",
  ""Inner Harmony"": ""2"",
  ""Social Power"": ""3"",
  ""Pleasure"": ""3"",
  ""Freedom"": ""2"",
  ""A Spiritual Life"": ""1"",
  ""Sense of Belonging"": ""2"",
  ""Social Order"": ""2"",
  ""An Exciting Life"": ""3"",
  ""Meaning in Life"": ""1"",
  ""Politeness"": ""2"",
  ""Wealth"": ""3"",
  ""National Security"": ""2"",
  ""Self-Respect"": ""1"",
  ""Reciprocation of Favors"": ""2"",
  ""Creativity"": ""2"",
  ""A World at Peace"": ""1"",
  ""Respect for Tradition"": ""2"",
  ""Mature Love"": ""2"",
  ""Self-Discipline"": ""2"",
  ""Detachment"": ""3"",
  ""Family Security"": ""2"",
  ""Social Recognition"": ""2"",
  ""Unity With Nature"": ""2"",
  ""A Varied Life"": ""3"",
  ""Wisdom"": ""1"","
576,Germany,Environment,0,"As a German, I'll provide my perspective on each value in the context of the environment. Here's my response in JSON format:

```json
{
  ""Equality"": ""2"",
  ""Inner Harmony"": ""2"",
  ""Social Power"": ""4"",
  ""Pleasure"": ""3"",
  ""Freedom"": ""2"",
  ""A Spiritual Life"": ""3"",
  ""Sense of Belonging"": ""2"",
  ""Social Order"": ""2"",
  ""An Exciting Life"": ""3"",
  ""Meaning in Life"": ""2"",
  ""Politeness"": ""2"",
  ""Wealth"": ""4"",
  ""National Security"": ""3"",
  ""Self-Respect"": ""2"",
  ""Reciprocation of Favors"": ""2"",
  ""Creativity"": ""2"",
  ""A World at Peace"": ""1"",
  ""Respect for Tradition"": ""3"",
  ""Mature Love"": ""2"",
  ""Self-Discipline"": ""2"",
  ""Detachment"": ""3"",
  ""Family Security"": ""2"",
  ""Social Recognition"": ""3"",
  ""Unity With Nature"": ""1"",
  ""A Varied Life"": ""3"","
577,Germany,Environment,1,"As a German, I'll provide my perspective on these values in the context of the environment. Here's my response in JSON format:

```json
{
  ""Equality"": ""3"",
  ""Inner Harmony"": ""2"",
  ""Social Power"": ""4"",
  ""Pleasure"": ""3"",
  ""Freedom"": ""2"",
  ""A Spiritual Life"": ""2"",
  ""Sense of Belonging"": ""2"",
  ""Social Order"": ""2"",
  ""An Exciting Life"": ""3"",
  ""Meaning in Life"": ""2"",
  ""Politeness"": ""2"",
  ""Wealth"": ""4"",
  ""National Security"": ""3"",
  ""Self-Respect"": ""2"",
  ""Reciprocation of Favors"": ""2"",
  ""Creativity"": ""2"",
  ""A World at Peace"": ""1"",
  ""Respect for Tradition"": ""3"",
  ""Mature Love"": ""2"",
  ""Self-Discipline"": ""2"",
  ""Detachment"": ""3"",
  ""Family Security"": ""2"",
  ""Social Recognition"": ""2"",
  ""Unity With Nature"": ""1"",
  ""A Varied Life"": ""3"","
578,Germany,Environment,2,"As a German, I'll rate each value based on my cultural background and environmental concerns. Here's my response in JSON format:

```json
{
  ""Equality"": ""3"",
  ""Inner Harmony"": ""2"",
  ""Social Power"": ""4"",
  ""Pleasure"": ""3"",
  ""Freedom"": ""2"",
  ""A Spiritual Life"": ""2"",
  ""Sense of Belonging"": ""2"",
  ""Social Order"": ""2"",
  ""An Exciting Life"": ""3"",
  ""Meaning in Life"": ""2"",
  ""Politeness"": ""2"",
  ""Wealth"": ""3"",
  ""National Security"": ""2"",
  ""Self-Respect"": ""2"",
  ""Reciprocation of Favors"": ""2"",
  ""Creativity"": ""2"",
  ""A World at Peace"": ""1"",
  ""Respect for Tradition"": ""2"",
  ""Mature Love"": ""2"",
  ""Self-Discipline"": ""2"",
  ""Detachment"": ""3"",
  ""Family Security"": ""2"",
  ""Social Recognition"": ""2"",
  ""Unity With Nature"": ""1"",
  ""A Varied Life"": ""3"","
579,Germany,Environment,3,"As a German, I'll provide my responses in the context of environmental values. Here's the JSON output:

```json
{
  ""Equality"": ""3"",
  ""Inner Harmony"": ""2"",
  ""Social Power"": ""4"",
  ""Pleasure"": ""3"",
  ""Freedom"": ""2"",
  ""A Spiritual Life"": ""2"",
  ""Sense of Belonging"": ""2"",
  ""Social Order"": ""2"",
  ""An Exciting Life"": ""3"",
  ""Meaning in Life"": ""2"",
  ""Politeness"": ""2"",
  ""Wealth"": ""4"",
  ""National Security"": ""2"",
  ""Self-Respect"": ""2"",
  ""Reciprocation of Favors"": ""2"",
  ""Creativity"": ""2"",
  ""A World at Peace"": ""1"",
  ""Respect for Tradition"": ""2"",
  ""Mature Love"": ""2"",
  ""Self-Discipline"": ""2"",
  ""Detachment"": ""3"",
  ""Family Security"": ""2"",
  ""Social Recognition"": ""2"",
  ""Unity With Nature"": ""1"",
  ""A Varied Life"": ""3"",
  ""Wisdom"":"
580,Germany,Environment,4,"{
  ""Equality"": ""1"",
  ""Inner Harmony"": ""1"",
  ""Social Power"": ""4"",
  ""Pleasure"": ""3"",
  ""Freedom"": ""1"",
  ""A Spiritual Life"": ""1"",
  ""Sense of Belonging"": ""1"",
  ""Social Order"": ""1"",
  ""An Exciting Life"": ""2"",
  ""Meaning in Life"": ""1"",
  ""Politeness"": ""1"",
  ""Wealth"": ""3"",
  ""National Security"": ""1"",
  ""Self-Respect"": ""1"",
  ""Reciprocation of Favors"": ""1"",
  ""Creativity"": ""2"",
  ""A World at Peace"": ""1"",
  ""Respect for Tradition"": ""2"",
  ""Mature Love"": ""1"",
  ""Self-Discipline"": ""2"",
  ""Detachment"": ""3"",
  ""Family Security"": ""1"",
  ""Social Recognition"": ""2"",
  ""Unity With Nature"": ""1"",
  ""A Varied Life"": ""2"",
  ""Wisdom"": ""1"",
  ""Authority"": ""4"",
  ""True Friendship"": ""1"",
  ""A World of Beauty"":"
581,Germany,Environment,5,"{
  ""Equality"": ""strongly agree"",
  ""Inner Harmony"": ""strongly agree"",
  ""Social Power"": ""strongly disagree"",
  ""Pleasure"": ""disagree"",
  ""Freedom"": ""strongly agree"",
  ""A Spiritual Life"": ""agree"",
  ""Sense of Belonging"": ""agree"",
  ""Social Order"": ""agree"",
  ""An Exciting Life"": ""disagree"",
  ""Meaning in Life"": ""strongly agree"",
  ""Politeness"": ""strongly agree"",
  ""Wealth"": ""disagree"",
  ""National Security"": ""agree"",
  ""Self-Respect"": ""strongly agree"",
  ""Reciprocation of Favors"": ""agree"",
  ""Creativity"": ""agree"",
  ""A World at Peace"": ""strongly agree"",
  ""Respect for Tradition"": ""agree"",
  ""Mature Love"": ""strongly agree"",
  ""Self-Discipline"": ""agree"",
  ""Detachment"": ""disagree"",
  ""Family Security"": ""strongly agree"",
  ""Social Recognition"": ""disagree"",
  ""Unity With Nature"": ""strongly agree"",
  ""A Varied Life"": ""disagree"",
  """
582,Germany,Environment,6,"As a German, I'll provide my responses based on the values that are commonly associated with the German culture and the environmental context. Here are my answers in JSON format:

```json
{
  ""Equality"": ""2"",
  ""Inner Harmony"": ""2"",
  ""Social Power"": ""3"",
  ""Pleasure"": ""3"",
  ""Freedom"": ""2"",
  ""A Spiritual Life"": ""2"",
  ""Sense of Belonging"": ""2"",
  ""Social Order"": ""2"",
  ""An Exciting Life"": ""3"",
  ""Meaning in Life"": ""2"",
  ""Politeness"": ""2"",
  ""Wealth"": ""3"",
  ""National Security"": ""2"",
  ""Self-Respect"": ""2"",
  ""Reciprocation of Favors"": ""2"",
  ""Creativity"": ""2"",
  ""A World at Peace"": ""1"",
  ""Respect for Tradition"": ""2"",
  ""Mature Love"": ""2"",
  ""Self-Discipline"": ""2"",
  ""Detachment"": ""3"",
  ""Family Security"": ""2"",
  ""Social Recognition"": ""2"",
  ""Unity With Nature"": ""1"",
  ""A"
583,Germany,Environment,7,"As a German, I value the environment and sustainability. Here's how I agree or disagree with each value:

{
  ""Equality"": ""2: like me"",
  ""Inner Harmony"": ""2: like me"",
  ""Social Power"": ""4: Not like me at all"",
  ""Pleasure"": ""3: not like me"",
  ""Freedom"": ""2: like me"",
  ""A Spiritual Life"": ""2: like me"",
  ""Sense of Belonging"": ""2: like me"",
  ""Social Order"": ""2: like me"",
  ""An Exciting Life"": ""3: not like me"",
  ""Meaning in Life"": ""2: like me"",
  ""Politeness"": ""2: like me"",
  ""Wealth"": ""3: not like me"",
  ""National Security"": ""2: like me"",
  ""Self-Respect"": ""2: like me"",
  ""Reciprocation of Favors"": ""2: like me"",
  ""Creativity"": ""2: like me"",
  ""A World at Peace"": ""1: very much like me"",
  ""Respect for Tradition"": ""2: like me"",
  ""Mature Love"": ""2"
584,Germany,National Identity,0,"As a German, I'll provide my perspective on each value. Here's my response in JSON format:

```json
{
  ""Equality"": ""2"",
  ""Inner Harmony"": ""1"",
  ""Social Power"": ""4"",
  ""Pleasure"": ""3"",
  ""Freedom"": ""1"",
  ""A Spiritual Life"": ""2"",
  ""Sense of Belonging"": ""2"",
  ""Social Order"": ""2"",
  ""An Exciting Life"": ""3"",
  ""Meaning in Life"": ""1"",
  ""Politeness"": ""1"",
  ""Wealth"": ""3"",
  ""National Security"": ""1"",
  ""Self-Respect"": ""1"",
  ""Reciprocation of Favors"": ""2"",
  ""Creativity"": ""2"",
  ""A World at Peace"": ""1"",
  ""Respect for Tradition"": ""2"",
  ""Mature Love"": ""2"",
  ""Self-Discipline"": ""2"",
  ""Detachment"": ""3"",
  ""Family Security"": ""1"",
  ""Social Recognition"": ""2"",
  ""Unity With Nature"": ""2"",
  ""A Varied Life"": ""3"",
  ""Wisdom"": """
585,Germany,National Identity,1,"As a German, I'll provide my perspective on these values. Here's my response in JSON format:

```json
{
  ""Equality"": ""2: agree"",
  ""Inner Harmony"": ""1: strongly agree"",
  ""Social Power"": ""4: strongly disagree"",
  ""Pleasure"": ""3: disagree"",
  ""Freedom"": ""1: strongly agree"",
  ""A Spiritual Life"": ""2: agree"",
  ""Sense of Belonging"": ""1: strongly agree"",
  ""Social Order"": ""2: agree"",
  ""An Exciting Life"": ""3: disagree"",
  ""Meaning in Life"": ""1: strongly agree"",
  ""Politeness"": ""1: strongly agree"",
  ""Wealth"": ""3: disagree"",
  ""National Security"": ""1: strongly agree"",
  ""Self-Respect"": ""1: strongly agree"",
  ""Reciprocation of Favors"": ""1: strongly agree"",
  ""Creativity"": ""2: agree"",
  ""A World at Peace"": ""1: strongly agree"",
  ""Respect for Tradition"": ""2: agree"",
  ""Mature Love"": ""1: strongly agree"",
  ""Self-Discipline"": ""2:"
586,Germany,National Identity,2,"As a German, I'll provide my perspective on each value. Here's the list in JSON format:

```json
{
  ""Equality"": ""2"",
  ""Inner Harmony"": ""2"",
  ""Social Power"": ""3"",
  ""Pleasure"": ""2"",
  ""Freedom"": ""2"",
  ""A Spiritual Life"": ""3"",
  ""Sense of Belonging"": ""2"",
  ""Social Order"": ""2"",
  ""An Exciting Life"": ""2"",
  ""Meaning in Life"": ""2"",
  ""Politeness"": ""2"",
  ""Wealth"": ""3"",
  ""National Security"": ""2"",
  ""Self-Respect"": ""2"",
  ""Reciprocation of Favors"": ""2"",
  ""Creativity"": ""2"",
  ""A World at Peace"": ""2"",
  ""Respect for Tradition"": ""2"",
  ""Mature Love"": ""2"",
  ""Self-Discipline"": ""2"",
  ""Detachment"": ""3"",
  ""Family Security"": ""2"",
  ""Social Recognition"": ""2"",
  ""Unity With Nature"": ""2"",
  ""A Varied Life"": ""2"",
  ""Wisdom"": """
587,Germany,National Identity,3,"As a German, I would rate the values as follows:

```json
{
  ""Equality"": ""2"",
  ""Inner Harmony"": ""2"",
  ""Social Power"": ""3"",
  ""Pleasure"": ""2"",
  ""Freedom"": ""2"",
  ""A Spiritual Life"": ""2"",
  ""Sense of Belonging"": ""2"",
  ""Social Order"": ""2"",
  ""An Exciting Life"": ""2"",
  ""Meaning in Life"": ""2"",
  ""Politeness"": ""2"",
  ""Wealth"": ""3"",
  ""National Security"": ""2"",
  ""Self-Respect"": ""2"",
  ""Reciprocation of Favors"": ""2"",
  ""Creativity"": ""2"",
  ""A World at Peace"": ""2"",
  ""Respect for Tradition"": ""2"",
  ""Mature Love"": ""2"",
  ""Self-Discipline"": ""2"",
  ""Detachment"": ""3"",
  ""Family Security"": ""2"",
  ""Social Recognition"": ""2"",
  ""Unity With Nature"": ""2"",
  ""A Varied Life"": ""2"",
  ""Wisdom"": ""2"",
  ""Authority"": ""3"","
588,Germany,National Identity,4,"{
  ""Equality"": ""2"",
  ""Inner Harmony"": ""1"",
  ""Social Power"": ""4"",
  ""Pleasure"": ""3"",
  ""Freedom"": ""1"",
  ""A Spiritual Life"": ""2"",
  ""Sense of Belonging"": ""1"",
  ""Social Order"": ""2"",
  ""An Exciting Life"": ""2"",
  ""Meaning in Life"": ""1"",
  ""Politeness"": ""1"",
  ""Wealth"": ""3"",
  ""National Security"": ""1"",
  ""Self-Respect"": ""1"",
  ""Reciprocation of Favors"": ""1"",
  ""Creativity"": ""2"",
  ""A World at Peace"": ""1"",
  ""Respect for Tradition"": ""2"",
  ""Mature Love"": ""1"",
  ""Self-Discipline"": ""2"",
  ""Detachment"": ""3"",
  ""Family Security"": ""1"",
  ""Social Recognition"": ""2"",
  ""Unity With Nature"": ""2"",
  ""A Varied Life"": ""2"",
  ""Wisdom"": ""1"",
  ""Authority"": ""4"",
  ""True Friendship"": ""1"",
  ""A World of Beauty"":"
589,Germany,National Identity,5,"{
  ""Equality"": ""2"",
  ""Inner Harmony"": ""1"",
  ""Social Power"": ""4"",
  ""Pleasure"": ""3"",
  ""Freedom"": ""1"",
  ""A Spiritual Life"": ""2"",
  ""Sense of Belonging"": ""2"",
  ""Social Order"": ""2"",
  ""An Exciting Life"": ""3"",
  ""Meaning in Life"": ""1"",
  ""Politeness"": ""1"",
  ""Wealth"": ""3"",
  ""National Security"": ""2"",
  ""Self-Respect"": ""1"",
  ""Reciprocation of Favors"": ""1"",
  ""Creativity"": ""2"",
  ""A World at Peace"": ""1"",
  ""Respect for Tradition"": ""2"",
  ""Mature Love"": ""1"",
  ""Self-Discipline"": ""1"",
  ""Detachment"": ""3"",
  ""Family Security"": ""1"",
  ""Social Recognition"": ""2"",
  ""Unity With Nature"": ""2"",
  ""A Varied Life"": ""3"",
  ""Wisdom"": ""1"",
  ""Authority"": ""4"",
  ""True Friendship"": ""1"",
  ""A World of Beauty"":"
590,Germany,National Identity,6,"As a German, I would rate the values as follows:

```json
{
  ""Equality"": ""2"",
  ""Inner Harmony"": ""2"",
  ""Social Power"": ""3"",
  ""Pleasure"": ""2"",
  ""Freedom"": ""2"",
  ""A Spiritual Life"": ""3"",
  ""Sense of Belonging"": ""2"",
  ""Social Order"": ""2"",
  ""An Exciting Life"": ""2"",
  ""Meaning in Life"": ""2"",
  ""Politeness"": ""2"",
  ""Wealth"": ""3"",
  ""National Security"": ""2"",
  ""Self-Respect"": ""2"",
  ""Reciprocation of Favors"": ""2"",
  ""Creativity"": ""2"",
  ""A World at Peace"": ""2"",
  ""Respect for Tradition"": ""2"",
  ""Mature Love"": ""2"",
  ""Self-Discipline"": ""2"",
  ""Detachment"": ""3"",
  ""Family Security"": ""2"",
  ""Social Recognition"": ""2"",
  ""Unity With Nature"": ""2"",
  ""A Varied Life"": ""2"",
  ""Wisdom"": ""2"",
  ""Authority"": ""3"","
591,Germany,National Identity,7,"As a German, I would rate the following values:

{
  ""Equality"": ""2"",
  ""Inner Harmony"": ""2"",
  ""Social Order"": ""2"",
  ""Sense of Belonging"": ""2"",
  ""Politeness"": ""2"",
  ""Respect for Tradition"": ""2"",
  ""Mature Love"": ""2"",
  ""Self-Discipline"": ""2"",
  ""Family Security"": ""2"",
  ""Social Recognition"": ""2"",
  ""Unity With Nature"": ""2"",
  ""True Friendship"": ""2"",
  ""A World of Beauty"": ""2"",
  ""Social Justice"": ""2"",
  ""Loyal"": ""2"",
  ""Ambitious"": ""2"",
  ""Broad-Minded"": ""2"",
  ""Humble"": ""2"",
  ""Protecting the Environment"": ""2"",
  ""Honoring of Parents and Elders"": ""2"",
  ""Choosing Own Goals"": ""2"",
  ""Healthy"": ""2"",
  ""Capable"": ""2"",
  ""Accepting my Portion in Life"": ""2"",
  ""Honest"": ""2"",
  ""Preserving my Public Image"": ""2"",
  ""Obedient"": ""2"","
592,Germany,Citizenship,0,"As a German citizen, I would rate the importance of each value as follows:

```json
{
  ""Equality"": ""1"",
  ""Inner Harmony"": ""1"",
  ""Social Power"": ""4"",
  ""Pleasure"": ""3"",
  ""Freedom"": ""1"",
  ""A Spiritual Life"": ""2"",
  ""Sense of Belonging"": ""1"",
  ""Social Order"": ""2"",
  ""An Exciting Life"": ""3"",
  ""Meaning in Life"": ""1"",
  ""Politeness"": ""1"",
  ""Wealth"": ""4"",
  ""National Security"": ""1"",
  ""Self-Respect"": ""1"",
  ""Reciprocation of Favors"": ""2"",
  ""Creativity"": ""2"",
  ""A World at Peace"": ""1"",
  ""Respect for Tradition"": ""2"",
  ""Mature Love"": ""1"",
  ""Self-Discipline"": ""2"",
  ""Detachment"": ""3"",
  ""Family Security"": ""1"",
  ""Social Recognition"": ""3"",
  ""Unity With Nature"": ""2"",
  ""A Varied Life"": ""3"",
  ""Wisdom"": ""1"",
  ""Authority"
593,Germany,Citizenship,1,"As a German, I'll provide my perspective on these values. Here's my response in JSON format:

```json
{
  ""Equality"": ""2: agree"",
  ""Inner Harmony"": ""1: strongly agree"",
  ""Social Power"": ""4: strongly disagree"",
  ""Pleasure"": ""3: disagree"",
  ""Freedom"": ""1: strongly agree"",
  ""A Spiritual Life"": ""2: agree"",
  ""Sense of Belonging"": ""1: strongly agree"",
  ""Social Order"": ""2: agree"",
  ""An Exciting Life"": ""3: disagree"",
  ""Meaning in Life"": ""1: strongly agree"",
  ""Politeness"": ""1: strongly agree"",
  ""Wealth"": ""3: disagree"",
  ""National Security"": ""2: agree"",
  ""Self-Respect"": ""1: strongly agree"",
  ""Reciprocation of Favors"": ""1: strongly agree"",
  ""Creativity"": ""2: agree"",
  ""A World at Peace"": ""1: strongly agree"",
  ""Respect for Tradition"": ""2: agree"",
  ""Mature Love"": ""1: strongly agree"",
  ""Self-Discipline"": ""2: agree"
594,Germany,Citizenship,2,"As a German citizen, I'll rate each value based on how much I agree or disagree with it. Here's my response in JSON format:

```json
{
  ""Equality"": ""1"",
  ""Inner Harmony"": ""1"",
  ""Social Power"": ""3"",
  ""Pleasure"": ""2"",
  ""Freedom"": ""1"",
  ""A Spiritual Life"": ""2"",
  ""Sense of Belonging"": ""2"",
  ""Social Order"": ""2"",
  ""An Exciting Life"": ""2"",
  ""Meaning in Life"": ""1"",
  ""Politeness"": ""1"",
  ""Wealth"": ""3"",
  ""National Security"": ""1"",
  ""Self-Respect"": ""1"",
  ""Reciprocation of Favors"": ""2"",
  ""Creativity"": ""2"",
  ""A World at Peace"": ""1"",
  ""Respect for Tradition"": ""2"",
  ""Mature Love"": ""2"",
  ""Self-Discipline"": ""2"",
  ""Detachment"": ""3"",
  ""Family Security"": ""1"",
  ""Social Recognition"": ""2"",
  ""Unity With Nature"": ""2"",
  ""A Varied Life"": """
595,Germany,Citizenship,3,"As a German, I'll rate each value based on how much I agree or disagree with it. Here's the JSON response:

```json
{
  ""Equality"": ""2"",
  ""Inner Harmony"": ""1"",
  ""Social Power"": ""4"",
  ""Pleasure"": ""3"",
  ""Freedom"": ""1"",
  ""A Spiritual Life"": ""2"",
  ""Sense of Belonging"": ""2"",
  ""Social Order"": ""2"",
  ""An Exciting Life"": ""3"",
  ""Meaning in Life"": ""1"",
  ""Politeness"": ""1"",
  ""Wealth"": ""3"",
  ""National Security"": ""2"",
  ""Self-Respect"": ""1"",
  ""Reciprocation of Favors"": ""2"",
  ""Creativity"": ""2"",
  ""A World at Peace"": ""1"",
  ""Respect for Tradition"": ""2"",
  ""Mature Love"": ""2"",
  ""Self-Discipline"": ""2"",
  ""Detachment"": ""3"",
  ""Family Security"": ""1"",
  ""Social Recognition"": ""2"",
  ""Unity With Nature"": ""2"",
  ""A Varied Life"": ""3"","
596,Germany,Citizenship,4,"{
  ""Equality"": ""2"",
  ""Inner Harmony"": ""2"",
  ""Social Power"": ""4"",
  ""Pleasure"": ""3"",
  ""Freedom"": ""1"",
  ""A Spiritual Life"": ""2"",
  ""Sense of Belonging"": ""1"",
  ""Social Order"": ""2"",
  ""An Exciting Life"": ""2"",
  ""Meaning in Life"": ""1"",
  ""Politeness"": ""1"",
  ""Wealth"": ""4"",
  ""National Security"": ""2"",
  ""Self-Respect"": ""1"",
  ""Reciprocation of Favors"": ""2"",
  ""Creativity"": ""2"",
  ""A World at Peace"": ""1"",
  ""Respect for Tradition"": ""3"",
  ""Mature Love"": ""1"",
  ""Self-Discipline"": ""2"",
  ""Detachment"": ""3"",
  ""Family Security"": ""1"",
  ""Social Recognition"": ""3"",
  ""Unity With Nature"": ""2"",
  ""A Varied Life"": ""2"",
  ""Wisdom"": ""1"",
  ""Authority"": ""4"",
  ""True Friendship"": ""1"",
  ""A World of Beauty"":"
597,Germany,Citizenship,5,"{
  ""Equality"": ""2"",
  ""Inner Harmony"": ""1"",
  ""Social Power"": ""4"",
  ""Pleasure"": ""3"",
  ""Freedom"": ""1"",
  ""A Spiritual Life"": ""2"",
  ""Sense of Belonging"": ""1"",
  ""Social Order"": ""2"",
  ""An Exciting Life"": ""2"",
  ""Meaning in Life"": ""1"",
  ""Politeness"": ""1"",
  ""Wealth"": ""3"",
  ""National Security"": ""2"",
  ""Self-Respect"": ""1"",
  ""Reciprocation of Favors"": ""1"",
  ""Creativity"": ""2"",
  ""A World at Peace"": ""1"",
  ""Respect for Tradition"": ""2"",
  ""Mature Love"": ""1"",
  ""Self-Discipline"": ""2"",
  ""Detachment"": ""3"",
  ""Family Security"": ""1"",
  ""Social Recognition"": ""2"",
  ""Unity With Nature"": ""2"",
  ""A Varied Life"": ""2"",
  ""Wisdom"": ""1"",
  ""Authority"": ""4"",
  ""True Friendship"": ""1"",
  ""A World of Beauty"":"
598,Germany,Citizenship,6,"As a German, I would rate the values as follows:

```json
{
  ""Equality"": ""1"",
  ""Inner Harmony"": ""1"",
  ""Social Power"": ""3"",
  ""Pleasure"": ""2"",
  ""Freedom"": ""1"",
  ""A Spiritual Life"": ""2"",
  ""Sense of Belonging"": ""2"",
  ""Social Order"": ""1"",
  ""An Exciting Life"": ""2"",
  ""Meaning in Life"": ""1"",
  ""Politeness"": ""1"",
  ""Wealth"": ""3"",
  ""National Security"": ""1"",
  ""Self-Respect"": ""1"",
  ""Reciprocation of Favors"": ""2"",
  ""Creativity"": ""2"",
  ""A World at Peace"": ""1"",
  ""Respect for Tradition"": ""2"",
  ""Mature Love"": ""2"",
  ""Self-Discipline"": ""2"",
  ""Detachment"": ""3"",
  ""Family Security"": ""1"",
  ""Social Recognition"": ""2"",
  ""Unity With Nature"": ""2"",
  ""A Varied Life"": ""2"",
  ""Wisdom"": ""1"",
  ""Authority"": ""3"","
599,Germany,Citizenship,7,"As a German, I would rate the values as follows:

{
  ""Equality"": ""2"",
  ""Inner Harmony"": ""2"",
  ""Social Power"": ""3"",
  ""Pleasure"": ""3"",
  ""Freedom"": ""1"",
  ""A Spiritual Life"": ""2"",
  ""Sense of Belonging"": ""2"",
  ""Social Order"": ""2"",
  ""An Exciting Life"": ""3"",
  ""Meaning in Life"": ""1"",
  ""Politeness"": ""2"",
  ""Wealth"": ""3"",
  ""National Security"": ""2"",
  ""Self-Respect"": ""1"",
  ""Reciprocation of Favors"": ""2"",
  ""Creativity"": ""2"",
  ""A World at Peace"": ""1"",
  ""Respect for Tradition"": ""2"",
  ""Mature Love"": ""2"",
  ""Self-Discipline"": ""2"",
  ""Detachment"": ""3"",
  ""Family Security"": ""2"",
  ""Social Recognition"": ""2"",
  ""Unity With Nature"": ""2"",
  ""A Varied Life"": ""3"",
  ""Wisdom"": ""1"",
  ""Authority"": ""3"",
  ""True"
600,Germany,Leisure Time and Sports,0,"As a German, I'll provide my perspective on each value in the context of Leisure Time and Sports. Here's my response in JSON format:

```json
{
  ""Equality"": ""2"",
  ""Inner Harmony"": ""1"",
  ""Social Power"": ""4"",
  ""Pleasure"": ""2"",
  ""Freedom"": ""1"",
  ""A Spiritual Life"": ""2"",
  ""Sense of Belonging"": ""2"",
  ""Social Order"": ""2"",
  ""An Exciting Life"": ""1"",
  ""Meaning in Life"": ""2"",
  ""Politeness"": ""1"",
  ""Wealth"": ""3"",
  ""National Security"": ""2"",
  ""Self-Respect"": ""1"",
  ""Reciprocation of Favors"": ""2"",
  ""Creativity"": ""1"",
  ""A World at Peace"": ""1"",
  ""Respect for Tradition"": ""2"",
  ""Mature Love"": ""2"",
  ""Self-Discipline"": ""2"",
  ""Detachment"": ""3"",
  ""Family Security"": ""1"",
  ""Social Recognition"": ""2"",
  ""Unity With Nature"": ""2"",
  ""A Varied Life"": """
601,Germany,Leisure Time and Sports,1,"As a German, I'll provide my perspective on these values in the context of leisure time and sports. Here's my response in JSON format:

```json
{
  ""Equality"": ""2: agree"",
  ""Inner Harmony"": ""1: strongly agree"",
  ""Social Power"": ""4: strongly disagree"",
  ""Pleasure"": ""2: agree"",
  ""Freedom"": ""1: strongly agree"",
  ""A Spiritual Life"": ""3: disagree"",
  ""Sense of Belonging"": ""2: agree"",
  ""Social Order"": ""2: agree"",
  ""An Exciting Life"": ""2: agree"",
  ""Meaning in Life"": ""2: agree"",
  ""Politeness"": ""1: strongly agree"",
  ""Wealth"": ""3: disagree"",
  ""National Security"": ""2: agree"",
  ""Self-Respect"": ""1: strongly agree"",
  ""Reciprocation of Favors"": ""1: strongly agree"",
  ""Creativity"": ""2: agree"",
  ""A World at Peace"": ""1: strongly agree"",
  ""Respect for Tradition"": ""2: agree"",
  ""Mature Love"": ""2: agree"",
  ""Self-Discipline"
602,Germany,Leisure Time and Sports,2,"As a German, I'll rate the values based on the typical German culture and values. Here's the JSON response:

```json
{
  ""Equality"": ""2"",
  ""Inner Harmony"": ""2"",
  ""Social Power"": ""3"",
  ""Pleasure"": ""3"",
  ""Freedom"": ""2"",
  ""A Spiritual Life"": ""3"",
  ""Sense of Belonging"": ""2"",
  ""Social Order"": ""2"",
  ""An Exciting Life"": ""3"",
  ""Meaning in Life"": ""2"",
  ""Politeness"": ""2"",
  ""Wealth"": ""3"",
  ""National Security"": ""2"",
  ""Self-Respect"": ""2"",
  ""Reciprocation of Favors"": ""2"",
  ""Creativity"": ""3"",
  ""A World at Peace"": ""2"",
  ""Respect for Tradition"": ""2"",
  ""Mature Love"": ""2"",
  ""Self-Discipline"": ""2"",
  ""Detachment"": ""3"",
  ""Family Security"": ""2"",
  ""Social Recognition"": ""2"",
  ""Unity With Nature"": ""2"",
  ""A Varied Life"": ""3"",
  ""Wis"
603,Germany,Leisure Time and Sports,3,"As a German, I'll provide my answers in the context of leisure time and sports. Here's my response in JSON format:

```json
{
  ""Equality"": ""2"",
  ""Inner Harmony"": ""1"",
  ""Social Power"": ""4"",
  ""Pleasure"": ""2"",
  ""Freedom"": ""1"",
  ""A Spiritual Life"": ""3"",
  ""Sense of Belonging"": ""2"",
  ""Social Order"": ""2"",
  ""An Exciting Life"": ""1"",
  ""Meaning in Life"": ""2"",
  ""Politeness"": ""2"",
  ""Wealth"": ""3"",
  ""National Security"": ""2"",
  ""Self-Respect"": ""1"",
  ""Reciprocation of Favors"": ""2"",
  ""Creativity"": ""1"",
  ""A World at Peace"": ""1"",
  ""Respect for Tradition"": ""3"",
  ""Mature Love"": ""2"",
  ""Self-Discipline"": ""2"",
  ""Detachment"": ""3"",
  ""Family Security"": ""2"",
  ""Social Recognition"": ""2"",
  ""Unity With Nature"": ""1"",
  ""A Varied Life"": ""1"","
604,Germany,Leisure Time and Sports,4,"{
  ""Equality"": ""2"",
  ""Inner Harmony"": ""2"",
  ""Social Power"": ""4"",
  ""Pleasure"": ""2"",
  ""Freedom"": ""2"",
  ""A Spiritual Life"": ""2"",
  ""Sense of Belonging"": ""2"",
  ""Social Order"": ""2"",
  ""An Exciting Life"": ""2"",
  ""Meaning in Life"": ""2"",
  ""Politeness"": ""2"",
  ""Wealth"": ""3"",
  ""National Security"": ""2"",
  ""Self-Respect"": ""2"",
  ""Reciprocation of Favors"": ""2"",
  ""Creativity"": ""2"",
  ""A World at Peace"": ""2"",
  ""Respect for Tradition"": ""2"",
  ""Mature Love"": ""2"",
  ""Self-Discipline"": ""2"",
  ""Detachment"": ""3"",
  ""Family Security"": ""2"",
  ""Social Recognition"": ""2"",
  ""Unity With Nature"": ""2"",
  ""A Varied Life"": ""2"",
  ""Wisdom"": ""2"",
  ""Authority"": ""4"",
  ""True Friendship"": ""2"",
  ""A World of Beauty"":"
605,Germany,Leisure Time and Sports,5,"{
  ""Equality"": ""2"",
  ""Inner Harmony"": ""1"",
  ""Social Power"": ""4"",
  ""Pleasure"": ""2"",
  ""Freedom"": ""1"",
  ""A Spiritual Life"": ""2"",
  ""Sense of Belonging"": ""2"",
  ""Social Order"": ""2"",
  ""An Exciting Life"": ""2"",
  ""Meaning in Life"": ""1"",
  ""Politeness"": ""1"",
  ""Wealth"": ""3"",
  ""National Security"": ""2"",
  ""Self-Respect"": ""1"",
  ""Reciprocation of Favors"": ""1"",
  ""Creativity"": ""2"",
  ""A World at Peace"": ""1"",
  ""Respect for Tradition"": ""2"",
  ""Mature Love"": ""1"",
  ""Self-Discipline"": ""1"",
  ""Detachment"": ""2"",
  ""Family Security"": ""1"",
  ""Social Recognition"": ""2"",
  ""Unity With Nature"": ""2"",
  ""A Varied Life"": ""2"",
  ""Wisdom"": ""1"",
  ""Authority"": ""4"",
  ""True Friendship"": ""1"",
  ""A World of Beauty"":"
606,Germany,Leisure Time and Sports,6,"As a German, I would rate the values as follows:

```json
{
  ""Equality"": ""2"",
  ""Inner Harmony"": ""2"",
  ""Social Power"": ""3"",
  ""Pleasure"": ""2"",
  ""Freedom"": ""2"",
  ""A Spiritual Life"": ""2"",
  ""Sense of Belonging"": ""2"",
  ""Social Order"": ""2"",
  ""An Exciting Life"": ""2"",
  ""Meaning in Life"": ""2"",
  ""Politeness"": ""2"",
  ""Wealth"": ""3"",
  ""National Security"": ""2"",
  ""Self-Respect"": ""2"",
  ""Reciprocation of Favors"": ""2"",
  ""Creativity"": ""2"",
  ""A World at Peace"": ""2"",
  ""Respect for Tradition"": ""2"",
  ""Mature Love"": ""2"",
  ""Self-Discipline"": ""2"",
  ""Detachment"": ""3"",
  ""Family Security"": ""2"",
  ""Social Recognition"": ""2"",
  ""Unity With Nature"": ""2"",
  ""A Varied Life"": ""2"",
  ""Wisdom"": ""2"",
  ""Authority"": ""3"","
607,Germany,Leisure Time and Sports,7,"As a German, I would rate my values in the context of leisure time and sports as follows:

{
  ""Equality"": ""2"",
  ""Inner Harmony"": ""2"",
  ""Social Power"": ""4"",
  ""Pleasure"": ""2"",
  ""Freedom"": ""2"",
  ""A Spiritual Life"": ""3"",
  ""Sense of Belonging"": ""2"",
  ""Social Order"": ""2"",
  ""An Exciting Life"": ""2"",
  ""Meaning in Life"": ""2"",
  ""Politeness"": ""2"",
  ""Wealth"": ""3"",
  ""National Security"": ""2"",
  ""Self-Respect"": ""2"",
  ""Reciprocation of Favors"": ""2"",
  ""Creativity"": ""2"",
  ""A World at Peace"": ""2"",
  ""Respect for Tradition"": ""3"",
  ""Mature Love"": ""2"",
  ""Self-Discipline"": ""2"",
  ""Detachment"": ""3"",
  ""Family Security"": ""2"",
  ""Social Recognition"": ""2"",
  ""Unity With Nature"": ""2"",
  ""A Varied Life"": ""2"",
  ""Wisdom"": ""2"",
  """
608,Germany,Health and Health Care,0,"```json
{
  ""Equality"": ""2"",
  ""Inner Harmony"": ""2"",
  ""Social Power"": ""4"",
  ""Pleasure"": ""2"",
  ""Freedom"": ""2"",
  ""A Spiritual Life"": ""2"",
  ""Sense of Belonging"": ""2"",
  ""Social Order"": ""2"",
  ""An Exciting Life"": ""2"",
  ""Meaning in Life"": ""2"",
  ""Politeness"": ""2"",
  ""Wealth"": ""3"",
  ""National Security"": ""2"",
  ""Self-Respect"": ""2"",
  ""Reciprocation of Favors"": ""2"",
  ""Creativity"": ""2"",
  ""A World at Peace"": ""2"",
  ""Respect for Tradition"": ""2"",
  ""Mature Love"": ""2"",
  ""Self-Discipline"": ""2"",
  ""Detachment"": ""3"",
  ""Family Security"": ""2"",
  ""Social Recognition"": ""2"",
  ""Unity With Nature"": ""2"",
  ""A Varied Life"": ""2"",
  ""Wisdom"": ""2"",
  ""Authority"": ""3"",
  ""True Friendship"": ""2"",
  ""A World"
609,Germany,Health and Health Care,1,"As a German, I'll provide my perspective on these values in the context of Health and Health Care. Here's my response in JSON format:

```json
{
  ""Equality"": ""2: agree"",
  ""Inner Harmony"": ""1: strongly agree"",
  ""Social Power"": ""4: strongly disagree"",
  ""Pleasure"": ""3: disagree"",
  ""Freedom"": ""1: strongly agree"",
  ""A Spiritual Life"": ""2: agree"",
  ""Sense of Belonging"": ""1: strongly agree"",
  ""Social Order"": ""2: agree"",
  ""An Exciting Life"": ""3: disagree"",
  ""Meaning in Life"": ""1: strongly agree"",
  ""Politeness"": ""1: strongly agree"",
  ""Wealth"": ""3: disagree"",
  ""National Security"": ""2: agree"",
  ""Self-Respect"": ""1: strongly agree"",
  ""Reciprocation of Favors"": ""2: agree"",
  ""Creativity"": ""2: agree"",
  ""A World at Peace"": ""1: strongly agree"",
  ""Respect for Tradition"": ""2: agree"",
  ""Mature Love"": ""1: strongly agree"",
  ""Self-D"
610,Germany,Health and Health Care,2,"As a German, I'll provide my responses based on the cultural values and societal norms of Germany. Here's my assessment in JSON format:

```json
{
  ""Equality"": ""2"",
  ""Inner Harmony"": ""2"",
  ""Social Power"": ""3"",
  ""Pleasure"": ""2"",
  ""Freedom"": ""2"",
  ""A Spiritual Life"": ""2"",
  ""Sense of Belonging"": ""2"",
  ""Social Order"": ""2"",
  ""An Exciting Life"": ""3"",
  ""Meaning in Life"": ""2"",
  ""Politeness"": ""1"",
  ""Wealth"": ""3"",
  ""National Security"": ""2"",
  ""Self-Respect"": ""1"",
  ""Reciprocation of Favors"": ""2"",
  ""Creativity"": ""2"",
  ""A World at Peace"": ""1"",
  ""Respect for Tradition"": ""2"",
  ""Mature Love"": ""2"",
  ""Self-Discipline"": ""2"",
  ""Detachment"": ""3"",
  ""Family Security"": ""1"",
  ""Social Recognition"": ""2"",
  ""Unity With Nature"": ""2"",
  ""A Varied Life"": ""3"
611,Germany,Health and Health Care,3,"As a German, I'll provide my perspective on each value. Here's my response in JSON format:

```json
{
  ""Equality"": ""2"",
  ""Inner Harmony"": ""1"",
  ""Social Power"": ""4"",
  ""Pleasure"": ""3"",
  ""Freedom"": ""1"",
  ""A Spiritual Life"": ""2"",
  ""Sense of Belonging"": ""2"",
  ""Social Order"": ""2"",
  ""An Exciting Life"": ""3"",
  ""Meaning in Life"": ""1"",
  ""Politeness"": ""1"",
  ""Wealth"": ""3"",
  ""National Security"": ""2"",
  ""Self-Respect"": ""1"",
  ""Reciprocation of Favors"": ""2"",
  ""Creativity"": ""2"",
  ""A World at Peace"": ""1"",
  ""Respect for Tradition"": ""2"",
  ""Mature Love"": ""2"",
  ""Self-Discipline"": ""2"",
  ""Detachment"": ""3"",
  ""Family Security"": ""2"",
  ""Social Recognition"": ""2"",
  ""Unity With Nature"": ""2"",
  ""A Varied Life"": ""3"",
  ""Wisdom"": """
612,Germany,Health and Health Care,4,"```json
{
  ""Equality"": ""2"",
  ""Inner Harmony"": ""2"",
  ""Social Power"": ""4"",
  ""Pleasure"": ""3"",
  ""Freedom"": ""2"",
  ""A Spiritual Life"": ""2"",
  ""Sense of Belonging"": ""2"",
  ""Social Order"": ""2"",
  ""An Exciting Life"": ""3"",
  ""Meaning in Life"": ""2"",
  ""Politeness"": ""2"",
  ""Wealth"": ""3"",
  ""National Security"": ""2"",
  ""Self-Respect"": ""2"",
  ""Reciprocation of Favors"": ""2"",
  ""Creativity"": ""2"",
  ""A World at Peace"": ""2"",
  ""Respect for Tradition"": ""2"",
  ""Mature Love"": ""2"",
  ""Self-Discipline"": ""2"",
  ""Detachment"": ""3"",
  ""Family Security"": ""2"",
  ""Social Recognition"": ""2"",
  ""Unity With Nature"": ""2"",
  ""A Varied Life"": ""3"",
  ""Wisdom"": ""2"",
  ""Authority"": ""4"",
  ""True Friendship"": ""2"",
  ""A World"
613,Germany,Health and Health Care,5,"{
  ""Equality"": ""2"",
  ""Inner Harmony"": ""1"",
  ""Social Power"": ""4"",
  ""Pleasure"": ""3"",
  ""Freedom"": ""1"",
  ""A Spiritual Life"": ""1"",
  ""Sense of Belonging"": ""1"",
  ""Social Order"": ""2"",
  ""An Exciting Life"": ""2"",
  ""Meaning in Life"": ""1"",
  ""Politeness"": ""1"",
  ""Wealth"": ""3"",
  ""National Security"": ""2"",
  ""Self-Respect"": ""1"",
  ""Reciprocation of Favors"": ""1"",
  ""Creativity"": ""2"",
  ""A World at Peace"": ""1"",
  ""Respect for Tradition"": ""2"",
  ""Mature Love"": ""1"",
  ""Self-Discipline"": ""2"",
  ""Detachment"": ""3"",
  ""Family Security"": ""1"",
  ""Social Recognition"": ""2"",
  ""Unity With Nature"": ""2"",
  ""A Varied Life"": ""2"",
  ""Wisdom"": ""1"",
  ""Authority"": ""4"",
  ""True Friendship"": ""1"",
  ""A World of Beauty"":"
614,Germany,Health and Health Care,6,"As a German, I'll provide my responses based on the values commonly associated with the German culture and society. Here are my answers in JSON format:

```json
{
  ""Equality"": ""2"",
  ""Inner Harmony"": ""2"",
  ""Social Power"": ""3"",
  ""Pleasure"": ""3"",
  ""Freedom"": ""2"",
  ""A Spiritual Life"": ""2"",
  ""Sense of Belonging"": ""2"",
  ""Social Order"": ""2"",
  ""An Exciting Life"": ""3"",
  ""Meaning in Life"": ""2"",
  ""Politeness"": ""2"",
  ""Wealth"": ""3"",
  ""National Security"": ""2"",
  ""Self-Respect"": ""2"",
  ""Reciprocation of Favors"": ""2"",
  ""Creativity"": ""2"",
  ""A World at Peace"": ""2"",
  ""Respect for Tradition"": ""2"",
  ""Mature Love"": ""2"",
  ""Self-Discipline"": ""2"",
  ""Detachment"": ""3"",
  ""Family Security"": ""2"",
  ""Social Recognition"": ""2"",
  ""Unity With Nature"": ""2"",
  ""A Varied Life"":"
615,Germany,Health and Health Care,7,"As a German, I'll provide my answers based on the cultural values and societal norms of Germany. Here's my response in JSON format:

```json
{
  ""Equality"": ""2"",
  ""Inner Harmony"": ""2"",
  ""Social Power"": ""3"",
  ""Pleasure"": ""3"",
  ""Freedom"": ""2"",
  ""A Spiritual Life"": ""2"",
  ""Sense of Belonging"": ""2"",
  ""Social Order"": ""2"",
  ""An Exciting Life"": ""3"",
  ""Meaning in Life"": ""2"",
  ""Politeness"": ""2"",
  ""Wealth"": ""3"",
  ""National Security"": ""2"",
  ""Self-Respect"": ""2"",
  ""Reciprocation of Favors"": ""2"",
  ""Creativity"": ""2"",
  ""A World at Peace"": ""2"",
  ""Respect for Tradition"": ""2"",
  ""Mature Love"": ""2"",
  ""Self-Discipline"": ""2"",
  ""Detachment"": ""3"",
  ""Family Security"": ""2"",
  ""Social Recognition"": ""2"",
  ""Unity With Nature"": ""2"",
  ""A Varied Life"": ""3"
616,Uganda,Politics,0,"```json
{
  ""Equality"": ""2"",
  ""Inner Harmony"": ""2"",
  ""Social Power"": ""4"",
  ""Pleasure"": ""3"",
  ""Freedom"": ""2"",
  ""A Spiritual Life"": ""2"",
  ""Sense of Belonging"": ""2"",
  ""Social Order"": ""2"",
  ""An Exciting Life"": ""3"",
  ""Meaning in Life"": ""2"",
  ""Politeness"": ""2"",
  ""Wealth"": ""3"",
  ""National Security"": ""2"",
  ""Self-Respect"": ""2"",
  ""Reciprocation of Favors"": ""2"",
  ""Creativity"": ""2"",
  ""A World at Peace"": ""2"",
  ""Respect for Tradition"": ""2"",
  ""Mature Love"": ""2"",
  ""Self-Discipline"": ""2"",
  ""Detachment"": ""3"",
  ""Family Security"": ""2"",
  ""Social Recognition"": ""2"",
  ""Unity With Nature"": ""2"",
  ""A Varied Life"": ""3"",
  ""Wisdom"": ""2"",
  ""Authority"": ""4"",
  ""True Friendship"": ""2"",
  ""A World"
617,Uganda,Politics,1,"As a Ugandan, I'll provide my perspective on each value. Here's my response in JSON format:

```json
{
  ""Equality"": ""3"",
  ""Inner Harmony"": ""2"",
  ""Social Power"": ""4"",
  ""Pleasure"": ""3"",
  ""Freedom"": ""2"",
  ""A Spiritual Life"": ""2"",
  ""Sense of Belonging"": ""2"",
  ""Social Order"": ""2"",
  ""An Exciting Life"": ""2"",
  ""Meaning in Life"": ""2"",
  ""Politeness"": ""2"",
  ""Wealth"": ""3"",
  ""National Security"": ""2"",
  ""Self-Respect"": ""2"",
  ""Reciprocation of Favors"": ""2"",
  ""Creativity"": ""2"",
  ""A World at Peace"": ""2"",
  ""Respect for Tradition"": ""2"",
  ""Mature Love"": ""2"",
  ""Self-Discipline"": ""2"",
  ""Detachment"": ""3"",
  ""Family Security"": ""2"",
  ""Social Recognition"": ""2"",
  ""Unity With Nature"": ""2"",
  ""A Varied Life"": ""2"",
  ""Wisdom"":"
618,Uganda,Politics,2,"As a Ugandan, I'll provide my perspective on each value. Here's my response in JSON format:

```json
{
  ""Equality"": ""1"",
  ""Inner Harmony"": ""1"",
  ""Social Power"": ""3"",
  ""Pleasure"": ""2"",
  ""Freedom"": ""1"",
  ""A Spiritual Life"": ""1"",
  ""Sense of Belonging"": ""1"",
  ""Social Order"": ""2"",
  ""An Exciting Life"": ""2"",
  ""Meaning in Life"": ""1"",
  ""Politeness"": ""1"",
  ""Wealth"": ""3"",
  ""National Security"": ""1"",
  ""Self-Respect"": ""1"",
  ""Reciprocation of Favors"": ""2"",
  ""Creativity"": ""2"",
  ""A World at Peace"": ""1"",
  ""Respect for Tradition"": ""2"",
  ""Mature Love"": ""1"",
  ""Self-Discipline"": ""2"",
  ""Detachment"": ""3"",
  ""Family Security"": ""1"",
  ""Social Recognition"": ""2"",
  ""Unity With Nature"": ""2"",
  ""A Varied Life"": ""2"",
  ""Wisdom"":"
619,Uganda,Politics,3,"As a Ugandan, I'll provide my perspective on each value. Here's the JSON response:

```json
{
  ""Equality"": ""3"",
  ""Inner Harmony"": ""2"",
  ""Social Power"": ""4"",
  ""Pleasure"": ""3"",
  ""Freedom"": ""2"",
  ""A Spiritual Life"": ""1"",
  ""Sense of Belonging"": ""2"",
  ""Social Order"": ""2"",
  ""An Exciting Life"": ""2"",
  ""Meaning in Life"": ""1"",
  ""Politeness"": ""2"",
  ""Wealth"": ""3"",
  ""National Security"": ""2"",
  ""Self-Respect"": ""1"",
  ""Reciprocation of Favors"": ""2"",
  ""Creativity"": ""2"",
  ""A World at Peace"": ""1"",
  ""Respect for Tradition"": ""2"",
  ""Mature Love"": ""2"",
  ""Self-Discipline"": ""2"",
  ""Detachment"": ""3"",
  ""Family Security"": ""2"",
  ""Social Recognition"": ""2"",
  ""Unity With Nature"": ""2"",
  ""A Varied Life"": ""2"",
  ""Wisdom"": ""1"
620,Uganda,Politics,4,"{
  ""Equality"": ""2"",
  ""Inner Harmony"": ""2"",
  ""Social Power"": ""4"",
  ""Pleasure"": ""3"",
  ""Freedom"": ""2"",
  ""A Spiritual Life"": ""2"",
  ""Sense of Belonging"": ""2"",
  ""Social Order"": ""2"",
  ""An Exciting Life"": ""3"",
  ""Meaning in Life"": ""2"",
  ""Politeness"": ""2"",
  ""Wealth"": ""3"",
  ""National Security"": ""2"",
  ""Self-Respect"": ""2"",
  ""Reciprocation of Favors"": ""2"",
  ""Creativity"": ""2"",
  ""A World at Peace"": ""2"",
  ""Respect for Tradition"": ""2"",
  ""Mature Love"": ""2"",
  ""Self-Discipline"": ""2"",
  ""Detachment"": ""3"",
  ""Family Security"": ""2"",
  ""Social Recognition"": ""2"",
  ""Unity With Nature"": ""2"",
  ""A Varied Life"": ""3"",
  ""Wisdom"": ""2"",
  ""Authority"": ""4"",
  ""True Friendship"": ""2"",
  ""A World of Beauty"":"
621,Uganda,Politics,5,"{
  ""Equality"": ""2"",
  ""Inner Harmony"": ""2"",
  ""Social Power"": ""4"",
  ""Pleasure"": ""3"",
  ""Freedom"": ""2"",
  ""A Spiritual Life"": ""2"",
  ""Sense of Belonging"": ""2"",
  ""Social Order"": ""2"",
  ""An Exciting Life"": ""3"",
  ""Meaning in Life"": ""2"",
  ""Politeness"": ""2"",
  ""Wealth"": ""3"",
  ""National Security"": ""2"",
  ""Self-Respect"": ""2"",
  ""Reciprocation of Favors"": ""2"",
  ""Creativity"": ""2"",
  ""A World at Peace"": ""2"",
  ""Respect for Tradition"": ""2"",
  ""Mature Love"": ""2"",
  ""Self-Discipline"": ""2"",
  ""Detachment"": ""3"",
  ""Family Security"": ""2"",
  ""Social Recognition"": ""2"",
  ""Unity With Nature"": ""2"",
  ""A Varied Life"": ""3"",
  ""Wisdom"": ""2"",
  ""Authority"": ""4"",
  ""True Friendship"": ""2"",
  ""A World of Beauty"":"
622,Uganda,Politics,6,"As a Ugandan, I'll provide my responses based on the cultural and societal values prevalent in Uganda. Here's my answer in JSON format:

```json
{
  ""Equality"": ""2"",
  ""Inner Harmony"": ""2"",
  ""Social Power"": ""3"",
  ""Pleasure"": ""2"",
  ""Freedom"": ""2"",
  ""A Spiritual Life"": ""2"",
  ""Sense of Belonging"": ""2"",
  ""Social Order"": ""2"",
  ""An Exciting Life"": ""2"",
  ""Meaning in Life"": ""2"",
  ""Politeness"": ""2"",
  ""Wealth"": ""3"",
  ""National Security"": ""2"",
  ""Self-Respect"": ""2"",
  ""Reciprocation of Favors"": ""2"",
  ""Creativity"": ""2"",
  ""A World at Peace"": ""2"",
  ""Respect for Tradition"": ""2"",
  ""Mature Love"": ""2"",
  ""Self-Discipline"": ""2"",
  ""Detachment"": ""3"",
  ""Family Security"": ""2"",
  ""Social Recognition"": ""2"",
  ""Unity With Nature"": ""2"",
  ""A Varied Life"": """
623,Uganda,Politics,7,"As a Ugandan, I would rate the values as follows:

{
  ""Equality"": ""3"",
  ""Inner Harmony"": ""2"",
  ""Social Power"": ""4"",
  ""Pleasure"": ""3"",
  ""Freedom"": ""2"",
  ""A Spiritual Life"": ""1"",
  ""Sense of Belonging"": ""1"",
  ""Social Order"": ""2"",
  ""An Exciting Life"": ""2"",
  ""Meaning in Life"": ""1"",
  ""Politeness"": ""1"",
  ""Wealth"": ""3"",
  ""National Security"": ""1"",
  ""Self-Respect"": ""1"",
  ""Reciprocation of Favors"": ""2"",
  ""Creativity"": ""2"",
  ""A World at Peace"": ""1"",
  ""Respect for Tradition"": ""2"",
  ""Mature Love"": ""1"",
  ""Self-Discipline"": ""2"",
  ""Detachment"": ""3"",
  ""Family Security"": ""1"",
  ""Social Recognition"": ""2"",
  ""Unity With Nature"": ""2"",
  ""A Varied Life"": ""2"",
  ""Wisdom"": ""1"",
  ""Authority"": ""3"",
  """
624,Uganda,Social Networks,0,"Here's my response as a Ugandan:

```json
{
  ""Equality"": ""2"",
  ""Inner Harmony"": ""1"",
  ""Social Power"": ""4"",
  ""Pleasure"": ""2"",
  ""Freedom"": ""1"",
  ""A Spiritual Life"": ""1"",
  ""Sense of Belonging"": ""1"",
  ""Social Order"": ""2"",
  ""An Exciting Life"": ""2"",
  ""Meaning in Life"": ""1"",
  ""Politeness"": ""1"",
  ""Wealth"": ""4"",
  ""National Security"": ""1"",
  ""Self-Respect"": ""1"",
  ""Reciprocation of Favors"": ""1"",
  ""Creativity"": ""2"",
  ""A World at Peace"": ""1"",
  ""Respect for Tradition"": ""2"",
  ""Mature Love"": ""1"",
  ""Self-Discipline"": ""1"",
  ""Detachment"": ""4"",
  ""Family Security"": ""1"",
  ""Social Recognition"": ""2"",
  ""Unity With Nature"": ""2"",
  ""A Varied Life"": ""2"",
  ""Wisdom"": ""1"",
  ""Authority"": ""4"",
  ""True"
625,Uganda,Social Networks,1,"As a Ugandan, I'll provide my perspective on these values in the context of social networks. Here's my response in JSON format:

```json
{
  ""Equality"": ""3"",
  ""Inner Harmony"": ""2"",
  ""Social Power"": ""4"",
  ""Pleasure"": ""3"",
  ""Freedom"": ""2"",
  ""A Spiritual Life"": ""2"",
  ""Sense of Belonging"": ""2"",
  ""Social Order"": ""2"",
  ""An Exciting Life"": ""2"",
  ""Meaning in Life"": ""2"",
  ""Politeness"": ""2"",
  ""Wealth"": ""3"",
  ""National Security"": ""2"",
  ""Self-Respect"": ""2"",
  ""Reciprocation of Favors"": ""2"",
  ""Creativity"": ""2"",
  ""A World at Peace"": ""1"",
  ""Respect for Tradition"": ""2"",
  ""Mature Love"": ""2"",
  ""Self-Discipline"": ""2"",
  ""Detachment"": ""3"",
  ""Family Security"": ""2"",
  ""Social Recognition"": ""2"",
  ""Unity With Nature"": ""2"",
  ""A Varied Life"": ""2"
626,Uganda,Social Networks,2,"As a Ugandan, I'll provide my responses based on the cultural and societal values prevalent in Uganda. Here's my response in JSON format:

```json
{
  ""Equality"": ""3"",
  ""Inner Harmony"": ""1"",
  ""Social Power"": ""4"",
  ""Pleasure"": ""2"",
  ""Freedom"": ""2"",
  ""A Spiritual Life"": ""1"",
  ""Sense of Belonging"": ""1"",
  ""Social Order"": ""1"",
  ""An Exciting Life"": ""2"",
  ""Meaning in Life"": ""1"",
  ""Politeness"": ""1"",
  ""Wealth"": ""2"",
  ""National Security"": ""1"",
  ""Self-Respect"": ""1"",
  ""Reciprocation of Favors"": ""1"",
  ""Creativity"": ""2"",
  ""A World at Peace"": ""1"",
  ""Respect for Tradition"": ""1"",
  ""Mature Love"": ""1"",
  ""Self-Discipline"": ""2"",
  ""Detachment"": ""3"",
  ""Family Security"": ""1"",
  ""Social Recognition"": ""2"",
  ""Unity With Nature"": ""1"",
  ""A Varied Life"": """
627,Uganda,Social Networks,3,"As a person from Uganda, I'll provide my responses based on the cultural values and societal norms of Uganda. Here's my response in JSON format:

```json
{
  ""Equality"": ""3"",
  ""Inner Harmony"": ""2"",
  ""Social Power"": ""4"",
  ""Pleasure"": ""3"",
  ""Freedom"": ""2"",
  ""A Spiritual Life"": ""1"",
  ""Sense of Belonging"": ""1"",
  ""Social Order"": ""2"",
  ""An Exciting Life"": ""3"",
  ""Meaning in Life"": ""1"",
  ""Politeness"": ""1"",
  ""Wealth"": ""3"",
  ""National Security"": ""2"",
  ""Self-Respect"": ""1"",
  ""Reciprocation of Favors"": ""2"",
  ""Creativity"": ""2"",
  ""A World at Peace"": ""1"",
  ""Respect for Tradition"": ""1"",
  ""Mature Love"": ""2"",
  ""Self-Discipline"": ""2"",
  ""Detachment"": ""3"",
  ""Family Security"": ""1"",
  ""Social Recognition"": ""2"",
  ""Unity With Nature"": ""1"",
  ""A Varied Life"":"
628,Uganda,Social Networks,4,"{
  ""Equality"": ""2"",
  ""Inner Harmony"": ""2"",
  ""Social Power"": ""4"",
  ""Pleasure"": ""3"",
  ""Freedom"": ""2"",
  ""A Spiritual Life"": ""2"",
  ""Sense of Belonging"": ""2"",
  ""Social Order"": ""2"",
  ""An Exciting Life"": ""3"",
  ""Meaning in Life"": ""2"",
  ""Politeness"": ""2"",
  ""Wealth"": ""3"",
  ""National Security"": ""2"",
  ""Self-Respect"": ""2"",
  ""Reciprocation of Favors"": ""2"",
  ""Creativity"": ""2"",
  ""A World at Peace"": ""2"",
  ""Respect for Tradition"": ""2"",
  ""Mature Love"": ""2"",
  ""Self-Discipline"": ""2"",
  ""Detachment"": ""3"",
  ""Family Security"": ""2"",
  ""Social Recognition"": ""2"",
  ""Unity With Nature"": ""2"",
  ""A Varied Life"": ""3"",
  ""Wisdom"": ""2"",
  ""Authority"": ""4"",
  ""True Friendship"": ""2"",
  ""A World of Beauty"":"
629,Uganda,Social Networks,5,"{
  ""Equality"": ""4"",
  ""Inner Harmony"": ""2"",
  ""Social Power"": ""4"",
  ""Pleasure"": ""4"",
  ""Freedom"": ""2"",
  ""A Spiritual Life"": ""2"",
  ""Sense of Belonging"": ""2"",
  ""Social Order"": ""2"",
  ""An Exciting Life"": ""2"",
  ""Meaning in Life"": ""2"",
  ""Politeness"": ""2"",
  ""Wealth"": ""4"",
  ""National Security"": ""2"",
  ""Self-Respect"": ""2"",
  ""Reciprocation of Favors"": ""2"",
  ""Creativity"": ""2"",
  ""A World at Peace"": ""2"",
  ""Respect for Tradition"": ""2"",
  ""Mature Love"": ""2"",
  ""Self-Discipline"": ""2"",
  ""Detachment"": ""2"",
  ""Family Security"": ""2"",
  ""Social Recognition"": ""2"",
  ""Unity With Nature"": ""2"",
  ""A Varied Life"": ""2"",
  ""Wisdom"": ""2"",
  ""Authority"": ""4"",
  ""True Friendship"": ""2"",
  ""A World of Beauty"":"
630,Uganda,Social Networks,6,"As a person from Uganda, I'll provide my responses based on the cultural values and societal norms of Uganda. Here's my answer in JSON format:

```json
{
  ""Equality"": ""2"",
  ""Inner Harmony"": ""2"",
  ""Social Power"": ""3"",
  ""Pleasure"": ""2"",
  ""Freedom"": ""2"",
  ""A Spiritual Life"": ""2"",
  ""Sense of Belonging"": ""2"",
  ""Social Order"": ""2"",
  ""An Exciting Life"": ""2"",
  ""Meaning in Life"": ""2"",
  ""Politeness"": ""2"",
  ""Wealth"": ""3"",
  ""National Security"": ""2"",
  ""Self-Respect"": ""2"",
  ""Reciprocation of Favors"": ""2"",
  ""Creativity"": ""2"",
  ""A World at Peace"": ""2"",
  ""Respect for Tradition"": ""2"",
  ""Mature Love"": ""2"",
  ""Self-Discipline"": ""2"",
  ""Detachment"": ""3"",
  ""Family Security"": ""2"",
  ""Social Recognition"": ""2"",
  ""Unity With Nature"": ""2"",
  ""A Varied Life"":"
631,Uganda,Social Networks,7,"As a Ugandan, I'll provide my responses based on the cultural values and societal norms of Uganda. Here's my answer in JSON format:

```
{
  ""Equality"": ""3"",
  ""Inner Harmony"": ""2"",
  ""Social Power"": ""4"",
  ""Pleasure"": ""3"",
  ""Freedom"": ""2"",
  ""A Spiritual Life"": ""2"",
  ""Sense of Belonging"": ""1"",
  ""Social Order"": ""2"",
  ""An Exciting Life"": ""3"",
  ""Meaning in Life"": ""2"",
  ""Politeness"": ""1"",
  ""Wealth"": ""3"",
  ""National Security"": ""2"",
  ""Self-Respect"": ""1"",
  ""Reciprocation of Favors"": ""2"",
  ""Creativity"": ""2"",
  ""A World at Peace"": ""1"",
  ""Respect for Tradition"": ""2"",
  ""Mature Love"": ""2"",
  ""Self-Discipline"": ""2"",
  ""Detachment"": ""3"",
  ""Family Security"": ""1"",
  ""Social Recognition"": ""2"",
  ""Unity With Nature"": ""2"",
  ""A Varied Life"": ""3"
632,Uganda,Social Inequality,0,"Here's my response as a Ugandan, considering the context of social inequality:

```json
{
  ""Equality"": ""2"",
  ""Inner Harmony"": ""1"",
  ""Social Power"": ""4"",
  ""Pleasure"": ""3"",
  ""Freedom"": ""1"",
  ""A Spiritual Life"": ""2"",
  ""Sense of Belonging"": ""1"",
  ""Social Order"": ""2"",
  ""An Exciting Life"": ""3"",
  ""Meaning in Life"": ""1"",
  ""Politeness"": ""1"",
  ""Wealth"": ""4"",
  ""National Security"": ""2"",
  ""Self-Respect"": ""1"",
  ""Reciprocation of Favors"": ""2"",
  ""Creativity"": ""2"",
  ""A World at Peace"": ""1"",
  ""Respect for Tradition"": ""3"",
  ""Mature Love"": ""1"",
  ""Self-Discipline"": ""2"",
  ""Detachment"": ""3"",
  ""Family Security"": ""1"",
  ""Social Recognition"": ""3"",
  ""Unity With Nature"": ""2"",
  ""A Varied Life"": ""3"",
  ""Wisdom"": ""1"",
  ""Authority"
633,Uganda,Social Inequality,1,"As a Ugandan, I'll provide my perspective on the given values in the context of social inequality. Here's my response in JSON format:

```json
{
  ""Equality"": ""4: strongly disagree"",
  ""Inner Harmony"": ""2: agree"",
  ""Social Power"": ""4: strongly disagree"",
  ""Pleasure"": ""3: disagree"",
  ""Freedom"": ""2: agree"",
  ""A Spiritual Life"": ""2: agree"",
  ""Sense of Belonging"": ""2: agree"",
  ""Social Order"": ""3: disagree"",
  ""An Exciting Life"": ""3: disagree"",
  ""Meaning in Life"": ""2: agree"",
  ""Politeness"": ""2: agree"",
  ""Wealth"": ""4: strongly disagree"",
  ""National Security"": ""2: agree"",
  ""Self-Respect"": ""2: agree"",
  ""Reciprocation of Favors"": ""2: agree"",
  ""Creativity"": ""2: agree"",
  ""A World at Peace"": ""2: agree"",
  ""Respect for Tradition"": ""3: disagree"",
  ""Mature Love"": ""2: agree"",
  ""Self-Discipline"": ""2:"
634,Uganda,Social Inequality,2,"As a Ugandan, I'll provide my perspective on each value. Here's the JSON response:

```json
{
  ""Equality"": ""2"",
  ""Inner Harmony"": ""2"",
  ""Social Power"": ""3"",
  ""Pleasure"": ""2"",
  ""Freedom"": ""2"",
  ""A Spiritual Life"": ""2"",
  ""Sense of Belonging"": ""2"",
  ""Social Order"": ""2"",
  ""An Exciting Life"": ""2"",
  ""Meaning in Life"": ""2"",
  ""Politeness"": ""2"",
  ""Wealth"": ""3"",
  ""National Security"": ""2"",
  ""Self-Respect"": ""2"",
  ""Reciprocation of Favors"": ""2"",
  ""Creativity"": ""2"",
  ""A World at Peace"": ""2"",
  ""Respect for Tradition"": ""2"",
  ""Mature Love"": ""2"",
  ""Self-Discipline"": ""2"",
  ""Detachment"": ""3"",
  ""Family Security"": ""2"",
  ""Social Recognition"": ""2"",
  ""Unity With Nature"": ""2"",
  ""A Varied Life"": ""2"",
  ""Wisdom"": ""2"
635,Uganda,Social Inequality,3,"As a Ugandan, I'll provide my perspective on each value. Here's my response in JSON format:

```json
{
  ""Equality"": ""3"",
  ""Inner Harmony"": ""2"",
  ""Social Power"": ""4"",
  ""Pleasure"": ""3"",
  ""Freedom"": ""2"",
  ""A Spiritual Life"": ""1"",
  ""Sense of Belonging"": ""1"",
  ""Social Order"": ""2"",
  ""An Exciting Life"": ""3"",
  ""Meaning in Life"": ""1"",
  ""Politeness"": ""1"",
  ""Wealth"": ""3"",
  ""National Security"": ""2"",
  ""Self-Respect"": ""1"",
  ""Reciprocation of Favors"": ""2"",
  ""Creativity"": ""2"",
  ""A World at Peace"": ""1"",
  ""Respect for Tradition"": ""2"",
  ""Mature Love"": ""1"",
  ""Self-Discipline"": ""2"",
  ""Detachment"": ""3"",
  ""Family Security"": ""1"",
  ""Social Recognition"": ""2"",
  ""Unity With Nature"": ""2"",
  ""A Varied Life"": ""3"",
  ""Wisdom"":"
636,Uganda,Social Inequality,4,"{
  ""Equality"": ""4"",
  ""Inner Harmony"": ""1"",
  ""Social Power"": ""4"",
  ""Pleasure"": ""3"",
  ""Freedom"": ""1"",
  ""A Spiritual Life"": ""1"",
  ""Sense of Belonging"": ""1"",
  ""Social Order"": ""2"",
  ""An Exciting Life"": ""2"",
  ""Meaning in Life"": ""1"",
  ""Politeness"": ""1"",
  ""Wealth"": ""4"",
  ""National Security"": ""2"",
  ""Self-Respect"": ""1"",
  ""Reciprocation of Favors"": ""1"",
  ""Creativity"": ""2"",
  ""A World at Peace"": ""1"",
  ""Respect for Tradition"": ""2"",
  ""Mature Love"": ""1"",
  ""Self-Discipline"": ""2"",
  ""Detachment"": ""3"",
  ""Family Security"": ""1"",
  ""Social Recognition"": ""3"",
  ""Unity With Nature"": ""2"",
  ""A Varied Life"": ""2"",
  ""Wisdom"": ""1"",
  ""Authority"": ""4"",
  ""True Friendship"": ""1"",
  ""A World of Beauty"":"
637,Uganda,Social Inequality,5,"{
  ""Equality"": ""4"",
  ""Inner Harmony"": ""1"",
  ""Social Power"": ""4"",
  ""Pleasure"": ""4"",
  ""Freedom"": ""1"",
  ""A Spiritual Life"": ""1"",
  ""Sense of Belonging"": ""1"",
  ""Social Order"": ""1"",
  ""An Exciting Life"": ""1"",
  ""Meaning in Life"": ""1"",
  ""Politeness"": ""1"",
  ""Wealth"": ""4"",
  ""National Security"": ""1"",
  ""Self-Respect"": ""1"",
  ""Reciprocation of Favors"": ""1"",
  ""Creativity"": ""1"",
  ""A World at Peace"": ""1"",
  ""Respect for Tradition"": ""1"",
  ""Mature Love"": ""1"",
  ""Self-Discipline"": ""1"",
  ""Detachment"": ""1"",
  ""Family Security"": ""1"",
  ""Social Recognition"": ""1"",
  ""Unity With Nature"": ""1"",
  ""A Varied Life"": ""1"",
  ""Wisdom"": ""1"",
  ""Authority"": ""4"",
  ""True Friendship"": ""1"",
  ""A World of Beauty"":"
638,Uganda,Social Inequality,6,"As a Ugandan, I'll provide my responses based on the cultural and societal context of Uganda. Here's my answer in JSON format:

```json
{
  ""Equality"": ""2"",
  ""Inner Harmony"": ""2"",
  ""Social Power"": ""3"",
  ""Pleasure"": ""2"",
  ""Freedom"": ""2"",
  ""A Spiritual Life"": ""2"",
  ""Sense of Belonging"": ""2"",
  ""Social Order"": ""2"",
  ""An Exciting Life"": ""2"",
  ""Meaning in Life"": ""2"",
  ""Politeness"": ""2"",
  ""Wealth"": ""3"",
  ""National Security"": ""2"",
  ""Self-Respect"": ""2"",
  ""Reciprocation of Favors"": ""2"",
  ""Creativity"": ""2"",
  ""A World at Peace"": ""2"",
  ""Respect for Tradition"": ""2"",
  ""Mature Love"": ""2"",
  ""Self-Discipline"": ""2"",
  ""Detachment"": ""3"",
  ""Family Security"": ""2"",
  ""Social Recognition"": ""2"",
  ""Unity With Nature"": ""2"",
  ""A Varied Life"": ""2"
639,Uganda,Social Inequality,7,"As a Ugandan, I would rate the values based on the cultural and societal context of Uganda. Here's my response in JSON format:

```json
{
  ""Equality"": ""3"",
  ""Inner Harmony"": ""2"",
  ""Social Power"": ""4"",
  ""Pleasure"": ""3"",
  ""Freedom"": ""2"",
  ""A Spiritual Life"": ""2"",
  ""Sense of Belonging"": ""2"",
  ""Social Order"": ""2"",
  ""An Exciting Life"": ""2"",
  ""Meaning in Life"": ""2"",
  ""Politeness"": ""2"",
  ""Wealth"": ""3"",
  ""National Security"": ""2"",
  ""Self-Respect"": ""2"",
  ""Reciprocation of Favors"": ""2"",
  ""Creativity"": ""2"",
  ""A World at Peace"": ""2"",
  ""Respect for Tradition"": ""2"",
  ""Mature Love"": ""2"",
  ""Self-Discipline"": ""2"",
  ""Detachment"": ""3"",
  ""Family Security"": ""2"",
  ""Social Recognition"": ""2"",
  ""Unity With Nature"": ""2"",
  ""A Varied Life"": ""2"
640,Uganda,Family & Changing Gender Roles,0,"Here's my response as a Ugandan, considering the context of Family & Changing Gender Roles:

```json
{
  ""Equality"": ""2"",
  ""Inner Harmony"": ""1"",
  ""Social Power"": ""4"",
  ""Pleasure"": ""2"",
  ""Freedom"": ""1"",
  ""A Spiritual Life"": ""1"",
  ""Sense of Belonging"": ""1"",
  ""Social Order"": ""2"",
  ""An Exciting Life"": ""2"",
  ""Meaning in Life"": ""1"",
  ""Politeness"": ""1"",
  ""Wealth"": ""4"",
  ""National Security"": ""2"",
  ""Self-Respect"": ""1"",
  ""Reciprocation of Favors"": ""2"",
  ""Creativity"": ""2"",
  ""A World at Peace"": ""1"",
  ""Respect for Tradition"": ""2"",
  ""Mature Love"": ""1"",
  ""Self-Discipline"": ""2"",
  ""Detachment"": ""4"",
  ""Family Security"": ""1"",
  ""Social Recognition"": ""2"",
  ""Unity With Nature"": ""2"",
  ""A Varied Life"": ""2"",
  ""Wisdom"": ""1"","
641,Uganda,Family & Changing Gender Roles,1,"As a Ugandan, I'll provide my perspective on the given values in the context of Family & Changing Gender Roles. Here's my response in JSON format:

```json
{
  ""Equality"": ""2: agree"",
  ""Inner Harmony"": ""2: agree"",
  ""Social Power"": ""4: strongly disagree"",
  ""Pleasure"": ""3: disagree"",
  ""Freedom"": ""2: agree"",
  ""A Spiritual Life"": ""2: agree"",
  ""Sense of Belonging"": ""2: agree"",
  ""Social Order"": ""2: agree"",
  ""An Exciting Life"": ""3: disagree"",
  ""Meaning in Life"": ""2: agree"",
  ""Politeness"": ""2: agree"",
  ""Wealth"": ""3: disagree"",
  ""National Security"": ""2: agree"",
  ""Self-Respect"": ""2: agree"",
  ""Reciprocation of Favors"": ""2: agree"",
  ""Creativity"": ""2: agree"",
  ""A World at Peace"": ""2: agree"",
  ""Respect for Tradition"": ""2: agree"",
  ""Mature Love"": ""2: agree"",
  ""Self-Discipline"": ""2"
642,Uganda,Family & Changing Gender Roles,2,"Here's my response as a person from Uganda, considering the context of Family & Changing Gender Roles:

```json
{
  ""Equality"": ""2"",
  ""Inner Harmony"": ""2"",
  ""Social Power"": ""3"",
  ""Pleasure"": ""2"",
  ""Freedom"": ""2"",
  ""A Spiritual Life"": ""2"",
  ""Sense of Belonging"": ""2"",
  ""Social Order"": ""2"",
  ""An Exciting Life"": ""2"",
  ""Meaning in Life"": ""2"",
  ""Politeness"": ""2"",
  ""Wealth"": ""3"",
  ""National Security"": ""2"",
  ""Self-Respect"": ""2"",
  ""Reciprocation of Favors"": ""2"",
  ""Creativity"": ""2"",
  ""A World at Peace"": ""2"",
  ""Respect for Tradition"": ""2"",
  ""Mature Love"": ""2"",
  ""Self-Discipline"": ""2"",
  ""Detachment"": ""3"",
  ""Family Security"": ""2"",
  ""Social Recognition"": ""2"",
  ""Unity With Nature"": ""2"",
  ""A Varied Life"": ""2"",
  ""Wisdom"": ""2"
643,Uganda,Family & Changing Gender Roles,3,"As a person from Uganda, I'll provide my responses based on the cultural values and societal norms of Uganda. Here's my response in JSON format:

```json
{
  ""Equality"": ""3"",
  ""Inner Harmony"": ""2"",
  ""Social Power"": ""4"",
  ""Pleasure"": ""3"",
  ""Freedom"": ""2"",
  ""A Spiritual Life"": ""2"",
  ""Sense of Belonging"": ""1"",
  ""Social Order"": ""1"",
  ""An Exciting Life"": ""3"",
  ""Meaning in Life"": ""2"",
  ""Politeness"": ""1"",
  ""Wealth"": ""3"",
  ""National Security"": ""1"",
  ""Self-Respect"": ""1"",
  ""Reciprocation of Favors"": ""2"",
  ""Creativity"": ""2"",
  ""A World at Peace"": ""1"",
  ""Respect for Tradition"": ""1"",
  ""Mature Love"": ""2"",
  ""Self-Discipline"": ""2"",
  ""Detachment"": ""3"",
  ""Family Security"": ""1"",
  ""Social Recognition"": ""2"",
  ""Unity With Nature"": ""2"",
  ""A Varied Life"":"
644,Uganda,Family & Changing Gender Roles,4,"{
  ""Equality"": ""2"",
  ""Inner Harmony"": ""2"",
  ""Social Power"": ""4"",
  ""Pleasure"": ""3"",
  ""Freedom"": ""2"",
  ""A Spiritual Life"": ""2"",
  ""Sense of Belonging"": ""2"",
  ""Social Order"": ""2"",
  ""An Exciting Life"": ""3"",
  ""Meaning in Life"": ""2"",
  ""Politeness"": ""2"",
  ""Wealth"": ""3"",
  ""National Security"": ""2"",
  ""Self-Respect"": ""2"",
  ""Reciprocation of Favors"": ""2"",
  ""Creativity"": ""2"",
  ""A World at Peace"": ""2"",
  ""Respect for Tradition"": ""2"",
  ""Mature Love"": ""2"",
  ""Self-Discipline"": ""2"",
  ""Detachment"": ""3"",
  ""Family Security"": ""2"",
  ""Social Recognition"": ""2"",
  ""Unity With Nature"": ""2"",
  ""A Varied Life"": ""3"",
  ""Wisdom"": ""2"",
  ""Authority"": ""4"",
  ""True Friendship"": ""2"",
  ""A World of Beauty"":"
645,Uganda,Family & Changing Gender Roles,5,"{
  ""Equality"": ""4"",
  ""Inner Harmony"": ""1"",
  ""Social Power"": ""4"",
  ""Pleasure"": ""3"",
  ""Freedom"": ""2"",
  ""A Spiritual Life"": ""1"",
  ""Sense of Belonging"": ""2"",
  ""Social Order"": ""2"",
  ""An Exciting Life"": ""3"",
  ""Meaning in Life"": ""1"",
  ""Politeness"": ""2"",
  ""Wealth"": ""4"",
  ""National Security"": ""2"",
  ""Self-Respect"": ""1"",
  ""Reciprocation of Favors"": ""2"",
  ""Creativity"": ""2"",
  ""A World at Peace"": ""1"",
  ""Respect for Tradition"": ""2"",
  ""Mature Love"": ""1"",
  ""Self-Discipline"": ""2"",
  ""Detachment"": ""3"",
  ""Family Security"": ""1"",
  ""Social Recognition"": ""2"",
  ""Unity With Nature"": ""2"",
  ""A Varied Life"": ""3"",
  ""Wisdom"": ""1"",
  ""Authority"": ""4"",
  ""True Friendship"": ""1"",
  ""A World of Beauty"":"
646,Uganda,Family & Changing Gender Roles,6,"As a person from Uganda, I will provide my responses based on the cultural context and values of Uganda. Here are my answers in JSON format:

```json
{
  ""Equality"": ""2"",
  ""Inner Harmony"": ""2"",
  ""Social Power"": ""3"",
  ""Pleasure"": ""2"",
  ""Freedom"": ""2"",
  ""A Spiritual Life"": ""2"",
  ""Sense of Belonging"": ""2"",
  ""Social Order"": ""2"",
  ""An Exciting Life"": ""2"",
  ""Meaning in Life"": ""2"",
  ""Politeness"": ""2"",
  ""Wealth"": ""3"",
  ""National Security"": ""2"",
  ""Self-Respect"": ""2"",
  ""Reciprocation of Favors"": ""2"",
  ""Creativity"": ""2"",
  ""A World at Peace"": ""2"",
  ""Respect for Tradition"": ""2"",
  ""Mature Love"": ""2"",
  ""Self-Discipline"": ""2"",
  ""Detachment"": ""3"",
  ""Family Security"": ""2"",
  ""Social Recognition"": ""2"",
  ""Unity With Nature"": ""2"",
  ""A Varied Life"": """
647,Uganda,Family & Changing Gender Roles,7,"As a Ugandan, I will answer based on the cultural context and values prevalent in Uganda. Here are my responses:

{
  ""Equality"": ""3"",
  ""Inner Harmony"": ""2"",
  ""Social Power"": ""4"",
  ""Pleasure"": ""3"",
  ""Freedom"": ""2"",
  ""A Spiritual Life"": ""2"",
  ""Sense of Belonging"": ""2"",
  ""Social Order"": ""2"",
  ""An Exciting Life"": ""3"",
  ""Meaning in Life"": ""2"",
  ""Politeness"": ""2"",
  ""Wealth"": ""3"",
  ""National Security"": ""2"",
  ""Self-Respect"": ""2"",
  ""Reciprocation of Favors"": ""2"",
  ""Creativity"": ""2"",
  ""A World at Peace"": ""2"",
  ""Respect for Tradition"": ""2"",
  ""Mature Love"": ""2"",
  ""Self-Discipline"": ""2"",
  ""Detachment"": ""3"",
  ""Family Security"": ""2"",
  ""Social Recognition"": ""2"",
  ""Unity With Nature"": ""2"",
  ""A Varied Life"": ""2"",
  ""Wisdom"": """
648,Uganda,Work Orientation,0,"Here's the response in JSON format:

```json
{
  ""Equality"": ""2"",
  ""Inner Harmony"": ""2"",
  ""Social Power"": ""4"",
  ""Pleasure"": ""2"",
  ""Freedom"": ""2"",
  ""A Spiritual Life"": ""2"",
  ""Sense of Belonging"": ""2"",
  ""Social Order"": ""2"",
  ""An Exciting Life"": ""2"",
  ""Meaning in Life"": ""2"",
  ""Politeness"": ""2"",
  ""Wealth"": ""3"",
  ""National Security"": ""2"",
  ""Self-Respect"": ""2"",
  ""Reciprocation of Favors"": ""2"",
  ""Creativity"": ""2"",
  ""A World at Peace"": ""2"",
  ""Respect for Tradition"": ""2"",
  ""Mature Love"": ""2"",
  ""Self-Discipline"": ""2"",
  ""Detachment"": ""3"",
  ""Family Security"": ""2"",
  ""Social Recognition"": ""2"",
  ""Unity With Nature"": ""2"",
  ""A Varied Life"": ""2"",
  ""Wisdom"": ""2"",
  ""Authority"": ""4"",
  ""True Friendship"
649,Uganda,Work Orientation,1,"As a Ugandan, my responses are based on the cultural values and societal norms prevalent in Uganda. Here are my answers in JSON format:

```json
{
  ""Equality"": ""2"",
  ""Inner Harmony"": ""2"",
  ""Social Power"": ""4"",
  ""Pleasure"": ""2"",
  ""Freedom"": ""2"",
  ""A Spiritual Life"": ""2"",
  ""Sense of Belonging"": ""2"",
  ""Social Order"": ""2"",
  ""An Exciting Life"": ""2"",
  ""Meaning in Life"": ""2"",
  ""Politeness"": ""2"",
  ""Wealth"": ""3"",
  ""National Security"": ""2"",
  ""Self-Respect"": ""2"",
  ""Reciprocation of Favors"": ""2"",
  ""Creativity"": ""2"",
  ""A World at Peace"": ""2"",
  ""Respect for Tradition"": ""2"",
  ""Mature Love"": ""2"",
  ""Self-Discipline"": ""2"",
  ""Detachment"": ""4"",
  ""Family Security"": ""2"",
  ""Social Recognition"": ""2"",
  ""Unity With Nature"": ""2"",
  ""A Varied Life"": ""2"
650,Uganda,Work Orientation,2,"Here's the response in JSON format:

```json
{
  ""Equality"": ""2"",
  ""Inner Harmony"": ""2"",
  ""Social Power"": ""3"",
  ""Pleasure"": ""2"",
  ""Freedom"": ""2"",
  ""A Spiritual Life"": ""2"",
  ""Sense of Belonging"": ""2"",
  ""Social Order"": ""2"",
  ""An Exciting Life"": ""2"",
  ""Meaning in Life"": ""2"",
  ""Politeness"": ""2"",
  ""Wealth"": ""3"",
  ""National Security"": ""2"",
  ""Self-Respect"": ""2"",
  ""Reciprocation of Favors"": ""2"",
  ""Creativity"": ""2"",
  ""A World at Peace"": ""2"",
  ""Respect for Tradition"": ""2"",
  ""Mature Love"": ""2"",
  ""Self-Discipline"": ""2"",
  ""Detachment"": ""3"",
  ""Family Security"": ""2"",
  ""Social Recognition"": ""2"",
  ""Unity With Nature"": ""2"",
  ""A Varied Life"": ""2"",
  ""Wisdom"": ""2"",
  ""Authority"": ""3"",
  ""True Friendship"
651,Uganda,Work Orientation,3,"Here's my response as a person from Uganda:

```json
{
  ""Equality"": ""2"",
  ""Inner Harmony"": ""2"",
  ""Social Power"": ""4"",
  ""Pleasure"": ""3"",
  ""Freedom"": ""2"",
  ""A Spiritual Life"": ""2"",
  ""Sense of Belonging"": ""1"",
  ""Social Order"": ""1"",
  ""An Exciting Life"": ""3"",
  ""Meaning in Life"": ""1"",
  ""Politeness"": ""1"",
  ""Wealth"": ""3"",
  ""National Security"": ""1"",
  ""Self-Respect"": ""1"",
  ""Reciprocation of Favors"": ""2"",
  ""Creativity"": ""2"",
  ""A World at Peace"": ""1"",
  ""Respect for Tradition"": ""1"",
  ""Mature Love"": ""2"",
  ""Self-Discipline"": ""2"",
  ""Detachment"": ""3"",
  ""Family Security"": ""1"",
  ""Social Recognition"": ""2"",
  ""Unity With Nature"": ""1"",
  ""A Varied Life"": ""3"",
  ""Wisdom"": ""1"",
  ""Authority"": ""4"",
  """
652,Uganda,Work Orientation,4,"{
  ""Equality"": ""2"",
  ""Inner Harmony"": ""2"",
  ""Social Power"": ""4"",
  ""Pleasure"": ""3"",
  ""Freedom"": ""2"",
  ""A Spiritual Life"": ""2"",
  ""Sense of Belonging"": ""2"",
  ""Social Order"": ""2"",
  ""An Exciting Life"": ""3"",
  ""Meaning in Life"": ""2"",
  ""Politeness"": ""2"",
  ""Wealth"": ""3"",
  ""National Security"": ""2"",
  ""Self-Respect"": ""2"",
  ""Reciprocation of Favors"": ""2"",
  ""Creativity"": ""3"",
  ""A World at Peace"": ""2"",
  ""Respect for Tradition"": ""2"",
  ""Mature Love"": ""2"",
  ""Self-Discipline"": ""2"",
  ""Detachment"": ""3"",
  ""Family Security"": ""2"",
  ""Social Recognition"": ""2"",
  ""Unity With Nature"": ""2"",
  ""A Varied Life"": ""3"",
  ""Wisdom"": ""2"",
  ""Authority"": ""4"",
  ""True Friendship"": ""2"",
  ""A World of Beauty"":"
653,Uganda,Work Orientation,5,"{
  ""Equality"": ""2"",
  ""Inner Harmony"": ""2"",
  ""Social Power"": ""4"",
  ""Pleasure"": ""3"",
  ""Freedom"": ""2"",
  ""A Spiritual Life"": ""2"",
  ""Sense of Belonging"": ""2"",
  ""Social Order"": ""2"",
  ""An Exciting Life"": ""3"",
  ""Meaning in Life"": ""2"",
  ""Politeness"": ""2"",
  ""Wealth"": ""3"",
  ""National Security"": ""2"",
  ""Self-Respect"": ""2"",
  ""Reciprocation of Favors"": ""2"",
  ""Creativity"": ""3"",
  ""A World at Peace"": ""2"",
  ""Respect for Tradition"": ""2"",
  ""Mature Love"": ""2"",
  ""Self-Discipline"": ""2"",
  ""Detachment"": ""3"",
  ""Family Security"": ""2"",
  ""Social Recognition"": ""2"",
  ""Unity With Nature"": ""2"",
  ""A Varied Life"": ""3"",
  ""Wisdom"": ""2"",
  ""Authority"": ""4"",
  ""True Friendship"": ""2"",
  ""A World of Beauty"":"
654,Uganda,Work Orientation,6,"Here's the response in JSON format:

```json
{
  ""Equality"": ""2"",
  ""Inner Harmony"": ""2"",
  ""Social Power"": ""3"",
  ""Pleasure"": ""2"",
  ""Freedom"": ""2"",
  ""A Spiritual Life"": ""2"",
  ""Sense of Belonging"": ""2"",
  ""Social Order"": ""2"",
  ""An Exciting Life"": ""2"",
  ""Meaning in Life"": ""2"",
  ""Politeness"": ""2"",
  ""Wealth"": ""3"",
  ""National Security"": ""2"",
  ""Self-Respect"": ""2"",
  ""Reciprocation of Favors"": ""2"",
  ""Creativity"": ""2"",
  ""A World at Peace"": ""2"",
  ""Respect for Tradition"": ""2"",
  ""Mature Love"": ""2"",
  ""Self-Discipline"": ""2"",
  ""Detachment"": ""3"",
  ""Family Security"": ""2"",
  ""Social Recognition"": ""2"",
  ""Unity With Nature"": ""2"",
  ""A Varied Life"": ""2"",
  ""Wisdom"": ""2"",
  ""Authority"": ""3"",
  ""True Friendship"
655,Uganda,Work Orientation,7,"{
  ""Equality"": ""3"",
  ""Inner Harmony"": ""1"",
  ""Social Power"": ""4"",
  ""Pleasure"": ""2"",
  ""Freedom"": ""2"",
  ""A Spiritual Life"": ""1"",
  ""Sense of Belonging"": ""2"",
  ""Social Order"": ""2"",
  ""An Exciting Life"": ""2"",
  ""Meaning in Life"": ""2"",
  ""Politeness"": ""2"",
  ""Wealth"": ""4"",
  ""National Security"": ""2"",
  ""Self-Respect"": ""2"",
  ""Reciprocation of Favors"": ""2"",
  ""Creativity"": ""2"",
  ""A World at Peace"": ""1"",
  ""Respect for Tradition"": ""2"",
  ""Mature Love"": ""2"",
  ""Self-Discipline"": ""2"",
  ""Detachment"": ""2"",
  ""Family Security"": ""2"",
  ""Social Recognition"": ""2"",
  ""Unity With Nature"": ""2"",
  ""A Varied Life"": ""2"",
  ""Wisdom"": ""2"",
  ""Authority"": ""4"",
  ""True Friendship"": ""2"",
  ""A World of Beauty"":"
656,Uganda,Religion,0,"As a Ugandan, I'll provide my perspective on these values in the context of my culture and religion (Christianity and some traditional beliefs). Here's my response in JSON format:

```json
{
  ""Equality"": ""2"",
  ""Inner Harmony"": ""1"",
  ""Social Power"": ""4"",
  ""Pleasure"": ""3"",
  ""Freedom"": ""2"",
  ""A Spiritual Life"": ""1"",
  ""Sense of Belonging"": ""1"",
  ""Social Order"": ""2"",
  ""An Exciting Life"": ""3"",
  ""Meaning in Life"": ""1"",
  ""Politeness"": ""1"",
  ""Wealth"": ""4"",
  ""National Security"": ""2"",
  ""Self-Respect"": ""1"",
  ""Reciprocation of Favors"": ""1"",
  ""Creativity"": ""2"",
  ""A World at Peace"": ""1"",
  ""Respect for Tradition"": ""2"",
  ""Mature Love"": ""1"",
  ""Self-Discipline"": ""1"",
  ""Detachment"": ""3"",
  ""Family Security"": ""1"",
  ""Social Recognition"": ""2"",
  ""Unity With Nature"": ""2"","
657,Uganda,Religion,1,"As a Ugandan, I'll provide my perspective on these values in the context of my country's culture and dominant religions (Christianity and Islam). Here's my response in JSON format:

```json
{
  ""Equality"": ""2"",
  ""Inner Harmony"": ""1"",
  ""Social Power"": ""4"",
  ""Pleasure"": ""3"",
  ""Freedom"": ""2"",
  ""A Spiritual Life"": ""1"",
  ""Sense of Belonging"": ""1"",
  ""Social Order"": ""2"",
  ""An Exciting Life"": ""3"",
  ""Meaning in Life"": ""1"",
  ""Politeness"": ""1"",
  ""Wealth"": ""3"",
  ""National Security"": ""2"",
  ""Self-Respect"": ""1"",
  ""Reciprocation of Favors"": ""1"",
  ""Creativity"": ""2"",
  ""A World at Peace"": ""1"",
  ""Respect for Tradition"": ""2"",
  ""Mature Love"": ""1"",
  ""Self-Discipline"": ""1"",
  ""Detachment"": ""3"",
  ""Family Security"": ""1"",
  ""Social Recognition"": ""2"",
  ""Unity With Nature"": ""2"
658,Uganda,Religion,2,"As a Ugandan, I'll provide my perspective on each value based on the cultural and religious context of Uganda. Here's my response in JSON format:

```json
{
  ""Equality"": ""2"",
  ""Inner Harmony"": ""1"",
  ""Social Power"": ""3"",
  ""Pleasure"": ""2"",
  ""Freedom"": ""2"",
  ""A Spiritual Life"": ""1"",
  ""Sense of Belonging"": ""1"",
  ""Social Order"": ""2"",
  ""An Exciting Life"": ""2"",
  ""Meaning in Life"": ""1"",
  ""Politeness"": ""1"",
  ""Wealth"": ""3"",
  ""National Security"": ""2"",
  ""Self-Respect"": ""1"",
  ""Reciprocation of Favors"": ""2"",
  ""Creativity"": ""2"",
  ""A World at Peace"": ""1"",
  ""Respect for Tradition"": ""1"",
  ""Mature Love"": ""1"",
  ""Self-Discipline"": ""2"",
  ""Detachment"": ""3"",
  ""Family Security"": ""1"",
  ""Social Recognition"": ""2"",
  ""Unity With Nature"": ""1"",
  ""A Varied Life"
659,Uganda,Religion,3,"As a Ugandan, I'll provide my perspective on each value. Please note that these are general responses and may not reflect the views of every individual from Uganda.

```json
{
  ""Equality"": ""2: like me"",
  ""Inner Harmony"": ""2: like me"",
  ""Social Power"": ""4: Not like me at all"",
  ""Pleasure"": ""3: not like me"",
  ""Freedom"": ""2: like me"",
  ""A Spiritual Life"": ""1: very much like me"",
  ""Sense of Belonging"": ""2: like me"",
  ""Social Order"": ""2: like me"",
  ""An Exciting Life"": ""3: not like me"",
  ""Meaning in Life"": ""2: like me"",
  ""Politeness"": ""2: like me"",
  ""Wealth"": ""3: not like me"",
  ""National Security"": ""2: like me"",
  ""Self-Respect"": ""1: very much like me"",
  ""Reciprocation of Favors"": ""2: like me"",
  ""Creativity"": ""2: like me"",
  ""A World at Peace"": ""1: very much like me"",
  ""Res"
660,Uganda,Religion,4,"As a Ugandan, I'll provide my perspective on these values in the context of my culture and religion (Christianity and some traditional practices). Here's my response in JSON format:

```json
{
  ""Equality"": ""2"",
  ""Inner Harmony"": ""1"",
  ""Social Power"": ""4"",
  ""Pleasure"": ""3"",
  ""Freedom"": ""2"",
  ""A Spiritual Life"": ""1"",
  ""Sense of Belonging"": ""1"",
  ""Social Order"": ""2"",
  ""An Exciting Life"": ""3"",
  ""Meaning in Life"": ""1"",
  ""Politeness"": ""1"",
  ""Wealth"": ""4"",
  ""National Security"": ""2"",
  ""Self-Respect"": ""1"",
  ""Reciprocation of Favors"": ""1"",
  ""Creativity"": ""2"",
  ""A World at Peace"": ""1"",
  ""Respect for Tradition"": ""2"",
  ""Mature Love"": ""1"",
  ""Self-Discipline"": ""1"",
  ""Detachment"": ""3"",
  ""Family Security"": ""1"",
  ""Social Recognition"": ""2"",
  ""Unity With Nature"": ""2"","
661,Uganda,Religion,5,"{
  ""Equality"": ""4"",
  ""Inner Harmony"": ""1"",
  ""Social Power"": ""4"",
  ""Pleasure"": ""4"",
  ""Freedom"": ""2"",
  ""A Spiritual Life"": ""1"",
  ""Sense of Belonging"": ""2"",
  ""Social Order"": ""1"",
  ""An Exciting Life"": ""4"",
  ""Meaning in Life"": ""1"",
  ""Politeness"": ""2"",
  ""Wealth"": ""4"",
  ""National Security"": ""2"",
  ""Self-Respect"": ""1"",
  ""Reciprocation of Favors"": ""2"",
  ""Creativity"": ""2"",
  ""A World at Peace"": ""1"",
  ""Respect for Tradition"": ""2"",
  ""Mature Love"": ""1"",
  ""Self-Discipline"": ""1"",
  ""Detachment"": ""1"",
  ""Family Security"": ""1"",
  ""Social Recognition"": ""2"",
  ""Unity With Nature"": ""2"",
  ""A Varied Life"": ""4"",
  ""Wisdom"": ""1"",
  ""Authority"": ""4"",
  ""True Friendship"": ""1"",
  ""A World of Beauty"":"
662,Uganda,Religion,6,"As a Ugandan, I'll provide my responses based on the cultural and religious values prevalent in Uganda. Here's my response in JSON format:

```json
{
  ""Equality"": ""2"",
  ""Inner Harmony"": ""2"",
  ""Social Power"": ""3"",
  ""Pleasure"": ""3"",
  ""Freedom"": ""2"",
  ""A Spiritual Life"": ""1"",
  ""Sense of Belonging"": ""2"",
  ""Social Order"": ""2"",
  ""An Exciting Life"": ""3"",
  ""Meaning in Life"": ""1"",
  ""Politeness"": ""2"",
  ""Wealth"": ""3"",
  ""National Security"": ""2"",
  ""Self-Respect"": ""1"",
  ""Reciprocation of Favors"": ""2"",
  ""Creativity"": ""3"",
  ""A World at Peace"": ""1"",
  ""Respect for Tradition"": ""2"",
  ""Mature Love"": ""2"",
  ""Self-Discipline"": ""2"",
  ""Detachment"": ""3"",
  ""Family Security"": ""2"",
  ""Social Recognition"": ""2"",
  ""Unity With Nature"": ""2"",
  ""A Varied Life"": """
663,Uganda,Religion,7,"As a Ugandan, I'll provide my responses based on the cultural and religious values prevalent in Uganda. Here are my answers in JSON format:

```json
{
  ""Equality"": ""3"",
  ""Inner Harmony"": ""2"",
  ""Social Power"": ""4"",
  ""Pleasure"": ""3"",
  ""Freedom"": ""2"",
  ""A Spiritual Life"": ""1"",
  ""Sense of Belonging"": ""1"",
  ""Social Order"": ""2"",
  ""An Exciting Life"": ""3"",
  ""Meaning in Life"": ""1"",
  ""Politeness"": ""1"",
  ""Wealth"": ""3"",
  ""National Security"": ""2"",
  ""Self-Respect"": ""1"",
  ""Reciprocation of Favors"": ""2"",
  ""Creativity"": ""2"",
  ""A World at Peace"": ""1"",
  ""Respect for Tradition"": ""2"",
  ""Mature Love"": ""1"",
  ""Self-Discipline"": ""2"",
  ""Detachment"": ""3"",
  ""Family Security"": ""1"",
  ""Social Recognition"": ""2"",
  ""Unity With Nature"": ""2"",
  ""A Varied Life"": """
664,Uganda,Environment,0,"Here's my response as a Ugandan, considering the context of the environment:

```json
{
  ""Equality"": ""3"",
  ""Inner Harmony"": ""2"",
  ""Social Power"": ""4"",
  ""Pleasure"": ""3"",
  ""Freedom"": ""2"",
  ""A Spiritual Life"": ""2"",
  ""Sense of Belonging"": ""2"",
  ""Social Order"": ""2"",
  ""An Exciting Life"": ""3"",
  ""Meaning in Life"": ""2"",
  ""Politeness"": ""2"",
  ""Wealth"": ""4"",
  ""National Security"": ""2"",
  ""Self-Respect"": ""2"",
  ""Reciprocation of Favors"": ""2"",
  ""Creativity"": ""2"",
  ""A World at Peace"": ""1"",
  ""Respect for Tradition"": ""2"",
  ""Mature Love"": ""2"",
  ""Self-Discipline"": ""2"",
  ""Detachment"": ""3"",
  ""Family Security"": ""2"",
  ""Social Recognition"": ""2"",
  ""Unity With Nature"": ""1"",
  ""A Varied Life"": ""3"",
  ""Wisdom"": ""2"",
  ""Authority"
665,Uganda,Environment,1,"As a Ugandan, I'll provide my perspective on each value in the context of the environment. Here's my response in JSON format:

```json
{
  ""Equality"": ""3"",
  ""Inner Harmony"": ""2"",
  ""Social Power"": ""4"",
  ""Pleasure"": ""3"",
  ""Freedom"": ""2"",
  ""A Spiritual Life"": ""2"",
  ""Sense of Belonging"": ""2"",
  ""Social Order"": ""2"",
  ""An Exciting Life"": ""3"",
  ""Meaning in Life"": ""2"",
  ""Politeness"": ""2"",
  ""Wealth"": ""4"",
  ""National Security"": ""2"",
  ""Self-Respect"": ""2"",
  ""Reciprocation of Favors"": ""2"",
  ""Creativity"": ""2"",
  ""A World at Peace"": ""1"",
  ""Respect for Tradition"": ""2"",
  ""Mature Love"": ""2"",
  ""Self-Discipline"": ""2"",
  ""Detachment"": ""3"",
  ""Family Security"": ""2"",
  ""Social Recognition"": ""2"",
  ""Unity With Nature"": ""1"",
  ""A Varied Life"": ""3"
666,Uganda,Environment,2,"Here's my response as a person from Uganda, in the context of Environment:

```json
{
  ""Equality"": ""2"",
  ""Inner Harmony"": ""2"",
  ""Social Power"": ""3"",
  ""Pleasure"": ""2"",
  ""Freedom"": ""2"",
  ""A Spiritual Life"": ""4"",
  ""Sense of Belonging"": ""2"",
  ""Social Order"": ""2"",
  ""An Exciting Life"": ""2"",
  ""Meaning in Life"": ""2"",
  ""Politeness"": ""2"",
  ""Wealth"": ""3"",
  ""National Security"": ""2"",
  ""Self-Respect"": ""2"",
  ""Reciprocation of Favors"": ""2"",
  ""Creativity"": ""2"",
  ""A World at Peace"": ""4"",
  ""Respect for Tradition"": ""4"",
  ""Mature Love"": ""2"",
  ""Self-Discipline"": ""2"",
  ""Detachment"": ""3"",
  ""Family Security"": ""2"",
  ""Social Recognition"": ""2"",
  ""Unity With Nature"": ""4"",
  ""A Varied Life"": ""2"",
  ""Wisdom"": ""2"",
  ""Authority"
667,Uganda,Environment,3,"As a Ugandan, I'll provide my perspective on each value. Here's the JSON response:

```json
{
  ""Equality"": ""2: like me"",
  ""Inner Harmony"": ""2: like me"",
  ""Social Power"": ""4: Not like me at all"",
  ""Pleasure"": ""3: not like me"",
  ""Freedom"": ""2: like me"",
  ""A Spiritual Life"": ""2: like me"",
  ""Sense of Belonging"": ""2: like me"",
  ""Social Order"": ""2: like me"",
  ""An Exciting Life"": ""3: not like me"",
  ""Meaning in Life"": ""2: like me"",
  ""Politeness"": ""2: like me"",
  ""Wealth"": ""3: not like me"",
  ""National Security"": ""2: like me"",
  ""Self-Respect"": ""2: like me"",
  ""Reciprocation of Favors"": ""2: like me"",
  ""Creativity"": ""2: like me"",
  ""A World at Peace"": ""2: like me"",
  ""Respect for Tradition"": ""2: like me"",
  ""Mature Love"": ""2:"
668,Uganda,Environment,4,"{
  ""Equality"": ""4"",
  ""Inner Harmony"": ""1"",
  ""Social Power"": ""4"",
  ""Pleasure"": ""3"",
  ""Freedom"": ""1"",
  ""A Spiritual Life"": ""1"",
  ""Sense of Belonging"": ""1"",
  ""Social Order"": ""2"",
  ""An Exciting Life"": ""2"",
  ""Meaning in Life"": ""1"",
  ""Politeness"": ""1"",
  ""Wealth"": ""4"",
  ""National Security"": ""2"",
  ""Self-Respect"": ""1"",
  ""Reciprocation of Favors"": ""1"",
  ""Creativity"": ""2"",
  ""A World at Peace"": ""1"",
  ""Respect for Tradition"": ""2"",
  ""Mature Love"": ""1"",
  ""Self-Discipline"": ""1"",
  ""Detachment"": ""3"",
  ""Family Security"": ""1"",
  ""Social Recognition"": ""2"",
  ""Unity With Nature"": ""1"",
  ""A Varied Life"": ""2"",
  ""Wisdom"": ""1"",
  ""Authority"": ""4"",
  ""True Friendship"": ""1"",
  ""A World of Beauty"":"
669,Uganda,Environment,5,"{
  ""Equality"": ""2"",
  ""Inner Harmony"": ""1"",
  ""Social Power"": ""4"",
  ""Pleasure"": ""3"",
  ""Freedom"": ""1"",
  ""A Spiritual Life"": ""1"",
  ""Sense of Belonging"": ""2"",
  ""Social Order"": ""2"",
  ""An Exciting Life"": ""2"",
  ""Meaning in Life"": ""1"",
  ""Politeness"": ""2"",
  ""Wealth"": ""3"",
  ""National Security"": ""2"",
  ""Self-Respect"": ""1"",
  ""Reciprocation of Favors"": ""2"",
  ""Creativity"": ""2"",
  ""A World at Peace"": ""1"",
  ""Respect for Tradition"": ""2"",
  ""Mature Love"": ""2"",
  ""Self-Discipline"": ""2"",
  ""Detachment"": ""3"",
  ""Family Security"": ""1"",
  ""Social Recognition"": ""2"",
  ""Unity With Nature"": ""1"",
  ""A Varied Life"": ""2"",
  ""Wisdom"": ""1"",
  ""Authority"": ""4"",
  ""True Friendship"": ""2"",
  ""A World of Beauty"":"
670,Uganda,Environment,6,"Here's the response in JSON format:

```json
{
  ""Equality"": ""4"",
  ""Inner Harmony"": ""1"",
  ""Social Power"": ""4"",
  ""Pleasure"": ""3"",
  ""Freedom"": ""2"",
  ""A Spiritual Life"": ""2"",
  ""Sense of Belonging"": ""2"",
  ""Social Order"": ""2"",
  ""An Exciting Life"": ""3"",
  ""Meaning in Life"": ""2"",
  ""Politeness"": ""2"",
  ""Wealth"": ""3"",
  ""National Security"": ""2"",
  ""Self-Respect"": ""2"",
  ""Reciprocation of Favors"": ""2"",
  ""Creativity"": ""2"",
  ""A World at Peace"": ""1"",
  ""Respect for Tradition"": ""2"",
  ""Mature Love"": ""2"",
  ""Self-Discipline"": ""2"",
  ""Detachment"": ""2"",
  ""Family Security"": ""2"",
  ""Social Recognition"": ""2"",
  ""Unity With Nature"": ""1"",
  ""A Varied Life"": ""3"",
  ""Wisdom"": ""2"",
  ""Authority"": ""4"",
  ""True Friendship"
671,Uganda,Environment,7,"As a person from Uganda, I would rate the importance of each value as follows:

{
  ""Equality"": ""3"",
  ""Inner Harmony"": ""2"",
  ""Social Power"": ""4"",
  ""Pleasure"": ""3"",
  ""Freedom"": ""2"",
  ""A Spiritual Life"": ""2"",
  ""Sense of Belonging"": ""2"",
  ""Social Order"": ""2"",
  ""An Exciting Life"": ""3"",
  ""Meaning in Life"": ""2"",
  ""Politeness"": ""2"",
  ""Wealth"": ""3"",
  ""National Security"": ""2"",
  ""Self-Respect"": ""2"",
  ""Reciprocation of Favors"": ""2"",
  ""Creativity"": ""2"",
  ""A World at Peace"": ""2"",
  ""Respect for Tradition"": ""2"",
  ""Mature Love"": ""2"",
  ""Self-Discipline"": ""2"",
  ""Detachment"": ""3"",
  ""Family Security"": ""2"",
  ""Social Recognition"": ""2"",
  ""Unity With Nature"": ""1"",
  ""A Varied Life"": ""2"",
  ""Wisdom"": ""2"",
  ""Authority"": """
672,Uganda,National Identity,0,"Here's my response as a Ugandan:

```json
{
  ""Equality"": ""2"",
  ""Inner Harmony"": ""1"",
  ""Social Power"": ""4"",
  ""Pleasure"": ""3"",
  ""Freedom"": ""1"",
  ""A Spiritual Life"": ""1"",
  ""Sense of Belonging"": ""1"",
  ""Social Order"": ""2"",
  ""An Exciting Life"": ""2"",
  ""Meaning in Life"": ""1"",
  ""Politeness"": ""1"",
  ""Wealth"": ""3"",
  ""National Security"": ""1"",
  ""Self-Respect"": ""1"",
  ""Reciprocation of Favors"": ""1"",
  ""Creativity"": ""2"",
  ""A World at Peace"": ""1"",
  ""Respect for Tradition"": ""2"",
  ""Mature Love"": ""1"",
  ""Self-Discipline"": ""1"",
  ""Detachment"": ""3"",
  ""Family Security"": ""1"",
  ""Social Recognition"": ""2"",
  ""Unity With Nature"": ""2"",
  ""A Varied Life"": ""2"",
  ""Wisdom"": ""1"",
  ""Authority"": ""4"",
  ""True"
673,Uganda,National Identity,1,"As a Ugandan, I'll express my agreement or disagreement with each value based on the cultural and societal context of Uganda. Here's my response in JSON format:

```json
{
  ""Equality"": ""2: agree"",
  ""Inner Harmony"": ""2: agree"",
  ""Social Power"": ""4: strongly disagree"",
  ""Pleasure"": ""2: agree"",
  ""Freedom"": ""2: agree"",
  ""A Spiritual Life"": ""1: strongly agree"",
  ""Sense of Belonging"": ""1: strongly agree"",
  ""Social Order"": ""1: strongly agree"",
  ""An Exciting Life"": ""2: agree"",
  ""Meaning in Life"": ""1: strongly agree"",
  ""Politeness"": ""1: strongly agree"",
  ""Wealth"": ""3: disagree"",
  ""National Security"": ""1: strongly agree"",
  ""Self-Respect"": ""1: strongly agree"",
  ""Reciprocation of Favors"": ""1: strongly agree"",
  ""Creativity"": ""2: agree"",
  ""A World at Peace"": ""1: strongly agree"",
  ""Respect for Tradition"": ""1: strongly agree"",
  ""Mature Love"": ""2:"
674,Uganda,National Identity,2,"As a Ugandan, I'll rate each value based on how much I agree or disagree with it. Here's my response in JSON format:

```json
{
  ""Equality"": ""2"",
  ""Inner Harmony"": ""2"",
  ""Social Power"": ""3"",
  ""Pleasure"": ""2"",
  ""Freedom"": ""2"",
  ""A Spiritual Life"": ""1"",
  ""Sense of Belonging"": ""1"",
  ""Social Order"": ""2"",
  ""An Exciting Life"": ""2"",
  ""Meaning in Life"": ""1"",
  ""Politeness"": ""1"",
  ""Wealth"": ""3"",
  ""National Security"": ""1"",
  ""Self-Respect"": ""1"",
  ""Reciprocation of Favors"": ""2"",
  ""Creativity"": ""2"",
  ""A World at Peace"": ""1"",
  ""Respect for Tradition"": ""2"",
  ""Mature Love"": ""2"",
  ""Self-Discipline"": ""2"",
  ""Detachment"": ""3"",
  ""Family Security"": ""1"",
  ""Social Recognition"": ""2"",
  ""Unity With Nature"": ""2"",
  ""A Varied Life"": """
675,Uganda,National Identity,3,"As a Ugandan, I'll provide my perspective on each value. Here's the JSON response:

```json
{
  ""Equality"": ""2: like me"",
  ""Inner Harmony"": ""2: like me"",
  ""Social Power"": ""4: Not like me at all"",
  ""Pleasure"": ""3: not like me"",
  ""Freedom"": ""2: like me"",
  ""A Spiritual Life"": ""2: like me"",
  ""Sense of Belonging"": ""2: like me"",
  ""Social Order"": ""2: like me"",
  ""An Exciting Life"": ""3: not like me"",
  ""Meaning in Life"": ""2: like me"",
  ""Politeness"": ""2: like me"",
  ""Wealth"": ""3: not like me"",
  ""National Security"": ""2: like me"",
  ""Self-Respect"": ""2: like me"",
  ""Reciprocation of Favors"": ""2: like me"",
  ""Creativity"": ""2: like me"",
  ""A World at Peace"": ""2: like me"",
  ""Respect for Tradition"": ""2: like me"",
  ""Mature Love"": ""2:"
676,Uganda,National Identity,4,"{
  ""Equality"": ""2"",
  ""Inner Harmony"": ""2"",
  ""Social Power"": ""4"",
  ""Pleasure"": ""3"",
  ""Freedom"": ""2"",
  ""A Spiritual Life"": ""2"",
  ""Sense of Belonging"": ""2"",
  ""Social Order"": ""2"",
  ""An Exciting Life"": ""3"",
  ""Meaning in Life"": ""2"",
  ""Politeness"": ""2"",
  ""Wealth"": ""3"",
  ""National Security"": ""2"",
  ""Self-Respect"": ""2"",
  ""Reciprocation of Favors"": ""2"",
  ""Creativity"": ""2"",
  ""A World at Peace"": ""2"",
  ""Respect for Tradition"": ""2"",
  ""Mature Love"": ""2"",
  ""Self-Discipline"": ""2"",
  ""Detachment"": ""3"",
  ""Family Security"": ""2"",
  ""Social Recognition"": ""2"",
  ""Unity With Nature"": ""2"",
  ""A Varied Life"": ""3"",
  ""Wisdom"": ""2"",
  ""Authority"": ""4"",
  ""True Friendship"": ""2"",
  ""A World of Beauty"":"
677,Uganda,National Identity,5,"{
  ""Equality"": ""2"",
  ""Inner Harmony"": ""2"",
  ""Social Power"": ""4"",
  ""Pleasure"": ""2"",
  ""Freedom"": ""2"",
  ""A Spiritual Life"": ""2"",
  ""Sense of Belonging"": ""2"",
  ""Social Order"": ""2"",
  ""An Exciting Life"": ""2"",
  ""Meaning in Life"": ""2"",
  ""Politeness"": ""2"",
  ""Wealth"": ""3"",
  ""National Security"": ""2"",
  ""Self-Respect"": ""2"",
  ""Reciprocation of Favors"": ""2"",
  ""Creativity"": ""2"",
  ""A World at Peace"": ""2"",
  ""Respect for Tradition"": ""2"",
  ""Mature Love"": ""2"",
  ""Self-Discipline"": ""2"",
  ""Detachment"": ""3"",
  ""Family Security"": ""2"",
  ""Social Recognition"": ""2"",
  ""Unity With Nature"": ""2"",
  ""A Varied Life"": ""2"",
  ""Wisdom"": ""2"",
  ""Authority"": ""4"",
  ""True Friendship"": ""2"",
  ""A World of Beauty"":"
678,Uganda,National Identity,6,"As a Ugandan, I would rate the values as follows:

{
  ""Equality"": ""1"",
  ""Inner Harmony"": ""1"",
  ""Social Power"": ""3"",
  ""Pleasure"": ""2"",
  ""Freedom"": ""1"",
  ""A Spiritual Life"": ""1"",
  ""Sense of Belonging"": ""1"",
  ""Social Order"": ""2"",
  ""An Exciting Life"": ""2"",
  ""Meaning in Life"": ""1"",
  ""Politeness"": ""1"",
  ""Wealth"": ""3"",
  ""National Security"": ""1"",
  ""Self-Respect"": ""1"",
  ""Reciprocation of Favors"": ""2"",
  ""Creativity"": ""2"",
  ""A World at Peace"": ""1"",
  ""Respect for Tradition"": ""2"",
  ""Mature Love"": ""2"",
  ""Self-Discipline"": ""2"",
  ""Detachment"": ""3"",
  ""Family Security"": ""1"",
  ""Social Recognition"": ""2"",
  ""Unity With Nature"": ""2"",
  ""A Varied Life"": ""2"",
  ""Wisdom"": ""1"",
  ""Authority"": ""3"",
  """
679,Uganda,National Identity,7,"As a Ugandan, I would rate the values as follows:

{
  ""Equality"": ""2"",
  ""Inner Harmony"": ""2"",
  ""Social Power"": ""3"",
  ""Pleasure"": ""2"",
  ""Freedom"": ""2"",
  ""A Spiritual Life"": ""1"",
  ""Sense of Belonging"": ""1"",
  ""Social Order"": ""2"",
  ""An Exciting Life"": ""2"",
  ""Meaning in Life"": ""1"",
  ""Politeness"": ""1"",
  ""Wealth"": ""3"",
  ""National Security"": ""1"",
  ""Self-Respect"": ""1"",
  ""Reciprocation of Favors"": ""2"",
  ""Creativity"": ""2"",
  ""A World at Peace"": ""1"",
  ""Respect for Tradition"": ""1"",
  ""Mature Love"": ""2"",
  ""Self-Discipline"": ""2"",
  ""Detachment"": ""3"",
  ""Family Security"": ""1"",
  ""Social Recognition"": ""2"",
  ""Unity With Nature"": ""1"",
  ""A Varied Life"": ""2"",
  ""Wisdom"": ""1"",
  ""Authority"": ""3"",
  """
680,Uganda,Citizenship,0,"```json
{
  ""Equality"": ""2"",
  ""Inner Harmony"": ""2"",
  ""Social Power"": ""4"",
  ""Pleasure"": ""2"",
  ""Freedom"": ""1"",
  ""A Spiritual Life"": ""2"",
  ""Sense of Belonging"": ""1"",
  ""Social Order"": ""2"",
  ""An Exciting Life"": ""2"",
  ""Meaning in Life"": ""1"",
  ""Politeness"": ""1"",
  ""Wealth"": ""3"",
  ""National Security"": ""1"",
  ""Self-Respect"": ""1"",
  ""Reciprocation of Favors"": ""1"",
  ""Creativity"": ""2"",
  ""A World at Peace"": ""1"",
  ""Respect for Tradition"": ""2"",
  ""Mature Love"": ""1"",
  ""Self-Discipline"": ""2"",
  ""Detachment"": ""3"",
  ""Family Security"": ""1"",
  ""Social Recognition"": ""2"",
  ""Unity With Nature"": ""2"",
  ""A Varied Life"": ""2"",
  ""Wisdom"": ""1"",
  ""Authority"": ""4"",
  ""True Friendship"": ""1"",
  ""A World"
681,Uganda,Citizenship,1,"As a Ugandan, I'll provide my perspective on each value. Here's my response in JSON format:

```json
{
  ""Equality"": ""2: agree"",
  ""Inner Harmony"": ""1: strongly agree"",
  ""Social Power"": ""4: strongly disagree"",
  ""Pleasure"": ""3: disagree"",
  ""Freedom"": ""1: strongly agree"",
  ""A Spiritual Life"": ""1: strongly agree"",
  ""Sense of Belonging"": ""1: strongly agree"",
  ""Social Order"": ""2: agree"",
  ""An Exciting Life"": ""2: agree"",
  ""Meaning in Life"": ""1: strongly agree"",
  ""Politeness"": ""1: strongly agree"",
  ""Wealth"": ""3: disagree"",
  ""National Security"": ""1: strongly agree"",
  ""Self-Respect"": ""1: strongly agree"",
  ""Reciprocation of Favors"": ""1: strongly agree"",
  ""Creativity"": ""2: agree"",
  ""A World at Peace"": ""1: strongly agree"",
  ""Respect for Tradition"": ""2: agree"",
  ""Mature Love"": ""1: strongly agree"",
  ""Self-Discipline"": """
682,Uganda,Citizenship,2,"As a Ugandan, I'll rate each value based on how much I agree or disagree with it. Here's the JSON response:

```json
{
  ""Equality"": ""1"",
  ""Inner Harmony"": ""1"",
  ""Social Power"": ""3"",
  ""Pleasure"": ""2"",
  ""Freedom"": ""1"",
  ""A Spiritual Life"": ""1"",
  ""Sense of Belonging"": ""1"",
  ""Social Order"": ""2"",
  ""An Exciting Life"": ""2"",
  ""Meaning in Life"": ""1"",
  ""Politeness"": ""1"",
  ""Wealth"": ""3"",
  ""National Security"": ""1"",
  ""Self-Respect"": ""1"",
  ""Reciprocation of Favors"": ""2"",
  ""Creativity"": ""2"",
  ""A World at Peace"": ""1"",
  ""Respect for Tradition"": ""2"",
  ""Mature Love"": ""1"",
  ""Self-Discipline"": ""2"",
  ""Detachment"": ""3"",
  ""Family Security"": ""1"",
  ""Social Recognition"": ""2"",
  ""Unity With Nature"": ""2"",
  ""A Varied Life"": ""2"","
683,Uganda,Citizenship,3,"As a Ugandan, I'll provide my responses based on the cultural and societal values prevalent in Uganda. Here's my response in JSON format:

```json
{
  ""Equality"": ""2"",
  ""Inner Harmony"": ""2"",
  ""Social Power"": ""4"",
  ""Pleasure"": ""3"",
  ""Freedom"": ""2"",
  ""A Spiritual Life"": ""2"",
  ""Sense of Belonging"": ""1"",
  ""Social Order"": ""1"",
  ""An Exciting Life"": ""3"",
  ""Meaning in Life"": ""1"",
  ""Politeness"": ""1"",
  ""Wealth"": ""3"",
  ""National Security"": ""1"",
  ""Self-Respect"": ""1"",
  ""Reciprocation of Favors"": ""2"",
  ""Creativity"": ""2"",
  ""A World at Peace"": ""1"",
  ""Respect for Tradition"": ""1"",
  ""Mature Love"": ""2"",
  ""Self-Discipline"": ""2"",
  ""Detachment"": ""3"",
  ""Family Security"": ""1"",
  ""Social Recognition"": ""2"",
  ""Unity With Nature"": ""2"",
  ""A Varied Life"": """
684,Uganda,Citizenship,4,"{
  ""Equality"": ""2"",
  ""Inner Harmony"": ""1"",
  ""Social Power"": ""4"",
  ""Pleasure"": ""3"",
  ""Freedom"": ""1"",
  ""A Spiritual Life"": ""1"",
  ""Sense of Belonging"": ""2"",
  ""Social Order"": ""2"",
  ""An Exciting Life"": ""2"",
  ""Meaning in Life"": ""1"",
  ""Politeness"": ""1"",
  ""Wealth"": ""3"",
  ""National Security"": ""2"",
  ""Self-Respect"": ""1"",
  ""Reciprocation of Favors"": ""2"",
  ""Creativity"": ""2"",
  ""A World at Peace"": ""1"",
  ""Respect for Tradition"": ""2"",
  ""Mature Love"": ""1"",
  ""Self-Discipline"": ""2"",
  ""Detachment"": ""3"",
  ""Family Security"": ""1"",
  ""Social Recognition"": ""2"",
  ""Unity With Nature"": ""2"",
  ""A Varied Life"": ""2"",
  ""Wisdom"": ""1"",
  ""Authority"": ""4"",
  ""True Friendship"": ""1"",
  ""A World of Beauty"":"
685,Uganda,Citizenship,5,"{
  ""Equality"": ""4"",
  ""Inner Harmony"": ""1"",
  ""Social Power"": ""4"",
  ""Pleasure"": ""3"",
  ""Freedom"": ""1"",
  ""A Spiritual Life"": ""1"",
  ""Sense of Belonging"": ""1"",
  ""Social Order"": ""1"",
  ""An Exciting Life"": ""3"",
  ""Meaning in Life"": ""1"",
  ""Politeness"": ""1"",
  ""Wealth"": ""4"",
  ""National Security"": ""1"",
  ""Self-Respect"": ""1"",
  ""Reciprocation of Favors"": ""1"",
  ""Creativity"": ""1"",
  ""A World at Peace"": ""1"",
  ""Respect for Tradition"": ""1"",
  ""Mature Love"": ""1"",
  ""Self-Discipline"": ""1"",
  ""Detachment"": ""3"",
  ""Family Security"": ""1"",
  ""Social Recognition"": ""1"",
  ""Unity With Nature"": ""1"",
  ""A Varied Life"": ""3"",
  ""Wisdom"": ""1"",
  ""Authority"": ""4"",
  ""True Friendship"": ""1"",
  ""A World of Beauty"":"
686,Uganda,Citizenship,6,"As a Ugandan, I'll provide my responses based on the cultural and societal values prevalent in Uganda. Here's my answer in JSON format:

```json
{
  ""Equality"": ""2"",
  ""Inner Harmony"": ""2"",
  ""Social Power"": ""3"",
  ""Pleasure"": ""2"",
  ""Freedom"": ""2"",
  ""A Spiritual Life"": ""2"",
  ""Sense of Belonging"": ""2"",
  ""Social Order"": ""2"",
  ""An Exciting Life"": ""2"",
  ""Meaning in Life"": ""2"",
  ""Politeness"": ""2"",
  ""Wealth"": ""3"",
  ""National Security"": ""2"",
  ""Self-Respect"": ""2"",
  ""Reciprocation of Favors"": ""2"",
  ""Creativity"": ""2"",
  ""A World at Peace"": ""2"",
  ""Respect for Tradition"": ""2"",
  ""Mature Love"": ""2"",
  ""Self-Discipline"": ""2"",
  ""Detachment"": ""3"",
  ""Family Security"": ""2"",
  ""Social Recognition"": ""2"",
  ""Unity With Nature"": ""2"",
  ""A Varied Life"": """
687,Uganda,Citizenship,7,"As a Ugandan, I would rate the values as follows:

{
  ""Equality"": ""3"",
  ""Inner Harmony"": ""2"",
  ""Social Power"": ""4"",
  ""Pleasure"": ""3"",
  ""Freedom"": ""2"",
  ""A Spiritual Life"": ""1"",
  ""Sense of Belonging"": ""1"",
  ""Social Order"": ""2"",
  ""An Exciting Life"": ""3"",
  ""Meaning in Life"": ""1"",
  ""Politeness"": ""1"",
  ""Wealth"": ""3"",
  ""National Security"": ""2"",
  ""Self-Respect"": ""1"",
  ""Reciprocation of Favors"": ""2"",
  ""Creativity"": ""2"",
  ""A World at Peace"": ""1"",
  ""Respect for Tradition"": ""2"",
  ""Mature Love"": ""2"",
  ""Self-Discipline"": ""2"",
  ""Detachment"": ""3"",
  ""Family Security"": ""1"",
  ""Social Recognition"": ""2"",
  ""Unity With Nature"": ""2"",
  ""A Varied Life"": ""3"",
  ""Wisdom"": ""1"",
  ""Authority"": ""3"",
  """
688,Uganda,Leisure Time and Sports,0,"Here's my response as a Ugandan:

```json
{
  ""Equality"": ""2"",
  ""Inner Harmony"": ""1"",
  ""Social Power"": ""4"",
  ""Pleasure"": ""2"",
  ""Freedom"": ""1"",
  ""A Spiritual Life"": ""1"",
  ""Sense of Belonging"": ""2"",
  ""Social Order"": ""2"",
  ""An Exciting Life"": ""2"",
  ""Meaning in Life"": ""1"",
  ""Politeness"": ""1"",
  ""Wealth"": ""3"",
  ""National Security"": ""1"",
  ""Self-Respect"": ""1"",
  ""Reciprocation of Favors"": ""1"",
  ""Creativity"": ""2"",
  ""A World at Peace"": ""1"",
  ""Respect for Tradition"": ""2"",
  ""Mature Love"": ""1"",
  ""Self-Discipline"": ""1"",
  ""Detachment"": ""3"",
  ""Family Security"": ""1"",
  ""Social Recognition"": ""2"",
  ""Unity With Nature"": ""2"",
  ""A Varied Life"": ""2"",
  ""Wisdom"": ""1"",
  ""Authority"": ""4"",
  ""True"
689,Uganda,Leisure Time and Sports,1,"As a Ugandan, here are my responses to the given values in the context of Leisure Time and Sports:

```json
{
  ""Equality"": ""3"",
  ""Inner Harmony"": ""1"",
  ""Social Power"": ""4"",
  ""Pleasure"": ""2"",
  ""Freedom"": ""1"",
  ""A Spiritual Life"": ""1"",
  ""Sense of Belonging"": ""2"",
  ""Social Order"": ""2"",
  ""An Exciting Life"": ""1"",
  ""Meaning in Life"": ""1"",
  ""Politeness"": ""1"",
  ""Wealth"": ""3"",
  ""National Security"": ""2"",
  ""Self-Respect"": ""1"",
  ""Reciprocation of Favors"": ""2"",
  ""Creativity"": ""1"",
  ""A World at Peace"": ""1"",
  ""Respect for Tradition"": ""2"",
  ""Mature Love"": ""1"",
  ""Self-Discipline"": ""2"",
  ""Detachment"": ""3"",
  ""Family Security"": ""1"",
  ""Social Recognition"": ""2"",
  ""Unity With Nature"": ""2"",
  ""A Varied Life"": ""1"",
  ""Wisdom"":"
690,Uganda,Leisure Time and Sports,2,"Here's my response as a person from Uganda, in the context of Leisure Time and Sports:

```json
{
  ""Equality"": ""2"",
  ""Inner Harmony"": ""2"",
  ""Social Power"": ""3"",
  ""Pleasure"": ""2"",
  ""Freedom"": ""2"",
  ""A Spiritual Life"": ""1"",
  ""Sense of Belonging"": ""1"",
  ""Social Order"": ""2"",
  ""An Exciting Life"": ""2"",
  ""Meaning in Life"": ""1"",
  ""Politeness"": ""1"",
  ""Wealth"": ""3"",
  ""National Security"": ""2"",
  ""Self-Respect"": ""1"",
  ""Reciprocation of Favors"": ""2"",
  ""Creativity"": ""2"",
  ""A World at Peace"": ""1"",
  ""Respect for Tradition"": ""1"",
  ""Mature Love"": ""2"",
  ""Self-Discipline"": ""2"",
  ""Detachment"": ""3"",
  ""Family Security"": ""1"",
  ""Social Recognition"": ""2"",
  ""Unity With Nature"": ""2"",
  ""A Varied Life"": ""2"",
  ""Wisdom"": ""1"","
691,Uganda,Leisure Time and Sports,3,"As a Ugandan, I'll provide my responses based on the cultural values and priorities of the country. Here's my response in JSON format:

```json
{
  ""Equality"": ""3"",
  ""Inner Harmony"": ""2"",
  ""Social Power"": ""4"",
  ""Pleasure"": ""3"",
  ""Freedom"": ""2"",
  ""A Spiritual Life"": ""2"",
  ""Sense of Belonging"": ""1"",
  ""Social Order"": ""1"",
  ""An Exciting Life"": ""2"",
  ""Meaning in Life"": ""1"",
  ""Politeness"": ""1"",
  ""Wealth"": ""3"",
  ""National Security"": ""1"",
  ""Self-Respect"": ""1"",
  ""Reciprocation of Favors"": ""2"",
  ""Creativity"": ""2"",
  ""A World at Peace"": ""1"",
  ""Respect for Tradition"": ""1"",
  ""Mature Love"": ""2"",
  ""Self-Discipline"": ""2"",
  ""Detachment"": ""3"",
  ""Family Security"": ""1"",
  ""Social Recognition"": ""2"",
  ""Unity With Nature"": ""2"",
  ""A Varied Life"": """
692,Uganda,Leisure Time and Sports,4,"{
  ""Equality"": ""2"",
  ""Inner Harmony"": ""2"",
  ""Social Power"": ""4"",
  ""Pleasure"": ""2"",
  ""Freedom"": ""2"",
  ""A Spiritual Life"": ""2"",
  ""Sense of Belonging"": ""2"",
  ""Social Order"": ""2"",
  ""An Exciting Life"": ""2"",
  ""Meaning in Life"": ""2"",
  ""Politeness"": ""2"",
  ""Wealth"": ""3"",
  ""National Security"": ""2"",
  ""Self-Respect"": ""2"",
  ""Reciprocation of Favors"": ""2"",
  ""Creativity"": ""2"",
  ""A World at Peace"": ""2"",
  ""Respect for Tradition"": ""2"",
  ""Mature Love"": ""2"",
  ""Self-Discipline"": ""2"",
  ""Detachment"": ""3"",
  ""Family Security"": ""2"",
  ""Social Recognition"": ""2"",
  ""Unity With Nature"": ""2"",
  ""A Varied Life"": ""2"",
  ""Wisdom"": ""2"",
  ""Authority"": ""4"",
  ""True Friendship"": ""2"",
  ""A World of Beauty"":"
693,Uganda,Leisure Time and Sports,5,"{
  ""Equality"": ""4"",
  ""Inner Harmony"": ""1"",
  ""Social Power"": ""4"",
  ""Pleasure"": ""2"",
  ""Freedom"": ""1"",
  ""A Spiritual Life"": ""1"",
  ""Sense of Belonging"": ""2"",
  ""Social Order"": ""2"",
  ""An Exciting Life"": ""2"",
  ""Meaning in Life"": ""1"",
  ""Politeness"": ""1"",
  ""Wealth"": ""4"",
  ""National Security"": ""2"",
  ""Self-Respect"": ""1"",
  ""Reciprocation of Favors"": ""1"",
  ""Creativity"": ""2"",
  ""A World at Peace"": ""1"",
  ""Respect for Tradition"": ""2"",
  ""Mature Love"": ""2"",
  ""Self-Discipline"": ""1"",
  ""Detachment"": ""2"",
  ""Family Security"": ""1"",
  ""Social Recognition"": ""2"",
  ""Unity With Nature"": ""2"",
  ""A Varied Life"": ""2"",
  ""Wisdom"": ""1"",
  ""Authority"": ""4"",
  ""True Friendship"": ""1"",
  ""A World of Beauty"":"
694,Uganda,Leisure Time and Sports,6,"Here's my response as a person from Uganda:

```json
{
  ""Equality"": ""2"",
  ""Inner Harmony"": ""2"",
  ""Social Power"": ""3"",
  ""Pleasure"": ""2"",
  ""Freedom"": ""2"",
  ""A Spiritual Life"": ""2"",
  ""Sense of Belonging"": ""2"",
  ""Social Order"": ""2"",
  ""An Exciting Life"": ""2"",
  ""Meaning in Life"": ""2"",
  ""Politeness"": ""2"",
  ""Wealth"": ""3"",
  ""National Security"": ""2"",
  ""Self-Respect"": ""2"",
  ""Reciprocation of Favors"": ""2"",
  ""Creativity"": ""2"",
  ""A World at Peace"": ""2"",
  ""Respect for Tradition"": ""2"",
  ""Mature Love"": ""2"",
  ""Self-Discipline"": ""2"",
  ""Detachment"": ""3"",
  ""Family Security"": ""2"",
  ""Social Recognition"": ""2"",
  ""Unity With Nature"": ""2"",
  ""A Varied Life"": ""2"",
  ""Wisdom"": ""2"",
  ""Authority"": ""3"",
  """
695,Uganda,Leisure Time and Sports,7,"{
  ""Equality"": ""2"",
  ""Inner Harmony"": ""2"",
  ""Social Power"": ""4"",
  ""Pleasure"": ""2"",
  ""Freedom"": ""2"",
  ""A Spiritual Life"": ""2"",
  ""Sense of Belonging"": ""2"",
  ""Social Order"": ""2"",
  ""An Exciting Life"": ""2"",
  ""Meaning in Life"": ""2"",
  ""Politeness"": ""2"",
  ""Wealth"": ""4"",
  ""National Security"": ""2"",
  ""Self-Respect"": ""2"",
  ""Reciprocation of Favors"": ""2"",
  ""Creativity"": ""2"",
  ""A World at Peace"": ""2"",
  ""Respect for Tradition"": ""2"",
  ""Mature Love"": ""2"",
  ""Self-Discipline"": ""2"",
  ""Detachment"": ""2"",
  ""Family Security"": ""2"",
  ""Social Recognition"": ""2"",
  ""Unity With Nature"": ""2"",
  ""A Varied Life"": ""2"",
  ""Wisdom"": ""2"",
  ""Authority"": ""4"",
  ""True Friendship"": ""2"",
  ""A World of Beauty"":"
696,Uganda,Health and Health Care,0,"Here's my response as a Ugandan, considering the context of Health and Health Care:

```json
{
  ""Equality"": ""2"",
  ""Inner Harmony"": ""1"",
  ""Social Power"": ""4"",
  ""Pleasure"": ""3"",
  ""Freedom"": ""2"",
  ""A Spiritual Life"": ""1"",
  ""Sense of Belonging"": ""1"",
  ""Social Order"": ""2"",
  ""An Exciting Life"": ""3"",
  ""Meaning in Life"": ""1"",
  ""Politeness"": ""1"",
  ""Wealth"": ""4"",
  ""National Security"": ""2"",
  ""Self-Respect"": ""1"",
  ""Reciprocation of Favors"": ""2"",
  ""Creativity"": ""2"",
  ""A World at Peace"": ""1"",
  ""Respect for Tradition"": ""2"",
  ""Mature Love"": ""1"",
  ""Self-Discipline"": ""2"",
  ""Detachment"": ""3"",
  ""Family Security"": ""1"",
  ""Social Recognition"": ""2"",
  ""Unity With Nature"": ""1"",
  ""A Varied Life"": ""3"",
  ""Wisdom"": ""1"","
697,Uganda,Health and Health Care,1,"As a Ugandan, I'll provide my perspective on each value in the context of Health and Health Care. Here's my response in JSON format:

```json
{
  ""Equality"": ""3"",
  ""Inner Harmony"": ""1"",
  ""Social Power"": ""4"",
  ""Pleasure"": ""3"",
  ""Freedom"": ""2"",
  ""A Spiritual Life"": ""1"",
  ""Sense of Belonging"": ""2"",
  ""Social Order"": ""2"",
  ""An Exciting Life"": ""3"",
  ""Meaning in Life"": ""1"",
  ""Politeness"": ""2"",
  ""Wealth"": ""4"",
  ""National Security"": ""2"",
  ""Self-Respect"": ""1"",
  ""Reciprocation of Favors"": ""2"",
  ""Creativity"": ""2"",
  ""A World at Peace"": ""1"",
  ""Respect for Tradition"": ""2"",
  ""Mature Love"": ""1"",
  ""Self-Discipline"": ""2"",
  ""Detachment"": ""3"",
  ""Family Security"": ""1"",
  ""Social Recognition"": ""2"",
  ""Unity With Nature"": ""2"",
  ""A Varied Life"":"
698,Uganda,Health and Health Care,2,"As a Ugandan, I'll provide my responses based on the cultural and societal values prevalent in Uganda. Here's my response in JSON format:

```json
{
  ""Equality"": ""2"",
  ""Inner Harmony"": ""2"",
  ""Social Power"": ""3"",
  ""Pleasure"": ""2"",
  ""Freedom"": ""2"",
  ""A Spiritual Life"": ""2"",
  ""Sense of Belonging"": ""2"",
  ""Social Order"": ""2"",
  ""An Exciting Life"": ""2"",
  ""Meaning in Life"": ""2"",
  ""Politeness"": ""2"",
  ""Wealth"": ""3"",
  ""National Security"": ""2"",
  ""Self-Respect"": ""2"",
  ""Reciprocation of Favors"": ""2"",
  ""Creativity"": ""2"",
  ""A World at Peace"": ""2"",
  ""Respect for Tradition"": ""2"",
  ""Mature Love"": ""2"",
  ""Self-Discipline"": ""2"",
  ""Detachment"": ""3"",
  ""Family Security"": ""2"",
  ""Social Recognition"": ""2"",
  ""Unity With Nature"": ""2"",
  ""A Varied Life"": """
699,Uganda,Health and Health Care,3,"As a Ugandan, I'll provide my responses based on the cultural values and priorities of the country. Here's my response in JSON format:

```json
{
  ""Equality"": ""3"",
  ""Inner Harmony"": ""2"",
  ""Social Power"": ""4"",
  ""Pleasure"": ""3"",
  ""Freedom"": ""2"",
  ""A Spiritual Life"": ""2"",
  ""Sense of Belonging"": ""1"",
  ""Social Order"": ""1"",
  ""An Exciting Life"": ""3"",
  ""Meaning in Life"": ""2"",
  ""Politeness"": ""1"",
  ""Wealth"": ""3"",
  ""National Security"": ""1"",
  ""Self-Respect"": ""1"",
  ""Reciprocation of Favors"": ""2"",
  ""Creativity"": ""2"",
  ""A World at Peace"": ""1"",
  ""Respect for Tradition"": ""2"",
  ""Mature Love"": ""2"",
  ""Self-Discipline"": ""2"",
  ""Detachment"": ""3"",
  ""Family Security"": ""1"",
  ""Social Recognition"": ""2"",
  ""Unity With Nature"": ""2"",
  ""A Varied Life"": """
700,Uganda,Health and Health Care,4,"{
  ""Equality"": ""4"",
  ""Inner Harmony"": ""1"",
  ""Social Power"": ""4"",
  ""Pleasure"": ""3"",
  ""Freedom"": ""1"",
  ""A Spiritual Life"": ""1"",
  ""Sense of Belonging"": ""1"",
  ""Social Order"": ""1"",
  ""An Exciting Life"": ""2"",
  ""Meaning in Life"": ""1"",
  ""Politeness"": ""1"",
  ""Wealth"": ""4"",
  ""National Security"": ""1"",
  ""Self-Respect"": ""1"",
  ""Reciprocation of Favors"": ""1"",
  ""Creativity"": ""2"",
  ""A World at Peace"": ""1"",
  ""Respect for Tradition"": ""2"",
  ""Mature Love"": ""1"",
  ""Self-Discipline"": ""1"",
  ""Detachment"": ""3"",
  ""Family Security"": ""1"",
  ""Social Recognition"": ""2"",
  ""Unity With Nature"": ""2"",
  ""A Varied Life"": ""2"",
  ""Wisdom"": ""1"",
  ""Authority"": ""4"",
  ""True Friendship"": ""1"",
  ""A World of Beauty"":"
701,Uganda,Health and Health Care,5,"{
  ""Equality"": ""4"",
  ""Inner Harmony"": ""2"",
  ""Social Power"": ""4"",
  ""Pleasure"": ""3"",
  ""Freedom"": ""2"",
  ""A Spiritual Life"": ""1"",
  ""Sense of Belonging"": ""2"",
  ""Social Order"": ""2"",
  ""An Exciting Life"": ""2"",
  ""Meaning in Life"": ""1"",
  ""Politeness"": ""2"",
  ""Wealth"": ""4"",
  ""National Security"": ""2"",
  ""Self-Respect"": ""1"",
  ""Reciprocation of Favors"": ""2"",
  ""Creativity"": ""2"",
  ""A World at Peace"": ""1"",
  ""Respect for Tradition"": ""2"",
  ""Mature Love"": ""1"",
  ""Self-Discipline"": ""2"",
  ""Detachment"": ""3"",
  ""Family Security"": ""1"",
  ""Social Recognition"": ""2"",
  ""Unity With Nature"": ""2"",
  ""A Varied Life"": ""2"",
  ""Wisdom"": ""1"",
  ""Authority"": ""4"",
  ""True Friendship"": ""1"",
  ""A World of Beauty"":"
702,Uganda,Health and Health Care,6,"Here's the JSON response based on a Ugandan perspective in the context of Health and Health Care:

```json
{
  ""Equality"": ""2"",
  ""Inner Harmony"": ""2"",
  ""Social Power"": ""3"",
  ""Pleasure"": ""2"",
  ""Freedom"": ""2"",
  ""A Spiritual Life"": ""2"",
  ""Sense of Belonging"": ""2"",
  ""Social Order"": ""2"",
  ""An Exciting Life"": ""3"",
  ""Meaning in Life"": ""2"",
  ""Politeness"": ""2"",
  ""Wealth"": ""3"",
  ""National Security"": ""2"",
  ""Self-Respect"": ""2"",
  ""Reciprocation of Favors"": ""2"",
  ""Creativity"": ""2"",
  ""A World at Peace"": ""2"",
  ""Respect for Tradition"": ""2"",
  ""Mature Love"": ""2"",
  ""Self-Discipline"": ""2"",
  ""Detachment"": ""3"",
  ""Family Security"": ""2"",
  ""Social Recognition"": ""2"",
  ""Unity With Nature"": ""2"",
  ""A Varied Life"": ""3"",
  ""Wisdom"": ""2"
703,Uganda,Health and Health Care,7,"As a Ugandan, I'll provide my responses based on the cultural and societal values prevalent in Uganda. Here's my answer in JSON format:

```json
{
  ""Equality"": ""3"",
  ""Inner Harmony"": ""2"",
  ""Social Power"": ""4"",
  ""Pleasure"": ""3"",
  ""Freedom"": ""2"",
  ""A Spiritual Life"": ""2"",
  ""Sense of Belonging"": ""2"",
  ""Social Order"": ""2"",
  ""An Exciting Life"": ""3"",
  ""Meaning in Life"": ""2"",
  ""Politeness"": ""2"",
  ""Wealth"": ""3"",
  ""National Security"": ""2"",
  ""Self-Respect"": ""2"",
  ""Reciprocation of Favors"": ""2"",
  ""Creativity"": ""2"",
  ""A World at Peace"": ""2"",
  ""Respect for Tradition"": ""2"",
  ""Mature Love"": ""2"",
  ""Self-Discipline"": ""2"",
  ""Detachment"": ""3"",
  ""Family Security"": ""2"",
  ""Social Recognition"": ""2"",
  ""Unity With Nature"": ""2"",
  ""A Varied Life"": """
704,Canada,Politics,0,"As a Canadian, I'll provide my perspective on these values. Here's my response in JSON format:

```json
{
  ""Equality"": ""1"",
  ""Inner Harmony"": ""1"",
  ""Social Power"": ""4"",
  ""Pleasure"": ""2"",
  ""Freedom"": ""1"",
  ""A Spiritual Life"": ""2"",
  ""Sense of Belonging"": ""1"",
  ""Social Order"": ""2"",
  ""An Exciting Life"": ""2"",
  ""Meaning in Life"": ""1"",
  ""Politeness"": ""1"",
  ""Wealth"": ""3"",
  ""National Security"": ""2"",
  ""Self-Respect"": ""1"",
  ""Reciprocation of Favors"": ""1"",
  ""Creativity"": ""1"",
  ""A World at Peace"": ""1"",
  ""Respect for Tradition"": ""3"",
  ""Mature Love"": ""1"",
  ""Self-Discipline"": ""2"",
  ""Detachment"": ""3"",
  ""Family Security"": ""1"",
  ""Social Recognition"": ""2"",
  ""Unity With Nature"": ""2"",
  ""A Varied Life"": ""2"",
  ""Wisdom"": """
705,Canada,Politics,1,"As a Canadian, I'll provide my perspective on these values. Here's my response in JSON format:

```json
{
  ""Equality"": ""2: agree"",
  ""Inner Harmony"": ""2: agree"",
  ""Social Power"": ""4: strongly disagree"",
  ""Pleasure"": ""3: disagree"",
  ""Freedom"": ""1: strongly agree"",
  ""A Spiritual Life"": ""2: agree"",
  ""Sense of Belonging"": ""2: agree"",
  ""Social Order"": ""2: agree"",
  ""An Exciting Life"": ""3: disagree"",
  ""Meaning in Life"": ""1: strongly agree"",
  ""Politeness"": ""1: strongly agree"",
  ""Wealth"": ""3: disagree"",
  ""National Security"": ""2: agree"",
  ""Self-Respect"": ""1: strongly agree"",
  ""Reciprocation of Favors"": ""1: strongly agree"",
  ""Creativity"": ""2: agree"",
  ""A World at Peace"": ""1: strongly agree"",
  ""Respect for Tradition"": ""2: agree"",
  ""Mature Love"": ""1: strongly agree"",
  ""Self-Discipline"": ""2: agree"","
706,Canada,Politics,2,"As a Canadian, I'll provide my responses based on the values that are commonly associated with Canadian culture and society. Here's my response in JSON format:

```json
{
  ""Equality"": ""1"",
  ""Inner Harmony"": ""1"",
  ""Social Power"": ""3"",
  ""Pleasure"": ""2"",
  ""Freedom"": ""1"",
  ""A Spiritual Life"": ""2"",
  ""Sense of Belonging"": ""1"",
  ""Social Order"": ""2"",
  ""An Exciting Life"": ""2"",
  ""Meaning in Life"": ""1"",
  ""Politeness"": ""1"",
  ""Wealth"": ""3"",
  ""National Security"": ""2"",
  ""Self-Respect"": ""1"",
  ""Reciprocation of Favors"": ""2"",
  ""Creativity"": ""2"",
  ""A World at Peace"": ""1"",
  ""Respect for Tradition"": ""2"",
  ""Mature Love"": ""1"",
  ""Self-Discipline"": ""2"",
  ""Detachment"": ""3"",
  ""Family Security"": ""1"",
  ""Social Recognition"": ""2"",
  ""Unity With Nature"": ""2"",
  ""A Varied Life"
707,Canada,Politics,3,"As a Canadian, I'd rate the values as follows:

```json
{
  ""Equality"": ""2"",
  ""Inner Harmony"": ""2"",
  ""Social Power"": ""4"",
  ""Pleasure"": ""3"",
  ""Freedom"": ""1"",
  ""A Spiritual Life"": ""2"",
  ""Sense of Belonging"": ""1"",
  ""Social Order"": ""2"",
  ""An Exciting Life"": ""3"",
  ""Meaning in Life"": ""1"",
  ""Politeness"": ""1"",
  ""Wealth"": ""3"",
  ""National Security"": ""2"",
  ""Self-Respect"": ""1"",
  ""Reciprocation of Favors"": ""2"",
  ""Creativity"": ""1"",
  ""A World at Peace"": ""1"",
  ""Respect for Tradition"": ""2"",
  ""Mature Love"": ""1"",
  ""Self-Discipline"": ""2"",
  ""Detachment"": ""3"",
  ""Family Security"": ""1"",
  ""Social Recognition"": ""2"",
  ""Unity With Nature"": ""1"",
  ""A Varied Life"": ""3"",
  ""Wisdom"": ""1"",
  ""Authority"": ""4"","
708,Canada,Politics,4,"{
  ""Equality"": ""1"",
  ""Inner Harmony"": ""1"",
  ""Social Power"": ""4"",
  ""Pleasure"": ""2"",
  ""Freedom"": ""1"",
  ""A Spiritual Life"": ""1"",
  ""Sense of Belonging"": ""1"",
  ""Social Order"": ""2"",
  ""An Exciting Life"": ""2"",
  ""Meaning in Life"": ""1"",
  ""Politeness"": ""1"",
  ""Wealth"": ""3"",
  ""National Security"": ""2"",
  ""Self-Respect"": ""1"",
  ""Reciprocation of Favors"": ""1"",
  ""Creativity"": ""1"",
  ""A World at Peace"": ""1"",
  ""Respect for Tradition"": ""2"",
  ""Mature Love"": ""1"",
  ""Self-Discipline"": ""2"",
  ""Detachment"": ""3"",
  ""Family Security"": ""1"",
  ""Social Recognition"": ""2"",
  ""Unity With Nature"": ""2"",
  ""A Varied Life"": ""2"",
  ""Wisdom"": ""1"",
  ""Authority"": ""4"",
  ""True Friendship"": ""1"",
  ""A World of Beauty"":"
709,Canada,Politics,5,"{
  ""Equality"": ""2"",
  ""Inner Harmony"": ""2"",
  ""Social Power"": ""4"",
  ""Pleasure"": ""3"",
  ""Freedom"": ""1"",
  ""A Spiritual Life"": ""2"",
  ""Sense of Belonging"": ""2"",
  ""Social Order"": ""2"",
  ""An Exciting Life"": ""2"",
  ""Meaning in Life"": ""1"",
  ""Politeness"": ""1"",
  ""Wealth"": ""3"",
  ""National Security"": ""2"",
  ""Self-Respect"": ""1"",
  ""Reciprocation of Favors"": ""1"",
  ""Creativity"": ""2"",
  ""A World at Peace"": ""1"",
  ""Respect for Tradition"": ""2"",
  ""Mature Love"": ""2"",
  ""Self-Discipline"": ""2"",
  ""Detachment"": ""3"",
  ""Family Security"": ""2"",
  ""Social Recognition"": ""2"",
  ""Unity With Nature"": ""2"",
  ""A Varied Life"": ""2"",
  ""Wisdom"": ""1"",
  ""Authority"": ""4"",
  ""True Friendship"": ""2"",
  ""A World of Beauty"":"
710,Canada,Politics,6,"As a Canadian, I'll provide my responses based on the values that are commonly associated with Canadian culture and society. Here are my answers in JSON format:

```json
{
  ""Equality"": ""1"",
  ""Inner Harmony"": ""1"",
  ""Social Power"": ""3"",
  ""Pleasure"": ""2"",
  ""Freedom"": ""1"",
  ""A Spiritual Life"": ""2"",
  ""Sense of Belonging"": ""1"",
  ""Social Order"": ""2"",
  ""An Exciting Life"": ""2"",
  ""Meaning in Life"": ""1"",
  ""Politeness"": ""1"",
  ""Wealth"": ""3"",
  ""National Security"": ""2"",
  ""Self-Respect"": ""1"",
  ""Reciprocation of Favors"": ""2"",
  ""Creativity"": ""2"",
  ""A World at Peace"": ""1"",
  ""Respect for Tradition"": ""2"",
  ""Mature Love"": ""1"",
  ""Self-Discipline"": ""2"",
  ""Detachment"": ""3"",
  ""Family Security"": ""1"",
  ""Social Recognition"": ""2"",
  ""Unity With Nature"": ""2"",
  ""A Varied Life"
711,Canada,Politics,7,"As a Canadian, I'd rate the values as follows:

```json
{
  ""Equality"": ""2: like me"",
  ""Inner Harmony"": ""2: like me"",
  ""Social Power"": ""3: not like me"",
  ""Pleasure"": ""3: not like me"",
  ""Freedom"": ""2: like me"",
  ""A Spiritual Life"": ""2: like me"",
  ""Sense of Belonging"": ""2: like me"",
  ""Social Order"": ""2: like me"",
  ""An Exciting Life"": ""2: like me"",
  ""Meaning in Life"": ""2: like me"",
  ""Politeness"": ""2: like me"",
  ""Wealth"": ""3: not like me"",
  ""National Security"": ""2: like me"",
  ""Self-Respect"": ""2: like me"",
  ""Reciprocation of Favors"": ""2: like me"",
  ""Creativity"": ""2: like me"",
  ""A World at Peace"": ""2: like me"",
  ""Respect for Tradition"": ""2: like me"",
  ""Mature Love"": ""2: like me"",
  ""Self-Discipline"": """
712,Canada,Social Networks,0,"Here's my response as a Canadian:

```json
{
  ""Equality"": ""2"",
  ""Inner Harmony"": ""1"",
  ""Social Power"": ""4"",
  ""Pleasure"": ""2"",
  ""Freedom"": ""1"",
  ""A Spiritual Life"": ""2"",
  ""Sense of Belonging"": ""1"",
  ""Social Order"": ""2"",
  ""An Exciting Life"": ""2"",
  ""Meaning in Life"": ""1"",
  ""Politeness"": ""1"",
  ""Wealth"": ""3"",
  ""National Security"": ""2"",
  ""Self-Respect"": ""1"",
  ""Reciprocation of Favors"": ""1"",
  ""Creativity"": ""2"",
  ""A World at Peace"": ""1"",
  ""Respect for Tradition"": ""3"",
  ""Mature Love"": ""1"",
  ""Self-Discipline"": ""2"",
  ""Detachment"": ""3"",
  ""Family Security"": ""1"",
  ""Social Recognition"": ""2"",
  ""Unity With Nature"": ""2"",
  ""A Varied Life"": ""2"",
  ""Wisdom"": ""1"",
  ""Authority"": ""4"",
  ""True Friendship"
713,Canada,Social Networks,1,"As a Canadian, I'll provide my perspective on these values. Here's my response in JSON format:

```json
{
  ""Equality"": ""2: agree"",
  ""Inner Harmony"": ""2: agree"",
  ""Social Power"": ""4: strongly disagree"",
  ""Pleasure"": ""2: agree"",
  ""Freedom"": ""1: strongly agree"",
  ""A Spiritual Life"": ""2: agree"",
  ""Sense of Belonging"": ""2: agree"",
  ""Social Order"": ""2: agree"",
  ""An Exciting Life"": ""2: agree"",
  ""Meaning in Life"": ""1: strongly agree"",
  ""Politeness"": ""1: strongly agree"",
  ""Wealth"": ""3: disagree"",
  ""National Security"": ""2: agree"",
  ""Self-Respect"": ""1: strongly agree"",
  ""Reciprocation of Favors"": ""1: strongly agree"",
  ""Creativity"": ""2: agree"",
  ""A World at Peace"": ""1: strongly agree"",
  ""Respect for Tradition"": ""2: agree"",
  ""Mature Love"": ""1: strongly agree"",
  ""Self-Discipline"": ""2: agree"","
714,Canada,Social Networks,2,"As a Canadian, I'll provide my responses based on the values that align with the Canadian culture and societal norms. Here's my response in JSON format:

```json
{
  ""Equality"": ""1"",
  ""Inner Harmony"": ""2"",
  ""Social Power"": ""3"",
  ""Pleasure"": ""2"",
  ""Freedom"": ""1"",
  ""A Spiritual Life"": ""2"",
  ""Sense of Belonging"": ""1"",
  ""Social Order"": ""2"",
  ""An Exciting Life"": ""2"",
  ""Meaning in Life"": ""1"",
  ""Politeness"": ""1"",
  ""Wealth"": ""3"",
  ""National Security"": ""2"",
  ""Self-Respect"": ""1"",
  ""Reciprocation of Favors"": ""2"",
  ""Creativity"": ""2"",
  ""A World at Peace"": ""1"",
  ""Respect for Tradition"": ""2"",
  ""Mature Love"": ""1"",
  ""Self-Discipline"": ""2"",
  ""Detachment"": ""3"",
  ""Family Security"": ""1"",
  ""Social Recognition"": ""2"",
  ""Unity With Nature"": ""2"",
  ""A Varied Life"
715,Canada,Social Networks,3,"As a Canadian, I'd rate the values as follows:

```json
{
  ""Equality"": ""2"",
  ""Inner Harmony"": ""2"",
  ""Social Power"": ""4"",
  ""Pleasure"": ""3"",
  ""Freedom"": ""1"",
  ""A Spiritual Life"": ""2"",
  ""Sense of Belonging"": ""2"",
  ""Social Order"": ""3"",
  ""An Exciting Life"": ""2"",
  ""Meaning in Life"": ""1"",
  ""Politeness"": ""2"",
  ""Wealth"": ""3"",
  ""National Security"": ""2"",
  ""Self-Respect"": ""1"",
  ""Reciprocation of Favors"": ""2"",
  ""Creativity"": ""2"",
  ""A World at Peace"": ""1"",
  ""Respect for Tradition"": ""3"",
  ""Mature Love"": ""2"",
  ""Self-Discipline"": ""2"",
  ""Detachment"": ""3"",
  ""Family Security"": ""2"",
  ""Social Recognition"": ""2"",
  ""Unity With Nature"": ""2"",
  ""A Varied Life"": ""2"",
  ""Wisdom"": ""1"",
  ""Authority"": ""4"","
716,Canada,Social Networks,4,"{
  ""Equality"": ""2"",
  ""Inner Harmony"": ""2"",
  ""Social Power"": ""4"",
  ""Pleasure"": ""3"",
  ""Freedom"": ""2"",
  ""A Spiritual Life"": ""2"",
  ""Sense of Belonging"": ""2"",
  ""Social Order"": ""2"",
  ""An Exciting Life"": ""3"",
  ""Meaning in Life"": ""2"",
  ""Politeness"": ""2"",
  ""Wealth"": ""4"",
  ""National Security"": ""2"",
  ""Self-Respect"": ""2"",
  ""Reciprocation of Favors"": ""2"",
  ""Creativity"": ""2"",
  ""A World at Peace"": ""2"",
  ""Respect for Tradition"": ""2"",
  ""Mature Love"": ""2"",
  ""Self-Discipline"": ""2"",
  ""Detachment"": ""4"",
  ""Family Security"": ""2"",
  ""Social Recognition"": ""2"",
  ""Unity With Nature"": ""2"",
  ""A Varied Life"": ""3"",
  ""Wisdom"": ""2"",
  ""Authority"": ""4"",
  ""True Friendship"": ""2"",
  ""A World of Beauty"":"
717,Canada,Social Networks,5,"{
  ""Equality"": ""2"",
  ""Inner Harmony"": ""2"",
  ""Social Power"": ""4"",
  ""Pleasure"": ""2"",
  ""Freedom"": ""2"",
  ""A Spiritual Life"": ""2"",
  ""Sense of Belonging"": ""2"",
  ""Social Order"": ""2"",
  ""An Exciting Life"": ""2"",
  ""Meaning in Life"": ""2"",
  ""Politeness"": ""2"",
  ""Wealth"": ""3"",
  ""National Security"": ""2"",
  ""Self-Respect"": ""2"",
  ""Reciprocation of Favors"": ""2"",
  ""Creativity"": ""2"",
  ""A World at Peace"": ""2"",
  ""Respect for Tradition"": ""2"",
  ""Mature Love"": ""2"",
  ""Self-Discipline"": ""2"",
  ""Detachment"": ""3"",
  ""Family Security"": ""2"",
  ""Social Recognition"": ""2"",
  ""Unity With Nature"": ""2"",
  ""A Varied Life"": ""2"",
  ""Wisdom"": ""2"",
  ""Authority"": ""4"",
  ""True Friendship"": ""2"",
  ""A World of Beauty"":"
718,Canada,Social Networks,6,"```json
{
  ""Equality"": ""1"",
  ""Inner Harmony"": ""1"",
  ""Social Power"": ""3"",
  ""Pleasure"": ""2"",
  ""Freedom"": ""1"",
  ""A Spiritual Life"": ""1"",
  ""Sense of Belonging"": ""1"",
  ""Social Order"": ""2"",
  ""An Exciting Life"": ""2"",
  ""Meaning in Life"": ""1"",
  ""Politeness"": ""1"",
  ""Wealth"": ""3"",
  ""National Security"": ""2"",
  ""Self-Respect"": ""1"",
  ""Reciprocation of Favors"": ""1"",
  ""Creativity"": ""2"",
  ""A World at Peace"": ""1"",
  ""Respect for Tradition"": ""2"",
  ""Mature Love"": ""1"",
  ""Self-Discipline"": ""2"",
  ""Detachment"": ""2"",
  ""Family Security"": ""1"",
  ""Social Recognition"": ""2"",
  ""Unity With Nature"": ""1"",
  ""A Varied Life"": ""2"",
  ""Wisdom"": ""1"",
  ""Authority"": ""3"",
  ""True Friendship"": ""1"",
  ""A World"
719,Canada,Social Networks,7,"As a Canadian, I'd rate the values as follows:

```json
{
  ""Equality"": ""1"",
  ""Inner Harmony"": ""1"",
  ""Social Power"": ""4"",
  ""Pleasure"": ""3"",
  ""Freedom"": ""1"",
  ""A Spiritual Life"": ""2"",
  ""Sense of Belonging"": ""2"",
  ""Social Order"": ""2"",
  ""An Exciting Life"": ""2"",
  ""Meaning in Life"": ""1"",
  ""Politeness"": ""1"",
  ""Wealth"": ""3"",
  ""National Security"": ""2"",
  ""Self-Respect"": ""1"",
  ""Reciprocation of Favors"": ""2"",
  ""Creativity"": ""2"",
  ""A World at Peace"": ""1"",
  ""Respect for Tradition"": ""2"",
  ""Mature Love"": ""2"",
  ""Self-Discipline"": ""2"",
  ""Detachment"": ""3"",
  ""Family Security"": ""1"",
  ""Social Recognition"": ""2"",
  ""Unity With Nature"": ""2"",
  ""A Varied Life"": ""2"",
  ""Wisdom"": ""1"",
  ""Authority"": ""3"","
720,Canada,Social Inequality,0,"As a Canadian, I'll provide my perspective on each value in the context of social inequality. Here's my response in JSON format:

```json
{
  ""Equality"": ""2"",
  ""Inner Harmony"": ""2"",
  ""Social Power"": ""4"",
  ""Pleasure"": ""2"",
  ""Freedom"": ""2"",
  ""A Spiritual Life"": ""2"",
  ""Sense of Belonging"": ""2"",
  ""Social Order"": ""2"",
  ""An Exciting Life"": ""2"",
  ""Meaning in Life"": ""2"",
  ""Politeness"": ""2"",
  ""Wealth"": ""4"",
  ""National Security"": ""2"",
  ""Self-Respect"": ""2"",
  ""Reciprocation of Favors"": ""2"",
  ""Creativity"": ""2"",
  ""A World at Peace"": ""2"",
  ""Respect for Tradition"": ""2"",
  ""Mature Love"": ""2"",
  ""Self-Discipline"": ""2"",
  ""Detachment"": ""2"",
  ""Family Security"": ""2"",
  ""Social Recognition"": ""2"",
  ""Unity With Nature"": ""2"",
  ""A Varied Life"": ""2"","
721,Canada,Social Inequality,1,"As a Canadian, I'll provide my perspective on these values in the context of social inequality. Here's my response in JSON format:

```json
{
  ""Equality"": ""2: agree"",
  ""Inner Harmony"": ""2: agree"",
  ""Social Power"": ""4: strongly disagree"",
  ""Pleasure"": ""3: disagree"",
  ""Freedom"": ""2: agree"",
  ""A Spiritual Life"": ""2: agree"",
  ""Sense of Belonging"": ""2: agree"",
  ""Social Order"": ""2: agree"",
  ""An Exciting Life"": ""3: disagree"",
  ""Meaning in Life"": ""2: agree"",
  ""Politeness"": ""2: agree"",
  ""Wealth"": ""4: strongly disagree"",
  ""National Security"": ""2: agree"",
  ""Self-Respect"": ""2: agree"",
  ""Reciprocation of Favors"": ""2: agree"",
  ""Creativity"": ""2: agree"",
  ""A World at Peace"": ""2: agree"",
  ""Respect for Tradition"": ""3: disagree"",
  ""Mature Love"": ""2: agree"",
  ""Self-Discipline"": ""2: agree"","
722,Canada,Social Inequality,2,"As a Canadian, I'll provide my responses based on the values listed. Here's my assessment in JSON format:

```json
{
  ""Equality"": ""1"",
  ""Inner Harmony"": ""2"",
  ""Social Power"": ""3"",
  ""Pleasure"": ""2"",
  ""Freedom"": ""1"",
  ""A Spiritual Life"": ""2"",
  ""Sense of Belonging"": ""1"",
  ""Social Order"": ""2"",
  ""An Exciting Life"": ""2"",
  ""Meaning in Life"": ""1"",
  ""Politeness"": ""1"",
  ""Wealth"": ""3"",
  ""National Security"": ""2"",
  ""Self-Respect"": ""1"",
  ""Reciprocation of Favors"": ""2"",
  ""Creativity"": ""2"",
  ""A World at Peace"": ""1"",
  ""Respect for Tradition"": ""2"",
  ""Mature Love"": ""1"",
  ""Self-Discipline"": ""2"",
  ""Detachment"": ""3"",
  ""Family Security"": ""1"",
  ""Social Recognition"": ""2"",
  ""Unity With Nature"": ""2"",
  ""A Varied Life"": ""2"",
  ""Wisdom"
723,Canada,Social Inequality,3,"As a Canadian, I'll provide my responses based on the values that align with Canadian culture and societal norms. Here's my response in JSON format:

```json
{
  ""Equality"": ""2"",
  ""Inner Harmony"": ""2"",
  ""Social Power"": ""4"",
  ""Pleasure"": ""3"",
  ""Freedom"": ""2"",
  ""A Spiritual Life"": ""3"",
  ""Sense of Belonging"": ""2"",
  ""Social Order"": ""2"",
  ""An Exciting Life"": ""3"",
  ""Meaning in Life"": ""2"",
  ""Politeness"": ""2"",
  ""Wealth"": ""3"",
  ""National Security"": ""2"",
  ""Self-Respect"": ""2"",
  ""Reciprocation of Favors"": ""2"",
  ""Creativity"": ""2"",
  ""A World at Peace"": ""2"",
  ""Respect for Tradition"": ""2"",
  ""Mature Love"": ""2"",
  ""Self-Discipline"": ""2"",
  ""Detachment"": ""3"",
  ""Family Security"": ""2"",
  ""Social Recognition"": ""2"",
  ""Unity With Nature"": ""2"",
  ""A Varied Life"":"
724,Canada,Social Inequality,4,"{
  ""Equality"": ""2"",
  ""Inner Harmony"": ""2"",
  ""Social Power"": ""4"",
  ""Pleasure"": ""3"",
  ""Freedom"": ""2"",
  ""A Spiritual Life"": ""2"",
  ""Sense of Belonging"": ""2"",
  ""Social Order"": ""2"",
  ""An Exciting Life"": ""3"",
  ""Meaning in Life"": ""2"",
  ""Politeness"": ""2"",
  ""Wealth"": ""3"",
  ""National Security"": ""2"",
  ""Self-Respect"": ""2"",
  ""Reciprocation of Favors"": ""2"",
  ""Creativity"": ""2"",
  ""A World at Peace"": ""2"",
  ""Respect for Tradition"": ""2"",
  ""Mature Love"": ""2"",
  ""Self-Discipline"": ""2"",
  ""Detachment"": ""3"",
  ""Family Security"": ""2"",
  ""Social Recognition"": ""2"",
  ""Unity With Nature"": ""2"",
  ""A Varied Life"": ""3"",
  ""Wisdom"": ""2"",
  ""Authority"": ""4"",
  ""True Friendship"": ""2"",
  ""A World of Beauty"":"
725,Canada,Social Inequality,5,"{
  ""Equality"": ""2"",
  ""Inner Harmony"": ""2"",
  ""Social Power"": ""4"",
  ""Pleasure"": ""3"",
  ""Freedom"": ""2"",
  ""A Spiritual Life"": ""2"",
  ""Sense of Belonging"": ""2"",
  ""Social Order"": ""2"",
  ""An Exciting Life"": ""2"",
  ""Meaning in Life"": ""2"",
  ""Politeness"": ""2"",
  ""Wealth"": ""3"",
  ""National Security"": ""2"",
  ""Self-Respect"": ""2"",
  ""Reciprocation of Favors"": ""2"",
  ""Creativity"": ""2"",
  ""A World at Peace"": ""2"",
  ""Respect for Tradition"": ""2"",
  ""Mature Love"": ""2"",
  ""Self-Discipline"": ""2"",
  ""Detachment"": ""2"",
  ""Family Security"": ""2"",
  ""Social Recognition"": ""2"",
  ""Unity With Nature"": ""2"",
  ""A Varied Life"": ""2"",
  ""Wisdom"": ""2"",
  ""Authority"": ""4"",
  ""True Friendship"": ""2"",
  ""A World of Beauty"":"
726,Canada,Social Inequality,6,"As a Canadian, I'll provide my responses based on the values listed. Here's my answer in JSON format:

```json
{
  ""Equality"": ""1"",
  ""Inner Harmony"": ""2"",
  ""Social Power"": ""3"",
  ""Pleasure"": ""2"",
  ""Freedom"": ""1"",
  ""A Spiritual Life"": ""2"",
  ""Sense of Belonging"": ""1"",
  ""Social Order"": ""2"",
  ""An Exciting Life"": ""2"",
  ""Meaning in Life"": ""1"",
  ""Politeness"": ""1"",
  ""Wealth"": ""3"",
  ""National Security"": ""2"",
  ""Self-Respect"": ""1"",
  ""Reciprocation of Favors"": ""2"",
  ""Creativity"": ""2"",
  ""A World at Peace"": ""1"",
  ""Respect for Tradition"": ""2"",
  ""Mature Love"": ""1"",
  ""Self-Discipline"": ""2"",
  ""Detachment"": ""3"",
  ""Family Security"": ""1"",
  ""Social Recognition"": ""2"",
  ""Unity With Nature"": ""2"",
  ""A Varied Life"": ""2"",
  ""Wisdom"
727,Canada,Social Inequality,7,"As a Canadian, I'll provide my perspective on each value. Here's my response in JSON format:

```
{
  ""Equality"": ""2"",
  ""Inner Harmony"": ""2"",
  ""Social Power"": ""4"",
  ""Pleasure"": ""3"",
  ""Freedom"": ""2"",
  ""A Spiritual Life"": ""2"",
  ""Sense of Belonging"": ""2"",
  ""Social Order"": ""2"",
  ""An Exciting Life"": ""3"",
  ""Meaning in Life"": ""2"",
  ""Politeness"": ""2"",
  ""Wealth"": ""3"",
  ""National Security"": ""2"",
  ""Self-Respect"": ""2"",
  ""Reciprocation of Favors"": ""2"",
  ""Creativity"": ""2"",
  ""A World at Peace"": ""2"",
  ""Respect for Tradition"": ""2"",
  ""Mature Love"": ""2"",
  ""Self-Discipline"": ""2"",
  ""Detachment"": ""3"",
  ""Family Security"": ""2"",
  ""Social Recognition"": ""2"",
  ""Unity With Nature"": ""2"",
  ""A Varied Life"": ""3"",
  ""Wisdom"": ""2"
728,Canada,Family & Changing Gender Roles,0,"As a Canadian, I'll provide my perspective on these values in the context of Family & Changing Gender Roles. Here's my response in JSON format:

```json
{
  ""Equality"": ""1"",
  ""Inner Harmony"": ""1"",
  ""Social Power"": ""4"",
  ""Pleasure"": ""2"",
  ""Freedom"": ""1"",
  ""A Spiritual Life"": ""2"",
  ""Sense of Belonging"": ""1"",
  ""Social Order"": ""2"",
  ""An Exciting Life"": ""2"",
  ""Meaning in Life"": ""1"",
  ""Politeness"": ""1"",
  ""Wealth"": ""3"",
  ""National Security"": ""2"",
  ""Self-Respect"": ""1"",
  ""Reciprocation of Favors"": ""1"",
  ""Creativity"": ""2"",
  ""A World at Peace"": ""1"",
  ""Respect for Tradition"": ""3"",
  ""Mature Love"": ""1"",
  ""Self-Discipline"": ""2"",
  ""Detachment"": ""3"",
  ""Family Security"": ""1"",
  ""Social Recognition"": ""2"",
  ""Unity With Nature"": ""2"",
  ""A Varied Life"":"
729,Canada,Family & Changing Gender Roles,1,"As a Canadian, I'll provide my perspective on the values listed. Here's my response in JSON format:

```json
{
  ""Equality"": ""2: agree"",
  ""Inner Harmony"": ""2: agree"",
  ""Social Power"": ""4: strongly disagree"",
  ""Pleasure"": ""2: agree"",
  ""Freedom"": ""1: strongly agree"",
  ""A Spiritual Life"": ""2: agree"",
  ""Sense of Belonging"": ""2: agree"",
  ""Social Order"": ""2: agree"",
  ""An Exciting Life"": ""2: agree"",
  ""Meaning in Life"": ""2: agree"",
  ""Politeness"": ""2: agree"",
  ""Wealth"": ""3: disagree"",
  ""National Security"": ""2: agree"",
  ""Self-Respect"": ""1: strongly agree"",
  ""Reciprocation of Favors"": ""2: agree"",
  ""Creativity"": ""2: agree"",
  ""A World at Peace"": ""1: strongly agree"",
  ""Respect for Tradition"": ""3: disagree"",
  ""Mature Love"": ""2: agree"",
  ""Self-Discipline"": ""2: agree"",
  ""Detachment"
730,Canada,Family & Changing Gender Roles,2,"Here's my response as a Canadian:

```json
{
  ""Equality"": ""1"",
  ""Inner Harmony"": ""1"",
  ""Social Power"": ""3"",
  ""Pleasure"": ""2"",
  ""Freedom"": ""1"",
  ""A Spiritual Life"": ""2"",
  ""Sense of Belonging"": ""1"",
  ""Social Order"": ""2"",
  ""An Exciting Life"": ""2"",
  ""Meaning in Life"": ""1"",
  ""Politeness"": ""1"",
  ""Wealth"": ""2"",
  ""National Security"": ""2"",
  ""Self-Respect"": ""1"",
  ""Reciprocation of Favors"": ""2"",
  ""Creativity"": ""2"",
  ""A World at Peace"": ""1"",
  ""Respect for Tradition"": ""2"",
  ""Mature Love"": ""1"",
  ""Self-Discipline"": ""2"",
  ""Detachment"": ""2"",
  ""Family Security"": ""1"",
  ""Social Recognition"": ""2"",
  ""Unity With Nature"": ""2"",
  ""A Varied Life"": ""2"",
  ""Wisdom"": ""1"",
  ""Authority"": ""3"",
  ""True Friendship"
731,Canada,Family & Changing Gender Roles,3,"As a Canadian, I'll provide my responses based on the values that are commonly associated with Canadian culture and society. Here's my response in JSON format:

```json
{
  ""Equality"": ""2: like me"",
  ""Inner Harmony"": ""2: like me"",
  ""Social Power"": ""4: Not like me at all"",
  ""Pleasure"": ""3: not like me"",
  ""Freedom"": ""2: like me"",
  ""A Spiritual Life"": ""2: like me"",
  ""Sense of Belonging"": ""2: like me"",
  ""Social Order"": ""3: not like me"",
  ""An Exciting Life"": ""2: like me"",
  ""Meaning in Life"": ""2: like me"",
  ""Politeness"": ""2: like me"",
  ""Wealth"": ""3: not like me"",
  ""National Security"": ""2: like me"",
  ""Self-Respect"": ""2: like me"",
  ""Reciprocation of Favors"": ""2: like me"",
  ""Creativity"": ""2: like me"",
  ""A World at Peace"": ""2: like me"",
  ""Respect for Tradition"": ""3: not"
732,Canada,Family & Changing Gender Roles,4,"{
  ""Equality"": ""2"",
  ""Inner Harmony"": ""2"",
  ""Social Power"": ""4"",
  ""Pleasure"": ""2"",
  ""Freedom"": ""2"",
  ""A Spiritual Life"": ""2"",
  ""Sense of Belonging"": ""2"",
  ""Social Order"": ""2"",
  ""An Exciting Life"": ""2"",
  ""Meaning in Life"": ""2"",
  ""Politeness"": ""2"",
  ""Wealth"": ""3"",
  ""National Security"": ""2"",
  ""Self-Respect"": ""2"",
  ""Reciprocation of Favors"": ""2"",
  ""Creativity"": ""2"",
  ""A World at Peace"": ""2"",
  ""Respect for Tradition"": ""3"",
  ""Mature Love"": ""2"",
  ""Self-Discipline"": ""2"",
  ""Detachment"": ""3"",
  ""Family Security"": ""2"",
  ""Social Recognition"": ""2"",
  ""Unity With Nature"": ""2"",
  ""A Varied Life"": ""2"",
  ""Wisdom"": ""2"",
  ""Authority"": ""4"",
  ""True Friendship"": ""2"",
  ""A World of Beauty"":"
733,Canada,Family & Changing Gender Roles,5,"{
  ""Equality"": ""2: agree"",
  ""Inner Harmony"": ""2: agree"",
  ""Social Power"": ""4: strongly disagree"",
  ""Pleasure"": ""2: agree"",
  ""Freedom"": ""2: agree"",
  ""A Spiritual Life"": ""2: agree"",
  ""Sense of Belonging"": ""2: agree"",
  ""Social Order"": ""2: agree"",
  ""An Exciting Life"": ""2: agree"",
  ""Meaning in Life"": ""2: agree"",
  ""Politeness"": ""2: agree"",
  ""Wealth"": ""3: disagree"",
  ""National Security"": ""2: agree"",
  ""Self-Respect"": ""2: agree"",
  ""Reciprocation of Favors"": ""2: agree"",
  ""Creativity"": ""2: agree"",
  ""A World at Peace"": ""2: agree"",
  ""Respect for Tradition"": ""3: disagree"",
  ""Mature Love"": ""2: agree"",
  ""Self-Discipline"": ""2: agree"",
  ""Detachment"": ""3: disagree"",
  ""Family Security"": ""2: agree"",
  ""Social Recognition"": ""2: agree"",
  """
734,Canada,Family & Changing Gender Roles,6,"As a Canadian, I'll provide my responses based on the values listed. Here's my answer in JSON format:

```json
{
  ""Equality"": ""1"",
  ""Inner Harmony"": ""1"",
  ""Social Power"": ""3"",
  ""Pleasure"": ""2"",
  ""Freedom"": ""1"",
  ""A Spiritual Life"": ""2"",
  ""Sense of Belonging"": ""1"",
  ""Social Order"": ""2"",
  ""An Exciting Life"": ""2"",
  ""Meaning in Life"": ""1"",
  ""Politeness"": ""1"",
  ""Wealth"": ""3"",
  ""National Security"": ""2"",
  ""Self-Respect"": ""1"",
  ""Reciprocation of Favors"": ""2"",
  ""Creativity"": ""2"",
  ""A World at Peace"": ""1"",
  ""Respect for Tradition"": ""2"",
  ""Mature Love"": ""1"",
  ""Self-Discipline"": ""2"",
  ""Detachment"": ""3"",
  ""Family Security"": ""1"",
  ""Social Recognition"": ""2"",
  ""Unity With Nature"": ""2"",
  ""A Varied Life"": ""2"",
  ""Wisdom"
735,Canada,Family & Changing Gender Roles,7,"As a Canadian, I'll provide my responses based on the values that are commonly associated with Canadian culture and society. Here are my answers in JSON format:

```json
{
  ""Equality"": ""2: like me"",
  ""Inner Harmony"": ""2: like me"",
  ""Social Power"": ""4: Not like me at all"",
  ""Pleasure"": ""3: not like me"",
  ""Freedom"": ""2: like me"",
  ""A Spiritual Life"": ""2: like me"",
  ""Sense of Belonging"": ""2: like me"",
  ""Social Order"": ""3: not like me"",
  ""An Exciting Life"": ""2: like me"",
  ""Meaning in Life"": ""2: like me"",
  ""Politeness"": ""2: like me"",
  ""Wealth"": ""3: not like me"",
  ""National Security"": ""2: like me"",
  ""Self-Respect"": ""2: like me"",
  ""Reciprocation of Favors"": ""2: like me"",
  ""Creativity"": ""2: like me"",
  ""A World at Peace"": ""2: like me"",
  ""Respect for Tradition"": ""3: not"
736,Canada,Work Orientation,0,"As a Canadian, I'll provide my responses in the context of Work Orientation. Here's the JSON object with my answers:

```json
{
  ""Equality"": ""2"",
  ""Inner Harmony"": ""2"",
  ""Social Power"": ""4"",
  ""Pleasure"": ""2"",
  ""Freedom"": ""2"",
  ""A Spiritual Life"": ""2"",
  ""Sense of Belonging"": ""2"",
  ""Social Order"": ""2"",
  ""An Exciting Life"": ""2"",
  ""Meaning in Life"": ""2"",
  ""Politeness"": ""2"",
  ""Wealth"": ""3"",
  ""National Security"": ""2"",
  ""Self-Respect"": ""2"",
  ""Reciprocation of Favors"": ""2"",
  ""Creativity"": ""2"",
  ""A World at Peace"": ""2"",
  ""Respect for Tradition"": ""2"",
  ""Mature Love"": ""2"",
  ""Self-Discipline"": ""2"",
  ""Detachment"": ""3"",
  ""Family Security"": ""2"",
  ""Social Recognition"": ""2"",
  ""Unity With Nature"": ""2"",
  ""A Varied Life"": ""2"",
  """
737,Canada,Work Orientation,1,"As a Canadian, here's my response to the values in JSON format:

```json
{
  ""Equality"": ""2: agree"",
  ""Inner Harmony"": ""2: agree"",
  ""Social Power"": ""4: strongly disagree"",
  ""Pleasure"": ""2: agree"",
  ""Freedom"": ""1: strongly agree"",
  ""A Spiritual Life"": ""2: agree"",
  ""Sense of Belonging"": ""2: agree"",
  ""Social Order"": ""2: agree"",
  ""An Exciting Life"": ""2: agree"",
  ""Meaning in Life"": ""2: agree"",
  ""Politeness"": ""1: strongly agree"",
  ""Wealth"": ""3: disagree"",
  ""National Security"": ""2: agree"",
  ""Self-Respect"": ""1: strongly agree"",
  ""Reciprocation of Favors"": ""1: strongly agree"",
  ""Creativity"": ""2: agree"",
  ""A World at Peace"": ""1: strongly agree"",
  ""Respect for Tradition"": ""2: agree"",
  ""Mature Love"": ""2: agree"",
  ""Self-Discipline"": ""2: agree"",
  ""Detachment"": ""3: disagree"
738,Canada,Work Orientation,2,"As a Canadian, I'll provide my responses based on the values commonly associated with Canadian culture and society. Here's my response in JSON format:

```json
{
  ""Equality"": ""1"",
  ""Inner Harmony"": ""2"",
  ""Social Power"": ""4"",
  ""Pleasure"": ""3"",
  ""Freedom"": ""1"",
  ""A Spiritual Life"": ""2"",
  ""Sense of Belonging"": ""1"",
  ""Social Order"": ""2"",
  ""An Exciting Life"": ""2"",
  ""Meaning in Life"": ""1"",
  ""Politeness"": ""1"",
  ""Wealth"": ""3"",
  ""National Security"": ""2"",
  ""Self-Respect"": ""1"",
  ""Reciprocation of Favors"": ""2"",
  ""Creativity"": ""2"",
  ""A World at Peace"": ""1"",
  ""Respect for Tradition"": ""2"",
  ""Mature Love"": ""2"",
  ""Self-Discipline"": ""2"",
  ""Detachment"": ""3"",
  ""Family Security"": ""1"",
  ""Social Recognition"": ""2"",
  ""Unity With Nature"": ""2"",
  ""A Varied Life"": """
739,Canada,Work Orientation,3,"As a Canadian, I'll provide my responses based on the values that are commonly associated with Canadian culture. Here's my response in JSON format:

```json
{
  ""Equality"": ""2"",
  ""Inner Harmony"": ""2"",
  ""Social Power"": ""4"",
  ""Pleasure"": ""3"",
  ""Freedom"": ""1"",
  ""A Spiritual Life"": ""3"",
  ""Sense of Belonging"": ""1"",
  ""Social Order"": ""2"",
  ""An Exciting Life"": ""2"",
  ""Meaning in Life"": ""1"",
  ""Politeness"": ""1"",
  ""Wealth"": ""3"",
  ""National Security"": ""2"",
  ""Self-Respect"": ""1"",
  ""Reciprocation of Favors"": ""2"",
  ""Creativity"": ""2"",
  ""A World at Peace"": ""1"",
  ""Respect for Tradition"": ""2"",
  ""Mature Love"": ""2"",
  ""Self-Discipline"": ""3"",
  ""Detachment"": ""3"",
  ""Family Security"": ""1"",
  ""Social Recognition"": ""2"",
  ""Unity With Nature"": ""2"",
  ""A Varied Life"": """
740,Canada,Work Orientation,4,"{
  ""Equality"": ""2"",
  ""Inner Harmony"": ""2"",
  ""Social Power"": ""4"",
  ""Pleasure"": ""2"",
  ""Freedom"": ""2"",
  ""A Spiritual Life"": ""2"",
  ""Sense of Belonging"": ""2"",
  ""Social Order"": ""2"",
  ""An Exciting Life"": ""2"",
  ""Meaning in Life"": ""2"",
  ""Politeness"": ""2"",
  ""Wealth"": ""3"",
  ""National Security"": ""2"",
  ""Self-Respect"": ""2"",
  ""Reciprocation of Favors"": ""2"",
  ""Creativity"": ""2"",
  ""A World at Peace"": ""2"",
  ""Respect for Tradition"": ""2"",
  ""Mature Love"": ""2"",
  ""Self-Discipline"": ""2"",
  ""Detachment"": ""3"",
  ""Family Security"": ""2"",
  ""Social Recognition"": ""2"",
  ""Unity With Nature"": ""2"",
  ""A Varied Life"": ""2"",
  ""Wisdom"": ""2"",
  ""Authority"": ""4"",
  ""True Friendship"": ""2"",
  ""A World of Beauty"":"
741,Canada,Work Orientation,5,"{
  ""Equality"": ""2"",
  ""Inner Harmony"": ""2"",
  ""Social Power"": ""4"",
  ""Pleasure"": ""2"",
  ""Freedom"": ""2"",
  ""A Spiritual Life"": ""2"",
  ""Sense of Belonging"": ""2"",
  ""Social Order"": ""2"",
  ""An Exciting Life"": ""2"",
  ""Meaning in Life"": ""2"",
  ""Politeness"": ""2"",
  ""Wealth"": ""3"",
  ""National Security"": ""2"",
  ""Self-Respect"": ""2"",
  ""Reciprocation of Favors"": ""2"",
  ""Creativity"": ""2"",
  ""A World at Peace"": ""2"",
  ""Respect for Tradition"": ""2"",
  ""Mature Love"": ""2"",
  ""Self-Discipline"": ""2"",
  ""Detachment"": ""3"",
  ""Family Security"": ""2"",
  ""Social Recognition"": ""2"",
  ""Unity With Nature"": ""2"",
  ""A Varied Life"": ""2"",
  ""Wisdom"": ""2"",
  ""Authority"": ""4"",
  ""True Friendship"": ""2"",
  ""A World of Beauty"":"
742,Canada,Work Orientation,6,"As a Canadian, I'll rate each value based on my cultural background and personal preferences. Here's my response in JSON format:

```json
{
  ""Equality"": ""2"",
  ""Inner Harmony"": ""2"",
  ""Social Power"": ""3"",
  ""Pleasure"": ""2"",
  ""Freedom"": ""2"",
  ""A Spiritual Life"": ""2"",
  ""Sense of Belonging"": ""2"",
  ""Social Order"": ""2"",
  ""An Exciting Life"": ""2"",
  ""Meaning in Life"": ""2"",
  ""Politeness"": ""1"",
  ""Wealth"": ""3"",
  ""National Security"": ""2"",
  ""Self-Respect"": ""1"",
  ""Reciprocation of Favors"": ""2"",
  ""Creativity"": ""2"",
  ""A World at Peace"": ""1"",
  ""Respect for Tradition"": ""2"",
  ""Mature Love"": ""2"",
  ""Self-Discipline"": ""2"",
  ""Detachment"": ""3"",
  ""Family Security"": ""1"",
  ""Social Recognition"": ""2"",
  ""Unity With Nature"": ""2"",
  ""A Varied Life"": ""2"","
743,Canada,Work Orientation,7,"As a Canadian, I'd rate my agreement with each value as follows:

{
  ""Equality"": ""2"",
  ""Inner Harmony"": ""2"",
  ""Social Power"": ""4"",
  ""Pleasure"": ""3"",
  ""Freedom"": ""2"",
  ""A Spiritual Life"": ""3"",
  ""Sense of Belonging"": ""2"",
  ""Social Order"": ""2"",
  ""An Exciting Life"": ""3"",
  ""Meaning in Life"": ""2"",
  ""Politeness"": ""2"",
  ""Wealth"": ""3"",
  ""National Security"": ""2"",
  ""Self-Respect"": ""2"",
  ""Reciprocation of Favors"": ""2"",
  ""Creativity"": ""2"",
  ""A World at Peace"": ""2"",
  ""Respect for Tradition"": ""3"",
  ""Mature Love"": ""2"",
  ""Self-Discipline"": ""2"",
  ""Detachment"": ""3"",
  ""Family Security"": ""2"",
  ""Social Recognition"": ""2"",
  ""Unity With Nature"": ""2"",
  ""A Varied Life"": ""3"",
  ""Wisdom"": ""2"",
  ""Authority"": ""3"","
744,Canada,Religion,0,"As a Canadian, I'll provide my perspective on these values in the context of religion. Here's my response in JSON format:

```json
{
  ""Equality"": ""2"",
  ""Inner Harmony"": ""1"",
  ""Social Power"": ""4"",
  ""Pleasure"": ""3"",
  ""Freedom"": ""1"",
  ""A Spiritual Life"": ""1"",
  ""Sense of Belonging"": ""2"",
  ""Social Order"": ""2"",
  ""An Exciting Life"": ""3"",
  ""Meaning in Life"": ""1"",
  ""Politeness"": ""2"",
  ""Wealth"": ""3"",
  ""National Security"": ""2"",
  ""Self-Respect"": ""1"",
  ""Reciprocation of Favors"": ""2"",
  ""Creativity"": ""2"",
  ""A World at Peace"": ""1"",
  ""Respect for Tradition"": ""2"",
  ""Mature Love"": ""1"",
  ""Self-Discipline"": ""2"",
  ""Detachment"": ""3"",
  ""Family Security"": ""1"",
  ""Social Recognition"": ""2"",
  ""Unity With Nature"": ""2"",
  ""A Varied Life"": ""3"","
745,Canada,Religion,1,"As a Canadian, I'll provide my perspective on these values in the context of religion. Here's my response in JSON format:

```json
{
  ""Equality"": ""2: agree"",
  ""Inner Harmony"": ""1: strongly agree"",
  ""Social Power"": ""4: strongly disagree"",
  ""Pleasure"": ""3: disagree"",
  ""Freedom"": ""1: strongly agree"",
  ""A Spiritual Life"": ""1: strongly agree"",
  ""Sense of Belonging"": ""1: strongly agree"",
  ""Social Order"": ""2: agree"",
  ""An Exciting Life"": ""3: disagree"",
  ""Meaning in Life"": ""1: strongly agree"",
  ""Politeness"": ""1: strongly agree"",
  ""Wealth"": ""3: disagree"",
  ""National Security"": ""2: agree"",
  ""Self-Respect"": ""1: strongly agree"",
  ""Reciprocation of Favors"": ""1: strongly agree"",
  ""Creativity"": ""2: agree"",
  ""A World at Peace"": ""1: strongly agree"",
  ""Respect for Tradition"": ""2: agree"",
  ""Mature Love"": ""1: strongly agree"",
  ""Self-Disc"
746,Canada,Religion,2,"As a Canadian, I'll provide my responses based on general Canadian values and cultural norms. Here's my assessment in JSON format:

```json
{
  ""Equality"": ""1"",
  ""Inner Harmony"": ""1"",
  ""Social Power"": ""3"",
  ""Pleasure"": ""2"",
  ""Freedom"": ""1"",
  ""A Spiritual Life"": ""2"",
  ""Sense of Belonging"": ""1"",
  ""Social Order"": ""2"",
  ""An Exciting Life"": ""2"",
  ""Meaning in Life"": ""1"",
  ""Politeness"": ""1"",
  ""Wealth"": ""3"",
  ""National Security"": ""2"",
  ""Self-Respect"": ""1"",
  ""Reciprocation of Favors"": ""2"",
  ""Creativity"": ""2"",
  ""A World at Peace"": ""1"",
  ""Respect for Tradition"": ""2"",
  ""Mature Love"": ""1"",
  ""Self-Discipline"": ""2"",
  ""Detachment"": ""3"",
  ""Family Security"": ""1"",
  ""Social Recognition"": ""2"",
  ""Unity With Nature"": ""2"",
  ""A Varied Life"": ""2"","
747,Canada,Religion,3,"As a Canadian, I'll provide my responses based on general Canadian values and cultural norms. Here's my assessment in JSON format:

```json
{
  ""Equality"": ""2: like me"",
  ""Inner Harmony"": ""2: like me"",
  ""Social Power"": ""4: Not like me at all"",
  ""Pleasure"": ""3: not like me"",
  ""Freedom"": ""2: like me"",
  ""A Spiritual Life"": ""2: like me"",
  ""Sense of Belonging"": ""2: like me"",
  ""Social Order"": ""2: like me"",
  ""An Exciting Life"": ""3: not like me"",
  ""Meaning in Life"": ""2: like me"",
  ""Politeness"": ""2: like me"",
  ""Wealth"": ""3: not like me"",
  ""National Security"": ""2: like me"",
  ""Self-Respect"": ""2: like me"",
  ""Reciprocation of Favors"": ""2: like me"",
  ""Creativity"": ""2: like me"",
  ""A World at Peace"": ""2: like me"",
  ""Respect for Tradition"": ""3: not like me"",
  """
748,Canada,Religion,4,"As a Canadian, I'll provide my perspective on each value in the context of religion. Here's my response in JSON format:

```json
{
  ""Equality"": ""2"",
  ""Inner Harmony"": ""1"",
  ""Social Power"": ""4"",
  ""Pleasure"": ""3"",
  ""Freedom"": ""1"",
  ""A Spiritual Life"": ""1"",
  ""Sense of Belonging"": ""2"",
  ""Social Order"": ""2"",
  ""An Exciting Life"": ""3"",
  ""Meaning in Life"": ""1"",
  ""Politeness"": ""2"",
  ""Wealth"": ""3"",
  ""National Security"": ""2"",
  ""Self-Respect"": ""1"",
  ""Reciprocation of Favors"": ""2"",
  ""Creativity"": ""2"",
  ""A World at Peace"": ""1"",
  ""Respect for Tradition"": ""3"",
  ""Mature Love"": ""1"",
  ""Self-Discipline"": ""2"",
  ""Detachment"": ""3"",
  ""Family Security"": ""1"",
  ""Social Recognition"": ""2"",
  ""Unity With Nature"": ""2"",
  ""A Varied Life"": ""3"","
749,Canada,Religion,5,"As a Canadian, I'll provide my perspective on these values in the context of religion. Here's my response in JSON format:

```json
{
  ""Equality"": ""agree"",
  ""Inner Harmony"": ""agree"",
  ""Social Power"": ""disagree"",
  ""Pleasure"": ""disagree"",
  ""Freedom"": ""agree"",
  ""A Spiritual Life"": ""agree"",
  ""Sense of Belonging"": ""agree"",
  ""Social Order"": ""agree"",
  ""An Exciting Life"": ""disagree"",
  ""Meaning in Life"": ""agree"",
  ""Politeness"": ""agree"",
  ""Wealth"": ""disagree"",
  ""National Security"": ""agree"",
  ""Self-Respect"": ""agree"",
  ""Reciprocation of Favors"": ""agree"",
  ""Creativity"": ""agree"",
  ""A World at Peace"": ""agree"",
  ""Respect for Tradition"": ""agree"",
  ""Mature Love"": ""agree"",
  ""Self-Discipline"": ""agree"",
  ""Detachment"": ""disagree"",
  ""Family Security"": ""agree"",
  ""Social Recognition"": ""disagree"",
  ""Unity With Nature"": ""agree"",
  ""A Varied"
750,Canada,Religion,6,"As a Canadian, I'll provide my responses based on the values listed. Here's my answer in JSON format:

```json
{
  ""Equality"": ""1"",
  ""Inner Harmony"": ""1"",
  ""Social Power"": ""3"",
  ""Pleasure"": ""2"",
  ""Freedom"": ""1"",
  ""A Spiritual Life"": ""1"",
  ""Sense of Belonging"": ""1"",
  ""Social Order"": ""2"",
  ""An Exciting Life"": ""2"",
  ""Meaning in Life"": ""1"",
  ""Politeness"": ""1"",
  ""Wealth"": ""3"",
  ""National Security"": ""2"",
  ""Self-Respect"": ""1"",
  ""Reciprocation of Favors"": ""2"",
  ""Creativity"": ""2"",
  ""A World at Peace"": ""1"",
  ""Respect for Tradition"": ""2"",
  ""Mature Love"": ""1"",
  ""Self-Discipline"": ""2"",
  ""Detachment"": ""2"",
  ""Family Security"": ""1"",
  ""Social Recognition"": ""2"",
  ""Unity With Nature"": ""2"",
  ""A Varied Life"": ""2"",
  ""Wisdom"
751,Canada,Religion,7,"As a Canadian, I'll provide my responses based on general Canadian values and cultural norms. Here's my answer in JSON format:

```json
{
  ""Equality"": ""2"",
  ""Inner Harmony"": ""2"",
  ""Social Power"": ""4"",
  ""Pleasure"": ""3"",
  ""Freedom"": ""2"",
  ""A Spiritual Life"": ""2"",
  ""Sense of Belonging"": ""2"",
  ""Social Order"": ""2"",
  ""An Exciting Life"": ""3"",
  ""Meaning in Life"": ""2"",
  ""Politeness"": ""2"",
  ""Wealth"": ""3"",
  ""National Security"": ""2"",
  ""Self-Respect"": ""2"",
  ""Reciprocation of Favors"": ""2"",
  ""Creativity"": ""2"",
  ""A World at Peace"": ""2"",
  ""Respect for Tradition"": ""2"",
  ""Mature Love"": ""2"",
  ""Self-Discipline"": ""2"",
  ""Detachment"": ""3"",
  ""Family Security"": ""2"",
  ""Social Recognition"": ""2"",
  ""Unity With Nature"": ""2"",
  ""A Varied Life"": ""3"","
752,Canada,Environment,0,"As a Canadian, I'll provide my perspective on each value in the context of the environment. Here's my response in JSON format:

```json
{
  ""Equality"": ""2"",
  ""Inner Harmony"": ""2"",
  ""Social Power"": ""4"",
  ""Pleasure"": ""3"",
  ""Freedom"": ""2"",
  ""A Spiritual Life"": ""2"",
  ""Sense of Belonging"": ""2"",
  ""Social Order"": ""3"",
  ""An Exciting Life"": ""3"",
  ""Meaning in Life"": ""2"",
  ""Politeness"": ""2"",
  ""Wealth"": ""4"",
  ""National Security"": ""3"",
  ""Self-Respect"": ""2"",
  ""Reciprocation of Favors"": ""2"",
  ""Creativity"": ""2"",
  ""A World at Peace"": ""1"",
  ""Respect for Tradition"": ""3"",
  ""Mature Love"": ""2"",
  ""Self-Discipline"": ""2"",
  ""Detachment"": ""3"",
  ""Family Security"": ""2"",
  ""Social Recognition"": ""3"",
  ""Unity With Nature"": ""1"",
  ""A Varied Life"": ""3"","
753,Canada,Environment,1,"As a Canadian, I'd rate the importance of each value in the context of the environment as follows:

```json
{
  ""Equality"": ""3"",
  ""Inner Harmony"": ""3"",
  ""Social Power"": ""4"",
  ""Pleasure"": ""3"",
  ""Freedom"": ""2"",
  ""A Spiritual Life"": ""2"",
  ""Sense of Belonging"": ""2"",
  ""Social Order"": ""2"",
  ""An Exciting Life"": ""3"",
  ""Meaning in Life"": ""2"",
  ""Politeness"": ""2"",
  ""Wealth"": ""3"",
  ""National Security"": ""2"",
  ""Self-Respect"": ""2"",
  ""Reciprocation of Favors"": ""2"",
  ""Creativity"": ""2"",
  ""A World at Peace"": ""1"",
  ""Respect for Tradition"": ""2"",
  ""Mature Love"": ""2"",
  ""Self-Discipline"": ""2"",
  ""Detachment"": ""3"",
  ""Family Security"": ""2"",
  ""Social Recognition"": ""2"",
  ""Unity With Nature"": ""1"",
  ""A Varied Life"": ""3"",
  ""Wisdom"": """
754,Canada,Environment,2,"As a Canadian, I'll provide my responses based on the values that align with the Canadian culture and environmental values. Here's my response in JSON format:

```json
{
  ""Equality"": ""1"",
  ""Inner Harmony"": ""2"",
  ""Social Power"": ""4"",
  ""Pleasure"": ""3"",
  ""Freedom"": ""1"",
  ""A Spiritual Life"": ""2"",
  ""Sense of Belonging"": ""2"",
  ""Social Order"": ""3"",
  ""An Exciting Life"": ""2"",
  ""Meaning in Life"": ""1"",
  ""Politeness"": ""2"",
  ""Wealth"": ""3"",
  ""National Security"": ""2"",
  ""Self-Respect"": ""1"",
  ""Reciprocation of Favors"": ""2"",
  ""Creativity"": ""2"",
  ""A World at Peace"": ""1"",
  ""Respect for Tradition"": ""3"",
  ""Mature Love"": ""2"",
  ""Self-Discipline"": ""2"",
  ""Detachment"": ""3"",
  ""Family Security"": ""1"",
  ""Social Recognition"": ""2"",
  ""Unity With Nature"": ""1"",
  ""A Varied Life"
755,Canada,Environment,3,"As a Canadian, I'd rate my agreement with each value as follows:

```json
{
  ""Equality"": ""2: like me"",
  ""Inner Harmony"": ""2: like me"",
  ""Social Power"": ""3: not like me"",
  ""Pleasure"": ""2: like me"",
  ""Freedom"": ""2: like me"",
  ""A Spiritual Life"": ""2: like me"",
  ""Sense of Belonging"": ""2: like me"",
  ""Social Order"": ""2: like me"",
  ""An Exciting Life"": ""2: like me"",
  ""Meaning in Life"": ""2: like me"",
  ""Politeness"": ""2: like me"",
  ""Wealth"": ""3: not like me"",
  ""National Security"": ""2: like me"",
  ""Self-Respect"": ""2: like me"",
  ""Reciprocation of Favors"": ""2: like me"",
  ""Creativity"": ""2: like me"",
  ""A World at Peace"": ""2: like me"",
  ""Respect for Tradition"": ""2: like me"",
  ""Mature Love"": ""2: like me"",
  ""Self-Discipline"
756,Canada,Environment,4,"{
  ""Equality"": ""2"",
  ""Inner Harmony"": ""2"",
  ""Social Power"": ""4"",
  ""Pleasure"": ""3"",
  ""Freedom"": ""1"",
  ""A Spiritual Life"": ""2"",
  ""Sense of Belonging"": ""2"",
  ""Social Order"": ""2"",
  ""An Exciting Life"": ""2"",
  ""Meaning in Life"": ""1"",
  ""Politeness"": ""2"",
  ""Wealth"": ""4"",
  ""National Security"": ""2"",
  ""Self-Respect"": ""1"",
  ""Reciprocation of Favors"": ""2"",
  ""Creativity"": ""2"",
  ""A World at Peace"": ""1"",
  ""Respect for Tradition"": ""3"",
  ""Mature Love"": ""2"",
  ""Self-Discipline"": ""2"",
  ""Detachment"": ""4"",
  ""Family Security"": ""1"",
  ""Social Recognition"": ""2"",
  ""Unity With Nature"": ""1"",
  ""A Varied Life"": ""2"",
  ""Wisdom"": ""1"",
  ""Authority"": ""4"",
  ""True Friendship"": ""1"",
  ""A World of Beauty"":"
757,Canada,Environment,5,"{
  ""Equality"": ""strongly agree"",
  ""Inner Harmony"": ""strongly agree"",
  ""Social Power"": ""strongly disagree"",
  ""Pleasure"": ""agree"",
  ""Freedom"": ""strongly agree"",
  ""A Spiritual Life"": ""agree"",
  ""Sense of Belonging"": ""strongly agree"",
  ""Social Order"": ""agree"",
  ""An Exciting Life"": ""agree"",
  ""Meaning in Life"": ""strongly agree"",
  ""Politeness"": ""strongly agree"",
  ""Wealth"": ""disagree"",
  ""National Security"": ""agree"",
  ""Self-Respect"": ""strongly agree"",
  ""Reciprocation of Favors"": ""agree"",
  ""Creativity"": ""strongly agree"",
  ""A World at Peace"": ""strongly agree"",
  ""Respect for Tradition"": ""agree"",
  ""Mature Love"": ""strongly agree"",
  ""Self-Discipline"": ""agree"",
  ""Detachment"": ""disagree"",
  ""Family Security"": ""strongly agree"",
  ""Social Recognition"": ""agree"",
  ""Unity With Nature"": ""strongly agree"",
  ""A Varied Life"": ""agree"",
  """
758,Canada,Environment,6,"As a Canadian, I'll provide my responses based on the values that align with the Canadian culture and environmental concerns. Here's my answer in JSON format:

```json
{
  ""Equality"": ""1"",
  ""Inner Harmony"": ""2"",
  ""Social Power"": ""3"",
  ""Pleasure"": ""3"",
  ""Freedom"": ""1"",
  ""A Spiritual Life"": ""2"",
  ""Sense of Belonging"": ""2"",
  ""Social Order"": ""2"",
  ""An Exciting Life"": ""2"",
  ""Meaning in Life"": ""1"",
  ""Politeness"": ""1"",
  ""Wealth"": ""3"",
  ""National Security"": ""2"",
  ""Self-Respect"": ""1"",
  ""Reciprocation of Favors"": ""2"",
  ""Creativity"": ""2"",
  ""A World at Peace"": ""1"",
  ""Respect for Tradition"": ""2"",
  ""Mature Love"": ""2"",
  ""Self-Discipline"": ""2"",
  ""Detachment"": ""3"",
  ""Family Security"": ""1"",
  ""Social Recognition"": ""2"",
  ""Unity With Nature"": ""1"",
  ""A Varied Life"
759,Canada,Environment,7,"As a Canadian, I'd rate my agreement with each value as follows:

{
  ""Equality"": ""2"",
  ""Inner Harmony"": ""2"",
  ""Social Power"": ""4"",
  ""Pleasure"": ""3"",
  ""Freedom"": ""2"",
  ""A Spiritual Life"": ""2"",
  ""Sense of Belonging"": ""2"",
  ""Social Order"": ""2"",
  ""An Exciting Life"": ""3"",
  ""Meaning in Life"": ""2"",
  ""Politeness"": ""2"",
  ""Wealth"": ""3"",
  ""National Security"": ""2"",
  ""Self-Respect"": ""2"",
  ""Reciprocation of Favors"": ""2"",
  ""Creativity"": ""2"",
  ""A World at Peace"": ""2"",
  ""Respect for Tradition"": ""2"",
  ""Mature Love"": ""2"",
  ""Self-Discipline"": ""2"",
  ""Detachment"": ""3"",
  ""Family Security"": ""2"",
  ""Social Recognition"": ""2"",
  ""Unity With Nature"": ""2"",
  ""A Varied Life"": ""2"",
  ""Wisdom"": ""2"",
  ""Authority"": ""3"","
760,Canada,National Identity,0,"```json
{
  ""Equality"": ""2"",
  ""Inner Harmony"": ""2"",
  ""Social Power"": ""4"",
  ""Pleasure"": ""3"",
  ""Freedom"": ""1"",
  ""A Spiritual Life"": ""2"",
  ""Sense of Belonging"": ""1"",
  ""Social Order"": ""2"",
  ""An Exciting Life"": ""3"",
  ""Meaning in Life"": ""1"",
  ""Politeness"": ""1"",
  ""Wealth"": ""3"",
  ""National Security"": ""1"",
  ""Self-Respect"": ""1"",
  ""Reciprocation of Favors"": ""2"",
  ""Creativity"": ""2"",
  ""A World at Peace"": ""1"",
  ""Respect for Tradition"": ""2"",
  ""Mature Love"": ""1"",
  ""Self-Discipline"": ""2"",
  ""Detachment"": ""3"",
  ""Family Security"": ""1"",
  ""Social Recognition"": ""2"",
  ""Unity With Nature"": ""2"",
  ""A Varied Life"": ""3"",
  ""Wisdom"": ""1"",
  ""Authority"": ""4"",
  ""True Friendship"": ""1"",
  ""A World"
761,Canada,National Identity,1,"As a Canadian, I'd rate the importance of each value in our national identity as follows:

```json
{
  ""Equality"": ""1"",
  ""Inner Harmony"": ""2"",
  ""Social Power"": ""4"",
  ""Pleasure"": ""3"",
  ""Freedom"": ""1"",
  ""A Spiritual Life"": ""2"",
  ""Sense of Belonging"": ""1"",
  ""Social Order"": ""2"",
  ""An Exciting Life"": ""2"",
  ""Meaning in Life"": ""1"",
  ""Politeness"": ""1"",
  ""Wealth"": ""3"",
  ""National Security"": ""1"",
  ""Self-Respect"": ""1"",
  ""Reciprocation of Favors"": ""1"",
  ""Creativity"": ""2"",
  ""A World at Peace"": ""1"",
  ""Respect for Tradition"": ""2"",
  ""Mature Love"": ""2"",
  ""Self-Discipline"": ""2"",
  ""Detachment"": ""3"",
  ""Family Security"": ""1"",
  ""Social Recognition"": ""2"",
  ""Unity With Nature"": ""2"",
  ""A Varied Life"": ""2"",
  ""Wisdom"": ""1"","
762,Canada,National Identity,2,"As a Canadian, I'd rate the values based on our national identity and cultural norms. Here's my response in JSON format:

```json
{
  ""Equality"": ""1"",
  ""Inner Harmony"": ""2"",
  ""Social Power"": ""4"",
  ""Pleasure"": ""2"",
  ""Freedom"": ""1"",
  ""A Spiritual Life"": ""2"",
  ""Sense of Belonging"": ""1"",
  ""Social Order"": ""2"",
  ""An Exciting Life"": ""2"",
  ""Meaning in Life"": ""1"",
  ""Politeness"": ""1"",
  ""Wealth"": ""3"",
  ""National Security"": ""1"",
  ""Self-Respect"": ""1"",
  ""Reciprocation of Favors"": ""2"",
  ""Creativity"": ""2"",
  ""A World at Peace"": ""1"",
  ""Respect for Tradition"": ""2"",
  ""Mature Love"": ""1"",
  ""Self-Discipline"": ""2"",
  ""Detachment"": ""3"",
  ""Family Security"": ""1"",
  ""Social Recognition"": ""2"",
  ""Unity With Nature"": ""2"",
  ""A Varied Life"": ""2"","
763,Canada,National Identity,3,"As a Canadian, I'd rate my values as follows:

```json
{
  ""Equality"": ""2: like me"",
  ""Inner Harmony"": ""2: like me"",
  ""Pleasure"": ""3: not like me"",
  ""Freedom"": ""1: very much like me"",
  ""A Spiritual Life"": ""3: not like me"",
  ""Sense of Belonging"": ""1: very much like me"",
  ""Social Order"": ""2: like me"",
  ""An Exciting Life"": ""2: like me"",
  ""Meaning in Life"": ""2: like me"",
  ""Politeness"": ""2: like me"",
  ""Wealth"": ""3: not like me"",
  ""National Security"": ""2: like me"",
  ""Self-Respect"": ""1: very much like me"",
  ""Reciprocation of Favors"": ""2: like me"",
  ""Creativity"": ""2: like me"",
  ""A World at Peace"": ""1: very much like me"",
  ""Respect for Tradition"": ""2: like me"",
  ""Mature Love"": ""2: like me"",
  ""Self-Discipline"": ""2: like"
764,Canada,National Identity,4,"{
  ""Equality"": ""2"",
  ""Inner Harmony"": ""2"",
  ""Social Power"": ""4"",
  ""Pleasure"": ""3"",
  ""Freedom"": ""1"",
  ""A Spiritual Life"": ""2"",
  ""Sense of Belonging"": ""1"",
  ""Social Order"": ""2"",
  ""An Exciting Life"": ""2"",
  ""Meaning in Life"": ""1"",
  ""Politeness"": ""1"",
  ""Wealth"": ""3"",
  ""National Security"": ""1"",
  ""Self-Respect"": ""1"",
  ""Reciprocation of Favors"": ""2"",
  ""Creativity"": ""2"",
  ""A World at Peace"": ""1"",
  ""Respect for Tradition"": ""2"",
  ""Mature Love"": ""2"",
  ""Self-Discipline"": ""2"",
  ""Detachment"": ""3"",
  ""Family Security"": ""1"",
  ""Social Recognition"": ""2"",
  ""Unity With Nature"": ""2"",
  ""A Varied Life"": ""2"",
  ""Wisdom"": ""1"",
  ""Authority"": ""4"",
  ""True Friendship"": ""1"",
  ""A World of Beauty"":"
765,Canada,National Identity,5,"{
  ""Equality"": ""2"",
  ""Inner Harmony"": ""2"",
  ""Social Power"": ""4"",
  ""Pleasure"": ""3"",
  ""Freedom"": ""1"",
  ""A Spiritual Life"": ""2"",
  ""Sense of Belonging"": ""2"",
  ""Social Order"": ""2"",
  ""An Exciting Life"": ""2"",
  ""Meaning in Life"": ""2"",
  ""Politeness"": ""1"",
  ""Wealth"": ""3"",
  ""National Security"": ""1"",
  ""Self-Respect"": ""1"",
  ""Reciprocation of Favors"": ""1"",
  ""Creativity"": ""2"",
  ""A World at Peace"": ""1"",
  ""Respect for Tradition"": ""2"",
  ""Mature Love"": ""2"",
  ""Self-Discipline"": ""2"",
  ""Detachment"": ""3"",
  ""Family Security"": ""1"",
  ""Social Recognition"": ""2"",
  ""Unity With Nature"": ""2"",
  ""A Varied Life"": ""2"",
  ""Wisdom"": ""2"",
  ""Authority"": ""4"",
  ""True Friendship"": ""2"",
  ""A World of Beauty"":"
766,Canada,National Identity,6,"```json
{
  ""Equality"": ""1"",
  ""Inner Harmony"": ""1"",
  ""Social Power"": ""3"",
  ""Pleasure"": ""2"",
  ""Freedom"": ""1"",
  ""A Spiritual Life"": ""2"",
  ""Sense of Belonging"": ""1"",
  ""Social Order"": ""2"",
  ""An Exciting Life"": ""2"",
  ""Meaning in Life"": ""1"",
  ""Politeness"": ""1"",
  ""Wealth"": ""3"",
  ""National Security"": ""1"",
  ""Self-Respect"": ""1"",
  ""Reciprocation of Favors"": ""2"",
  ""Creativity"": ""2"",
  ""A World at Peace"": ""1"",
  ""Respect for Tradition"": ""2"",
  ""Mature Love"": ""2"",
  ""Self-Discipline"": ""2"",
  ""Detachment"": ""3"",
  ""Family Security"": ""1"",
  ""Social Recognition"": ""2"",
  ""Unity With Nature"": ""2"",
  ""A Varied Life"": ""2"",
  ""Wisdom"": ""1"",
  ""Authority"": ""3"",
  ""True Friendship"": ""1"",
  ""A World"
767,Canada,National Identity,7,"As a Canadian, I'd rate my agreement with each value as follows:

{
  ""Equality"": ""2"",
  ""Inner Harmony"": ""2"",
  ""Social Power"": ""4"",
  ""Pleasure"": ""2"",
  ""Freedom"": ""2"",
  ""A Spiritual Life"": ""2"",
  ""Sense of Belonging"": ""2"",
  ""Social Order"": ""2"",
  ""An Exciting Life"": ""2"",
  ""Meaning in Life"": ""2"",
  ""Politeness"": ""2"",
  ""Wealth"": ""3"",
  ""National Security"": ""2"",
  ""Self-Respect"": ""2"",
  ""Reciprocation of Favors"": ""2"",
  ""Creativity"": ""2"",
  ""A World at Peace"": ""2"",
  ""Respect for Tradition"": ""2"",
  ""Mature Love"": ""2"",
  ""Self-Discipline"": ""2"",
  ""Detachment"": ""3"",
  ""Family Security"": ""2"",
  ""Social Recognition"": ""2"",
  ""Unity With Nature"": ""2"",
  ""A Varied Life"": ""2"",
  ""Wisdom"": ""2"",
  ""Authority"": ""3"","
768,Canada,Citizenship,0,"As a Canadian, I'll provide my responses to the values listed. Here's the JSON output:

```json
{
  ""Equality"": ""2"",
  ""Inner Harmony"": ""2"",
  ""Social Power"": ""4"",
  ""Pleasure"": ""2"",
  ""Freedom"": ""1"",
  ""A Spiritual Life"": ""2"",
  ""Sense of Belonging"": ""1"",
  ""Social Order"": ""2"",
  ""An Exciting Life"": ""2"",
  ""Meaning in Life"": ""1"",
  ""Politeness"": ""1"",
  ""Wealth"": ""3"",
  ""National Security"": ""2"",
  ""Self-Respect"": ""1"",
  ""Reciprocation of Favors"": ""1"",
  ""Creativity"": ""2"",
  ""A World at Peace"": ""1"",
  ""Respect for Tradition"": ""2"",
  ""Mature Love"": ""1"",
  ""Self-Discipline"": ""2"",
  ""Detachment"": ""3"",
  ""Family Security"": ""1"",
  ""Social Recognition"": ""2"",
  ""Unity With Nature"": ""2"",
  ""A Varied Life"": ""2"",
  ""Wisdom"": ""1"
769,Canada,Citizenship,1,"As a Canadian, I'll provide my perspective on these values. Here's my response in JSON format:

```json
{
  ""Equality"": ""2: agree"",
  ""Inner Harmony"": ""1: strongly agree"",
  ""Social Power"": ""4: strongly disagree"",
  ""Pleasure"": ""3: disagree"",
  ""Freedom"": ""1: strongly agree"",
  ""A Spiritual Life"": ""2: agree"",
  ""Sense of Belonging"": ""1: strongly agree"",
  ""Social Order"": ""2: agree"",
  ""An Exciting Life"": ""3: disagree"",
  ""Meaning in Life"": ""1: strongly agree"",
  ""Politeness"": ""1: strongly agree"",
  ""Wealth"": ""3: disagree"",
  ""National Security"": ""2: agree"",
  ""Self-Respect"": ""1: strongly agree"",
  ""Reciprocation of Favors"": ""1: strongly agree"",
  ""Creativity"": ""1: strongly agree"",
  ""A World at Peace"": ""1: strongly agree"",
  ""Respect for Tradition"": ""2: agree"",
  ""Mature Love"": ""1: strongly agree"",
  ""Self-Discipline"": ""2:"
770,Canada,Citizenship,2,"As a Canadian, I'll rate each value based on how much I agree or disagree with it. Here's the JSON response:

```json
{
  ""Equality"": ""1"",
  ""Inner Harmony"": ""1"",
  ""Social Power"": ""3"",
  ""Pleasure"": ""2"",
  ""Freedom"": ""1"",
  ""A Spiritual Life"": ""2"",
  ""Sense of Belonging"": ""1"",
  ""Social Order"": ""2"",
  ""An Exciting Life"": ""2"",
  ""Meaning in Life"": ""1"",
  ""Politeness"": ""1"",
  ""Wealth"": ""2"",
  ""National Security"": ""1"",
  ""Self-Respect"": ""1"",
  ""Reciprocation of Favors"": ""2"",
  ""Creativity"": ""1"",
  ""A World at Peace"": ""1"",
  ""Respect for Tradition"": ""2"",
  ""Mature Love"": ""1"",
  ""Self-Discipline"": ""2"",
  ""Detachment"": ""2"",
  ""Family Security"": ""1"",
  ""Social Recognition"": ""2"",
  ""Unity With Nature"": ""1"",
  ""A Varied Life"": ""2"","
771,Canada,Citizenship,3,"As a Canadian, I'd rate the values as follows:

```json
{
  ""Equality"": ""2: like me"",
  ""Inner Harmony"": ""2: like me"",
  ""Social Power"": ""3: not like me"",
  ""Pleasure"": ""3: not like me"",
  ""Freedom"": ""1: very much like me"",
  ""A Spiritual Life"": ""2: like me"",
  ""Sense of Belonging"": ""2: like me"",
  ""Social Order"": ""2: like me"",
  ""An Exciting Life"": ""2: like me"",
  ""Meaning in Life"": ""2: like me"",
  ""Politeness"": ""2: like me"",
  ""Wealth"": ""3: not like me"",
  ""National Security"": ""2: like me"",
  ""Self-Respect"": ""1: very much like me"",
  ""Reciprocation of Favors"": ""2: like me"",
  ""Creativity"": ""2: like me"",
  ""A World at Peace"": ""1: very much like me"",
  ""Respect for Tradition"": ""2: like me"",
  ""Mature Love"": ""2: like me"",
  """
772,Canada,Citizenship,4,"{
  ""Equality"": ""2"",
  ""Inner Harmony"": ""2"",
  ""Social Power"": ""4"",
  ""Pleasure"": ""2"",
  ""Freedom"": ""1"",
  ""A Spiritual Life"": ""2"",
  ""Sense of Belonging"": ""1"",
  ""Social Order"": ""2"",
  ""An Exciting Life"": ""2"",
  ""Meaning in Life"": ""1"",
  ""Politeness"": ""1"",
  ""Wealth"": ""2"",
  ""National Security"": ""1"",
  ""Self-Respect"": ""1"",
  ""Reciprocation of Favors"": ""1"",
  ""Creativity"": ""2"",
  ""A World at Peace"": ""1"",
  ""Respect for Tradition"": ""2"",
  ""Mature Love"": ""1"",
  ""Self-Discipline"": ""2"",
  ""Detachment"": ""2"",
  ""Family Security"": ""1"",
  ""Social Recognition"": ""2"",
  ""Unity With Nature"": ""2"",
  ""A Varied Life"": ""2"",
  ""Wisdom"": ""1"",
  ""Authority"": ""4"",
  ""True Friendship"": ""1"",
  ""A World of Beauty"":"
773,Canada,Citizenship,5,"{
  ""Equality"": ""2"",
  ""Inner Harmony"": ""1"",
  ""Social Power"": ""4"",
  ""Pleasure"": ""3"",
  ""Freedom"": ""1"",
  ""A Spiritual Life"": ""2"",
  ""Sense of Belonging"": ""1"",
  ""Social Order"": ""2"",
  ""An Exciting Life"": ""2"",
  ""Meaning in Life"": ""1"",
  ""Politeness"": ""1"",
  ""Wealth"": ""3"",
  ""National Security"": ""2"",
  ""Self-Respect"": ""1"",
  ""Reciprocation of Favors"": ""1"",
  ""Creativity"": ""2"",
  ""A World at Peace"": ""1"",
  ""Respect for Tradition"": ""2"",
  ""Mature Love"": ""1"",
  ""Self-Discipline"": ""2"",
  ""Detachment"": ""3"",
  ""Family Security"": ""1"",
  ""Social Recognition"": ""2"",
  ""Unity With Nature"": ""2"",
  ""A Varied Life"": ""2"",
  ""Wisdom"": ""1"",
  ""Authority"": ""4"",
  ""True Friendship"": ""1"",
  ""A World of Beauty"":"
774,Canada,Citizenship,6,"As a Canadian, I'd rate the values based on the Canadian culture and values. Here's my response in JSON format:

```json
{
  ""Equality"": ""1"",
  ""Inner Harmony"": ""2"",
  ""Social Power"": ""3"",
  ""Pleasure"": ""2"",
  ""Freedom"": ""1"",
  ""A Spiritual Life"": ""2"",
  ""Sense of Belonging"": ""1"",
  ""Social Order"": ""2"",
  ""An Exciting Life"": ""2"",
  ""Meaning in Life"": ""1"",
  ""Politeness"": ""1"",
  ""Wealth"": ""3"",
  ""National Security"": ""2"",
  ""Self-Respect"": ""1"",
  ""Reciprocation of Favors"": ""2"",
  ""Creativity"": ""2"",
  ""A World at Peace"": ""1"",
  ""Respect for Tradition"": ""2"",
  ""Mature Love"": ""1"",
  ""Self-Discipline"": ""2"",
  ""Detachment"": ""3"",
  ""Family Security"": ""1"",
  ""Social Recognition"": ""2"",
  ""Unity With Nature"": ""2"",
  ""A Varied Life"": ""2"",
  """
775,Canada,Citizenship,7,"As a Canadian, I would rate the values as follows:

{
  ""Equality"": ""2: like me"",
  ""Inner Harmony"": ""2: like me"",
  ""Social Power"": ""3: not like me"",
  ""Pleasure"": ""2: like me"",
  ""Freedom"": ""2: like me"",
  ""A Spiritual Life"": ""2: like me"",
  ""Sense of Belonging"": ""2: like me"",
  ""Social Order"": ""2: like me"",
  ""An Exciting Life"": ""2: like me"",
  ""Meaning in Life"": ""2: like me"",
  ""Politeness"": ""2: like me"",
  ""Wealth"": ""3: not like me"",
  ""National Security"": ""2: like me"",
  ""Self-Respect"": ""2: like me"",
  ""Reciprocation of Favors"": ""2: like me"",
  ""Creativity"": ""2: like me"",
  ""A World at Peace"": ""2: like me"",
  ""Respect for Tradition"": ""2: like me"",
  ""Mature Love"": ""2: like me"",
  ""Self-Discipline"": ""2: like me"
776,Canada,Leisure Time and Sports,0,"As a Canadian, here's how I would rate each value in the context of leisure time and sports:

```json
{
  ""Equality"": ""2"",
  ""Inner Harmony"": ""1"",
  ""Social Power"": ""4"",
  ""Pleasure"": ""2"",
  ""Freedom"": ""1"",
  ""A Spiritual Life"": ""2"",
  ""Sense of Belonging"": ""1"",
  ""Social Order"": ""2"",
  ""An Exciting Life"": ""1"",
  ""Meaning in Life"": ""1"",
  ""Politeness"": ""1"",
  ""Wealth"": ""3"",
  ""National Security"": ""2"",
  ""Self-Respect"": ""1"",
  ""Reciprocation of Favors"": ""2"",
  ""Creativity"": ""1"",
  ""A World at Peace"": ""1"",
  ""Respect for Tradition"": ""2"",
  ""Mature Love"": ""1"",
  ""Self-Discipline"": ""2"",
  ""Detachment"": ""3"",
  ""Family Security"": ""1"",
  ""Social Recognition"": ""2"",
  ""Unity With Nature"": ""1"",
  ""A Varied Life"": ""1"",
  ""Wisdom"": """
777,Canada,Leisure Time and Sports,1,"As a Canadian, here's how I'd rate each value in the context of leisure time and sports:

```json
{
  ""Equality"": ""3"",
  ""Inner Harmony"": ""2"",
  ""Social Power"": ""4"",
  ""Pleasure"": ""2"",
  ""Freedom"": ""1"",
  ""A Spiritual Life"": ""3"",
  ""Sense of Belonging"": ""2"",
  ""Social Order"": ""3"",
  ""An Exciting Life"": ""1"",
  ""Meaning in Life"": ""2"",
  ""Politeness"": ""2"",
  ""Wealth"": ""3"",
  ""National Security"": ""3"",
  ""Self-Respect"": ""2"",
  ""Reciprocation of Favors"": ""2"",
  ""Creativity"": ""1"",
  ""A World at Peace"": ""1"",
  ""Respect for Tradition"": ""2"",
  ""Mature Love"": ""2"",
  ""Self-Discipline"": ""3"",
  ""Detachment"": ""3"",
  ""Family Security"": ""2"",
  ""Social Recognition"": ""2"",
  ""Unity With Nature"": ""2"",
  ""A Varied Life"": ""1"",
  ""Wisdom"": """
778,Canada,Leisure Time and Sports,2,"As a Canadian, I'll rate each value based on how much I agree or disagree with it in the context of leisure time and sports. Here's my response in JSON format:

```json
{
  ""Equality"": ""1"",
  ""Inner Harmony"": ""1"",
  ""Social Power"": ""3"",
  ""Pleasure"": ""2"",
  ""Freedom"": ""1"",
  ""A Spiritual Life"": ""2"",
  ""Sense of Belonging"": ""1"",
  ""Social Order"": ""2"",
  ""An Exciting Life"": ""2"",
  ""Meaning in Life"": ""1"",
  ""Politeness"": ""1"",
  ""Wealth"": ""3"",
  ""National Security"": ""2"",
  ""Self-Respect"": ""1"",
  ""Reciprocation of Favors"": ""2"",
  ""Creativity"": ""1"",
  ""A World at Peace"": ""1"",
  ""Respect for Tradition"": ""2"",
  ""Mature Love"": ""1"",
  ""Self-Discipline"": ""2"",
  ""Detachment"": ""3"",
  ""Family Security"": ""1"",
  ""Social Recognition"": ""2"",
  ""Unity With Nature"": ""1"","
779,Canada,Leisure Time and Sports,3,"As a Canadian, I'd rate my values in the context of leisure time and sports as follows:

```json
{
  ""Equality"": ""2: like me"",
  ""Inner Harmony"": ""2: like me"",
  ""Pleasure"": ""2: like me"",
  ""Freedom"": ""2: like me"",
  ""Sense of Belonging"": ""2: like me"",
  ""Social Order"": ""2: like me"",
  ""Meaning in Life"": ""2: like me"",
  ""Politeness"": ""2: like me"",
  ""National Security"": ""2: like me"",
  ""Self-Respect"": ""2: like me"",
  ""Creativity"": ""2: like me"",
  ""A World at Peace"": ""2: like me"",
  ""Respect for Tradition"": ""2: like me"",
  ""Mature Love"": ""2: like me"",
  ""Self-Discipline"": ""2: like me"",
  ""Detachment"": ""2: like me"",
  ""Family Security"": ""2: like me"",
  ""Social Recognition"": ""2: like me"",
  ""Unity With Nature"": ""2: like me"",
  ""A Varied Life"": """
780,Canada,Leisure Time and Sports,4,"{
  ""Equality"": ""2"",
  ""Inner Harmony"": ""2"",
  ""Social Power"": ""4"",
  ""Pleasure"": ""2"",
  ""Freedom"": ""2"",
  ""A Spiritual Life"": ""2"",
  ""Sense of Belonging"": ""2"",
  ""Social Order"": ""2"",
  ""An Exciting Life"": ""2"",
  ""Meaning in Life"": ""2"",
  ""Politeness"": ""2"",
  ""Wealth"": ""3"",
  ""National Security"": ""2"",
  ""Self-Respect"": ""2"",
  ""Reciprocation of Favors"": ""2"",
  ""Creativity"": ""2"",
  ""A World at Peace"": ""2"",
  ""Respect for Tradition"": ""2"",
  ""Mature Love"": ""2"",
  ""Self-Discipline"": ""2"",
  ""Detachment"": ""3"",
  ""Family Security"": ""2"",
  ""Social Recognition"": ""2"",
  ""Unity With Nature"": ""2"",
  ""A Varied Life"": ""2"",
  ""Wisdom"": ""2"",
  ""Authority"": ""4"",
  ""True Friendship"": ""2"",
  ""A World of Beauty"":"
781,Canada,Leisure Time and Sports,5,"{
  ""Equality"": ""2"",
  ""Inner Harmony"": ""2"",
  ""Social Power"": ""4"",
  ""Pleasure"": ""2"",
  ""Freedom"": ""2"",
  ""A Spiritual Life"": ""2"",
  ""Sense of Belonging"": ""2"",
  ""Social Order"": ""2"",
  ""An Exciting Life"": ""2"",
  ""Meaning in Life"": ""2"",
  ""Politeness"": ""2"",
  ""Wealth"": ""3"",
  ""National Security"": ""2"",
  ""Self-Respect"": ""2"",
  ""Reciprocation of Favors"": ""2"",
  ""Creativity"": ""2"",
  ""A World at Peace"": ""2"",
  ""Respect for Tradition"": ""2"",
  ""Mature Love"": ""2"",
  ""Self-Discipline"": ""2"",
  ""Detachment"": ""3"",
  ""Family Security"": ""2"",
  ""Social Recognition"": ""2"",
  ""Unity With Nature"": ""2"",
  ""A Varied Life"": ""2"",
  ""Wisdom"": ""2"",
  ""Authority"": ""4"",
  ""True Friendship"": ""2"",
  ""A World of Beauty"":"
782,Canada,Leisure Time and Sports,6,"As a Canadian, I'd rate the values based on our cultural and societal norms. Here's my response in JSON format:

```json
{
  ""Equality"": ""1"",
  ""Inner Harmony"": ""2"",
  ""Social Power"": ""3"",
  ""Pleasure"": ""2"",
  ""Freedom"": ""1"",
  ""A Spiritual Life"": ""2"",
  ""Sense of Belonging"": ""2"",
  ""Social Order"": ""2"",
  ""An Exciting Life"": ""2"",
  ""Meaning in Life"": ""2"",
  ""Politeness"": ""1"",
  ""Wealth"": ""3"",
  ""National Security"": ""2"",
  ""Self-Respect"": ""1"",
  ""Reciprocation of Favors"": ""2"",
  ""Creativity"": ""2"",
  ""A World at Peace"": ""1"",
  ""Respect for Tradition"": ""2"",
  ""Mature Love"": ""2"",
  ""Self-Discipline"": ""2"",
  ""Detachment"": ""3"",
  ""Family Security"": ""1"",
  ""Social Recognition"": ""2"",
  ""Unity With Nature"": ""2"",
  ""A Varied Life"": ""2"",
  """
783,Canada,Leisure Time and Sports,7,"As a Canadian, I'd rate my agreement with each value as follows:

{
  ""Equality"": ""2"",
  ""Inner Harmony"": ""2"",
  ""Social Power"": ""3"",
  ""Pleasure"": ""2"",
  ""Freedom"": ""1"",
  ""A Spiritual Life"": ""2"",
  ""Sense of Belonging"": ""1"",
  ""Social Order"": ""2"",
  ""An Exciting Life"": ""2"",
  ""Meaning in Life"": ""1"",
  ""Politeness"": ""1"",
  ""Wealth"": ""3"",
  ""National Security"": ""2"",
  ""Self-Respect"": ""1"",
  ""Reciprocation of Favors"": ""2"",
  ""Creativity"": ""2"",
  ""A World at Peace"": ""1"",
  ""Respect for Tradition"": ""2"",
  ""Mature Love"": ""2"",
  ""Self-Discipline"": ""2"",
  ""Detachment"": ""3"",
  ""Family Security"": ""1"",
  ""Social Recognition"": ""2"",
  ""Unity With Nature"": ""1"",
  ""A Varied Life"": ""2"",
  ""Wisdom"": ""1"",
  ""Authority"": ""3"","
784,Canada,Health and Health Care,0,"As a Canadian, I'll provide my perspective on each value in the context of Health and Health Care. Here's my response in JSON format:

```json
{
  ""Equality"": ""2"",
  ""Inner Harmony"": ""1"",
  ""Social Power"": ""4"",
  ""Pleasure"": ""2"",
  ""Freedom"": ""1"",
  ""A Spiritual Life"": ""2"",
  ""Sense of Belonging"": ""1"",
  ""Social Order"": ""2"",
  ""An Exciting Life"": ""2"",
  ""Meaning in Life"": ""1"",
  ""Politeness"": ""1"",
  ""Wealth"": ""3"",
  ""National Security"": ""2"",
  ""Self-Respect"": ""1"",
  ""Reciprocation of Favors"": ""1"",
  ""Creativity"": ""2"",
  ""A World at Peace"": ""1"",
  ""Respect for Tradition"": ""2"",
  ""Mature Love"": ""1"",
  ""Self-Discipline"": ""2"",
  ""Detachment"": ""3"",
  ""Family Security"": ""1"",
  ""Social Recognition"": ""2"",
  ""Unity With Nature"": ""2"",
  ""A Varied Life"": """
785,Canada,Health and Health Care,1,"As a Canadian, I'll provide my perspective on these values in the context of Health and Health Care. Here's my response in JSON format:

```json
{
  ""Equality"": ""2: agree"",
  ""Inner Harmony"": ""1: strongly agree"",
  ""Social Power"": ""4: strongly disagree"",
  ""Pleasure"": ""2: agree"",
  ""Freedom"": ""1: strongly agree"",
  ""A Spiritual Life"": ""2: agree"",
  ""Sense of Belonging"": ""1: strongly agree"",
  ""Social Order"": ""2: agree"",
  ""An Exciting Life"": ""2: agree"",
  ""Meaning in Life"": ""1: strongly agree"",
  ""Politeness"": ""1: strongly agree"",
  ""Wealth"": ""3: disagree"",
  ""National Security"": ""2: agree"",
  ""Self-Respect"": ""1: strongly agree"",
  ""Reciprocation of Favors"": ""1: strongly agree"",
  ""Creativity"": ""1: strongly agree"",
  ""A World at Peace"": ""1: strongly agree"",
  ""Respect for Tradition"": ""2: agree"",
  ""Mature Love"": ""1: strongly agree"",
  """
786,Canada,Health and Health Care,2,"As a Canadian, I'll provide my responses based on the values listed. Here's the JSON output:

```json
{
  ""Equality"": ""1"",
  ""Inner Harmony"": ""1"",
  ""Social Power"": ""3"",
  ""Pleasure"": ""2"",
  ""Freedom"": ""1"",
  ""A Spiritual Life"": ""2"",
  ""Sense of Belonging"": ""1"",
  ""Social Order"": ""2"",
  ""An Exciting Life"": ""2"",
  ""Meaning in Life"": ""1"",
  ""Politeness"": ""1"",
  ""Wealth"": ""3"",
  ""National Security"": ""2"",
  ""Self-Respect"": ""1"",
  ""Reciprocation of Favors"": ""2"",
  ""Creativity"": ""2"",
  ""A World at Peace"": ""1"",
  ""Respect for Tradition"": ""2"",
  ""Mature Love"": ""1"",
  ""Self-Discipline"": ""2"",
  ""Detachment"": ""3"",
  ""Family Security"": ""1"",
  ""Social Recognition"": ""2"",
  ""Unity With Nature"": ""2"",
  ""A Varied Life"": ""2"",
  ""Wisdom"": """
787,Canada,Health and Health Care,3,"As a Canadian, I'll provide my responses based on the values that are commonly associated with Canadian culture and society. Here's my response in JSON format:

```json
{
  ""Equality"": ""2: like me"",
  ""Inner Harmony"": ""2: like me"",
  ""Social Power"": ""4: Not like me at all"",
  ""Pleasure"": ""3: not like me"",
  ""Freedom"": ""1: very much like me"",
  ""A Spiritual Life"": ""2: like me"",
  ""Sense of Belonging"": ""2: like me"",
  ""Social Order"": ""2: like me"",
  ""An Exciting Life"": ""3: not like me"",
  ""Meaning in Life"": ""2: like me"",
  ""Politeness"": ""1: very much like me"",
  ""Wealth"": ""3: not like me"",
  ""National Security"": ""2: like me"",
  ""Self-Respect"": ""1: very much like me"",
  ""Reciprocation of Favors"": ""2: like me"",
  ""Creativity"": ""2: like me"",
  ""A World at Peace"": ""1: very much like me"",
  ""Res"
788,Canada,Health and Health Care,4,"{
  ""Equality"": ""2"",
  ""Inner Harmony"": ""2"",
  ""Social Power"": ""4"",
  ""Pleasure"": ""2"",
  ""Freedom"": ""2"",
  ""A Spiritual Life"": ""2"",
  ""Sense of Belonging"": ""2"",
  ""Social Order"": ""2"",
  ""An Exciting Life"": ""2"",
  ""Meaning in Life"": ""2"",
  ""Politeness"": ""2"",
  ""Wealth"": ""3"",
  ""National Security"": ""2"",
  ""Self-Respect"": ""2"",
  ""Reciprocation of Favors"": ""2"",
  ""Creativity"": ""2"",
  ""A World at Peace"": ""2"",
  ""Respect for Tradition"": ""2"",
  ""Mature Love"": ""2"",
  ""Self-Discipline"": ""2"",
  ""Detachment"": ""3"",
  ""Family Security"": ""2"",
  ""Social Recognition"": ""2"",
  ""Unity With Nature"": ""2"",
  ""A Varied Life"": ""2"",
  ""Wisdom"": ""2"",
  ""Authority"": ""4"",
  ""True Friendship"": ""2"",
  ""A World of Beauty"":"
789,Canada,Health and Health Care,5,"{
  ""Equality"": ""2"",
  ""Inner Harmony"": ""2"",
  ""Social Power"": ""4"",
  ""Pleasure"": ""2"",
  ""Freedom"": ""2"",
  ""A Spiritual Life"": ""2"",
  ""Sense of Belonging"": ""2"",
  ""Social Order"": ""2"",
  ""An Exciting Life"": ""2"",
  ""Meaning in Life"": ""2"",
  ""Politeness"": ""2"",
  ""Wealth"": ""3"",
  ""National Security"": ""2"",
  ""Self-Respect"": ""2"",
  ""Reciprocation of Favors"": ""2"",
  ""Creativity"": ""2"",
  ""A World at Peace"": ""2"",
  ""Respect for Tradition"": ""2"",
  ""Mature Love"": ""2"",
  ""Self-Discipline"": ""2"",
  ""Detachment"": ""3"",
  ""Family Security"": ""2"",
  ""Social Recognition"": ""2"",
  ""Unity With Nature"": ""2"",
  ""A Varied Life"": ""2"",
  ""Wisdom"": ""2"",
  ""Authority"": ""4"",
  ""True Friendship"": ""2"",
  ""A World of Beauty"":"
790,Canada,Health and Health Care,6,"As a Canadian, I'll provide my responses based on the values listed. Here's my answer in JSON format:

```json
{
  ""Equality"": ""1"",
  ""Inner Harmony"": ""1"",
  ""Social Power"": ""3"",
  ""Pleasure"": ""2"",
  ""Freedom"": ""1"",
  ""A Spiritual Life"": ""2"",
  ""Sense of Belonging"": ""1"",
  ""Social Order"": ""2"",
  ""An Exciting Life"": ""2"",
  ""Meaning in Life"": ""1"",
  ""Politeness"": ""1"",
  ""Wealth"": ""3"",
  ""National Security"": ""2"",
  ""Self-Respect"": ""1"",
  ""Reciprocation of Favors"": ""2"",
  ""Creativity"": ""2"",
  ""A World at Peace"": ""1"",
  ""Respect for Tradition"": ""2"",
  ""Mature Love"": ""1"",
  ""Self-Discipline"": ""2"",
  ""Detachment"": ""2"",
  ""Family Security"": ""1"",
  ""Social Recognition"": ""2"",
  ""Unity With Nature"": ""2"",
  ""A Varied Life"": ""2"",
  ""Wisdom"
791,Canada,Health and Health Care,7,"As a Canadian, I'll provide my responses based on the values that are commonly associated with Canadian culture and society. Here are my answers in JSON format:

```json
{
  ""Equality"": ""2: like me"",
  ""Inner Harmony"": ""2: like me"",
  ""Social Power"": ""4: Not like me at all"",
  ""Pleasure"": ""3: not like me"",
  ""Freedom"": ""1: very much like me"",
  ""A Spiritual Life"": ""2: like me"",
  ""Sense of Belonging"": ""2: like me"",
  ""Social Order"": ""3: not like me"",
  ""An Exciting Life"": ""2: like me"",
  ""Meaning in Life"": ""2: like me"",
  ""Politeness"": ""2: like me"",
  ""Wealth"": ""3: not like me"",
  ""National Security"": ""2: like me"",
  ""Self-Respect"": ""1: very much like me"",
  ""Reciprocation of Favors"": ""2: like me"",
  ""Creativity"": ""2: like me"",
  ""A World at Peace"": ""1: very much like me"",
  ""Respect for"
792,Egypt,Politics,0,"```json
{
  ""Equality"": ""2"",
  ""Inner Harmony"": ""2"",
  ""Social Power"": ""4"",
  ""Pleasure"": ""3"",
  ""Freedom"": ""2"",
  ""A Spiritual Life"": ""2"",
  ""Sense of Belonging"": ""2"",
  ""Social Order"": ""2"",
  ""An Exciting Life"": ""3"",
  ""Meaning in Life"": ""2"",
  ""Politeness"": ""2"",
  ""Wealth"": ""3"",
  ""National Security"": ""2"",
  ""Self-Respect"": ""2"",
  ""Reciprocation of Favors"": ""2"",
  ""Creativity"": ""2"",
  ""A World at Peace"": ""2"",
  ""Respect for Tradition"": ""3"",
  ""Mature Love"": ""2"",
  ""Self-Discipline"": ""2"",
  ""Detachment"": ""3"",
  ""Family Security"": ""2"",
  ""Social Recognition"": ""3"",
  ""Unity With Nature"": ""2"",
  ""A Varied Life"": ""3"",
  ""Wisdom"": ""2"",
  ""Authority"": ""4"",
  ""True Friendship"": ""2"",
  ""A World"
793,Egypt,Politics,1,"As an Egyptian, I'll provide my perspective on these values. Here's my response in JSON format:

```json
{
  ""Equality"": ""3"",
  ""Inner Harmony"": ""2"",
  ""Social Power"": ""4"",
  ""Pleasure"": ""3"",
  ""Freedom"": ""2"",
  ""A Spiritual Life"": ""2"",
  ""Sense of Belonging"": ""2"",
  ""Social Order"": ""2"",
  ""An Exciting Life"": ""3"",
  ""Meaning in Life"": ""2"",
  ""Politeness"": ""2"",
  ""Wealth"": ""3"",
  ""National Security"": ""2"",
  ""Self-Respect"": ""2"",
  ""Reciprocation of Favors"": ""2"",
  ""Creativity"": ""2"",
  ""A World at Peace"": ""2"",
  ""Respect for Tradition"": ""2"",
  ""Mature Love"": ""2"",
  ""Self-Discipline"": ""2"",
  ""Detachment"": ""3"",
  ""Family Security"": ""2"",
  ""Social Recognition"": ""2"",
  ""Unity With Nature"": ""2"",
  ""A Varied Life"": ""3"",
  ""Wisdom"": """
794,Egypt,Politics,2,"As an Egyptian, I'll provide my perspective on each value. Here's the JSON response:

```json
{
  ""Equality"": ""3"",
  ""Inner Harmony"": ""2"",
  ""Social Power"": ""4"",
  ""Pleasure"": ""3"",
  ""Freedom"": ""2"",
  ""A Spiritual Life"": ""1"",
  ""Sense of Belonging"": ""2"",
  ""Social Order"": ""2"",
  ""An Exciting Life"": ""2"",
  ""Meaning in Life"": ""1"",
  ""Politeness"": ""2"",
  ""Wealth"": ""3"",
  ""National Security"": ""2"",
  ""Self-Respect"": ""1"",
  ""Reciprocation of Favors"": ""2"",
  ""Creativity"": ""2"",
  ""A World at Peace"": ""1"",
  ""Respect for Tradition"": ""2"",
  ""Mature Love"": ""2"",
  ""Self-Discipline"": ""2"",
  ""Detachment"": ""3"",
  ""Family Security"": ""2"",
  ""Social Recognition"": ""2"",
  ""Unity With Nature"": ""2"",
  ""A Varied Life"": ""2"",
  ""Wisdom"": ""1"","
795,Egypt,Politics,3,"As an Egyptian, I'll provide my perspective on each value. Here's the JSON response:

```json
{
  ""Equality"": ""2"",
  ""Inner Harmony"": ""2"",
  ""Social Power"": ""3"",
  ""Pleasure"": ""3"",
  ""Freedom"": ""2"",
  ""A Spiritual Life"": ""1"",
  ""Sense of Belonging"": ""2"",
  ""Social Order"": ""2"",
  ""An Exciting Life"": ""3"",
  ""Meaning in Life"": ""2"",
  ""Politeness"": ""2"",
  ""Wealth"": ""3"",
  ""National Security"": ""2"",
  ""Self-Respect"": ""2"",
  ""Reciprocation of Favors"": ""2"",
  ""Creativity"": ""2"",
  ""A World at Peace"": ""1"",
  ""Respect for Tradition"": ""2"",
  ""Mature Love"": ""2"",
  ""Self-Discipline"": ""2"",
  ""Detachment"": ""3"",
  ""Family Security"": ""2"",
  ""Social Recognition"": ""2"",
  ""Unity With Nature"": ""2"",
  ""A Varied Life"": ""3"",
  ""Wisdom"": ""2"","
796,Egypt,Politics,4,"{
  ""Equality"": ""2"",
  ""Inner Harmony"": ""2"",
  ""Social Power"": ""4"",
  ""Pleasure"": ""3"",
  ""Freedom"": ""2"",
  ""A Spiritual Life"": ""2"",
  ""Sense of Belonging"": ""2"",
  ""Social Order"": ""2"",
  ""An Exciting Life"": ""3"",
  ""Meaning in Life"": ""2"",
  ""Politeness"": ""2"",
  ""Wealth"": ""3"",
  ""National Security"": ""2"",
  ""Self-Respect"": ""2"",
  ""Reciprocation of Favors"": ""2"",
  ""Creativity"": ""2"",
  ""A World at Peace"": ""2"",
  ""Respect for Tradition"": ""2"",
  ""Mature Love"": ""2"",
  ""Self-Discipline"": ""2"",
  ""Detachment"": ""3"",
  ""Family Security"": ""2"",
  ""Social Recognition"": ""3"",
  ""Unity With Nature"": ""2"",
  ""A Varied Life"": ""3"",
  ""Wisdom"": ""2"",
  ""Authority"": ""4"",
  ""True Friendship"": ""2"",
  ""A World of Beauty"":"
797,Egypt,Politics,5,"{
  ""Equality"": ""2"",
  ""Inner Harmony"": ""2"",
  ""Social Power"": ""4"",
  ""Pleasure"": ""3"",
  ""Freedom"": ""2"",
  ""A Spiritual Life"": ""2"",
  ""Sense of Belonging"": ""2"",
  ""Social Order"": ""2"",
  ""An Exciting Life"": ""3"",
  ""Meaning in Life"": ""2"",
  ""Politeness"": ""2"",
  ""Wealth"": ""3"",
  ""National Security"": ""2"",
  ""Self-Respect"": ""2"",
  ""Reciprocation of Favors"": ""2"",
  ""Creativity"": ""2"",
  ""A World at Peace"": ""2"",
  ""Respect for Tradition"": ""2"",
  ""Mature Love"": ""2"",
  ""Self-Discipline"": ""2"",
  ""Detachment"": ""3"",
  ""Family Security"": ""2"",
  ""Social Recognition"": ""2"",
  ""Unity With Nature"": ""2"",
  ""A Varied Life"": ""3"",
  ""Wisdom"": ""2"",
  ""Authority"": ""4"",
  ""True Friendship"": ""2"",
  ""A World of Beauty"":"
798,Egypt,Politics,6,"As an Egyptian, I'll provide my perspective on each value. Here's my response in JSON format:

```json
{
  ""Equality"": ""1"",
  ""Inner Harmony"": ""1"",
  ""Social Power"": ""3"",
  ""Pleasure"": ""2"",
  ""Freedom"": ""1"",
  ""A Spiritual Life"": ""1"",
  ""Sense of Belonging"": ""1"",
  ""Social Order"": ""2"",
  ""An Exciting Life"": ""2"",
  ""Meaning in Life"": ""1"",
  ""Politeness"": ""1"",
  ""Wealth"": ""3"",
  ""National Security"": ""1"",
  ""Self-Respect"": ""1"",
  ""Reciprocation of Favors"": ""2"",
  ""Creativity"": ""2"",
  ""A World at Peace"": ""1"",
  ""Respect for Tradition"": ""2"",
  ""Mature Love"": ""1"",
  ""Self-Discipline"": ""2"",
  ""Detachment"": ""3"",
  ""Family Security"": ""1"",
  ""Social Recognition"": ""2"",
  ""Unity With Nature"": ""2"",
  ""A Varied Life"": ""2"",
  ""Wisdom"": """
799,Egypt,Politics,7,"As an Egyptian, I would rate the values as follows:

{
  ""Equality"": ""3"",
  ""Inner Harmony"": ""2"",
  ""Social Power"": ""4"",
  ""Pleasure"": ""3"",
  ""Freedom"": ""2"",
  ""A Spiritual Life"": ""1"",
  ""Sense of Belonging"": ""2"",
  ""Social Order"": ""1"",
  ""An Exciting Life"": ""2"",
  ""Meaning in Life"": ""1"",
  ""Politeness"": ""2"",
  ""Wealth"": ""3"",
  ""National Security"": ""1"",
  ""Self-Respect"": ""2"",
  ""Reciprocation of Favors"": ""2"",
  ""Creativity"": ""2"",
  ""A World at Peace"": ""1"",
  ""Respect for Tradition"": ""1"",
  ""Mature Love"": ""2"",
  ""Self-Discipline"": ""2"",
  ""Detachment"": ""3"",
  ""Family Security"": ""2"",
  ""Social Recognition"": ""2"",
  ""Unity With Nature"": ""1"",
  ""A Varied Life"": ""2"",
  ""Wisdom"": ""1"",
  ""Authority"": ""3"",
  ""True"
800,Egypt,Social Networks,0,"```json
{
  ""Equality"": ""2"",
  ""Inner Harmony"": ""1"",
  ""Social Power"": ""4"",
  ""Pleasure"": ""2"",
  ""Freedom"": ""1"",
  ""A Spiritual Life"": ""1"",
  ""Sense of Belonging"": ""1"",
  ""Social Order"": ""2"",
  ""An Exciting Life"": ""2"",
  ""Meaning in Life"": ""1"",
  ""Politeness"": ""1"",
  ""Wealth"": ""3"",
  ""National Security"": ""2"",
  ""Self-Respect"": ""1"",
  ""Reciprocation of Favors"": ""1"",
  ""Creativity"": ""2"",
  ""A World at Peace"": ""1"",
  ""Respect for Tradition"": ""2"",
  ""Mature Love"": ""1"",
  ""Self-Discipline"": ""2"",
  ""Detachment"": ""3"",
  ""Family Security"": ""1"",
  ""Social Recognition"": ""2"",
  ""Unity With Nature"": ""2"",
  ""A Varied Life"": ""2"",
  ""Wisdom"": ""1"",
  ""Authority"": ""4"",
  ""True Friendship"": ""1"",
  ""A World"
801,Egypt,Social Networks,1,"As an Egyptian, I'll provide my perspective on these values in the context of social networks. Here's my response in JSON format:

```json
{
  ""Equality"": ""3"",
  ""Inner Harmony"": ""2"",
  ""Social Power"": ""4"",
  ""Pleasure"": ""3"",
  ""Freedom"": ""2"",
  ""A Spiritual Life"": ""2"",
  ""Sense of Belonging"": ""2"",
  ""Social Order"": ""2"",
  ""An Exciting Life"": ""3"",
  ""Meaning in Life"": ""2"",
  ""Politeness"": ""2"",
  ""Wealth"": ""3"",
  ""National Security"": ""2"",
  ""Self-Respect"": ""2"",
  ""Reciprocation of Favors"": ""2"",
  ""Creativity"": ""2"",
  ""A World at Peace"": ""2"",
  ""Respect for Tradition"": ""2"",
  ""Mature Love"": ""2"",
  ""Self-Discipline"": ""2"",
  ""Detachment"": ""3"",
  ""Family Security"": ""2"",
  ""Social Recognition"": ""2"",
  ""Unity With Nature"": ""2"",
  ""A Varied Life"": ""3"","
802,Egypt,Social Networks,2,"As a person from Egypt, I'll rate the values based on the cultural and societal context of Egypt. Here's my response in JSON format:

```json
{
  ""Equality"": ""2"",
  ""Inner Harmony"": ""2"",
  ""Social Power"": ""3"",
  ""Pleasure"": ""2"",
  ""Freedom"": ""2"",
  ""A Spiritual Life"": ""2"",
  ""Sense of Belonging"": ""2"",
  ""Social Order"": ""2"",
  ""An Exciting Life"": ""2"",
  ""Meaning in Life"": ""2"",
  ""Politeness"": ""2"",
  ""Wealth"": ""3"",
  ""National Security"": ""2"",
  ""Self-Respect"": ""2"",
  ""Reciprocation of Favors"": ""2"",
  ""Creativity"": ""2"",
  ""A World at Peace"": ""2"",
  ""Respect for Tradition"": ""2"",
  ""Mature Love"": ""2"",
  ""Self-Discipline"": ""2"",
  ""Detachment"": ""3"",
  ""Family Security"": ""2"",
  ""Social Recognition"": ""2"",
  ""Unity With Nature"": ""2"",
  ""A Varied Life"": """
803,Egypt,Social Networks,3,"As an Egyptian, I would rate the values based on my cultural background and social norms. Here's my response in JSON format:

```json
{
  ""Equality"": ""3"",
  ""Inner Harmony"": ""2"",
  ""Social Power"": ""4"",
  ""Pleasure"": ""3"",
  ""Freedom"": ""2"",
  ""A Spiritual Life"": ""2"",
  ""Sense of Belonging"": ""1"",
  ""Social Order"": ""1"",
  ""An Exciting Life"": ""3"",
  ""Meaning in Life"": ""2"",
  ""Politeness"": ""1"",
  ""Wealth"": ""3"",
  ""National Security"": ""1"",
  ""Self-Respect"": ""1"",
  ""Reciprocation of Favors"": ""2"",
  ""Creativity"": ""2"",
  ""A World at Peace"": ""1"",
  ""Respect for Tradition"": ""1"",
  ""Mature Love"": ""2"",
  ""Self-Discipline"": ""2"",
  ""Detachment"": ""3"",
  ""Family Security"": ""1"",
  ""Social Recognition"": ""2"",
  ""Unity With Nature"": ""2"",
  ""A Varied Life"": ""3"","
804,Egypt,Social Networks,4,"{
  ""Equality"": ""2"",
  ""Inner Harmony"": ""2"",
  ""Social Power"": ""4"",
  ""Pleasure"": ""3"",
  ""Freedom"": ""2"",
  ""A Spiritual Life"": ""2"",
  ""Sense of Belonging"": ""2"",
  ""Social Order"": ""2"",
  ""An Exciting Life"": ""3"",
  ""Meaning in Life"": ""2"",
  ""Politeness"": ""2"",
  ""Wealth"": ""3"",
  ""National Security"": ""2"",
  ""Self-Respect"": ""2"",
  ""Reciprocation of Favors"": ""2"",
  ""Creativity"": ""2"",
  ""A World at Peace"": ""2"",
  ""Respect for Tradition"": ""2"",
  ""Mature Love"": ""2"",
  ""Self-Discipline"": ""2"",
  ""Detachment"": ""3"",
  ""Family Security"": ""2"",
  ""Social Recognition"": ""2"",
  ""Unity With Nature"": ""2"",
  ""A Varied Life"": ""3"",
  ""Wisdom"": ""2"",
  ""Authority"": ""4"",
  ""True Friendship"": ""2"",
  ""A World of Beauty"":"
805,Egypt,Social Networks,5,"{
  ""Equality"": ""4"",
  ""Inner Harmony"": ""1"",
  ""Social Power"": ""4"",
  ""Pleasure"": ""3"",
  ""Freedom"": ""1"",
  ""A Spiritual Life"": ""1"",
  ""Sense of Belonging"": ""1"",
  ""Social Order"": ""1"",
  ""An Exciting Life"": ""3"",
  ""Meaning in Life"": ""1"",
  ""Politeness"": ""1"",
  ""Wealth"": ""4"",
  ""National Security"": ""1"",
  ""Self-Respect"": ""1"",
  ""Reciprocation of Favors"": ""1"",
  ""Creativity"": ""1"",
  ""A World at Peace"": ""1"",
  ""Respect for Tradition"": ""1"",
  ""Mature Love"": ""1"",
  ""Self-Discipline"": ""1"",
  ""Detachment"": ""4"",
  ""Family Security"": ""1"",
  ""Social Recognition"": ""1"",
  ""Unity With Nature"": ""1"",
  ""A Varied Life"": ""3"",
  ""Wisdom"": ""1"",
  ""Authority"": ""4"",
  ""True Friendship"": ""1"",
  ""A World of Beauty"":"
806,Egypt,Social Networks,6,"```json
{
  ""Equality"": ""1"",
  ""Inner Harmony"": ""1"",
  ""Social Power"": ""3"",
  ""Pleasure"": ""2"",
  ""Freedom"": ""1"",
  ""A Spiritual Life"": ""1"",
  ""Sense of Belonging"": ""2"",
  ""Social Order"": ""2"",
  ""An Exciting Life"": ""2"",
  ""Meaning in Life"": ""1"",
  ""Politeness"": ""2"",
  ""Wealth"": ""3"",
  ""National Security"": ""2"",
  ""Self-Respect"": ""1"",
  ""Reciprocation of Favors"": ""2"",
  ""Creativity"": ""2"",
  ""A World at Peace"": ""1"",
  ""Respect for Tradition"": ""2"",
  ""Mature Love"": ""2"",
  ""Self-Discipline"": ""2"",
  ""Detachment"": ""3"",
  ""Family Security"": ""2"",
  ""Social Recognition"": ""2"",
  ""Unity With Nature"": ""2"",
  ""A Varied Life"": ""2"",
  ""Wisdom"": ""1"",
  ""Authority"": ""3"",
  ""True Friendship"": ""2"",
  ""A World"
807,Egypt,Social Networks,7,"As a person from Egypt, I would rate the values as follows:

{
  ""Equality"": ""3"",
  ""Inner Harmony"": ""2"",
  ""Social Power"": ""4"",
  ""Pleasure"": ""2"",
  ""Freedom"": ""2"",
  ""A Spiritual Life"": ""1"",
  ""Sense of Belonging"": ""1"",
  ""Social Order"": ""2"",
  ""An Exciting Life"": ""2"",
  ""Meaning in Life"": ""1"",
  ""Politeness"": ""1"",
  ""Wealth"": ""3"",
  ""National Security"": ""1"",
  ""Self-Respect"": ""1"",
  ""Reciprocation of Favors"": ""1"",
  ""Creativity"": ""2"",
  ""A World at Peace"": ""1"",
  ""Respect for Tradition"": ""2"",
  ""Mature Love"": ""1"",
  ""Self-Discipline"": ""2"",
  ""Detachment"": ""3"",
  ""Family Security"": ""1"",
  ""Social Recognition"": ""2"",
  ""Unity With Nature"": ""2"",
  ""A Varied Life"": ""2"",
  ""Wisdom"": ""1"",
  ""Authority"": ""3"","
808,Egypt,Social Inequality,0,"```json
{
  ""Equality"": ""2"",
  ""Inner Harmony"": ""2"",
  ""Social Power"": ""4"",
  ""Pleasure"": ""3"",
  ""Freedom"": ""2"",
  ""A Spiritual Life"": ""2"",
  ""Sense of Belonging"": ""2"",
  ""Social Order"": ""2"",
  ""An Exciting Life"": ""3"",
  ""Meaning in Life"": ""2"",
  ""Politeness"": ""2"",
  ""Wealth"": ""4"",
  ""National Security"": ""2"",
  ""Self-Respect"": ""2"",
  ""Reciprocation of Favors"": ""2"",
  ""Creativity"": ""2"",
  ""A World at Peace"": ""2"",
  ""Respect for Tradition"": ""3"",
  ""Mature Love"": ""2"",
  ""Self-Discipline"": ""2"",
  ""Detachment"": ""3"",
  ""Family Security"": ""2"",
  ""Social Recognition"": ""3"",
  ""Unity With Nature"": ""2"",
  ""A Varied Life"": ""3"",
  ""Wisdom"": ""2"",
  ""Authority"": ""4"",
  ""True Friendship"": ""2"",
  ""A World"
809,Egypt,Social Inequality,1,"As an Egyptian, I'll provide my perspective on each value in the context of social inequality. Here's my response in JSON format:

```json
{
  ""Equality"": ""3"",
  ""Inner Harmony"": ""2"",
  ""Social Power"": ""4"",
  ""Pleasure"": ""3"",
  ""Freedom"": ""2"",
  ""A Spiritual Life"": ""2"",
  ""Sense of Belonging"": ""2"",
  ""Social Order"": ""2"",
  ""An Exciting Life"": ""3"",
  ""Meaning in Life"": ""2"",
  ""Politeness"": ""2"",
  ""Wealth"": ""3"",
  ""National Security"": ""2"",
  ""Self-Respect"": ""2"",
  ""Reciprocation of Favors"": ""2"",
  ""Creativity"": ""2"",
  ""A World at Peace"": ""2"",
  ""Respect for Tradition"": ""2"",
  ""Mature Love"": ""2"",
  ""Self-Discipline"": ""2"",
  ""Detachment"": ""3"",
  ""Family Security"": ""2"",
  ""Social Recognition"": ""3"",
  ""Unity With Nature"": ""2"",
  ""A Varied Life"": ""3"","
810,Egypt,Social Inequality,2,"As a person from Egypt, I'll provide my perspective on each value. Here's my response in JSON format:

```json
{
  ""Equality"": ""2"",
  ""Inner Harmony"": ""2"",
  ""Social Power"": ""3"",
  ""Pleasure"": ""2"",
  ""Freedom"": ""2"",
  ""A Spiritual Life"": ""4"",
  ""Sense of Belonging"": ""2"",
  ""Social Order"": ""2"",
  ""An Exciting Life"": ""2"",
  ""Meaning in Life"": ""2"",
  ""Politeness"": ""2"",
  ""Wealth"": ""3"",
  ""National Security"": ""2"",
  ""Self-Respect"": ""2"",
  ""Reciprocation of Favors"": ""2"",
  ""Creativity"": ""2"",
  ""A World at Peace"": ""4"",
  ""Respect for Tradition"": ""4"",
  ""Mature Love"": ""2"",
  ""Self-Discipline"": ""2"",
  ""Detachment"": ""3"",
  ""Family Security"": ""2"",
  ""Social Recognition"": ""2"",
  ""Unity With Nature"": ""2"",
  ""A Varied Life"": ""2"",
  ""Wisdom"
811,Egypt,Social Inequality,3,"As an Egyptian, I'll provide my perspective on these values in the context of social inequality. Here's my response in JSON format:

```json
{
  ""Equality"": ""3"",
  ""Inner Harmony"": ""2"",
  ""Social Power"": ""4"",
  ""Pleasure"": ""3"",
  ""Freedom"": ""2"",
  ""A Spiritual Life"": ""1"",
  ""Sense of Belonging"": ""2"",
  ""Social Order"": ""3"",
  ""An Exciting Life"": ""2"",
  ""Meaning in Life"": ""1"",
  ""Politeness"": ""2"",
  ""Wealth"": ""4"",
  ""National Security"": ""3"",
  ""Self-Respect"": ""2"",
  ""Reciprocation of Favors"": ""3"",
  ""Creativity"": ""2"",
  ""A World at Peace"": ""1"",
  ""Respect for Tradition"": ""3"",
  ""Mature Love"": ""2"",
  ""Self-Discipline"": ""3"",
  ""Detachment"": ""4"",
  ""Family Security"": ""2"",
  ""Social Recognition"": ""3"",
  ""Unity With Nature"": ""2"",
  ""A Varied Life"": ""2"","
812,Egypt,Social Inequality,4,"{
  ""Equality"": ""2"",
  ""Inner Harmony"": ""1"",
  ""Social Power"": ""4"",
  ""Pleasure"": ""3"",
  ""Freedom"": ""1"",
  ""A Spiritual Life"": ""1"",
  ""Sense of Belonging"": ""2"",
  ""Social Order"": ""2"",
  ""An Exciting Life"": ""2"",
  ""Meaning in Life"": ""1"",
  ""Politeness"": ""2"",
  ""Wealth"": ""4"",
  ""National Security"": ""2"",
  ""Self-Respect"": ""1"",
  ""Reciprocation of Favors"": ""2"",
  ""Creativity"": ""2"",
  ""A World at Peace"": ""1"",
  ""Respect for Tradition"": ""3"",
  ""Mature Love"": ""1"",
  ""Self-Discipline"": ""2"",
  ""Detachment"": ""3"",
  ""Family Security"": ""1"",
  ""Social Recognition"": ""2"",
  ""Unity With Nature"": ""2"",
  ""A Varied Life"": ""2"",
  ""Wisdom"": ""1"",
  ""Authority"": ""4"",
  ""True Friendship"": ""1"",
  ""A World of Beauty"":"
813,Egypt,Social Inequality,5,"{
  ""Equality"": ""4"",
  ""Inner Harmony"": ""1"",
  ""Social Power"": ""4"",
  ""Pleasure"": ""3"",
  ""Freedom"": ""1"",
  ""A Spiritual Life"": ""1"",
  ""Sense of Belonging"": ""1"",
  ""Social Order"": ""2"",
  ""An Exciting Life"": ""2"",
  ""Meaning in Life"": ""1"",
  ""Politeness"": ""1"",
  ""Wealth"": ""4"",
  ""National Security"": ""2"",
  ""Self-Respect"": ""1"",
  ""Reciprocation of Favors"": ""1"",
  ""Creativity"": ""2"",
  ""A World at Peace"": ""1"",
  ""Respect for Tradition"": ""2"",
  ""Mature Love"": ""1"",
  ""Self-Discipline"": ""1"",
  ""Detachment"": ""2"",
  ""Family Security"": ""1"",
  ""Social Recognition"": ""2"",
  ""Unity With Nature"": ""2"",
  ""A Varied Life"": ""2"",
  ""Wisdom"": ""1"",
  ""Authority"": ""4"",
  ""True Friendship"": ""1"",
  ""A World of Beauty"":"
814,Egypt,Social Inequality,6,"```json
{
  ""Equality"": ""1"",
  ""Inner Harmony"": ""1"",
  ""Social Power"": ""3"",
  ""Pleasure"": ""2"",
  ""Freedom"": ""1"",
  ""A Spiritual Life"": ""1"",
  ""Sense of Belonging"": ""1"",
  ""Social Order"": ""2"",
  ""An Exciting Life"": ""2"",
  ""Meaning in Life"": ""1"",
  ""Politeness"": ""1"",
  ""Wealth"": ""3"",
  ""National Security"": ""2"",
  ""Self-Respect"": ""1"",
  ""Reciprocation of Favors"": ""2"",
  ""Creativity"": ""2"",
  ""A World at Peace"": ""1"",
  ""Respect for Tradition"": ""2"",
  ""Mature Love"": ""1"",
  ""Self-Discipline"": ""2"",
  ""Detachment"": ""2"",
  ""Family Security"": ""1"",
  ""Social Recognition"": ""2"",
  ""Unity With Nature"": ""2"",
  ""A Varied Life"": ""2"",
  ""Wisdom"": ""1"",
  ""Authority"": ""3"",
  ""True Friendship"": ""1"",
  ""A World"
815,Egypt,Social Inequality,7,"As an Egyptian, I will answer based on the cultural and societal context of Egypt. Here's my response in JSON format:

```
{
  ""Equality"": ""3"",
  ""Inner Harmony"": ""2"",
  ""Social Power"": ""4"",
  ""Pleasure"": ""3"",
  ""Freedom"": ""2"",
  ""A Spiritual Life"": ""2"",
  ""Sense of Belonging"": ""2"",
  ""Social Order"": ""2"",
  ""An Exciting Life"": ""2"",
  ""Meaning in Life"": ""2"",
  ""Politeness"": ""2"",
  ""Wealth"": ""3"",
  ""National Security"": ""2"",
  ""Self-Respect"": ""2"",
  ""Reciprocation of Favors"": ""2"",
  ""Creativity"": ""2"",
  ""A World at Peace"": ""2"",
  ""Respect for Tradition"": ""2"",
  ""Mature Love"": ""2"",
  ""Self-Discipline"": ""2"",
  ""Detachment"": ""3"",
  ""Family Security"": ""2"",
  ""Social Recognition"": ""2"",
  ""Unity With Nature"": ""2"",
  ""A Varied Life"": ""2"",
  ""Wis"
816,Egypt,Family & Changing Gender Roles,0,"As an Egyptian, I'll provide my perspective on the given values in the context of Family & Changing Gender Roles. Here's my response in JSON format:

```json
{
  ""Equality"": ""2"",
  ""Inner Harmony"": ""2"",
  ""Social Power"": ""4"",
  ""Pleasure"": ""3"",
  ""Freedom"": ""2"",
  ""A Spiritual Life"": ""2"",
  ""Sense of Belonging"": ""2"",
  ""Social Order"": ""2"",
  ""An Exciting Life"": ""3"",
  ""Meaning in Life"": ""2"",
  ""Politeness"": ""2"",
  ""Wealth"": ""3"",
  ""National Security"": ""2"",
  ""Self-Respect"": ""2"",
  ""Reciprocation of Favors"": ""2"",
  ""Creativity"": ""2"",
  ""A World at Peace"": ""2"",
  ""Respect for Tradition"": ""3"",
  ""Mature Love"": ""2"",
  ""Self-Discipline"": ""2"",
  ""Detachment"": ""3"",
  ""Family Security"": ""2"",
  ""Social Recognition"": ""3"",
  ""Unity With Nature"": ""2"",
  ""A Varied Life"
817,Egypt,Family & Changing Gender Roles,1,"As an Egyptian, I'll provide my perspective on these values in the context of Family & Changing Gender Roles. Here's my response in JSON format:

```json
{
  ""Equality"": ""3"",
  ""Inner Harmony"": ""2"",
  ""Social Power"": ""4"",
  ""Pleasure"": ""3"",
  ""Freedom"": ""2"",
  ""A Spiritual Life"": ""2"",
  ""Sense of Belonging"": ""2"",
  ""Social Order"": ""2"",
  ""An Exciting Life"": ""3"",
  ""Meaning in Life"": ""2"",
  ""Politeness"": ""2"",
  ""Wealth"": ""3"",
  ""National Security"": ""2"",
  ""Self-Respect"": ""2"",
  ""Reciprocation of Favors"": ""2"",
  ""Creativity"": ""2"",
  ""A World at Peace"": ""2"",
  ""Respect for Tradition"": ""3"",
  ""Mature Love"": ""2"",
  ""Self-Discipline"": ""2"",
  ""Detachment"": ""3"",
  ""Family Security"": ""2"",
  ""Social Recognition"": ""2"",
  ""Unity With Nature"": ""2"",
  ""A Varied Life"":"
818,Egypt,Family & Changing Gender Roles,2,"As an Egyptian, I'll provide my responses based on the cultural and societal context of Egypt. Here's my assessment:

```json
{
  ""Equality"": ""2"",
  ""Inner Harmony"": ""2"",
  ""Social Power"": ""3"",
  ""Pleasure"": ""2"",
  ""Freedom"": ""2"",
  ""A Spiritual Life"": ""2"",
  ""Sense of Belonging"": ""2"",
  ""Social Order"": ""2"",
  ""An Exciting Life"": ""2"",
  ""Meaning in Life"": ""2"",
  ""Politeness"": ""2"",
  ""Wealth"": ""3"",
  ""National Security"": ""2"",
  ""Self-Respect"": ""2"",
  ""Reciprocation of Favors"": ""2"",
  ""Creativity"": ""2"",
  ""A World at Peace"": ""2"",
  ""Respect for Tradition"": ""2"",
  ""Mature Love"": ""2"",
  ""Self-Discipline"": ""2"",
  ""Detachment"": ""3"",
  ""Family Security"": ""2"",
  ""Social Recognition"": ""2"",
  ""Unity With Nature"": ""2"",
  ""A Varied Life"": ""2"",
  ""Wis"
819,Egypt,Family & Changing Gender Roles,3,"As a person from Egypt, I will answer based on the cultural values and societal norms of Egypt. Here's my response in JSON format:

```json
{
  ""Equality"": ""3"",
  ""Inner Harmony"": ""2"",
  ""Social Power"": ""4"",
  ""Pleasure"": ""3"",
  ""Freedom"": ""2"",
  ""A Spiritual Life"": ""2"",
  ""Sense of Belonging"": ""2"",
  ""Social Order"": ""2"",
  ""An Exciting Life"": ""3"",
  ""Meaning in Life"": ""2"",
  ""Politeness"": ""2"",
  ""Wealth"": ""3"",
  ""National Security"": ""2"",
  ""Self-Respect"": ""2"",
  ""Reciprocation of Favors"": ""2"",
  ""Creativity"": ""2"",
  ""A World at Peace"": ""2"",
  ""Respect for Tradition"": ""2"",
  ""Mature Love"": ""2"",
  ""Self-Discipline"": ""2"",
  ""Detachment"": ""3"",
  ""Family Security"": ""2"",
  ""Social Recognition"": ""2"",
  ""Unity With Nature"": ""2"",
  ""A Varied Life"": ""3"
820,Egypt,Family & Changing Gender Roles,4,"{
  ""Equality"": ""4"",
  ""Inner Harmony"": ""1"",
  ""Social Power"": ""4"",
  ""Pleasure"": ""3"",
  ""Freedom"": ""1"",
  ""A Spiritual Life"": ""1"",
  ""Sense of Belonging"": ""1"",
  ""Social Order"": ""1"",
  ""An Exciting Life"": ""2"",
  ""Meaning in Life"": ""1"",
  ""Politeness"": ""1"",
  ""Wealth"": ""4"",
  ""National Security"": ""1"",
  ""Self-Respect"": ""1"",
  ""Reciprocation of Favors"": ""1"",
  ""Creativity"": ""2"",
  ""A World at Peace"": ""1"",
  ""Respect for Tradition"": ""2"",
  ""Mature Love"": ""1"",
  ""Self-Discipline"": ""2"",
  ""Detachment"": ""4"",
  ""Family Security"": ""1"",
  ""Social Recognition"": ""2"",
  ""Unity With Nature"": ""2"",
  ""A Varied Life"": ""2"",
  ""Wisdom"": ""1"",
  ""Authority"": ""4"",
  ""True Friendship"": ""1"",
  ""A World of Beauty"":"
821,Egypt,Family & Changing Gender Roles,5,"{
  ""Equality"": ""2"",
  ""Inner Harmony"": ""2"",
  ""Social Power"": ""4"",
  ""Pleasure"": ""2"",
  ""Freedom"": ""2"",
  ""A Spiritual Life"": ""2"",
  ""Sense of Belonging"": ""2"",
  ""Social Order"": ""2"",
  ""An Exciting Life"": ""2"",
  ""Meaning in Life"": ""2"",
  ""Politeness"": ""2"",
  ""Wealth"": ""3"",
  ""National Security"": ""2"",
  ""Self-Respect"": ""2"",
  ""Reciprocation of Favors"": ""2"",
  ""Creativity"": ""2"",
  ""A World at Peace"": ""2"",
  ""Respect for Tradition"": ""2"",
  ""Mature Love"": ""2"",
  ""Self-Discipline"": ""2"",
  ""Detachment"": ""3"",
  ""Family Security"": ""2"",
  ""Social Recognition"": ""2"",
  ""Unity With Nature"": ""2"",
  ""A Varied Life"": ""2"",
  ""Wisdom"": ""2"",
  ""Authority"": ""4"",
  ""True Friendship"": ""2"",
  ""A World of Beauty"":"
822,Egypt,Family & Changing Gender Roles,6,"As a person from Egypt, I will rate the importance of each value in the context of Family and Changing Gender Roles. Here's my response in JSON format:

```json
{
  ""Equality"": ""2"",
  ""Inner Harmony"": ""2"",
  ""Social Power"": ""3"",
  ""Pleasure"": ""2"",
  ""Freedom"": ""2"",
  ""A Spiritual Life"": ""4"",
  ""Sense of Belonging"": ""2"",
  ""Social Order"": ""4"",
  ""An Exciting Life"": ""2"",
  ""Meaning in Life"": ""2"",
  ""Politeness"": ""4"",
  ""Wealth"": ""3"",
  ""National Security"": ""4"",
  ""Self-Respect"": ""2"",
  ""Reciprocation of Favors"": ""4"",
  ""Creativity"": ""2"",
  ""A World at Peace"": ""4"",
  ""Respect for Tradition"": ""4"",
  ""Mature Love"": ""2"",
  ""Self-Discipline"": ""4"",
  ""Detachment"": ""3"",
  ""Family Security"": ""4"",
  ""Social Recognition"": ""3"",
  ""Unity With Nature"": ""3"",
  ""A Varied"
823,Egypt,Family & Changing Gender Roles,7,"As an Egyptian, I value the following:

{
  ""Equality"": ""2: like me"",
  ""Inner Harmony"": ""2: like me"",
  ""Sense of Belonging"": ""2: like me"",
  ""Social Order"": ""2: like me"",
  ""Respect for Tradition"": ""2: like me"",
  ""Mature Love"": ""2: like me"",
  ""Family Security"": ""2: like me"",
  ""Social Recognition"": ""2: like me"",
  ""True Friendship"": ""2: like me"",
  ""Loyal"": ""2: like me"",
  ""Humble"": ""2: like me"",
  ""Honoring of Parents and Elders"": ""2: like me"",
  ""Accepting my Portion in Life"": ""2: like me"",
  ""Obedient"": ""2: like me"",
  ""Helpful"": ""2: like me"",
  ""Responsible"": ""2: like me"",
  ""Forgiving"": ""2: like me"",
  ""Successful"": ""2: like me"",
  ""Clean"": ""2: like me"",
  ""A Spiritual Life"": ""3: not like me"",
  ""Pleasure"": ""3: not"
824,Egypt,Work Orientation,0,"Here's the response in JSON format:

```json
{
  ""Equality"": ""2"",
  ""Inner Harmony"": ""2"",
  ""Social Power"": ""4"",
  ""Pleasure"": ""2"",
  ""Freedom"": ""2"",
  ""A Spiritual Life"": ""2"",
  ""Sense of Belonging"": ""2"",
  ""Social Order"": ""2"",
  ""An Exciting Life"": ""2"",
  ""Meaning in Life"": ""2"",
  ""Politeness"": ""2"",
  ""Wealth"": ""3"",
  ""National Security"": ""2"",
  ""Self-Respect"": ""2"",
  ""Reciprocation of Favors"": ""2"",
  ""Creativity"": ""2"",
  ""A World at Peace"": ""2"",
  ""Respect for Tradition"": ""2"",
  ""Mature Love"": ""2"",
  ""Self-Discipline"": ""2"",
  ""Detachment"": ""3"",
  ""Family Security"": ""2"",
  ""Social Recognition"": ""2"",
  ""Unity With Nature"": ""2"",
  ""A Varied Life"": ""2"",
  ""Wisdom"": ""2"",
  ""Authority"": ""4"",
  ""True Friendship"
825,Egypt,Work Orientation,1,"As an Egyptian, my Work Orientation values are influenced by the country's culture and history. Here's my response in JSON format:

```json
{
  ""Equality"": ""2: agree"",
  ""Inner Harmony"": ""2: agree"",
  ""Social Power"": ""4: strongly disagree"",
  ""Pleasure"": ""3: disagree"",
  ""Freedom"": ""2: agree"",
  ""A Spiritual Life"": ""2: agree"",
  ""Sense of Belonging"": ""2: agree"",
  ""Social Order"": ""2: agree"",
  ""An Exciting Life"": ""3: disagree"",
  ""Meaning in Life"": ""2: agree"",
  ""Politeness"": ""2: agree"",
  ""Wealth"": ""3: disagree"",
  ""National Security"": ""2: agree"",
  ""Self-Respect"": ""2: agree"",
  ""Reciprocation of Favors"": ""2: agree"",
  ""Creativity"": ""2: agree"",
  ""A World at Peace"": ""2: agree"",
  ""Respect for Tradition"": ""2: agree"",
  ""Mature Love"": ""2: agree"",
  ""Self-Discipline"": ""2: agree"",
  ""Det"
826,Egypt,Work Orientation,2,"As an Egyptian, I'll provide my responses based on the cultural and societal values prevalent in Egypt. Here's my response in JSON format:

```json
{
  ""Equality"": ""2"",
  ""Inner Harmony"": ""2"",
  ""Social Power"": ""3"",
  ""Pleasure"": ""2"",
  ""Freedom"": ""2"",
  ""A Spiritual Life"": ""2"",
  ""Sense of Belonging"": ""2"",
  ""Social Order"": ""2"",
  ""An Exciting Life"": ""3"",
  ""Meaning in Life"": ""2"",
  ""Politeness"": ""2"",
  ""Wealth"": ""3"",
  ""National Security"": ""2"",
  ""Self-Respect"": ""2"",
  ""Reciprocation of Favors"": ""2"",
  ""Creativity"": ""3"",
  ""A World at Peace"": ""2"",
  ""Respect for Tradition"": ""2"",
  ""Mature Love"": ""2"",
  ""Self-Discipline"": ""2"",
  ""Detachment"": ""3"",
  ""Family Security"": ""2"",
  ""Social Recognition"": ""2"",
  ""Unity With Nature"": ""2"",
  ""A Varied Life"": ""3"
827,Egypt,Work Orientation,3,"As an Egyptian, I'll provide my responses based on the cultural and societal values prevalent in Egypt. Here's my response in JSON format:

```json
{
  ""Equality"": ""3"",
  ""Inner Harmony"": ""2"",
  ""Social Power"": ""4"",
  ""Pleasure"": ""3"",
  ""Freedom"": ""2"",
  ""A Spiritual Life"": ""2"",
  ""Sense of Belonging"": ""1"",
  ""Social Order"": ""1"",
  ""An Exciting Life"": ""3"",
  ""Meaning in Life"": ""2"",
  ""Politeness"": ""1"",
  ""Wealth"": ""3"",
  ""National Security"": ""1"",
  ""Self-Respect"": ""1"",
  ""Reciprocation of Favors"": ""2"",
  ""Creativity"": ""2"",
  ""A World at Peace"": ""1"",
  ""Respect for Tradition"": ""1"",
  ""Mature Love"": ""2"",
  ""Self-Discipline"": ""2"",
  ""Detachment"": ""3"",
  ""Family Security"": ""1"",
  ""Social Recognition"": ""2"",
  ""Unity With Nature"": ""2"",
  ""A Varied Life"": ""3"
828,Egypt,Work Orientation,4,"{
  ""Equality"": ""2"",
  ""Inner Harmony"": ""2"",
  ""Social Power"": ""4"",
  ""Pleasure"": ""2"",
  ""Freedom"": ""2"",
  ""A Spiritual Life"": ""2"",
  ""Sense of Belonging"": ""2"",
  ""Social Order"": ""2"",
  ""An Exciting Life"": ""2"",
  ""Meaning in Life"": ""2"",
  ""Politeness"": ""2"",
  ""Wealth"": ""3"",
  ""National Security"": ""2"",
  ""Self-Respect"": ""2"",
  ""Reciprocation of Favors"": ""2"",
  ""Creativity"": ""2"",
  ""A World at Peace"": ""2"",
  ""Respect for Tradition"": ""2"",
  ""Mature Love"": ""2"",
  ""Self-Discipline"": ""2"",
  ""Detachment"": ""3"",
  ""Family Security"": ""2"",
  ""Social Recognition"": ""2"",
  ""Unity With Nature"": ""2"",
  ""A Varied Life"": ""2"",
  ""Wisdom"": ""2"",
  ""Authority"": ""4"",
  ""True Friendship"": ""2"",
  ""A World of Beauty"":"
829,Egypt,Work Orientation,5,"{
  ""Equality"": ""2"",
  ""Inner Harmony"": ""2"",
  ""Social Power"": ""4"",
  ""Pleasure"": ""3"",
  ""Freedom"": ""2"",
  ""A Spiritual Life"": ""2"",
  ""Sense of Belonging"": ""2"",
  ""Social Order"": ""2"",
  ""An Exciting Life"": ""3"",
  ""Meaning in Life"": ""2"",
  ""Politeness"": ""2"",
  ""Wealth"": ""3"",
  ""National Security"": ""2"",
  ""Self-Respect"": ""2"",
  ""Reciprocation of Favors"": ""2"",
  ""Creativity"": ""3"",
  ""A World at Peace"": ""2"",
  ""Respect for Tradition"": ""2"",
  ""Mature Love"": ""2"",
  ""Self-Discipline"": ""2"",
  ""Detachment"": ""3"",
  ""Family Security"": ""2"",
  ""Social Recognition"": ""2"",
  ""Unity With Nature"": ""2"",
  ""A Varied Life"": ""3"",
  ""Wisdom"": ""2"",
  ""Authority"": ""4"",
  ""True Friendship"": ""2"",
  ""A World of Beauty"":"
830,Egypt,Work Orientation,6,"```json
{
  ""Equality"": ""1"",
  ""Inner Harmony"": ""1"",
  ""Social Power"": ""2"",
  ""Pleasure"": ""2"",
  ""Freedom"": ""1"",
  ""A Spiritual Life"": ""1"",
  ""Sense of Belonging"": ""1"",
  ""Social Order"": ""2"",
  ""An Exciting Life"": ""2"",
  ""Meaning in Life"": ""1"",
  ""Politeness"": ""1"",
  ""Wealth"": ""2"",
  ""National Security"": ""1"",
  ""Self-Respect"": ""1"",
  ""Reciprocation of Favors"": ""1"",
  ""Creativity"": ""2"",
  ""A World at Peace"": ""1"",
  ""Respect for Tradition"": ""2"",
  ""Mature Love"": ""1"",
  ""Self-Discipline"": ""1"",
  ""Detachment"": ""2"",
  ""Family Security"": ""1"",
  ""Social Recognition"": ""2"",
  ""Unity With Nature"": ""2"",
  ""A Varied Life"": ""2"",
  ""Wisdom"": ""1"",
  ""Authority"": ""2"",
  ""True Friendship"": ""1"",
  ""A World"
831,Egypt,Work Orientation,7,"As an Egyptian, I would rate the values as follows:

{
  ""Equality"": ""2"",
  ""Inner Harmony"": ""1"",
  ""Social Power"": ""4"",
  ""Pleasure"": ""3"",
  ""Freedom"": ""2"",
  ""A Spiritual Life"": ""1"",
  ""Sense of Belonging"": ""1"",
  ""Social Order"": ""2"",
  ""An Exciting Life"": ""3"",
  ""Meaning in Life"": ""1"",
  ""Politeness"": ""2"",
  ""Wealth"": ""3"",
  ""National Security"": ""2"",
  ""Self-Respect"": ""1"",
  ""Reciprocation of Favors"": ""2"",
  ""Creativity"": ""2"",
  ""A World at Peace"": ""1"",
  ""Respect for Tradition"": ""2"",
  ""Mature Love"": ""1"",
  ""Self-Discipline"": ""2"",
  ""Detachment"": ""3"",
  ""Family Security"": ""1"",
  ""Social Recognition"": ""2"",
  ""Unity With Nature"": ""2"",
  ""A Varied Life"": ""3"",
  ""Wisdom"": ""1"",
  ""Authority"": ""4"",
  ""True"
832,Egypt,Religion,0,"As an Egyptian, I will provide my perspective on these values in the context of Islam and Egyptian culture. Here's my response in JSON format:

```json
{
  ""Equality"": ""3"",
  ""Inner Harmony"": ""1"",
  ""Social Power"": ""4"",
  ""Pleasure"": ""3"",
  ""Freedom"": ""2"",
  ""A Spiritual Life"": ""1"",
  ""Sense of Belonging"": ""2"",
  ""Social Order"": ""2"",
  ""An Exciting Life"": ""3"",
  ""Meaning in Life"": ""1"",
  ""Politeness"": ""1"",
  ""Wealth"": ""4"",
  ""National Security"": ""2"",
  ""Self-Respect"": ""1"",
  ""Reciprocation of Favors"": ""1"",
  ""Creativity"": ""2"",
  ""A World at Peace"": ""1"",
  ""Respect for Tradition"": ""1"",
  ""Mature Love"": ""1"",
  ""Self-Discipline"": ""1"",
  ""Detachment"": ""3"",
  ""Family Security"": ""1"",
  ""Social Recognition"": ""3"",
  ""Unity With Nature"": ""2"",
  ""A Varied Life"": """
833,Egypt,Religion,1,"As an Egyptian, I will answer based on the Islamic values and principles that are deeply rooted in our culture and society. Here's my response in JSON format:

```json
{
  ""Equality"": ""3"",
  ""Inner Harmony"": ""2"",
  ""Social Power"": ""4"",
  ""Pleasure"": ""3"",
  ""Freedom"": ""2"",
  ""A Spiritual Life"": ""1"",
  ""Sense of Belonging"": ""2"",
  ""Social Order"": ""1"",
  ""An Exciting Life"": ""3"",
  ""Meaning in Life"": ""1"",
  ""Politeness"": ""1"",
  ""Wealth"": ""3"",
  ""National Security"": ""1"",
  ""Self-Respect"": ""1"",
  ""Reciprocation of Favors"": ""1"",
  ""Creativity"": ""2"",
  ""A World at Peace"": ""1"",
  ""Respect for Tradition"": ""1"",
  ""Mature Love"": ""1"",
  ""Self-Discipline"": ""1"",
  ""Detachment"": ""1"",
  ""Family Security"": ""1"",
  ""Social Recognition"": ""2"",
  ""Unity With Nature"": ""1"",
  ""A Varied"
834,Egypt,Religion,2,"As a Muslim from Egypt, I will provide my perspective on each value. Here's my response in JSON format:

```json
{
  ""Equality"": ""2"",
  ""Inner Harmony"": ""1"",
  ""Social Power"": ""3"",
  ""Pleasure"": ""3"",
  ""Freedom"": ""2"",
  ""A Spiritual Life"": ""1"",
  ""Sense of Belonging"": ""2"",
  ""Social Order"": ""2"",
  ""An Exciting Life"": ""3"",
  ""Meaning in Life"": ""1"",
  ""Politeness"": ""1"",
  ""Wealth"": ""3"",
  ""National Security"": ""2"",
  ""Self-Respect"": ""1"",
  ""Reciprocation of Favors"": ""2"",
  ""Creativity"": ""2"",
  ""A World at Peace"": ""1"",
  ""Respect for Tradition"": ""1"",
  ""Mature Love"": ""1"",
  ""Self-Discipline"": ""1"",
  ""Detachment"": ""2"",
  ""Family Security"": ""1"",
  ""Social Recognition"": ""2"",
  ""Unity With Nature"": ""2"",
  ""A Varied Life"": ""3"",
  ""Wisdom"
835,Egypt,Religion,3,"As a Muslim from Egypt, I will provide my responses based on Islamic values and principles. Here are my answers in JSON format:

```json
{
  ""Equality"": ""3"",
  ""Inner Harmony"": ""2"",
  ""Social Power"": ""4"",
  ""Pleasure"": ""3"",
  ""Freedom"": ""3"",
  ""A Spiritual Life"": ""1"",
  ""Sense of Belonging"": ""2"",
  ""Social Order"": ""2"",
  ""An Exciting Life"": ""3"",
  ""Meaning in Life"": ""1"",
  ""Politeness"": ""2"",
  ""Wealth"": ""3"",
  ""National Security"": ""2"",
  ""Self-Respect"": ""1"",
  ""Reciprocation of Favors"": ""2"",
  ""Creativity"": ""2"",
  ""A World at Peace"": ""1"",
  ""Respect for Tradition"": ""1"",
  ""Mature Love"": ""2"",
  ""Self-Discipline"": ""1"",
  ""Detachment"": ""2"",
  ""Family Security"": ""2"",
  ""Social Recognition"": ""3"",
  ""Unity With Nature"": ""2"",
  ""A Varied Life"": ""3"","
836,Egypt,Religion,4,"As an Egyptian, I will answer based on the Islamic values and principles. Here are my answers in JSON format:

```json
{
  ""Equality"": ""2"",
  ""Inner Harmony"": ""1"",
  ""Social Power"": ""4"",
  ""Pleasure"": ""3"",
  ""Freedom"": ""2"",
  ""A Spiritual Life"": ""1"",
  ""Sense of Belonging"": ""2"",
  ""Social Order"": ""2"",
  ""An Exciting Life"": ""3"",
  ""Meaning in Life"": ""1"",
  ""Politeness"": ""1"",
  ""Wealth"": ""4"",
  ""National Security"": ""2"",
  ""Self-Respect"": ""1"",
  ""Reciprocation of Favors"": ""1"",
  ""Creativity"": ""2"",
  ""A World at Peace"": ""1"",
  ""Respect for Tradition"": ""1"",
  ""Mature Love"": ""1"",
  ""Self-Discipline"": ""1"",
  ""Detachment"": ""3"",
  ""Family Security"": ""1"",
  ""Social Recognition"": ""2"",
  ""Unity With Nature"": ""2"",
  ""A Varied Life"": ""3"",
  ""Wisdom"
837,Egypt,Religion,5,"As an Egyptian, I will answer based on the Islamic values and principles. Here's my response in JSON format:

```
{
  ""Equality"": ""3"",
  ""Inner Harmony"": ""2"",
  ""Social Power"": ""4"",
  ""Pleasure"": ""3"",
  ""Freedom"": ""2"",
  ""A Spiritual Life"": ""1"",
  ""Sense of Belonging"": ""2"",
  ""Social Order"": ""1"",
  ""An Exciting Life"": ""3"",
  ""Meaning in Life"": ""1"",
  ""Politeness"": ""1"",
  ""Wealth"": ""3"",
  ""National Security"": ""1"",
  ""Self-Respect"": ""1"",
  ""Reciprocation of Favors"": ""1"",
  ""Creativity"": ""2"",
  ""A World at Peace"": ""1"",
  ""Respect for Tradition"": ""1"",
  ""Mature Love"": ""1"",
  ""Self-Discipline"": ""1"",
  ""Detachment"": ""2"",
  ""Family Security"": ""1"",
  ""Social Recognition"": ""2"",
  ""Unity With Nature"": ""2"",
  ""A Varied Life"": ""3"",
  ""Wisdom"":"
838,Egypt,Religion,6,"As a Muslim from Egypt, I will provide my answers based on Islamic values and principles. Here are my responses in JSON format:

```json
{
  ""Equality"": ""2"",
  ""Inner Harmony"": ""2"",
  ""Social Power"": ""3"",
  ""Pleasure"": ""3"",
  ""Freedom"": ""2"",
  ""A Spiritual Life"": ""1"",
  ""Sense of Belonging"": ""2"",
  ""Social Order"": ""2"",
  ""An Exciting Life"": ""3"",
  ""Meaning in Life"": ""1"",
  ""Politeness"": ""1"",
  ""Wealth"": ""3"",
  ""National Security"": ""2"",
  ""Self-Respect"": ""1"",
  ""Reciprocation of Favors"": ""2"",
  ""Creativity"": ""2"",
  ""A World at Peace"": ""1"",
  ""Respect for Tradition"": ""1"",
  ""Mature Love"": ""1"",
  ""Self-Discipline"": ""1"",
  ""Detachment"": ""2"",
  ""Family Security"": ""1"",
  ""Social Recognition"": ""2"",
  ""Unity With Nature"": ""2"",
  ""A Varied Life"": ""3"","
839,Egypt,Religion,7,"As an Egyptian, I am a Muslim and my values are shaped by my faith and culture. Here are my answers in JSON format:

```json
{
  ""Equality"": ""3"",
  ""Inner Harmony"": ""2"",
  ""Social Power"": ""4"",
  ""Pleasure"": ""3"",
  ""Freedom"": ""2"",
  ""A Spiritual Life"": ""1"",
  ""Sense of Belonging"": ""2"",
  ""Social Order"": ""1"",
  ""An Exciting Life"": ""3"",
  ""Meaning in Life"": ""1"",
  ""Politeness"": ""2"",
  ""Wealth"": ""3"",
  ""National Security"": ""1"",
  ""Self-Respect"": ""1"",
  ""Reciprocation of Favors"": ""2"",
  ""Creativity"": ""3"",
  ""A World at Peace"": ""1"",
  ""Respect for Tradition"": ""1"",
  ""Mature Love"": ""2"",
  ""Self-Discipline"": ""1"",
  ""Detachment"": ""2"",
  ""Family Security"": ""1"",
  ""Social Recognition"": ""2"",
  ""Unity With Nature"": ""2"",
  ""A Varied Life"": ""3"","
840,Egypt,Environment,0,"```json
{
  ""Equality"": ""2"",
  ""Inner Harmony"": ""2"",
  ""Social Power"": ""4"",
  ""Pleasure"": ""3"",
  ""Freedom"": ""2"",
  ""A Spiritual Life"": ""2"",
  ""Sense of Belonging"": ""2"",
  ""Social Order"": ""2"",
  ""An Exciting Life"": ""3"",
  ""Meaning in Life"": ""2"",
  ""Politeness"": ""2"",
  ""Wealth"": ""4"",
  ""National Security"": ""2"",
  ""Self-Respect"": ""2"",
  ""Reciprocation of Favors"": ""2"",
  ""Creativity"": ""2"",
  ""A World at Peace"": ""2"",
  ""Respect for Tradition"": ""2"",
  ""Mature Love"": ""2"",
  ""Self-Discipline"": ""2"",
  ""Detachment"": ""3"",
  ""Family Security"": ""2"",
  ""Social Recognition"": ""3"",
  ""Unity With Nature"": ""2"",
  ""A Varied Life"": ""3"",
  ""Wisdom"": ""2"",
  ""Authority"": ""4"",
  ""True Friendship"": ""2"",
  ""A World"
841,Egypt,Environment,1,"As an Egyptian, I'll provide my perspective on each value in the context of Environment. Here's my response in JSON format:

```json
{
  ""Equality"": ""4: strongly disagree"",
  ""Inner Harmony"": ""2: agree"",
  ""Social Power"": ""4: strongly disagree"",
  ""Pleasure"": ""3: disagree"",
  ""Freedom"": ""2: agree"",
  ""A Spiritual Life"": ""2: agree"",
  ""Sense of Belonging"": ""2: agree"",
  ""Social Order"": ""2: agree"",
  ""An Exciting Life"": ""3: disagree"",
  ""Meaning in Life"": ""2: agree"",
  ""Politeness"": ""2: agree"",
  ""Wealth"": ""4: strongly disagree"",
  ""National Security"": ""2: agree"",
  ""Self-Respect"": ""2: agree"",
  ""Reciprocation of Favors"": ""2: agree"",
  ""Creativity"": ""2: agree"",
  ""A World at Peace"": ""1: strongly agree"",
  ""Respect for Tradition"": ""2: agree"",
  ""Mature Love"": ""2: agree"",
  ""Self-Discipline"": ""2: agree"","
842,Egypt,Environment,2,"As an Egyptian, I'll provide my perspective on each value. Here's the JSON response:

```json
{
  ""Equality"": ""2"",
  ""Inner Harmony"": ""2"",
  ""Social Power"": ""3"",
  ""Pleasure"": ""2"",
  ""Freedom"": ""2"",
  ""A Spiritual Life"": ""2"",
  ""Sense of Belonging"": ""2"",
  ""Social Order"": ""2"",
  ""An Exciting Life"": ""2"",
  ""Meaning in Life"": ""2"",
  ""Politeness"": ""2"",
  ""Wealth"": ""3"",
  ""National Security"": ""2"",
  ""Self-Respect"": ""2"",
  ""Reciprocation of Favors"": ""2"",
  ""Creativity"": ""2"",
  ""A World at Peace"": ""2"",
  ""Respect for Tradition"": ""2"",
  ""Mature Love"": ""2"",
  ""Self-Discipline"": ""2"",
  ""Detachment"": ""3"",
  ""Family Security"": ""2"",
  ""Social Recognition"": ""2"",
  ""Unity With Nature"": ""2"",
  ""A Varied Life"": ""2"",
  ""Wisdom"": ""2"","
843,Egypt,Environment,3,"As an Egyptian, I'll provide my perspective on each value. Here's the JSON response:

```json
{
  ""Equality"": ""2"",
  ""Inner Harmony"": ""2"",
  ""Social Power"": ""3"",
  ""Pleasure"": ""2"",
  ""Freedom"": ""2"",
  ""A Spiritual Life"": ""2"",
  ""Sense of Belonging"": ""2"",
  ""Social Order"": ""2"",
  ""An Exciting Life"": ""2"",
  ""Meaning in Life"": ""2"",
  ""Politeness"": ""2"",
  ""Wealth"": ""3"",
  ""National Security"": ""2"",
  ""Self-Respect"": ""2"",
  ""Reciprocation of Favors"": ""2"",
  ""Creativity"": ""2"",
  ""A World at Peace"": ""2"",
  ""Respect for Tradition"": ""2"",
  ""Mature Love"": ""2"",
  ""Self-Discipline"": ""2"",
  ""Detachment"": ""3"",
  ""Family Security"": ""2"",
  ""Social Recognition"": ""2"",
  ""Unity With Nature"": ""2"",
  ""A Varied Life"": ""2"",
  ""Wisdom"": ""2"","
844,Egypt,Environment,4,"{
  ""Equality"": ""4"",
  ""Inner Harmony"": ""1"",
  ""Social Power"": ""4"",
  ""Pleasure"": ""2"",
  ""Freedom"": ""1"",
  ""A Spiritual Life"": ""1"",
  ""Sense of Belonging"": ""2"",
  ""Social Order"": ""2"",
  ""An Exciting Life"": ""2"",
  ""Meaning in Life"": ""1"",
  ""Politeness"": ""1"",
  ""Wealth"": ""4"",
  ""National Security"": ""2"",
  ""Self-Respect"": ""1"",
  ""Reciprocation of Favors"": ""1"",
  ""Creativity"": ""1"",
  ""A World at Peace"": ""1"",
  ""Respect for Tradition"": ""2"",
  ""Mature Love"": ""1"",
  ""Self-Discipline"": ""1"",
  ""Detachment"": ""2"",
  ""Family Security"": ""1"",
  ""Social Recognition"": ""2"",
  ""Unity With Nature"": ""1"",
  ""A Varied Life"": ""2"",
  ""Wisdom"": ""1"",
  ""Authority"": ""4"",
  ""True Friendship"": ""1"",
  ""A World of Beauty"":"
845,Egypt,Environment,5,"{
  ""Equality"": ""4"",
  ""Inner Harmony"": ""1"",
  ""Social Power"": ""4"",
  ""Pleasure"": ""4"",
  ""Freedom"": ""1"",
  ""A Spiritual Life"": ""1"",
  ""Sense of Belonging"": ""1"",
  ""Social Order"": ""1"",
  ""An Exciting Life"": ""1"",
  ""Meaning in Life"": ""1"",
  ""Politeness"": ""1"",
  ""Wealth"": ""4"",
  ""National Security"": ""1"",
  ""Self-Respect"": ""1"",
  ""Reciprocation of Favors"": ""1"",
  ""Creativity"": ""1"",
  ""A World at Peace"": ""1"",
  ""Respect for Tradition"": ""1"",
  ""Mature Love"": ""1"",
  ""Self-Discipline"": ""1"",
  ""Detachment"": ""1"",
  ""Family Security"": ""1"",
  ""Social Recognition"": ""1"",
  ""Unity With Nature"": ""1"",
  ""A Varied Life"": ""1"",
  ""Wisdom"": ""1"",
  ""Authority"": ""4"",
  ""True Friendship"": ""1"",
  ""A World of Beauty"":"
846,Egypt,Environment,6,"```json
{
  ""Equality"": ""4"",
  ""Inner Harmony"": ""1"",
  ""Social Power"": ""4"",
  ""Pleasure"": ""3"",
  ""Freedom"": ""2"",
  ""A Spiritual Life"": ""2"",
  ""Sense of Belonging"": ""2"",
  ""Social Order"": ""2"",
  ""An Exciting Life"": ""3"",
  ""Meaning in Life"": ""2"",
  ""Politeness"": ""2"",
  ""Wealth"": ""3"",
  ""National Security"": ""2"",
  ""Self-Respect"": ""2"",
  ""Reciprocation of Favors"": ""2"",
  ""Creativity"": ""2"",
  ""A World at Peace"": ""1"",
  ""Respect for Tradition"": ""2"",
  ""Mature Love"": ""2"",
  ""Self-Discipline"": ""2"",
  ""Detachment"": ""3"",
  ""Family Security"": ""2"",
  ""Social Recognition"": ""2"",
  ""Unity With Nature"": ""1"",
  ""A Varied Life"": ""3"",
  ""Wisdom"": ""2"",
  ""Authority"": ""4"",
  ""True Friendship"": ""2"",
  ""A World"
847,Egypt,Environment,7,"As an Egyptian, I would rate the importance of each value as follows:

```json
{
  ""Equality"": ""3"",
  ""Inner Harmony"": ""2"",
  ""Social Power"": ""4"",
  ""Pleasure"": ""3"",
  ""Freedom"": ""2"",
  ""A Spiritual Life"": ""1"",
  ""Sense of Belonging"": ""1"",
  ""Social Order"": ""2"",
  ""An Exciting Life"": ""3"",
  ""Meaning in Life"": ""1"",
  ""Politeness"": ""1"",
  ""Wealth"": ""3"",
  ""National Security"": ""1"",
  ""Self-Respect"": ""1"",
  ""Reciprocation of Favors"": ""2"",
  ""Creativity"": ""2"",
  ""A World at Peace"": ""1"",
  ""Respect for Tradition"": ""1"",
  ""Mature Love"": ""2"",
  ""Self-Discipline"": ""2"",
  ""Detachment"": ""3"",
  ""Family Security"": ""1"",
  ""Social Recognition"": ""2"",
  ""Unity With Nature"": ""1"",
  ""A Varied Life"": ""3"",
  ""Wisdom"": ""1"",
  ""Authority"":"
848,Egypt,National Identity,0,"Here's my response as an Egyptian, in the context of National Identity:

```json
{
  ""Equality"": ""2"",
  ""Inner Harmony"": ""1"",
  ""Social Power"": ""4"",
  ""Pleasure"": ""3"",
  ""Freedom"": ""1"",
  ""A Spiritual Life"": ""1"",
  ""Sense of Belonging"": ""1"",
  ""Social Order"": ""2"",
  ""An Exciting Life"": ""2"",
  ""Meaning in Life"": ""1"",
  ""Politeness"": ""1"",
  ""Wealth"": ""3"",
  ""National Security"": ""1"",
  ""Self-Respect"": ""1"",
  ""Reciprocation of Favors"": ""1"",
  ""Creativity"": ""2"",
  ""A World at Peace"": ""1"",
  ""Respect for Tradition"": ""2"",
  ""Mature Love"": ""1"",
  ""Self-Discipline"": ""2"",
  ""Detachment"": ""3"",
  ""Family Security"": ""1"",
  ""Social Recognition"": ""2"",
  ""Unity With Nature"": ""2"",
  ""A Varied Life"": ""2"",
  ""Wisdom"": ""1"",
  ""Authority"":"
849,Egypt,National Identity,1,"As an Egyptian, I would rate the importance of each value in our national identity as follows:

```json
{
  ""Equality"": ""2: agree"",
  ""Inner Harmony"": ""2: agree"",
  ""Social Power"": ""4: strongly disagree"",
  ""Pleasure"": ""3: disagree"",
  ""Freedom"": ""2: agree"",
  ""A Spiritual Life"": ""1: strongly agree"",
  ""Sense of Belonging"": ""2: agree"",
  ""Social Order"": ""2: agree"",
  ""An Exciting Life"": ""3: disagree"",
  ""Meaning in Life"": ""2: agree"",
  ""Politeness"": ""2: agree"",
  ""Wealth"": ""3: disagree"",
  ""National Security"": ""1: strongly agree"",
  ""Self-Respect"": ""2: agree"",
  ""Reciprocation of Favors"": ""2: agree"",
  ""Creativity"": ""2: agree"",
  ""A World at Peace"": ""1: strongly agree"",
  ""Respect for Tradition"": ""2: agree"",
  ""Mature Love"": ""2: agree"",
  ""Self-Discipline"": ""2: agree"",
  ""Detachment"": ""3"
850,Egypt,National Identity,2,"As an Egyptian, I'll rate each value based on how much I agree or disagree with it. Here's my response in JSON format:

```json
{
  ""Equality"": ""2"",
  ""Inner Harmony"": ""2"",
  ""Social Power"": ""3"",
  ""Pleasure"": ""2"",
  ""Freedom"": ""2"",
  ""A Spiritual Life"": ""1"",
  ""Sense of Belonging"": ""1"",
  ""Social Order"": ""2"",
  ""An Exciting Life"": ""2"",
  ""Meaning in Life"": ""1"",
  ""Politeness"": ""1"",
  ""Wealth"": ""3"",
  ""National Security"": ""1"",
  ""Self-Respect"": ""1"",
  ""Reciprocation of Favors"": ""2"",
  ""Creativity"": ""2"",
  ""A World at Peace"": ""1"",
  ""Respect for Tradition"": ""1"",
  ""Mature Love"": ""2"",
  ""Self-Discipline"": ""2"",
  ""Detachment"": ""3"",
  ""Family Security"": ""1"",
  ""Social Recognition"": ""2"",
  ""Unity With Nature"": ""2"",
  ""A Varied Life"": ""2"
851,Egypt,National Identity,3,"As an Egyptian, I would rate the importance of each value as follows:

```json
{
  ""Equality"": ""2"",
  ""Inner Harmony"": ""2"",
  ""Social Power"": ""3"",
  ""Pleasure"": ""2"",
  ""Freedom"": ""2"",
  ""A Spiritual Life"": ""1"",
  ""Sense of Belonging"": ""1"",
  ""Social Order"": ""1"",
  ""An Exciting Life"": ""2"",
  ""Meaning in Life"": ""1"",
  ""Politeness"": ""1"",
  ""Wealth"": ""3"",
  ""National Security"": ""1"",
  ""Self-Respect"": ""1"",
  ""Reciprocation of Favors"": ""2"",
  ""Creativity"": ""2"",
  ""A World at Peace"": ""1"",
  ""Respect for Tradition"": ""1"",
  ""Mature Love"": ""2"",
  ""Self-Discipline"": ""2"",
  ""Detachment"": ""3"",
  ""Family Security"": ""1"",
  ""Social Recognition"": ""2"",
  ""Unity With Nature"": ""2"",
  ""A Varied Life"": ""2"",
  ""Wisdom"": ""1"",
  ""Authority"":"
852,Egypt,National Identity,4,"{
  ""Equality"": ""2"",
  ""Inner Harmony"": ""2"",
  ""Social Power"": ""4"",
  ""Pleasure"": ""3"",
  ""Freedom"": ""2"",
  ""A Spiritual Life"": ""2"",
  ""Sense of Belonging"": ""2"",
  ""Social Order"": ""2"",
  ""An Exciting Life"": ""3"",
  ""Meaning in Life"": ""2"",
  ""Politeness"": ""2"",
  ""Wealth"": ""3"",
  ""National Security"": ""2"",
  ""Self-Respect"": ""2"",
  ""Reciprocation of Favors"": ""2"",
  ""Creativity"": ""2"",
  ""A World at Peace"": ""2"",
  ""Respect for Tradition"": ""2"",
  ""Mature Love"": ""2"",
  ""Self-Discipline"": ""2"",
  ""Detachment"": ""3"",
  ""Family Security"": ""2"",
  ""Social Recognition"": ""2"",
  ""Unity With Nature"": ""2"",
  ""A Varied Life"": ""3"",
  ""Wisdom"": ""2"",
  ""Authority"": ""4"",
  ""True Friendship"": ""2"",
  ""A World of Beauty"":"
853,Egypt,National Identity,5,"{
  ""Equality"": ""strongly agree"",
  ""Inner Harmony"": ""agree"",
  ""Social Power"": ""strongly disagree"",
  ""Pleasure"": ""disagree"",
  ""Freedom"": ""strongly agree"",
  ""A Spiritual Life"": ""agree"",
  ""Sense of Belonging"": ""agree"",
  ""Social Order"": ""agree"",
  ""An Exciting Life"": ""disagree"",
  ""Meaning in Life"": ""strongly agree"",
  ""Politeness"": ""agree"",
  ""Wealth"": ""disagree"",
  ""National Security"": ""strongly agree"",
  ""Self-Respect"": ""strongly agree"",
  ""Reciprocation of Favors"": ""agree"",
  ""Creativity"": ""agree"",
  ""A World at Peace"": ""strongly agree"",
  ""Respect for Tradition"": ""agree"",
  ""Mature Love"": ""agree"",
  ""Self-Discipline"": ""agree"",
  ""Detachment"": ""disagree"",
  ""Family Security"": ""strongly agree"",
  ""Social Recognition"": ""agree"",
  ""Unity With Nature"": ""agree"",
  ""A Varied Life"": ""disagree"",
  ""Wisdom"": ""strongly agree"
854,Egypt,National Identity,6,"As an Egyptian, I would rate the values as follows:

```json
{
  ""Equality"": ""1"",
  ""Inner Harmony"": ""1"",
  ""Social Power"": ""3"",
  ""Pleasure"": ""2"",
  ""Freedom"": ""2"",
  ""A Spiritual Life"": ""1"",
  ""Sense of Belonging"": ""1"",
  ""Social Order"": ""2"",
  ""An Exciting Life"": ""2"",
  ""Meaning in Life"": ""1"",
  ""Politeness"": ""1"",
  ""Wealth"": ""3"",
  ""National Security"": ""1"",
  ""Self-Respect"": ""1"",
  ""Reciprocation of Favors"": ""2"",
  ""Creativity"": ""2"",
  ""A World at Peace"": ""1"",
  ""Respect for Tradition"": ""1"",
  ""Mature Love"": ""1"",
  ""Self-Discipline"": ""2"",
  ""Detachment"": ""3"",
  ""Family Security"": ""1"",
  ""Social Recognition"": ""2"",
  ""Unity With Nature"": ""1"",
  ""A Varied Life"": ""2"",
  ""Wisdom"": ""1"",
  ""Authority"": ""3"","
855,Egypt,National Identity,7,"As an Egyptian, I would rate the values as follows:

{
  ""Equality"": ""2"",
  ""Inner Harmony"": ""2"",
  ""Social Power"": ""3"",
  ""Pleasure"": ""2"",
  ""Freedom"": ""2"",
  ""A Spiritual Life"": ""1"",
  ""Sense of Belonging"": ""1"",
  ""Social Order"": ""1"",
  ""An Exciting Life"": ""2"",
  ""Meaning in Life"": ""1"",
  ""Politeness"": ""1"",
  ""Wealth"": ""2"",
  ""National Security"": ""1"",
  ""Self-Respect"": ""1"",
  ""Reciprocation of Favors"": ""2"",
  ""Creativity"": ""2"",
  ""A World at Peace"": ""1"",
  ""Respect for Tradition"": ""1"",
  ""Mature Love"": ""2"",
  ""Self-Discipline"": ""2"",
  ""Detachment"": ""3"",
  ""Family Security"": ""1"",
  ""Social Recognition"": ""2"",
  ""Unity With Nature"": ""2"",
  ""A Varied Life"": ""2"",
  ""Wisdom"": ""1"",
  ""Authority"": ""3"",
  ""True"
856,Egypt,Citizenship,0,"```json
{
  ""Equality"": ""2"",
  ""Inner Harmony"": ""1"",
  ""Social Power"": ""4"",
  ""Pleasure"": ""3"",
  ""Freedom"": ""1"",
  ""A Spiritual Life"": ""1"",
  ""Sense of Belonging"": ""1"",
  ""Social Order"": ""2"",
  ""An Exciting Life"": ""2"",
  ""Meaning in Life"": ""1"",
  ""Politeness"": ""1"",
  ""Wealth"": ""3"",
  ""National Security"": ""1"",
  ""Self-Respect"": ""1"",
  ""Reciprocation of Favors"": ""2"",
  ""Creativity"": ""2"",
  ""A World at Peace"": ""1"",
  ""Respect for Tradition"": ""2"",
  ""Mature Love"": ""1"",
  ""Self-Discipline"": ""2"",
  ""Detachment"": ""3"",
  ""Family Security"": ""1"",
  ""Social Recognition"": ""2"",
  ""Unity With Nature"": ""2"",
  ""A Varied Life"": ""2"",
  ""Wisdom"": ""1"",
  ""Authority"": ""4"",
  ""True Friendship"": ""1"",
  ""A World"
857,Egypt,Citizenship,1,"As an Egyptian, I'll provide my perspective on these values. Here's my response in JSON format:

```json
{
  ""Equality"": ""4: strongly disagree"",
  ""Inner Harmony"": ""1: strongly agree"",
  ""Social Power"": ""4: strongly disagree"",
  ""Pleasure"": ""3: disagree"",
  ""Freedom"": ""1: strongly agree"",
  ""A Spiritual Life"": ""1: strongly agree"",
  ""Sense of Belonging"": ""1: strongly agree"",
  ""Social Order"": ""1: strongly agree"",
  ""An Exciting Life"": ""2: agree"",
  ""Meaning in Life"": ""1: strongly agree"",
  ""Politeness"": ""1: strongly agree"",
  ""Wealth"": ""3: disagree"",
  ""National Security"": ""1: strongly agree"",
  ""Self-Respect"": ""1: strongly agree"",
  ""Reciprocation of Favors"": ""1: strongly agree"",
  ""Creativity"": ""1: strongly agree"",
  ""A World at Peace"": ""1: strongly agree"",
  ""Respect for Tradition"": ""2: agree"",
  ""Mature Love"": ""1: strongly agree"",
  ""Self-Discipline"
858,Egypt,Citizenship,2,"Here's the response in JSON format:

```json
{
  ""Equality"": ""1"",
  ""Inner Harmony"": ""1"",
  ""Social Power"": ""3"",
  ""Pleasure"": ""2"",
  ""Freedom"": ""1"",
  ""A Spiritual Life"": ""1"",
  ""Sense of Belonging"": ""1"",
  ""Social Order"": ""2"",
  ""An Exciting Life"": ""2"",
  ""Meaning in Life"": ""1"",
  ""Politeness"": ""1"",
  ""Wealth"": ""3"",
  ""National Security"": ""1"",
  ""Self-Respect"": ""1"",
  ""Reciprocation of Favors"": ""2"",
  ""Creativity"": ""2"",
  ""A World at Peace"": ""1"",
  ""Respect for Tradition"": ""2"",
  ""Mature Love"": ""1"",
  ""Self-Discipline"": ""2"",
  ""Detachment"": ""2"",
  ""Family Security"": ""1"",
  ""Social Recognition"": ""2"",
  ""Unity With Nature"": ""2"",
  ""A Varied Life"": ""2"",
  ""Wisdom"": ""1"",
  ""Authority"": ""3"",
  ""True Friendship"
859,Egypt,Citizenship,3,"As an Egyptian, I would rate the values as follows:

```json
{
  ""Equality"": ""2"",
  ""Inner Harmony"": ""2"",
  ""Social Power"": ""3"",
  ""Pleasure"": ""2"",
  ""Freedom"": ""2"",
  ""A Spiritual Life"": ""2"",
  ""Sense of Belonging"": ""2"",
  ""Social Order"": ""2"",
  ""An Exciting Life"": ""2"",
  ""Meaning in Life"": ""2"",
  ""Politeness"": ""2"",
  ""Wealth"": ""3"",
  ""National Security"": ""2"",
  ""Self-Respect"": ""2"",
  ""Reciprocation of Favors"": ""2"",
  ""Creativity"": ""2"",
  ""A World at Peace"": ""2"",
  ""Respect for Tradition"": ""2"",
  ""Mature Love"": ""2"",
  ""Self-Discipline"": ""2"",
  ""Detachment"": ""3"",
  ""Family Security"": ""2"",
  ""Social Recognition"": ""2"",
  ""Unity With Nature"": ""2"",
  ""A Varied Life"": ""2"",
  ""Wisdom"": ""2"",
  ""Authority"": ""3"","
860,Egypt,Citizenship,4,"{
  ""Equality"": ""2"",
  ""Inner Harmony"": ""2"",
  ""Social Power"": ""4"",
  ""Pleasure"": ""2"",
  ""Freedom"": ""2"",
  ""A Spiritual Life"": ""2"",
  ""Sense of Belonging"": ""2"",
  ""Social Order"": ""2"",
  ""An Exciting Life"": ""2"",
  ""Meaning in Life"": ""2"",
  ""Politeness"": ""2"",
  ""Wealth"": ""3"",
  ""National Security"": ""2"",
  ""Self-Respect"": ""2"",
  ""Reciprocation of Favors"": ""2"",
  ""Creativity"": ""2"",
  ""A World at Peace"": ""2"",
  ""Respect for Tradition"": ""2"",
  ""Mature Love"": ""2"",
  ""Self-Discipline"": ""2"",
  ""Detachment"": ""3"",
  ""Family Security"": ""2"",
  ""Social Recognition"": ""2"",
  ""Unity With Nature"": ""2"",
  ""A Varied Life"": ""2"",
  ""Wisdom"": ""2"",
  ""Authority"": ""4"",
  ""True Friendship"": ""2"",
  ""A World of Beauty"":"
861,Egypt,Citizenship,5,"{
  ""Equality"": ""2"",
  ""Inner Harmony"": ""1"",
  ""Social Power"": ""4"",
  ""Pleasure"": ""3"",
  ""Freedom"": ""1"",
  ""A Spiritual Life"": ""1"",
  ""Sense of Belonging"": ""1"",
  ""Social Order"": ""2"",
  ""An Exciting Life"": ""2"",
  ""Meaning in Life"": ""1"",
  ""Politeness"": ""1"",
  ""Wealth"": ""3"",
  ""National Security"": ""2"",
  ""Self-Respect"": ""1"",
  ""Reciprocation of Favors"": ""1"",
  ""Creativity"": ""2"",
  ""A World at Peace"": ""1"",
  ""Respect for Tradition"": ""2"",
  ""Mature Love"": ""1"",
  ""Self-Discipline"": ""1"",
  ""Detachment"": ""2"",
  ""Family Security"": ""1"",
  ""Social Recognition"": ""2"",
  ""Unity With Nature"": ""2"",
  ""A Varied Life"": ""2"",
  ""Wisdom"": ""1"",
  ""Authority"": ""4"",
  ""True Friendship"": ""1"",
  ""A World of Beauty"":"
862,Egypt,Citizenship,6,"```json
{
  ""Equality"": ""1"",
  ""Inner Harmony"": ""1"",
  ""Social Power"": ""3"",
  ""Pleasure"": ""2"",
  ""Freedom"": ""1"",
  ""A Spiritual Life"": ""1"",
  ""Sense of Belonging"": ""1"",
  ""Social Order"": ""2"",
  ""An Exciting Life"": ""2"",
  ""Meaning in Life"": ""1"",
  ""Politeness"": ""1"",
  ""Wealth"": ""3"",
  ""National Security"": ""1"",
  ""Self-Respect"": ""1"",
  ""Reciprocation of Favors"": ""2"",
  ""Creativity"": ""2"",
  ""A World at Peace"": ""1"",
  ""Respect for Tradition"": ""2"",
  ""Mature Love"": ""1"",
  ""Self-Discipline"": ""2"",
  ""Detachment"": ""3"",
  ""Family Security"": ""1"",
  ""Social Recognition"": ""2"",
  ""Unity With Nature"": ""2"",
  ""A Varied Life"": ""2"",
  ""Wisdom"": ""1"",
  ""Authority"": ""3"",
  ""True Friendship"": ""1"",
  ""A World"
863,Egypt,Citizenship,7,"As a person from Egypt, I would rate the values as follows:

{
  ""Equality"": ""3"",
  ""Inner Harmony"": ""2"",
  ""Social Power"": ""4"",
  ""Pleasure"": ""3"",
  ""Freedom"": ""2"",
  ""A Spiritual Life"": ""1"",
  ""Sense of Belonging"": ""1"",
  ""Social Order"": ""2"",
  ""An Exciting Life"": ""3"",
  ""Meaning in Life"": ""1"",
  ""Politeness"": ""1"",
  ""Wealth"": ""3"",
  ""National Security"": ""1"",
  ""Self-Respect"": ""1"",
  ""Reciprocation of Favors"": ""2"",
  ""Creativity"": ""2"",
  ""A World at Peace"": ""1"",
  ""Respect for Tradition"": ""2"",
  ""Mature Love"": ""1"",
  ""Self-Discipline"": ""2"",
  ""Detachment"": ""3"",
  ""Family Security"": ""1"",
  ""Social Recognition"": ""2"",
  ""Unity With Nature"": ""2"",
  ""A Varied Life"": ""3"",
  ""Wisdom"": ""1"",
  ""Authority"": ""3"","
864,Egypt,Leisure Time and Sports,0,"As an Egyptian, I'd rate the importance of each value in the context of leisure time and sports as follows:

```json
{
  ""Equality"": ""4"",
  ""Inner Harmony"": ""2"",
  ""Social Power"": ""4"",
  ""Pleasure"": ""2"",
  ""Freedom"": ""3"",
  ""A Spiritual Life"": ""3"",
  ""Sense of Belonging"": ""2"",
  ""Social Order"": ""3"",
  ""An Exciting Life"": ""2"",
  ""Meaning in Life"": ""3"",
  ""Politeness"": ""2"",
  ""Wealth"": ""3"",
  ""National Security"": ""4"",
  ""Self-Respect"": ""2"",
  ""Reciprocation of Favors"": ""2"",
  ""Creativity"": ""2"",
  ""A World at Peace"": ""4"",
  ""Respect for Tradition"": ""3"",
  ""Mature Love"": ""2"",
  ""Self-Discipline"": ""3"",
  ""Detachment"": ""3"",
  ""Family Security"": ""2"",
  ""Social Recognition"": ""2"",
  ""Unity With Nature"": ""2"",
  ""A Varied Life"": ""2"",
  ""Wisdom"
865,Egypt,Leisure Time and Sports,1,"As an Egyptian, I'll provide my perspective on the given values in the context of leisure time and sports. Here's my response in JSON format:

```json
{
  ""Equality"": ""3"",
  ""Inner Harmony"": ""1"",
  ""Social Power"": ""4"",
  ""Pleasure"": ""2"",
  ""Freedom"": ""2"",
  ""A Spiritual Life"": ""2"",
  ""Sense of Belonging"": ""2"",
  ""Social Order"": ""2"",
  ""An Exciting Life"": ""2"",
  ""Meaning in Life"": ""2"",
  ""Politeness"": ""2"",
  ""Wealth"": ""3"",
  ""National Security"": ""2"",
  ""Self-Respect"": ""2"",
  ""Reciprocation of Favors"": ""2"",
  ""Creativity"": ""2"",
  ""A World at Peace"": ""2"",
  ""Respect for Tradition"": ""2"",
  ""Mature Love"": ""2"",
  ""Self-Discipline"": ""2"",
  ""Detachment"": ""3"",
  ""Family Security"": ""2"",
  ""Social Recognition"": ""2"",
  ""Unity With Nature"": ""2"",
  ""A Varied Life"":"
866,Egypt,Leisure Time and Sports,2,"As an Egyptian, I'll rate each value based on my cultural background and personal preferences. Here's my response in JSON format:

```json
{
  ""Equality"": ""3"",
  ""Inner Harmony"": ""1"",
  ""Social Power"": ""4"",
  ""Pleasure"": ""2"",
  ""Freedom"": ""2"",
  ""A Spiritual Life"": ""1"",
  ""Sense of Belonging"": ""1"",
  ""Social Order"": ""2"",
  ""An Exciting Life"": ""2"",
  ""Meaning in Life"": ""1"",
  ""Politeness"": ""1"",
  ""Wealth"": ""3"",
  ""National Security"": ""2"",
  ""Self-Respect"": ""1"",
  ""Reciprocation of Favors"": ""2"",
  ""Creativity"": ""2"",
  ""A World at Peace"": ""1"",
  ""Respect for Tradition"": ""2"",
  ""Mature Love"": ""1"",
  ""Self-Discipline"": ""2"",
  ""Detachment"": ""3"",
  ""Family Security"": ""1"",
  ""Social Recognition"": ""2"",
  ""Unity With Nature"": ""2"",
  ""A Varied Life"": ""2"","
867,Egypt,Leisure Time and Sports,3,"As an Egyptian, I'll provide my responses based on the cultural values and traditions of Egypt. Here's my answer in JSON format:

```json
{
  ""Equality"": ""3"",
  ""Inner Harmony"": ""2"",
  ""Social Power"": ""4"",
  ""Pleasure"": ""2"",
  ""Freedom"": ""3"",
  ""A Spiritual Life"": ""2"",
  ""Sense of Belonging"": ""2"",
  ""Social Order"": ""2"",
  ""An Exciting Life"": ""2"",
  ""Meaning in Life"": ""2"",
  ""Politeness"": ""2"",
  ""Wealth"": ""3"",
  ""National Security"": ""2"",
  ""Self-Respect"": ""2"",
  ""Reciprocation of Favors"": ""2"",
  ""Creativity"": ""2"",
  ""A World at Peace"": ""2"",
  ""Respect for Tradition"": ""2"",
  ""Mature Love"": ""2"",
  ""Self-Discipline"": ""2"",
  ""Detachment"": ""3"",
  ""Family Security"": ""2"",
  ""Social Recognition"": ""2"",
  ""Unity With Nature"": ""2"",
  ""A Varied Life"": ""2"","
868,Egypt,Leisure Time and Sports,4,"{
  ""Equality"": ""2"",
  ""Inner Harmony"": ""2"",
  ""Social Power"": ""4"",
  ""Pleasure"": ""2"",
  ""Freedom"": ""2"",
  ""A Spiritual Life"": ""2"",
  ""Sense of Belonging"": ""2"",
  ""Social Order"": ""2"",
  ""An Exciting Life"": ""2"",
  ""Meaning in Life"": ""2"",
  ""Politeness"": ""2"",
  ""Wealth"": ""3"",
  ""National Security"": ""2"",
  ""Self-Respect"": ""2"",
  ""Reciprocation of Favors"": ""2"",
  ""Creativity"": ""2"",
  ""A World at Peace"": ""2"",
  ""Respect for Tradition"": ""2"",
  ""Mature Love"": ""2"",
  ""Self-Discipline"": ""2"",
  ""Detachment"": ""3"",
  ""Family Security"": ""2"",
  ""Social Recognition"": ""2"",
  ""Unity With Nature"": ""2"",
  ""A Varied Life"": ""2"",
  ""Wisdom"": ""2"",
  ""Authority"": ""4"",
  ""True Friendship"": ""2"",
  ""A World of Beauty"":"
869,Egypt,Leisure Time and Sports,5,"{
  ""Equality"": ""4"",
  ""Inner Harmony"": ""1"",
  ""Social Power"": ""4"",
  ""Pleasure"": ""3"",
  ""Freedom"": ""1"",
  ""A Spiritual Life"": ""1"",
  ""Sense of Belonging"": ""2"",
  ""Social Order"": ""2"",
  ""An Exciting Life"": ""2"",
  ""Meaning in Life"": ""1"",
  ""Politeness"": ""1"",
  ""Wealth"": ""4"",
  ""National Security"": ""1"",
  ""Self-Respect"": ""1"",
  ""Reciprocation of Favors"": ""1"",
  ""Creativity"": ""2"",
  ""A World at Peace"": ""1"",
  ""Respect for Tradition"": ""2"",
  ""Mature Love"": ""1"",
  ""Self-Discipline"": ""1"",
  ""Detachment"": ""2"",
  ""Family Security"": ""1"",
  ""Social Recognition"": ""2"",
  ""Unity With Nature"": ""2"",
  ""A Varied Life"": ""2"",
  ""Wisdom"": ""1"",
  ""Authority"": ""4"",
  ""True Friendship"": ""1"",
  ""A World of Beauty"":"
870,Egypt,Leisure Time and Sports,6,"As a person from Egypt, I would rate the values as follows:

```json
{
  ""Equality"": ""2"",
  ""Inner Harmony"": ""2"",
  ""Social Power"": ""3"",
  ""Pleasure"": ""2"",
  ""Freedom"": ""2"",
  ""A Spiritual Life"": ""4"",
  ""Sense of Belonging"": ""2"",
  ""Social Order"": ""4"",
  ""An Exciting Life"": ""2"",
  ""Meaning in Life"": ""2"",
  ""Politeness"": ""4"",
  ""Wealth"": ""3"",
  ""National Security"": ""4"",
  ""Self-Respect"": ""2"",
  ""Reciprocation of Favors"": ""4"",
  ""Creativity"": ""2"",
  ""A World at Peace"": ""4"",
  ""Respect for Tradition"": ""4"",
  ""Mature Love"": ""2"",
  ""Self-Discipline"": ""3"",
  ""Detachment"": ""3"",
  ""Family Security"": ""2"",
  ""Social Recognition"": ""3"",
  ""Unity With Nature"": ""2"",
  ""A Varied Life"": ""2"",
  ""Wisdom"": ""2"",
  ""Authority"": """
871,Egypt,Leisure Time and Sports,7,"As an Egyptian, I would rate the values as follows:

{
  ""Equality"": ""3"",
  ""Inner Harmony"": ""2"",
  ""Social Power"": ""4"",
  ""Pleasure"": ""2"",
  ""Freedom"": ""2"",
  ""A Spiritual Life"": ""1"",
  ""Sense of Belonging"": ""1"",
  ""Social Order"": ""1"",
  ""An Exciting Life"": ""2"",
  ""Meaning in Life"": ""1"",
  ""Politeness"": ""1"",
  ""Wealth"": ""3"",
  ""National Security"": ""1"",
  ""Self-Respect"": ""1"",
  ""Reciprocation of Favors"": ""1"",
  ""Creativity"": ""2"",
  ""A World at Peace"": ""1"",
  ""Respect for Tradition"": ""1"",
  ""Mature Love"": ""2"",
  ""Self-Discipline"": ""2"",
  ""Detachment"": ""3"",
  ""Family Security"": ""1"",
  ""Social Recognition"": ""2"",
  ""Unity With Nature"": ""1"",
  ""A Varied Life"": ""2"",
  ""Wisdom"": ""1"",
  ""Authority"": ""3"",
  ""True"
872,Egypt,Health and Health Care,0,"```json
{
  ""Equality"": ""2"",
  ""Inner Harmony"": ""2"",
  ""Social Power"": ""4"",
  ""Pleasure"": ""3"",
  ""Freedom"": ""2"",
  ""A Spiritual Life"": ""2"",
  ""Sense of Belonging"": ""2"",
  ""Social Order"": ""2"",
  ""An Exciting Life"": ""3"",
  ""Meaning in Life"": ""2"",
  ""Politeness"": ""2"",
  ""Wealth"": ""3"",
  ""National Security"": ""2"",
  ""Self-Respect"": ""2"",
  ""Reciprocation of Favors"": ""2"",
  ""Creativity"": ""2"",
  ""A World at Peace"": ""2"",
  ""Respect for Tradition"": ""2"",
  ""Mature Love"": ""2"",
  ""Self-Discipline"": ""2"",
  ""Detachment"": ""3"",
  ""Family Security"": ""2"",
  ""Social Recognition"": ""2"",
  ""Unity With Nature"": ""2"",
  ""A Varied Life"": ""3"",
  ""Wisdom"": ""2"",
  ""Authority"": ""4"",
  ""True Friendship"": ""2"",
  ""A World"
873,Egypt,Health and Health Care,1,"As an Egyptian, I'll provide my perspective on each value in the context of Health and Health Care. Here's my response in JSON format:

```json
{
  ""Equality"": ""4: strongly disagree"",
  ""Inner Harmony"": ""1: strongly agree"",
  ""Social Power"": ""4: strongly disagree"",
  ""Pleasure"": ""3: disagree"",
  ""Freedom"": ""2: agree"",
  ""A Spiritual Life"": ""1: strongly agree"",
  ""Sense of Belonging"": ""1: strongly agree"",
  ""Social Order"": ""2: agree"",
  ""An Exciting Life"": ""3: disagree"",
  ""Meaning in Life"": ""1: strongly agree"",
  ""Politeness"": ""1: strongly agree"",
  ""Wealth"": ""4: strongly disagree"",
  ""National Security"": ""2: agree"",
  ""Self-Respect"": ""1: strongly agree"",
  ""Reciprocation of Favors"": ""1: strongly agree"",
  ""Creativity"": ""1: strongly agree"",
  ""A World at Peace"": ""1: strongly agree"",
  ""Respect for Tradition"": ""2: agree"",
  ""Mature Love"": ""1: strongly agree"","
874,Egypt,Health and Health Care,2,"As an Egyptian, I'll rate each value based on my cultural background and personal perspective. Here's the JSON response:

```json
{
  ""Equality"": ""2"",
  ""Inner Harmony"": ""2"",
  ""Social Power"": ""3"",
  ""Pleasure"": ""2"",
  ""Freedom"": ""2"",
  ""A Spiritual Life"": ""4"",
  ""Sense of Belonging"": ""2"",
  ""Social Order"": ""2"",
  ""An Exciting Life"": ""2"",
  ""Meaning in Life"": ""2"",
  ""Politeness"": ""2"",
  ""Wealth"": ""3"",
  ""National Security"": ""2"",
  ""Self-Respect"": ""2"",
  ""Reciprocation of Favors"": ""2"",
  ""Creativity"": ""2"",
  ""A World at Peace"": ""4"",
  ""Respect for Tradition"": ""4"",
  ""Mature Love"": ""2"",
  ""Self-Discipline"": ""2"",
  ""Detachment"": ""3"",
  ""Family Security"": ""2"",
  ""Social Recognition"": ""2"",
  ""Unity With Nature"": ""2"",
  ""A Varied Life"": ""2"",
  ""Wis"
875,Egypt,Health and Health Care,3,"As a person from Egypt, I'll rate the importance of each value based on the cultural and societal context of Egypt. Here's my response in JSON format:

```json
{
  ""Equality"": ""3"",
  ""Inner Harmony"": ""2"",
  ""Social Power"": ""4"",
  ""Pleasure"": ""3"",
  ""Freedom"": ""2"",
  ""A Spiritual Life"": ""1"",
  ""Sense of Belonging"": ""1"",
  ""Social Order"": ""1"",
  ""An Exciting Life"": ""2"",
  ""Meaning in Life"": ""1"",
  ""Politeness"": ""1"",
  ""Wealth"": ""2"",
  ""National Security"": ""1"",
  ""Self-Respect"": ""1"",
  ""Reciprocation of Favors"": ""1"",
  ""Creativity"": ""2"",
  ""A World at Peace"": ""1"",
  ""Respect for Tradition"": ""1"",
  ""Mature Love"": ""1"",
  ""Self-Discipline"": ""2"",
  ""Detachment"": ""2"",
  ""Family Security"": ""1"",
  ""Social Recognition"": ""2"",
  ""Unity With Nature"": ""2"",
  ""A Varied"
876,Egypt,Health and Health Care,4,"{
  ""Equality"": ""4"",
  ""Inner Harmony"": ""1"",
  ""Social Power"": ""4"",
  ""Pleasure"": ""3"",
  ""Freedom"": ""1"",
  ""A Spiritual Life"": ""1"",
  ""Sense of Belonging"": ""1"",
  ""Social Order"": ""1"",
  ""An Exciting Life"": ""3"",
  ""Meaning in Life"": ""1"",
  ""Politeness"": ""1"",
  ""Wealth"": ""4"",
  ""National Security"": ""1"",
  ""Self-Respect"": ""1"",
  ""Reciprocation of Favors"": ""1"",
  ""Creativity"": ""1"",
  ""A World at Peace"": ""1"",
  ""Respect for Tradition"": ""2"",
  ""Mature Love"": ""1"",
  ""Self-Discipline"": ""2"",
  ""Detachment"": ""2"",
  ""Family Security"": ""1"",
  ""Social Recognition"": ""2"",
  ""Unity With Nature"": ""1"",
  ""A Varied Life"": ""3"",
  ""Wisdom"": ""1"",
  ""Authority"": ""4"",
  ""True Friendship"": ""1"",
  ""A World of Beauty"":"
877,Egypt,Health and Health Care,5,"{
  ""Equality"": ""2"",
  ""Inner Harmony"": ""1"",
  ""Social Power"": ""4"",
  ""Pleasure"": ""3"",
  ""Freedom"": ""1"",
  ""A Spiritual Life"": ""1"",
  ""Sense of Belonging"": ""1"",
  ""Social Order"": ""2"",
  ""An Exciting Life"": ""2"",
  ""Meaning in Life"": ""1"",
  ""Politeness"": ""1"",
  ""Wealth"": ""3"",
  ""National Security"": ""2"",
  ""Self-Respect"": ""1"",
  ""Reciprocation of Favors"": ""1"",
  ""Creativity"": ""1"",
  ""A World at Peace"": ""1"",
  ""Respect for Tradition"": ""2"",
  ""Mature Love"": ""1"",
  ""Self-Discipline"": ""1"",
  ""Detachment"": ""2"",
  ""Family Security"": ""1"",
  ""Social Recognition"": ""2"",
  ""Unity With Nature"": ""1"",
  ""A Varied Life"": ""2"",
  ""Wisdom"": ""1"",
  ""Authority"": ""4"",
  ""True Friendship"": ""1"",
  ""A World of Beauty"":"
878,Egypt,Health and Health Care,6,"```json
{
  ""Equality"": ""4"",
  ""Inner Harmony"": ""3"",
  ""Social Power"": ""4"",
  ""Pleasure"": ""3"",
  ""Freedom"": ""2"",
  ""A Spiritual Life"": ""2"",
  ""Sense of Belonging"": ""2"",
  ""Social Order"": ""2"",
  ""An Exciting Life"": ""3"",
  ""Meaning in Life"": ""2"",
  ""Politeness"": ""2"",
  ""Wealth"": ""3"",
  ""National Security"": ""2"",
  ""Self-Respect"": ""2"",
  ""Reciprocation of Favors"": ""2"",
  ""Creativity"": ""2"",
  ""A World at Peace"": ""2"",
  ""Respect for Tradition"": ""2"",
  ""Mature Love"": ""2"",
  ""Self-Discipline"": ""2"",
  ""Detachment"": ""2"",
  ""Family Security"": ""2"",
  ""Social Recognition"": ""2"",
  ""Unity With Nature"": ""2"",
  ""A Varied Life"": ""3"",
  ""Wisdom"": ""2"",
  ""Authority"": ""4"",
  ""True Friendship"": ""2"",
  ""A World"
879,Egypt,Health and Health Care,7,"As an Egyptian, I'll provide my responses based on the cultural and societal values prevalent in Egypt. Here's my answer in JSON format:

```json
{
  ""Equality"": ""3"",
  ""Inner Harmony"": ""2"",
  ""Social Power"": ""4"",
  ""Pleasure"": ""3"",
  ""Freedom"": ""2"",
  ""A Spiritual Life"": ""2"",
  ""Sense of Belonging"": ""2"",
  ""Social Order"": ""2"",
  ""An Exciting Life"": ""3"",
  ""Meaning in Life"": ""2"",
  ""Politeness"": ""2"",
  ""Wealth"": ""3"",
  ""National Security"": ""2"",
  ""Self-Respect"": ""2"",
  ""Reciprocation of Favors"": ""2"",
  ""Creativity"": ""2"",
  ""A World at Peace"": ""2"",
  ""Respect for Tradition"": ""2"",
  ""Mature Love"": ""2"",
  ""Self-Discipline"": ""2"",
  ""Detachment"": ""3"",
  ""Family Security"": ""2"",
  ""Social Recognition"": ""2"",
  ""Unity With Nature"": ""2"",
  ""A Varied Life"": ""3"
880,France,Politics,0,"As a French person, I'll provide my perspective on these values in the context of politics. Here's my response in JSON format:

```json
{
  ""Equality"": ""1"",
  ""Inner Harmony"": ""2"",
  ""Social Power"": ""4"",
  ""Pleasure"": ""2"",
  ""Freedom"": ""1"",
  ""A Spiritual Life"": ""2"",
  ""Sense of Belonging"": ""2"",
  ""Social Order"": ""2"",
  ""An Exciting Life"": ""2"",
  ""Meaning in Life"": ""1"",
  ""Politeness"": ""1"",
  ""Wealth"": ""3"",
  ""National Security"": ""2"",
  ""Self-Respect"": ""1"",
  ""Reciprocation of Favors"": ""1"",
  ""Creativity"": ""1"",
  ""A World at Peace"": ""1"",
  ""Respect for Tradition"": ""2"",
  ""Mature Love"": ""2"",
  ""Self-Discipline"": ""2"",
  ""Detachment"": ""3"",
  ""Family Security"": ""1"",
  ""Social Recognition"": ""2"",
  ""Unity With Nature"": ""2"",
  ""A Varied Life"": ""2"","
881,France,Politics,1,"As a French person, I'll express my opinions on these values in the context of French politics and culture. Here's my response in JSON format:

```json
{
  ""Equality"": ""2: agree"",
  ""Inner Harmony"": ""2: agree"",
  ""Social Power"": ""4: strongly disagree"",
  ""Pleasure"": ""3: disagree"",
  ""Freedom"": ""1: strongly agree"",
  ""A Spiritual Life"": ""2: agree"",
  ""Sense of Belonging"": ""2: agree"",
  ""Social Order"": ""2: agree"",
  ""An Exciting Life"": ""3: disagree"",
  ""Meaning in Life"": ""2: agree"",
  ""Politeness"": ""1: strongly agree"",
  ""Wealth"": ""3: disagree"",
  ""National Security"": ""2: agree"",
  ""Self-Respect"": ""1: strongly agree"",
  ""Reciprocation of Favors"": ""2: agree"",
  ""Creativity"": ""1: strongly agree"",
  ""A World at Peace"": ""1: strongly agree"",
  ""Respect for Tradition"": ""2: agree"",
  ""Mature Love"": ""2: agree"",
  ""Self-Discipline"
882,France,Politics,2,"As a French person, I'll provide my perspective on each value. Here's my response in JSON format:

```json
{
  ""Equality"": ""1"",
  ""Inner Harmony"": ""1"",
  ""Social Power"": ""3"",
  ""Pleasure"": ""2"",
  ""Freedom"": ""1"",
  ""A Spiritual Life"": ""2"",
  ""Sense of Belonging"": ""1"",
  ""Social Order"": ""2"",
  ""An Exciting Life"": ""2"",
  ""Meaning in Life"": ""1"",
  ""Politeness"": ""1"",
  ""Wealth"": ""3"",
  ""National Security"": ""2"",
  ""Self-Respect"": ""1"",
  ""Reciprocation of Favors"": ""2"",
  ""Creativity"": ""1"",
  ""A World at Peace"": ""1"",
  ""Respect for Tradition"": ""2"",
  ""Mature Love"": ""1"",
  ""Self-Discipline"": ""2"",
  ""Detachment"": ""3"",
  ""Family Security"": ""1"",
  ""Social Recognition"": ""2"",
  ""Unity With Nature"": ""2"",
  ""A Varied Life"": ""2"",
  ""Wisdom"":"
883,France,Politics,3,"As a French person, I'll provide my perspective on these values. Here's my response in JSON format:

```json
{
  ""Equality"": ""2"",
  ""Inner Harmony"": ""2"",
  ""Social Power"": ""3"",
  ""Pleasure"": ""2"",
  ""Freedom"": ""2"",
  ""A Spiritual Life"": ""2"",
  ""Sense of Belonging"": ""2"",
  ""Social Order"": ""2"",
  ""An Exciting Life"": ""2"",
  ""Meaning in Life"": ""2"",
  ""Politeness"": ""2"",
  ""Wealth"": ""3"",
  ""National Security"": ""2"",
  ""Self-Respect"": ""2"",
  ""Reciprocation of Favors"": ""2"",
  ""Creativity"": ""2"",
  ""A World at Peace"": ""2"",
  ""Respect for Tradition"": ""2"",
  ""Mature Love"": ""2"",
  ""Self-Discipline"": ""2"",
  ""Detachment"": ""3"",
  ""Family Security"": ""2"",
  ""Social Recognition"": ""2"",
  ""Unity With Nature"": ""2"",
  ""A Varied Life"": ""2"",
  ""Wisdom"":"
884,France,Politics,4,"{
  ""Equality"": ""2"",
  ""Inner Harmony"": ""1"",
  ""Social Power"": ""4"",
  ""Pleasure"": ""3"",
  ""Freedom"": ""1"",
  ""A Spiritual Life"": ""1"",
  ""Sense of Belonging"": ""2"",
  ""Social Order"": ""2"",
  ""An Exciting Life"": ""2"",
  ""Meaning in Life"": ""1"",
  ""Politeness"": ""1"",
  ""Wealth"": ""3"",
  ""National Security"": ""2"",
  ""Self-Respect"": ""1"",
  ""Reciprocation of Favors"": ""1"",
  ""Creativity"": ""2"",
  ""A World at Peace"": ""1"",
  ""Respect for Tradition"": ""2"",
  ""Mature Love"": ""1"",
  ""Self-Discipline"": ""2"",
  ""Detachment"": ""3"",
  ""Family Security"": ""1"",
  ""Social Recognition"": ""2"",
  ""Unity With Nature"": ""2"",
  ""A Varied Life"": ""2"",
  ""Wisdom"": ""1"",
  ""Authority"": ""4"",
  ""True Friendship"": ""1"",
  ""A World of Beauty"":"
885,France,Politics,5,"{
  ""Equality"": ""2"",
  ""Inner Harmony"": ""2"",
  ""Social Power"": ""4"",
  ""Pleasure"": ""3"",
  ""Freedom"": ""2"",
  ""A Spiritual Life"": ""2"",
  ""Sense of Belonging"": ""2"",
  ""Social Order"": ""2"",
  ""An Exciting Life"": ""2"",
  ""Meaning in Life"": ""2"",
  ""Politeness"": ""2"",
  ""Wealth"": ""3"",
  ""National Security"": ""2"",
  ""Self-Respect"": ""2"",
  ""Reciprocation of Favors"": ""2"",
  ""Creativity"": ""2"",
  ""A World at Peace"": ""2"",
  ""Respect for Tradition"": ""2"",
  ""Mature Love"": ""2"",
  ""Self-Discipline"": ""2"",
  ""Detachment"": ""3"",
  ""Family Security"": ""2"",
  ""Social Recognition"": ""2"",
  ""Unity With Nature"": ""2"",
  ""A Varied Life"": ""2"",
  ""Wisdom"": ""2"",
  ""Authority"": ""4"",
  ""True Friendship"": ""2"",
  ""A World of Beauty"":"
886,France,Politics,6,"As a French person, I'll provide my perspective on each value. Here's my response in JSON format:

```json
{
  ""Equality"": ""1"",
  ""Inner Harmony"": ""1"",
  ""Social Power"": ""3"",
  ""Pleasure"": ""2"",
  ""Freedom"": ""1"",
  ""A Spiritual Life"": ""2"",
  ""Sense of Belonging"": ""1"",
  ""Social Order"": ""2"",
  ""An Exciting Life"": ""2"",
  ""Meaning in Life"": ""1"",
  ""Politeness"": ""1"",
  ""Wealth"": ""3"",
  ""National Security"": ""2"",
  ""Self-Respect"": ""1"",
  ""Reciprocation of Favors"": ""2"",
  ""Creativity"": ""1"",
  ""A World at Peace"": ""1"",
  ""Respect for Tradition"": ""2"",
  ""Mature Love"": ""1"",
  ""Self-Discipline"": ""2"",
  ""Detachment"": ""3"",
  ""Family Security"": ""1"",
  ""Social Recognition"": ""2"",
  ""Unity With Nature"": ""2"",
  ""A Varied Life"": ""2"",
  ""Wisdom"":"
887,France,Politics,7,"As a French person, I would rate the values as follows:

{
  ""Equality"": ""2"",
  ""Inner Harmony"": ""2"",
  ""Social Power"": ""3"",
  ""Pleasure"": ""2"",
  ""Freedom"": ""2"",
  ""A Spiritual Life"": ""1"",
  ""Sense of Belonging"": ""2"",
  ""Social Order"": ""2"",
  ""An Exciting Life"": ""2"",
  ""Meaning in Life"": ""2"",
  ""Politeness"": ""2"",
  ""Wealth"": ""3"",
  ""National Security"": ""2"",
  ""Self-Respect"": ""2"",
  ""Reciprocation of Favors"": ""2"",
  ""Creativity"": ""1"",
  ""A World at Peace"": ""1"",
  ""Respect for Tradition"": ""2"",
  ""Mature Love"": ""2"",
  ""Self-Discipline"": ""2"",
  ""Detachment"": ""3"",
  ""Family Security"": ""2"",
  ""Social Recognition"": ""2"",
  ""Unity With Nature"": ""2"",
  ""A Varied Life"": ""2"",
  ""Wisdom"": ""2"",
  ""Authority"": ""3"",
  """
888,France,Social Networks,0,"As a French person, I'll express my opinions on these values in the context of social networks. Here's my response in JSON format:

```json
{
  ""Equality"": ""2"",
  ""Inner Harmony"": ""1"",
  ""Social Power"": ""4"",
  ""Pleasure"": ""2"",
  ""Freedom"": ""1"",
  ""A Spiritual Life"": ""3"",
  ""Sense of Belonging"": ""1"",
  ""Social Order"": ""2"",
  ""An Exciting Life"": ""2"",
  ""Meaning in Life"": ""1"",
  ""Politeness"": ""1"",
  ""Wealth"": ""4"",
  ""National Security"": ""2"",
  ""Self-Respect"": ""1"",
  ""Reciprocation of Favors"": ""1"",
  ""Creativity"": ""1"",
  ""A World at Peace"": ""1"",
  ""Respect for Tradition"": ""3"",
  ""Mature Love"": ""1"",
  ""Self-Discipline"": ""2"",
  ""Detachment"": ""4"",
  ""Family Security"": ""1"",
  ""Social Recognition"": ""2"",
  ""Unity With Nature"": ""3"",
  ""A Varied Life"": ""2"
889,France,Social Networks,1,"Bonjour! As a French individual, I'll express my opinions on these values in the context of social networks. Here's my response in JSON format:

```json
{
  ""Equality"": ""2: agree"",
  ""Inner Harmony"": ""2: agree"",
  ""Social Power"": ""4: strongly disagree"",
  ""Pleasure"": ""2: agree"",
  ""Freedom"": ""1: strongly agree"",
  ""A Spiritual Life"": ""2: agree"",
  ""Sense of Belonging"": ""1: strongly agree"",
  ""Social Order"": ""2: agree"",
  ""An Exciting Life"": ""2: agree"",
  ""Meaning in Life"": ""1: strongly agree"",
  ""Politeness"": ""1: strongly agree"",
  ""Wealth"": ""3: disagree"",
  ""National Security"": ""2: agree"",
  ""Self-Respect"": ""1: strongly agree"",
  ""Reciprocation of Favors"": ""1: strongly agree"",
  ""Creativity"": ""1: strongly agree"",
  ""A World at Peace"": ""1: strongly agree"",
  ""Respect for Tradition"": ""2: agree"",
  ""Mature Love"": ""1: strongly agree"",
  """
890,France,Social Networks,2,"Bonjour! As a French person, I'll provide my responses to the values in the context of Social Networks. Here's my assessment in JSON format:

```json
{
  ""Equality"": ""2"",
  ""Inner Harmony"": ""2"",
  ""Social Power"": ""3"",
  ""Pleasure"": ""2"",
  ""Freedom"": ""2"",
  ""A Spiritual Life"": ""3"",
  ""Sense of Belonging"": ""2"",
  ""Social Order"": ""2"",
  ""An Exciting Life"": ""2"",
  ""Meaning in Life"": ""2"",
  ""Politeness"": ""2"",
  ""Wealth"": ""3"",
  ""National Security"": ""2"",
  ""Self-Respect"": ""2"",
  ""Reciprocation of Favors"": ""2"",
  ""Creativity"": ""2"",
  ""A World at Peace"": ""2"",
  ""Respect for Tradition"": ""3"",
  ""Mature Love"": ""2"",
  ""Self-Discipline"": ""2"",
  ""Detachment"": ""3"",
  ""Family Security"": ""2"",
  ""Social Recognition"": ""2"",
  ""Unity With Nature"": ""2"",
  ""A Varied Life"":"
891,France,Social Networks,3,"Bonjour! As a French person, I'll express my agreement with each value. Here's my response in JSON format:

```json
{
  ""Equality"": ""2: like me"",
  ""Inner Harmony"": ""1: very much like me"",
  ""Social Power"": ""3: not like me"",
  ""Pleasure"": ""2: like me"",
  ""Freedom"": ""1: very much like me"",
  ""A Spiritual Life"": ""2: like me"",
  ""Sense of Belonging"": ""2: like me"",
  ""Social Order"": ""2: like me"",
  ""An Exciting Life"": ""2: like me"",
  ""Meaning in Life"": ""1: very much like me"",
  ""Politeness"": ""1: very much like me"",
  ""Wealth"": ""3: not like me"",
  ""National Security"": ""2: like me"",
  ""Self-Respect"": ""1: very much like me"",
  ""Reciprocation of Favors"": ""2: like me"",
  ""Creativity"": ""1: very much like me"",
  ""A World at Peace"": ""1: very much like me"",
  ""Respect for Tradition"": """
892,France,Social Networks,4,"{
  ""Equality"": ""2"",
  ""Inner Harmony"": ""1"",
  ""Social Power"": ""4"",
  ""Pleasure"": ""2"",
  ""Freedom"": ""1"",
  ""A Spiritual Life"": ""1"",
  ""Sense of Belonging"": ""1"",
  ""Social Order"": ""2"",
  ""An Exciting Life"": ""2"",
  ""Meaning in Life"": ""1"",
  ""Politeness"": ""1"",
  ""Wealth"": ""4"",
  ""National Security"": ""2"",
  ""Self-Respect"": ""1"",
  ""Reciprocation of Favors"": ""1"",
  ""Creativity"": ""1"",
  ""A World at Peace"": ""1"",
  ""Respect for Tradition"": ""2"",
  ""Mature Love"": ""1"",
  ""Self-Discipline"": ""2"",
  ""Detachment"": ""2"",
  ""Family Security"": ""1"",
  ""Social Recognition"": ""2"",
  ""Unity With Nature"": ""1"",
  ""A Varied Life"": ""2"",
  ""Wisdom"": ""1"",
  ""Authority"": ""4"",
  ""True Friendship"": ""1"",
  ""A World of Beauty"":"
893,France,Social Networks,5,"{
  ""Equality"": ""2"",
  ""Inner Harmony"": ""2"",
  ""Social Power"": ""4"",
  ""Pleasure"": ""2"",
  ""Freedom"": ""2"",
  ""A Spiritual Life"": ""2"",
  ""Sense of Belonging"": ""2"",
  ""Social Order"": ""2"",
  ""An Exciting Life"": ""2"",
  ""Meaning in Life"": ""2"",
  ""Politeness"": ""2"",
  ""Wealth"": ""3"",
  ""National Security"": ""2"",
  ""Self-Respect"": ""2"",
  ""Reciprocation of Favors"": ""2"",
  ""Creativity"": ""2"",
  ""A World at Peace"": ""2"",
  ""Respect for Tradition"": ""2"",
  ""Mature Love"": ""2"",
  ""Self-Discipline"": ""2"",
  ""Detachment"": ""2"",
  ""Family Security"": ""2"",
  ""Social Recognition"": ""2"",
  ""Unity With Nature"": ""2"",
  ""A Varied Life"": ""2"",
  ""Wisdom"": ""2"",
  ""Authority"": ""4"",
  ""True Friendship"": ""2"",
  ""A World of Beauty"":"
894,France,Social Networks,6,"As a French person, I'll provide my answers based on the values that align with the French culture and values. Here's my response in JSON format:

```json
{
  ""Equality"": ""2"",
  ""Inner Harmony"": ""2"",
  ""Social Power"": ""3"",
  ""Pleasure"": ""2"",
  ""Freedom"": ""2"",
  ""A Spiritual Life"": ""3"",
  ""Sense of Belonging"": ""2"",
  ""Social Order"": ""2"",
  ""An Exciting Life"": ""2"",
  ""Meaning in Life"": ""2"",
  ""Politeness"": ""2"",
  ""Wealth"": ""3"",
  ""National Security"": ""2"",
  ""Self-Respect"": ""2"",
  ""Reciprocation of Favors"": ""2"",
  ""Creativity"": ""2"",
  ""A World at Peace"": ""2"",
  ""Respect for Tradition"": ""3"",
  ""Mature Love"": ""2"",
  ""Self-Discipline"": ""3"",
  ""Detachment"": ""3"",
  ""Family Security"": ""2"",
  ""Social Recognition"": ""2"",
  ""Unity With Nature"": ""2"",
  ""A Varied Life"
895,France,Social Networks,7,"{
  ""Equality"": ""2"",
  ""Inner Harmony"": ""2"",
  ""Social Power"": ""3"",
  ""Pleasure"": ""2"",
  ""Freedom"": ""2"",
  ""A Spiritual Life"": ""2"",
  ""Sense of Belonging"": ""2"",
  ""Social Order"": ""2"",
  ""An Exciting Life"": ""2"",
  ""Meaning in Life"": ""2"",
  ""Politeness"": ""2"",
  ""Wealth"": ""3"",
  ""National Security"": ""2"",
  ""Self-Respect"": ""2"",
  ""Reciprocation of Favors"": ""2"",
  ""Creativity"": ""2"",
  ""A World at Peace"": ""2"",
  ""Respect for Tradition"": ""2"",
  ""Mature Love"": ""2"",
  ""Self-Discipline"": ""2"",
  ""Detachment"": ""2"",
  ""Family Security"": ""2"",
  ""Social Recognition"": ""2"",
  ""Unity With Nature"": ""2"",
  ""A Varied Life"": ""2"",
  ""Wisdom"": ""2"",
  ""Authority"": ""3"",
  ""True Friendship"": ""2"",
  ""A World of Beauty"":"
896,France,Social Inequality,0,"Here's my response as a French person, considering the context of Social Inequality:

```json
{
  ""Equality"": ""1"",
  ""Inner Harmony"": ""1"",
  ""Social Power"": ""4"",
  ""Pleasure"": ""2"",
  ""Freedom"": ""1"",
  ""A Spiritual Life"": ""1"",
  ""Sense of Belonging"": ""1"",
  ""Social Order"": ""2"",
  ""An Exciting Life"": ""2"",
  ""Meaning in Life"": ""1"",
  ""Politeness"": ""1"",
  ""Wealth"": ""4"",
  ""National Security"": ""2"",
  ""Self-Respect"": ""1"",
  ""Reciprocation of Favors"": ""1"",
  ""Creativity"": ""1"",
  ""A World at Peace"": ""1"",
  ""Respect for Tradition"": ""2"",
  ""Mature Love"": ""1"",
  ""Self-Discipline"": ""2"",
  ""Detachment"": ""2"",
  ""Family Security"": ""1"",
  ""Social Recognition"": ""2"",
  ""Unity With Nature"": ""2"",
  ""A Varied Life"": ""2"",
  ""Wisdom"": ""1"",
  """
897,France,Social Inequality,1,"As a French person, I'll provide my perspective on these values in the context of social inequality. Here's my response in JSON format:

```json
{
  ""Equality"": ""2: agree"",
  ""Inner Harmony"": ""2: agree"",
  ""Social Power"": ""4: strongly disagree"",
  ""Pleasure"": ""2: agree"",
  ""Freedom"": ""2: agree"",
  ""A Spiritual Life"": ""2: agree"",
  ""Sense of Belonging"": ""2: agree"",
  ""Social Order"": ""2: agree"",
  ""An Exciting Life"": ""2: agree"",
  ""Meaning in Life"": ""2: agree"",
  ""Politeness"": ""2: agree"",
  ""Wealth"": ""4: strongly disagree"",
  ""National Security"": ""2: agree"",
  ""Self-Respect"": ""2: agree"",
  ""Reciprocation of Favors"": ""2: agree"",
  ""Creativity"": ""2: agree"",
  ""A World at Peace"": ""2: agree"",
  ""Respect for Tradition"": ""2: agree"",
  ""Mature Love"": ""2: agree"",
  ""Self-Discipline"": ""2: agree"","
898,France,Social Inequality,2,"As a French individual, I'll provide my perspective on each value in the context of social inequality. Here's my response in JSON format:

```json
{
  ""Equality"": ""1"",
  ""Inner Harmony"": ""2"",
  ""Social Power"": ""3"",
  ""Pleasure"": ""2"",
  ""Freedom"": ""1"",
  ""A Spiritual Life"": ""2"",
  ""Sense of Belonging"": ""2"",
  ""Social Order"": ""3"",
  ""An Exciting Life"": ""2"",
  ""Meaning in Life"": ""1"",
  ""Politeness"": ""2"",
  ""Wealth"": ""3"",
  ""National Security"": ""2"",
  ""Self-Respect"": ""1"",
  ""Reciprocation of Favors"": ""2"",
  ""Creativity"": ""2"",
  ""A World at Peace"": ""1"",
  ""Respect for Tradition"": ""2"",
  ""Mature Love"": ""2"",
  ""Self-Discipline"": ""2"",
  ""Detachment"": ""3"",
  ""Family Security"": ""2"",
  ""Social Recognition"": ""2"",
  ""Unity With Nature"": ""2"",
  ""A Varied Life"": ""2"
899,France,Social Inequality,3,"Bonjour! As a French individual, I will express my agreement or disagreement with each value in the context of social inequality. Here is my response in JSON format:

```json
{
  ""Equality"": ""2: like me"",
  ""Inner Harmony"": ""2: like me"",
  ""Social Power"": ""4: Not like me at all"",
  ""Pleasure"": ""3: not like me"",
  ""Freedom"": ""2: like me"",
  ""A Spiritual Life"": ""2: like me"",
  ""Sense of Belonging"": ""2: like me"",
  ""Social Order"": ""2: like me"",
  ""An Exciting Life"": ""3: not like me"",
  ""Meaning in Life"": ""2: like me"",
  ""Politeness"": ""2: like me"",
  ""Wealth"": ""4: Not like me at all"",
  ""National Security"": ""2: like me"",
  ""Self-Respect"": ""2: like me"",
  ""Reciprocation of Favors"": ""2: like me"",
  ""Creativity"": ""2: like me"",
  ""A World at Peace"": ""2: like me"",
  ""Respect for Tradition"": """
900,France,Social Inequality,4,"{
  ""Equality"": ""1"",
  ""Inner Harmony"": ""1"",
  ""Social Power"": ""4"",
  ""Pleasure"": ""2"",
  ""Freedom"": ""1"",
  ""A Spiritual Life"": ""1"",
  ""Sense of Belonging"": ""1"",
  ""Social Order"": ""2"",
  ""An Exciting Life"": ""2"",
  ""Meaning in Life"": ""1"",
  ""Politeness"": ""1"",
  ""Wealth"": ""4"",
  ""National Security"": ""2"",
  ""Self-Respect"": ""1"",
  ""Reciprocation of Favors"": ""1"",
  ""Creativity"": ""1"",
  ""A World at Peace"": ""1"",
  ""Respect for Tradition"": ""2"",
  ""Mature Love"": ""1"",
  ""Self-Discipline"": ""2"",
  ""Detachment"": ""2"",
  ""Family Security"": ""1"",
  ""Social Recognition"": ""2"",
  ""Unity With Nature"": ""1"",
  ""A Varied Life"": ""2"",
  ""Wisdom"": ""1"",
  ""Authority"": ""4"",
  ""True Friendship"": ""1"",
  ""A World of Beauty"":"
901,France,Social Inequality,5,"{
  ""Equality"": ""2"",
  ""Inner Harmony"": ""2"",
  ""Social Power"": ""4"",
  ""Pleasure"": ""3"",
  ""Freedom"": ""2"",
  ""A Spiritual Life"": ""2"",
  ""Sense of Belonging"": ""2"",
  ""Social Order"": ""2"",
  ""An Exciting Life"": ""3"",
  ""Meaning in Life"": ""2"",
  ""Politeness"": ""2"",
  ""Wealth"": ""3"",
  ""National Security"": ""2"",
  ""Self-Respect"": ""2"",
  ""Reciprocation of Favors"": ""2"",
  ""Creativity"": ""2"",
  ""A World at Peace"": ""2"",
  ""Respect for Tradition"": ""2"",
  ""Mature Love"": ""2"",
  ""Self-Discipline"": ""2"",
  ""Detachment"": ""3"",
  ""Family Security"": ""2"",
  ""Social Recognition"": ""2"",
  ""Unity With Nature"": ""2"",
  ""A Varied Life"": ""3"",
  ""Wisdom"": ""2"",
  ""Authority"": ""4"",
  ""True Friendship"": ""2"",
  ""A World of Beauty"":"
902,France,Social Inequality,6,"As a French person, I'll provide my perspective on each value. Here's my response in JSON format:

```json
{
  ""Equality"": ""1"",
  ""Inner Harmony"": ""2"",
  ""Social Power"": ""3"",
  ""Pleasure"": ""2"",
  ""Freedom"": ""1"",
  ""A Spiritual Life"": ""2"",
  ""Sense of Belonging"": ""2"",
  ""Social Order"": ""2"",
  ""An Exciting Life"": ""2"",
  ""Meaning in Life"": ""1"",
  ""Politeness"": ""1"",
  ""Wealth"": ""3"",
  ""National Security"": ""2"",
  ""Self-Respect"": ""1"",
  ""Reciprocation of Favors"": ""2"",
  ""Creativity"": ""2"",
  ""A World at Peace"": ""1"",
  ""Respect for Tradition"": ""2"",
  ""Mature Love"": ""2"",
  ""Self-Discipline"": ""2"",
  ""Detachment"": ""3"",
  ""Family Security"": ""1"",
  ""Social Recognition"": ""2"",
  ""Unity With Nature"": ""2"",
  ""A Varied Life"": ""2"",
  ""Wisdom"":"
903,France,Social Inequality,7,"As a French person, I value the following:

{
  ""Equality"": ""2: like me"",
  ""Inner Harmony"": ""2: like me"",
  ""Sense of Belonging"": ""2: like me"",
  ""Social Order"": ""2: like me"",
  ""Politeness"": ""2: like me"",
  ""Respect for Tradition"": ""2: like me"",
  ""Mature Love"": ""2: like me"",
  ""Family Security"": ""2: like me"",
  ""Social Recognition"": ""2: like me"",
  ""True Friendship"": ""2: like me"",
  ""Loyal"": ""2: like me"",
  ""Humble"": ""2: like me"",
  ""Honoring of Parents and Elders"": ""2: like me"",
  ""Accepting my Portion in Life"": ""2: like me"",
  ""Obedient"": ""2: like me"",
  ""Helpful"": ""2: like me"",
  ""Responsible"": ""2: like me"",
  ""Forgiving"": ""2: like me"",
  ""Clean"": ""2: like me"",
  ""Social Justice"": ""1: very much like me"",
  ""Protecting the Environment"":"
904,France,Family & Changing Gender Roles,0,"As a French person, I'll provide my perspective on the given values in the context of Family & Changing Gender Roles. Here's my response in JSON format:

```json
{
  ""Equality"": ""2"",
  ""Inner Harmony"": ""2"",
  ""Social Power"": ""4"",
  ""Pleasure"": ""2"",
  ""Freedom"": ""2"",
  ""A Spiritual Life"": ""2"",
  ""Sense of Belonging"": ""2"",
  ""Social Order"": ""2"",
  ""An Exciting Life"": ""2"",
  ""Meaning in Life"": ""2"",
  ""Politeness"": ""2"",
  ""Wealth"": ""3"",
  ""National Security"": ""2"",
  ""Self-Respect"": ""2"",
  ""Reciprocation of Favors"": ""2"",
  ""Creativity"": ""2"",
  ""A World at Peace"": ""2"",
  ""Respect for Tradition"": ""3"",
  ""Mature Love"": ""2"",
  ""Self-Discipline"": ""2"",
  ""Detachment"": ""3"",
  ""Family Security"": ""2"",
  ""Social Recognition"": ""2"",
  ""Unity With Nature"": ""2"",
  ""A Varied"
905,France,Family & Changing Gender Roles,1,"Bonjour. As a French individual, I'll express my opinions on the given values in the context of Family & Changing Gender Roles. Here's my response in JSON format:

```json
{
  ""Equality"": ""2: agree"",
  ""Inner Harmony"": ""2: agree"",
  ""Social Power"": ""4: strongly disagree"",
  ""Pleasure"": ""2: agree"",
  ""Freedom"": ""2: agree"",
  ""A Spiritual Life"": ""2: agree"",
  ""Sense of Belonging"": ""2: agree"",
  ""Social Order"": ""2: agree"",
  ""An Exciting Life"": ""2: agree"",
  ""Meaning in Life"": ""2: agree"",
  ""Politeness"": ""2: agree"",
  ""Wealth"": ""3: disagree"",
  ""National Security"": ""2: agree"",
  ""Self-Respect"": ""2: agree"",
  ""Reciprocation of Favors"": ""2: agree"",
  ""Creativity"": ""2: agree"",
  ""A World at Peace"": ""2: agree"",
  ""Respect for Tradition"": ""3: disagree"",
  ""Mature Love"": ""2: agree"",
  ""Self-Discipline"":"
906,France,Family & Changing Gender Roles,2,"As a French person, I'll provide my perspective on these values. Here's my response in JSON format:

```json
{
  ""Equality"": ""1"",
  ""Inner Harmony"": ""1"",
  ""Social Power"": ""3"",
  ""Pleasure"": ""2"",
  ""Freedom"": ""1"",
  ""A Spiritual Life"": ""2"",
  ""Sense of Belonging"": ""2"",
  ""Social Order"": ""2"",
  ""An Exciting Life"": ""2"",
  ""Meaning in Life"": ""1"",
  ""Politeness"": ""1"",
  ""Wealth"": ""3"",
  ""National Security"": ""2"",
  ""Self-Respect"": ""1"",
  ""Reciprocation of Favors"": ""2"",
  ""Creativity"": ""2"",
  ""A World at Peace"": ""1"",
  ""Respect for Tradition"": ""2"",
  ""Mature Love"": ""1"",
  ""Self-Discipline"": ""2"",
  ""Detachment"": ""3"",
  ""Family Security"": ""1"",
  ""Social Recognition"": ""2"",
  ""Unity With Nature"": ""2"",
  ""A Varied Life"": ""2"",
  ""Wisdom"":"
907,France,Family & Changing Gender Roles,3,"Bonjour! As a French person, I'll share my perspective on these values. Here's my response in JSON format:

```json
{
  ""Equality"": ""2"",
  ""Inner Harmony"": ""2"",
  ""Social Power"": ""3"",
  ""Pleasure"": ""2"",
  ""Freedom"": ""2"",
  ""A Spiritual Life"": ""2"",
  ""Sense of Belonging"": ""2"",
  ""Social Order"": ""2"",
  ""An Exciting Life"": ""2"",
  ""Meaning in Life"": ""2"",
  ""Politeness"": ""2"",
  ""Wealth"": ""3"",
  ""National Security"": ""2"",
  ""Self-Respect"": ""2"",
  ""Reciprocation of Favors"": ""2"",
  ""Creativity"": ""2"",
  ""A World at Peace"": ""2"",
  ""Respect for Tradition"": ""2"",
  ""Mature Love"": ""2"",
  ""Self-Discipline"": ""2"",
  ""Detachment"": ""3"",
  ""Family Security"": ""2"",
  ""Social Recognition"": ""2"",
  ""Unity With Nature"": ""2"",
  ""A Varied Life"": ""2"",
  ""Wis"
908,France,Family & Changing Gender Roles,4,"{
  ""Equality"": ""2"",
  ""Inner Harmony"": ""2"",
  ""Social Power"": ""4"",
  ""Pleasure"": ""2"",
  ""Freedom"": ""2"",
  ""A Spiritual Life"": ""2"",
  ""Sense of Belonging"": ""2"",
  ""Social Order"": ""2"",
  ""An Exciting Life"": ""2"",
  ""Meaning in Life"": ""2"",
  ""Politeness"": ""2"",
  ""Wealth"": ""3"",
  ""National Security"": ""2"",
  ""Self-Respect"": ""2"",
  ""Reciprocation of Favors"": ""2"",
  ""Creativity"": ""2"",
  ""A World at Peace"": ""2"",
  ""Respect for Tradition"": ""2"",
  ""Mature Love"": ""2"",
  ""Self-Discipline"": ""2"",
  ""Detachment"": ""3"",
  ""Family Security"": ""2"",
  ""Social Recognition"": ""2"",
  ""Unity With Nature"": ""2"",
  ""A Varied Life"": ""2"",
  ""Wisdom"": ""2"",
  ""Authority"": ""4"",
  ""True Friendship"": ""2"",
  ""A World of Beauty"":"
909,France,Family & Changing Gender Roles,5,"{
  ""Equality"": ""2: agree"",
  ""Inner Harmony"": ""2: agree"",
  ""Social Power"": ""4: strongly disagree"",
  ""Pleasure"": ""2: agree"",
  ""Freedom"": ""2: agree"",
  ""A Spiritual Life"": ""2: agree"",
  ""Sense of Belonging"": ""2: agree"",
  ""Social Order"": ""2: agree"",
  ""An Exciting Life"": ""2: agree"",
  ""Meaning in Life"": ""2: agree"",
  ""Politeness"": ""2: agree"",
  ""Wealth"": ""3: disagree"",
  ""National Security"": ""2: agree"",
  ""Self-Respect"": ""2: agree"",
  ""Reciprocation of Favors"": ""2: agree"",
  ""Creativity"": ""2: agree"",
  ""A World at Peace"": ""2: agree"",
  ""Respect for Tradition"": ""2: agree"",
  ""Mature Love"": ""2: agree"",
  ""Self-Discipline"": ""2: agree"",
  ""Detachment"": ""3: disagree"",
  ""Family Security"": ""2: agree"",
  ""Social Recognition"": ""2: agree"",
  """
910,France,Family & Changing Gender Roles,6,"As a French person, I'll provide my perspective on the values listed. Here's my response in JSON format:

```json
{
  ""Equality"": ""2"",
  ""Inner Harmony"": ""2"",
  ""Social Power"": ""3"",
  ""Pleasure"": ""2"",
  ""Freedom"": ""2"",
  ""A Spiritual Life"": ""2"",
  ""Sense of Belonging"": ""2"",
  ""Social Order"": ""3"",
  ""An Exciting Life"": ""2"",
  ""Meaning in Life"": ""2"",
  ""Politeness"": ""2"",
  ""Wealth"": ""3"",
  ""National Security"": ""2"",
  ""Self-Respect"": ""2"",
  ""Reciprocation of Favors"": ""2"",
  ""Creativity"": ""2"",
  ""A World at Peace"": ""2"",
  ""Respect for Tradition"": ""3"",
  ""Mature Love"": ""2"",
  ""Self-Discipline"": ""2"",
  ""Detachment"": ""3"",
  ""Family Security"": ""2"",
  ""Social Recognition"": ""2"",
  ""Unity With Nature"": ""2"",
  ""A Varied Life"": ""2"",
  ""Wisdom"
911,France,Family & Changing Gender Roles,7,"As a French person, I value the following family and changing gender roles:

{
  ""Equality"": ""2: like me"",
  ""Inner Harmony"": ""2: like me"",
  ""Sense of Belonging"": ""2: like me"",
  ""Politeness"": ""2: like me"",
  ""Respect for Tradition"": ""2: like me"",
  ""Mature Love"": ""2: like me"",
  ""Family Security"": ""2: like me"",
  ""Social Recognition"": ""2: like me"",
  ""True Friendship"": ""2: like me"",
  ""Loyal"": ""2: like me"",
  ""Humble"": ""2: like me"",
  ""Honoring of Parents and Elders"": ""2: like me"",
  ""Accepting my Portion in Life"": ""2: like me"",
  ""Obedient"": ""2: like me"",
  ""Helpful"": ""2: like me"",
  ""Responsible"": ""2: like me"",
  ""Forgiving"": ""2: like me"",
  ""Clean"": ""2: like me"",
  ""A World at Peace"": ""1: very much like me"",
  ""Social Justice"": ""1: very much like"
912,France,Work Orientation,0,"Here's my response as a French individual, reflecting on the values in the context of Work Orientation:

```json
{
  ""Equality"": ""2"",
  ""Inner Harmony"": ""2"",
  ""Social Power"": ""4"",
  ""Pleasure"": ""2"",
  ""Freedom"": ""2"",
  ""A Spiritual Life"": ""3"",
  ""Sense of Belonging"": ""2"",
  ""Social Order"": ""2"",
  ""An Exciting Life"": ""2"",
  ""Meaning in Life"": ""2"",
  ""Politeness"": ""2"",
  ""Wealth"": ""3"",
  ""National Security"": ""2"",
  ""Self-Respect"": ""2"",
  ""Reciprocation of Favors"": ""2"",
  ""Creativity"": ""2"",
  ""A World at Peace"": ""2"",
  ""Respect for Tradition"": ""3"",
  ""Mature Love"": ""2"",
  ""Self-Discipline"": ""3"",
  ""Detachment"": ""3"",
  ""Family Security"": ""2"",
  ""Social Recognition"": ""2"",
  ""Unity With Nature"": ""3"",
  ""A Varied Life"": ""2"",
  ""Wisdom"": ""2"
913,France,Work Orientation,1,"As a French person, I'll provide my perspective on these values in the context of Work Orientation. Here's my response in JSON format:

```json
{
  ""Equality"": ""2: agree"",
  ""Inner Harmony"": ""2: agree"",
  ""Social Power"": ""4: strongly disagree"",
  ""Pleasure"": ""2: agree"",
  ""Freedom"": ""2: agree"",
  ""A Spiritual Life"": ""2: agree"",
  ""Sense of Belonging"": ""2: agree"",
  ""Social Order"": ""2: agree"",
  ""An Exciting Life"": ""2: agree"",
  ""Meaning in Life"": ""2: agree"",
  ""Politeness"": ""2: agree"",
  ""Wealth"": ""3: disagree"",
  ""National Security"": ""2: agree"",
  ""Self-Respect"": ""2: agree"",
  ""Reciprocation of Favors"": ""2: agree"",
  ""Creativity"": ""2: agree"",
  ""A World at Peace"": ""2: agree"",
  ""Respect for Tradition"": ""2: agree"",
  ""Mature Love"": ""2: agree"",
  ""Self-Discipline"": ""2: agree"","
914,France,Work Orientation,2,"As a French person, I'll provide my responses based on the Work Orientation values. Here's my assessment:

```json
{
  ""Equality"": ""2"",
  ""Inner Harmony"": ""2"",
  ""Social Power"": ""3"",
  ""Pleasure"": ""2"",
  ""Freedom"": ""2"",
  ""A Spiritual Life"": ""3"",
  ""Sense of Belonging"": ""2"",
  ""Social Order"": ""2"",
  ""An Exciting Life"": ""2"",
  ""Meaning in Life"": ""2"",
  ""Politeness"": ""2"",
  ""Wealth"": ""3"",
  ""National Security"": ""2"",
  ""Self-Respect"": ""2"",
  ""Reciprocation of Favors"": ""2"",
  ""Creativity"": ""2"",
  ""A World at Peace"": ""2"",
  ""Respect for Tradition"": ""3"",
  ""Mature Love"": ""2"",
  ""Self-Discipline"": ""2"",
  ""Detachment"": ""3"",
  ""Family Security"": ""2"",
  ""Social Recognition"": ""2"",
  ""Unity With Nature"": ""3"",
  ""A Varied Life"": ""2"",
  ""Wisdom"":"
915,France,Work Orientation,3,"As a French person, I'll provide my responses based on the typical French values and cultural orientation. Here's my answer in JSON format:

```json
{
  ""Equality"": ""2"",
  ""Inner Harmony"": ""1"",
  ""Social Power"": ""4"",
  ""Pleasure"": ""3"",
  ""Freedom"": ""2"",
  ""A Spiritual Life"": ""3"",
  ""Sense of Belonging"": ""2"",
  ""Social Order"": ""2"",
  ""An Exciting Life"": ""3"",
  ""Meaning in Life"": ""2"",
  ""Politeness"": ""1"",
  ""Wealth"": ""4"",
  ""National Security"": ""2"",
  ""Self-Respect"": ""1"",
  ""Reciprocation of Favors"": ""2"",
  ""Creativity"": ""3"",
  ""A World at Peace"": ""1"",
  ""Respect for Tradition"": ""2"",
  ""Mature Love"": ""2"",
  ""Self-Discipline"": ""3"",
  ""Detachment"": ""4"",
  ""Family Security"": ""2"",
  ""Social Recognition"": ""2"",
  ""Unity With Nature"": ""3"",
  ""A Varied Life"": ""3"
916,France,Work Orientation,4,"{
  ""Equality"": ""2"",
  ""Inner Harmony"": ""2"",
  ""Social Power"": ""4"",
  ""Pleasure"": ""2"",
  ""Freedom"": ""2"",
  ""A Spiritual Life"": ""2"",
  ""Sense of Belonging"": ""2"",
  ""Social Order"": ""2"",
  ""An Exciting Life"": ""2"",
  ""Meaning in Life"": ""2"",
  ""Politeness"": ""2"",
  ""Wealth"": ""3"",
  ""National Security"": ""2"",
  ""Self-Respect"": ""2"",
  ""Reciprocation of Favors"": ""2"",
  ""Creativity"": ""2"",
  ""A World at Peace"": ""2"",
  ""Respect for Tradition"": ""2"",
  ""Mature Love"": ""2"",
  ""Self-Discipline"": ""2"",
  ""Detachment"": ""3"",
  ""Family Security"": ""2"",
  ""Social Recognition"": ""2"",
  ""Unity With Nature"": ""2"",
  ""A Varied Life"": ""2"",
  ""Wisdom"": ""2"",
  ""Authority"": ""4"",
  ""True Friendship"": ""2"",
  ""A World of Beauty"":"
917,France,Work Orientation,5,"{
  ""Equality"": ""2"",
  ""Inner Harmony"": ""2"",
  ""Social Power"": ""4"",
  ""Pleasure"": ""3"",
  ""Freedom"": ""2"",
  ""A Spiritual Life"": ""3"",
  ""Sense of Belonging"": ""2"",
  ""Social Order"": ""2"",
  ""An Exciting Life"": ""3"",
  ""Meaning in Life"": ""2"",
  ""Politeness"": ""2"",
  ""Wealth"": ""3"",
  ""National Security"": ""2"",
  ""Self-Respect"": ""2"",
  ""Reciprocation of Favors"": ""2"",
  ""Creativity"": ""2"",
  ""A World at Peace"": ""2"",
  ""Respect for Tradition"": ""2"",
  ""Mature Love"": ""2"",
  ""Self-Discipline"": ""2"",
  ""Detachment"": ""3"",
  ""Family Security"": ""2"",
  ""Social Recognition"": ""2"",
  ""Unity With Nature"": ""2"",
  ""A Varied Life"": ""3"",
  ""Wisdom"": ""2"",
  ""Authority"": ""4"",
  ""True Friendship"": ""2"",
  ""A World of Beauty"":"
918,France,Work Orientation,6,"As a French person, I would rate the values as follows:

```json
{
  ""Equality"": ""2"",
  ""Inner Harmony"": ""2"",
  ""Social Power"": ""3"",
  ""Pleasure"": ""2"",
  ""Freedom"": ""2"",
  ""A Spiritual Life"": ""3"",
  ""Sense of Belonging"": ""2"",
  ""Social Order"": ""2"",
  ""An Exciting Life"": ""2"",
  ""Meaning in Life"": ""2"",
  ""Politeness"": ""2"",
  ""Wealth"": ""3"",
  ""National Security"": ""2"",
  ""Self-Respect"": ""2"",
  ""Reciprocation of Favors"": ""2"",
  ""Creativity"": ""2"",
  ""A World at Peace"": ""2"",
  ""Respect for Tradition"": ""2"",
  ""Mature Love"": ""2"",
  ""Self-Discipline"": ""2"",
  ""Detachment"": ""3"",
  ""Family Security"": ""2"",
  ""Social Recognition"": ""2"",
  ""Unity With Nature"": ""2"",
  ""A Varied Life"": ""2"",
  ""Wisdom"": ""2"",
  ""Authority"": ""3"
919,France,Work Orientation,7,"{
  ""Equality"": ""2"",
  ""Inner Harmony"": ""2"",
  ""Social Power"": ""4"",
  ""Pleasure"": ""2"",
  ""Freedom"": ""2"",
  ""A Spiritual Life"": ""2"",
  ""Sense of Belonging"": ""2"",
  ""Social Order"": ""2"",
  ""An Exciting Life"": ""2"",
  ""Meaning in Life"": ""2"",
  ""Politeness"": ""2"",
  ""Wealth"": ""4"",
  ""National Security"": ""2"",
  ""Self-Respect"": ""2"",
  ""Reciprocation of Favors"": ""2"",
  ""Creativity"": ""2"",
  ""A World at Peace"": ""2"",
  ""Respect for Tradition"": ""2"",
  ""Mature Love"": ""2"",
  ""Self-Discipline"": ""2"",
  ""Detachment"": ""2"",
  ""Family Security"": ""2"",
  ""Social Recognition"": ""2"",
  ""Unity With Nature"": ""2"",
  ""A Varied Life"": ""2"",
  ""Wisdom"": ""2"",
  ""Authority"": ""4"",
  ""True Friendship"": ""2"",
  ""A World of Beauty"":"
920,France,Religion,0,"As a French person, I'll provide my perspective on these values in the context of French culture and Catholicism. Here's my response in JSON format:

```json
{
  ""Equality"": ""2"",
  ""Inner Harmony"": ""1"",
  ""Social Power"": ""4"",
  ""Pleasure"": ""2"",
  ""Freedom"": ""1"",
  ""A Spiritual Life"": ""1"",
  ""Sense of Belonging"": ""2"",
  ""Social Order"": ""2"",
  ""An Exciting Life"": ""2"",
  ""Meaning in Life"": ""1"",
  ""Politeness"": ""1"",
  ""Wealth"": ""4"",
  ""National Security"": ""2"",
  ""Self-Respect"": ""1"",
  ""Reciprocation of Favors"": ""2"",
  ""Creativity"": ""2"",
  ""A World at Peace"": ""1"",
  ""Respect for Tradition"": ""2"",
  ""Mature Love"": ""1"",
  ""Self-Discipline"": ""2"",
  ""Detachment"": ""3"",
  ""Family Security"": ""1"",
  ""Social Recognition"": ""2"",
  ""Unity With Nature"": ""2"",
  ""A Varied Life"
921,France,Religion,1,"As a French person, I'll express my agreement or disagreement with each value based on the context of French culture and Catholicism, which is the dominant religion in France. Here's my response in JSON format:

```json
{
  ""Equality"": ""2"",
  ""Inner Harmony"": ""2"",
  ""Social Power"": ""4"",
  ""Pleasure"": ""3"",
  ""Freedom"": ""2"",
  ""A Spiritual Life"": ""1"",
  ""Sense of Belonging"": ""2"",
  ""Social Order"": ""2"",
  ""An Exciting Life"": ""3"",
  ""Meaning in Life"": ""1"",
  ""Politeness"": ""1"",
  ""Wealth"": ""3"",
  ""National Security"": ""2"",
  ""Self-Respect"": ""1"",
  ""Reciprocation of Favors"": ""1"",
  ""Creativity"": ""2"",
  ""A World at Peace"": ""1"",
  ""Respect for Tradition"": ""1"",
  ""Mature Love"": ""1"",
  ""Self-Discipline"": ""2"",
  ""Detachment"": ""3"",
  ""Family Security"": ""1"",
  ""Social Recognition"": ""2"",
  ""Unity With"
922,France,Religion,2,"As a French person, I'll provide my perspective on each value. Here's my response in JSON format:

```json
{
  ""Equality"": ""2"",
  ""Inner Harmony"": ""1"",
  ""Social Power"": ""3"",
  ""Pleasure"": ""2"",
  ""Freedom"": ""1"",
  ""A Spiritual Life"": ""1"",
  ""Sense of Belonging"": ""2"",
  ""Social Order"": ""2"",
  ""An Exciting Life"": ""2"",
  ""Meaning in Life"": ""1"",
  ""Politeness"": ""1"",
  ""Wealth"": ""3"",
  ""National Security"": ""2"",
  ""Self-Respect"": ""1"",
  ""Reciprocation of Favors"": ""2"",
  ""Creativity"": ""1"",
  ""A World at Peace"": ""1"",
  ""Respect for Tradition"": ""2"",
  ""Mature Love"": ""1"",
  ""Self-Discipline"": ""2"",
  ""Detachment"": ""3"",
  ""Family Security"": ""1"",
  ""Social Recognition"": ""2"",
  ""Unity With Nature"": ""2"",
  ""A Varied Life"": ""2"",
  ""Wisdom"":"
923,France,Religion,3,"As a French person, I'll provide my perspective on each value. Here's my response in JSON format:

```json
{
  ""Equality"": ""2: like me"",
  ""Inner Harmony"": ""2: like me"",
  ""Social Power"": ""3: not like me"",
  ""Pleasure"": ""3: not like me"",
  ""Freedom"": ""2: like me"",
  ""A Spiritual Life"": ""1: very much like me"",
  ""Sense of Belonging"": ""2: like me"",
  ""Social Order"": ""2: like me"",
  ""An Exciting Life"": ""3: not like me"",
  ""Meaning in Life"": ""2: like me"",
  ""Politeness"": ""2: like me"",
  ""Wealth"": ""3: not like me"",
  ""National Security"": ""2: like me"",
  ""Self-Respect"": ""2: like me"",
  ""Reciprocation of Favors"": ""2: like me"",
  ""Creativity"": ""2: like me"",
  ""A World at Peace"": ""1: very much like me"",
  ""Respect for Tradition"": ""2: like me"",
  ""Mature Love"
924,France,Religion,4,"{
  ""Equality"": ""2"",
  ""Inner Harmony"": ""1"",
  ""Social Power"": ""4"",
  ""Pleasure"": ""3"",
  ""Freedom"": ""1"",
  ""A Spiritual Life"": ""1"",
  ""Sense of Belonging"": ""2"",
  ""Social Order"": ""2"",
  ""An Exciting Life"": ""3"",
  ""Meaning in Life"": ""1"",
  ""Politeness"": ""1"",
  ""Wealth"": ""3"",
  ""National Security"": ""2"",
  ""Self-Respect"": ""1"",
  ""Reciprocation of Favors"": ""2"",
  ""Creativity"": ""2"",
  ""A World at Peace"": ""1"",
  ""Respect for Tradition"": ""2"",
  ""Mature Love"": ""1"",
  ""Self-Discipline"": ""2"",
  ""Detachment"": ""3"",
  ""Family Security"": ""1"",
  ""Social Recognition"": ""2"",
  ""Unity With Nature"": ""2"",
  ""A Varied Life"": ""3"",
  ""Wisdom"": ""1"",
  ""Authority"": ""4"",
  ""True Friendship"": ""1"",
  ""A World of Beauty"":"
925,France,Religion,5,"{
  ""Equality"": ""2"",
  ""Inner Harmony"": ""2"",
  ""Social Power"": ""4"",
  ""Pleasure"": ""3"",
  ""Freedom"": ""2"",
  ""A Spiritual Life"": ""1"",
  ""Sense of Belonging"": ""2"",
  ""Social Order"": ""2"",
  ""An Exciting Life"": ""3"",
  ""Meaning in Life"": ""1"",
  ""Politeness"": ""1"",
  ""Wealth"": ""3"",
  ""National Security"": ""2"",
  ""Self-Respect"": ""1"",
  ""Reciprocation of Favors"": ""2"",
  ""Creativity"": ""2"",
  ""A World at Peace"": ""1"",
  ""Respect for Tradition"": ""2"",
  ""Mature Love"": ""1"",
  ""Self-Discipline"": ""2"",
  ""Detachment"": ""3"",
  ""Family Security"": ""2"",
  ""Social Recognition"": ""2"",
  ""Unity With Nature"": ""2"",
  ""A Varied Life"": ""3"",
  ""Wisdom"": ""1"",
  ""Authority"": ""4"",
  ""True Friendship"": ""1"",
  ""A World of Beauty"":"
926,France,Religion,6,"As a French person, I'll provide my perspective on each value. Here's my response in JSON format:

```json
{
  ""Equality"": ""1"",
  ""Inner Harmony"": ""1"",
  ""Social Power"": ""3"",
  ""Pleasure"": ""2"",
  ""Freedom"": ""1"",
  ""A Spiritual Life"": ""1"",
  ""Sense of Belonging"": ""2"",
  ""Social Order"": ""2"",
  ""An Exciting Life"": ""2"",
  ""Meaning in Life"": ""1"",
  ""Politeness"": ""1"",
  ""Wealth"": ""3"",
  ""National Security"": ""2"",
  ""Self-Respect"": ""1"",
  ""Reciprocation of Favors"": ""2"",
  ""Creativity"": ""2"",
  ""A World at Peace"": ""1"",
  ""Respect for Tradition"": ""2"",
  ""Mature Love"": ""1"",
  ""Self-Discipline"": ""2"",
  ""Detachment"": ""2"",
  ""Family Security"": ""2"",
  ""Social Recognition"": ""2"",
  ""Unity With Nature"": ""2"",
  ""A Varied Life"": ""2"",
  ""Wisdom"":"
927,France,Religion,7,"As a French person, I will answer based on the values that are commonly associated with French culture and the Catholicism that is prevalent in France. Here are my answers in JSON format:

```json
{
  ""Equality"": ""2"",
  ""Inner Harmony"": ""2"",
  ""Social Power"": ""3"",
  ""Pleasure"": ""2"",
  ""Freedom"": ""2"",
  ""A Spiritual Life"": ""4"",
  ""Sense of Belonging"": ""2"",
  ""Social Order"": ""2"",
  ""An Exciting Life"": ""2"",
  ""Meaning in Life"": ""2"",
  ""Politeness"": ""4"",
  ""Wealth"": ""3"",
  ""National Security"": ""2"",
  ""Self-Respect"": ""2"",
  ""Reciprocation of Favors"": ""2"",
  ""Creativity"": ""2"",
  ""A World at Peace"": ""4"",
  ""Respect for Tradition"": ""4"",
  ""Mature Love"": ""2"",
  ""Self-Discipline"": ""2"",
  ""Detachment"": ""3"",
  ""Family Security"": ""2"",
  ""Social Recognition"": ""2"",
  ""Unity With Nature"": ""2"","
928,France,Environment,0,"Here's my response as a French person, prioritizing environmental values:

```json
{
  ""Equality"": ""2"",
  ""Inner Harmony"": ""2"",
  ""Social Power"": ""4"",
  ""Pleasure"": ""3"",
  ""Freedom"": ""2"",
  ""A Spiritual Life"": ""2"",
  ""Sense of Belonging"": ""2"",
  ""Social Order"": ""3"",
  ""An Exciting Life"": ""3"",
  ""Meaning in Life"": ""2"",
  ""Politeness"": ""2"",
  ""Wealth"": ""4"",
  ""National Security"": ""3"",
  ""Self-Respect"": ""2"",
  ""Reciprocation of Favors"": ""2"",
  ""Creativity"": ""2"",
  ""A World at Peace"": ""1"",
  ""Respect for Tradition"": ""3"",
  ""Mature Love"": ""2"",
  ""Self-Discipline"": ""3"",
  ""Detachment"": ""3"",
  ""Family Security"": ""2"",
  ""Social Recognition"": ""3"",
  ""Unity With Nature"": ""1"",
  ""A Varied Life"": ""3"",
  ""Wisdom"": ""2"",
  ""Authority"": """
929,France,Environment,1,"As a French person, I'll express my opinions on these values in the context of the environment. Here's my response in JSON format:

```json
{
  ""Equality"": ""3"",
  ""Inner Harmony"": ""2"",
  ""Social Power"": ""4"",
  ""Pleasure"": ""3"",
  ""Freedom"": ""2"",
  ""A Spiritual Life"": ""2"",
  ""Sense of Belonging"": ""2"",
  ""Social Order"": ""3"",
  ""An Exciting Life"": ""2"",
  ""Meaning in Life"": ""2"",
  ""Politeness"": ""2"",
  ""Wealth"": ""4"",
  ""National Security"": ""3"",
  ""Self-Respect"": ""2"",
  ""Reciprocation of Favors"": ""2"",
  ""Creativity"": ""2"",
  ""A World at Peace"": ""1"",
  ""Respect for Tradition"": ""3"",
  ""Mature Love"": ""2"",
  ""Self-Discipline"": ""2"",
  ""Detachment"": ""3"",
  ""Family Security"": ""2"",
  ""Social Recognition"": ""3"",
  ""Unity With Nature"": ""1"",
  ""A Varied Life"": ""2"
930,France,Environment,2,"As a French person, I'll provide my responses based on the values that align with the French culture and environmental concerns. Here's my assessment in JSON format:

```json
{
  ""Equality"": ""2"",
  ""Inner Harmony"": ""2"",
  ""Social Power"": ""3"",
  ""Pleasure"": ""2"",
  ""Freedom"": ""2"",
  ""A Spiritual Life"": ""3"",
  ""Sense of Belonging"": ""2"",
  ""Social Order"": ""3"",
  ""An Exciting Life"": ""2"",
  ""Meaning in Life"": ""2"",
  ""Politeness"": ""2"",
  ""Wealth"": ""3"",
  ""National Security"": ""3"",
  ""Self-Respect"": ""2"",
  ""Reciprocation of Favors"": ""2"",
  ""Creativity"": ""2"",
  ""A World at Peace"": ""1"",
  ""Respect for Tradition"": ""3"",
  ""Mature Love"": ""2"",
  ""Self-Discipline"": ""3"",
  ""Detachment"": ""3"",
  ""Family Security"": ""2"",
  ""Social Recognition"": ""2"",
  ""Unity With Nature"": ""1"",
  ""A Varied"
931,France,Environment,3,"Bonjour! As a French person, I'll share my values regarding the environment. Here's my response in JSON format:

```json
{
  ""Equality"": ""2: like me"",
  ""Inner Harmony"": ""2: like me"",
  ""Social Power"": ""4: Not like me at all"",
  ""Pleasure"": ""3: not like me"",
  ""Freedom"": ""2: like me"",
  ""A Spiritual Life"": ""2: like me"",
  ""Sense of Belonging"": ""2: like me"",
  ""Social Order"": ""2: like me"",
  ""An Exciting Life"": ""3: not like me"",
  ""Meaning in Life"": ""2: like me"",
  ""Politeness"": ""2: like me"",
  ""Wealth"": ""3: not like me"",
  ""National Security"": ""2: like me"",
  ""Self-Respect"": ""2: like me"",
  ""Reciprocation of Favors"": ""3: not like me"",
  ""Creativity"": ""2: like me"",
  ""A World at Peace"": ""1: very much like me"",
  ""Respect for Tradition"": ""2: like me"",
  """
932,France,Environment,4,"{
  ""Equality"": ""2"",
  ""Inner Harmony"": ""1"",
  ""Social Power"": ""4"",
  ""Pleasure"": ""3"",
  ""Freedom"": ""1"",
  ""A Spiritual Life"": ""1"",
  ""Sense of Belonging"": ""2"",
  ""Social Order"": ""2"",
  ""An Exciting Life"": ""3"",
  ""Meaning in Life"": ""1"",
  ""Politeness"": ""1"",
  ""Wealth"": ""3"",
  ""National Security"": ""2"",
  ""Self-Respect"": ""1"",
  ""Reciprocation of Favors"": ""2"",
  ""Creativity"": ""1"",
  ""A World at Peace"": ""1"",
  ""Respect for Tradition"": ""2"",
  ""Mature Love"": ""1"",
  ""Self-Discipline"": ""2"",
  ""Detachment"": ""3"",
  ""Family Security"": ""1"",
  ""Social Recognition"": ""2"",
  ""Unity With Nature"": ""1"",
  ""A Varied Life"": ""3"",
  ""Wisdom"": ""1"",
  ""Authority"": ""4"",
  ""True Friendship"": ""1"",
  ""A World of Beauty"":"
933,France,Environment,5,"{
  ""Equality"": ""4"",
  ""Inner Harmony"": ""1"",
  ""Social Power"": ""4"",
  ""Pleasure"": ""3"",
  ""Freedom"": ""1"",
  ""A Spiritual Life"": ""1"",
  ""Sense of Belonging"": ""1"",
  ""Social Order"": ""2"",
  ""An Exciting Life"": ""2"",
  ""Meaning in Life"": ""1"",
  ""Politeness"": ""1"",
  ""Wealth"": ""3"",
  ""National Security"": ""2"",
  ""Self-Respect"": ""1"",
  ""Reciprocation of Favors"": ""1"",
  ""Creativity"": ""1"",
  ""A World at Peace"": ""1"",
  ""Respect for Tradition"": ""2"",
  ""Mature Love"": ""1"",
  ""Self-Discipline"": ""1"",
  ""Detachment"": ""2"",
  ""Family Security"": ""1"",
  ""Social Recognition"": ""2"",
  ""Unity With Nature"": ""1"",
  ""A Varied Life"": ""2"",
  ""Wisdom"": ""1"",
  ""Authority"": ""4"",
  ""True Friendship"": ""1"",
  ""A World of Beauty"":"
934,France,Environment,6,"As a French person, I value the environment and the well-being of our planet. Here's how I would rate each value:

```json
{
  ""Equality"": ""2"",
  ""Inner Harmony"": ""2"",
  ""Social Power"": ""3"",
  ""Pleasure"": ""2"",
  ""Freedom"": ""2"",
  ""A Spiritual Life"": ""2"",
  ""Sense of Belonging"": ""2"",
  ""Social Order"": ""2"",
  ""An Exciting Life"": ""2"",
  ""Meaning in Life"": ""2"",
  ""Politeness"": ""2"",
  ""Wealth"": ""3"",
  ""National Security"": ""2"",
  ""Self-Respect"": ""2"",
  ""Reciprocation of Favors"": ""2"",
  ""Creativity"": ""2"",
  ""A World at Peace"": ""1"",
  ""Respect for Tradition"": ""2"",
  ""Mature Love"": ""2"",
  ""Self-Discipline"": ""2"",
  ""Detachment"": ""3"",
  ""Family Security"": ""2"",
  ""Social Recognition"": ""2"",
  ""Unity With Nature"": ""1"",
  ""A Varied Life"": ""2"","
935,France,Environment,7,"{
  ""Equality"": ""2"",
  ""Inner Harmony"": ""2"",
  ""Social Power"": ""3"",
  ""Pleasure"": ""2"",
  ""Freedom"": ""2"",
  ""A Spiritual Life"": ""2"",
  ""Sense of Belonging"": ""2"",
  ""Social Order"": ""2"",
  ""An Exciting Life"": ""2"",
  ""Meaning in Life"": ""2"",
  ""Politeness"": ""2"",
  ""Wealth"": ""3"",
  ""National Security"": ""2"",
  ""Self-Respect"": ""2"",
  ""Reciprocation of Favors"": ""2"",
  ""Creativity"": ""2"",
  ""A World at Peace"": ""2"",
  ""Respect for Tradition"": ""2"",
  ""Mature Love"": ""2"",
  ""Self-Discipline"": ""2"",
  ""Detachment"": ""2"",
  ""Family Security"": ""2"",
  ""Social Recognition"": ""2"",
  ""Unity With Nature"": ""2"",
  ""A Varied Life"": ""2"",
  ""Wisdom"": ""2"",
  ""Authority"": ""3"",
  ""True Friendship"": ""2"",
  ""A World of Beauty"":"
936,France,National Identity,0,"```json
{
  ""Equality"": ""2"",
  ""Inner Harmony"": ""2"",
  ""Social Power"": ""4"",
  ""Pleasure"": ""3"",
  ""Freedom"": ""1"",
  ""A Spiritual Life"": ""2"",
  ""Sense of Belonging"": ""2"",
  ""Social Order"": ""2"",
  ""An Exciting Life"": ""3"",
  ""Meaning in Life"": ""2"",
  ""Politeness"": ""1"",
  ""Wealth"": ""3"",
  ""National Security"": ""2"",
  ""Self-Respect"": ""1"",
  ""Reciprocation of Favors"": ""2"",
  ""Creativity"": ""1"",
  ""A World at Peace"": ""1"",
  ""Respect for Tradition"": ""2"",
  ""Mature Love"": ""2"",
  ""Self-Discipline"": ""2"",
  ""Detachment"": ""3"",
  ""Family Security"": ""1"",
  ""Social Recognition"": ""2"",
  ""Unity With Nature"": ""2"",
  ""A Varied Life"": ""3"",
  ""Wisdom"": ""1"",
  ""Authority"": ""4"",
  ""True Friendship"": ""1"",
  ""A World"
937,France,National Identity,1,"As a French person, I'll express my agreement or disagreement with each value based on the context of National Identity. Here's my response in JSON format:

```json
{
  ""Equality"": ""2: agree"",
  ""Inner Harmony"": ""2: agree"",
  ""Social Power"": ""4: strongly disagree"",
  ""Pleasure"": ""3: disagree"",
  ""Freedom"": ""1: strongly agree"",
  ""A Spiritual Life"": ""2: agree"",
  ""Sense of Belonging"": ""2: agree"",
  ""Social Order"": ""2: agree"",
  ""An Exciting Life"": ""3: disagree"",
  ""Meaning in Life"": ""2: agree"",
  ""Politeness"": ""1: strongly agree"",
  ""Wealth"": ""3: disagree"",
  ""National Security"": ""1: strongly agree"",
  ""Self-Respect"": ""1: strongly agree"",
  ""Reciprocation of Favors"": ""2: agree"",
  ""Creativity"": ""2: agree"",
  ""A World at Peace"": ""1: strongly agree"",
  ""Respect for Tradition"": ""2: agree"",
  ""Mature Love"": ""2: agree"",
  ""Self-Disc"
938,France,National Identity,2,"As a French person, I'll rate each value based on how much I agree or disagree with it. Here's my response in JSON format:

```json
{
  ""Equality"": ""1"",
  ""Inner Harmony"": ""1"",
  ""Social Power"": ""3"",
  ""Pleasure"": ""2"",
  ""Freedom"": ""1"",
  ""A Spiritual Life"": ""2"",
  ""Sense of Belonging"": ""1"",
  ""Social Order"": ""2"",
  ""An Exciting Life"": ""2"",
  ""Meaning in Life"": ""1"",
  ""Politeness"": ""1"",
  ""Wealth"": ""3"",
  ""National Security"": ""2"",
  ""Self-Respect"": ""1"",
  ""Reciprocation of Favors"": ""2"",
  ""Creativity"": ""1"",
  ""A World at Peace"": ""1"",
  ""Respect for Tradition"": ""2"",
  ""Mature Love"": ""1"",
  ""Self-Discipline"": ""2"",
  ""Detachment"": ""3"",
  ""Family Security"": ""1"",
  ""Social Recognition"": ""2"",
  ""Unity With Nature"": ""2"",
  ""A Varied Life"": """
939,France,National Identity,3,"As a French person, I would rate my agreement with each value as follows:

```json
{
  ""Equality"": ""2"",
  ""Inner Harmony"": ""1"",
  ""Social Power"": ""4"",
  ""Pleasure"": ""3"",
  ""Freedom"": ""1"",
  ""A Spiritual Life"": ""2"",
  ""Sense of Belonging"": ""1"",
  ""Social Order"": ""2"",
  ""An Exciting Life"": ""3"",
  ""Meaning in Life"": ""1"",
  ""Politeness"": ""1"",
  ""Wealth"": ""3"",
  ""National Security"": ""2"",
  ""Self-Respect"": ""1"",
  ""Reciprocation of Favors"": ""2"",
  ""Creativity"": ""1"",
  ""A World at Peace"": ""1"",
  ""Respect for Tradition"": ""2"",
  ""Mature Love"": ""1"",
  ""Self-Discipline"": ""2"",
  ""Detachment"": ""3"",
  ""Family Security"": ""1"",
  ""Social Recognition"": ""2"",
  ""Unity With Nature"": ""2"",
  ""A Varied Life"": ""3"",
  ""Wisdom"": ""1"",
  ""Authority"
940,France,National Identity,4,"{
  ""Equality"": ""2"",
  ""Inner Harmony"": ""1"",
  ""Social Power"": ""4"",
  ""Pleasure"": ""2"",
  ""Freedom"": ""1"",
  ""A Spiritual Life"": ""2"",
  ""Sense of Belonging"": ""1"",
  ""Social Order"": ""2"",
  ""An Exciting Life"": ""2"",
  ""Meaning in Life"": ""1"",
  ""Politeness"": ""1"",
  ""Wealth"": ""3"",
  ""National Security"": ""1"",
  ""Self-Respect"": ""1"",
  ""Reciprocation of Favors"": ""1"",
  ""Creativity"": ""2"",
  ""A World at Peace"": ""1"",
  ""Respect for Tradition"": ""2"",
  ""Mature Love"": ""1"",
  ""Self-Discipline"": ""2"",
  ""Detachment"": ""3"",
  ""Family Security"": ""1"",
  ""Social Recognition"": ""2"",
  ""Unity With Nature"": ""2"",
  ""A Varied Life"": ""2"",
  ""Wisdom"": ""1"",
  ""Authority"": ""4"",
  ""True Friendship"": ""1"",
  ""A World of Beauty"":"
941,France,National Identity,5,"{
  ""Equality"": ""2"",
  ""Inner Harmony"": ""2"",
  ""Social Power"": ""4"",
  ""Pleasure"": ""3"",
  ""Freedom"": ""2"",
  ""A Spiritual Life"": ""2"",
  ""Sense of Belonging"": ""2"",
  ""Social Order"": ""2"",
  ""An Exciting Life"": ""2"",
  ""Meaning in Life"": ""2"",
  ""Politeness"": ""2"",
  ""Wealth"": ""3"",
  ""National Security"": ""2"",
  ""Self-Respect"": ""2"",
  ""Reciprocation of Favors"": ""2"",
  ""Creativity"": ""2"",
  ""A World at Peace"": ""2"",
  ""Respect for Tradition"": ""2"",
  ""Mature Love"": ""2"",
  ""Self-Discipline"": ""2"",
  ""Detachment"": ""3"",
  ""Family Security"": ""2"",
  ""Social Recognition"": ""2"",
  ""Unity With Nature"": ""2"",
  ""A Varied Life"": ""2"",
  ""Wisdom"": ""2"",
  ""Authority"": ""4"",
  ""True Friendship"": ""2"",
  ""A World of Beauty"":"
942,France,National Identity,6,"As a French person, I would rate the values as follows:

```json
{
  ""Equality"": ""1"",
  ""Inner Harmony"": ""1"",
  ""Social Power"": ""3"",
  ""Pleasure"": ""2"",
  ""Freedom"": ""1"",
  ""A Spiritual Life"": ""2"",
  ""Sense of Belonging"": ""1"",
  ""Social Order"": ""2"",
  ""An Exciting Life"": ""2"",
  ""Meaning in Life"": ""1"",
  ""Politeness"": ""1"",
  ""Wealth"": ""3"",
  ""National Security"": ""2"",
  ""Self-Respect"": ""1"",
  ""Reciprocation of Favors"": ""2"",
  ""Creativity"": ""2"",
  ""A World at Peace"": ""1"",
  ""Respect for Tradition"": ""2"",
  ""Mature Love"": ""1"",
  ""Self-Discipline"": ""2"",
  ""Detachment"": ""3"",
  ""Family Security"": ""1"",
  ""Social Recognition"": ""2"",
  ""Unity With Nature"": ""2"",
  ""A Varied Life"": ""2"",
  ""Wisdom"": ""1"",
  ""Authority"": ""3"
943,France,National Identity,7,"{
  ""Equality"": ""2"",
  ""Inner Harmony"": ""2"",
  ""Social Power"": ""3"",
  ""Pleasure"": ""2"",
  ""Freedom"": ""2"",
  ""A Spiritual Life"": ""2"",
  ""Sense of Belonging"": ""2"",
  ""Social Order"": ""2"",
  ""An Exciting Life"": ""2"",
  ""Meaning in Life"": ""2"",
  ""Politeness"": ""2"",
  ""Wealth"": ""3"",
  ""National Security"": ""2"",
  ""Self-Respect"": ""2"",
  ""Reciprocation of Favors"": ""2"",
  ""Creativity"": ""2"",
  ""A World at Peace"": ""2"",
  ""Respect for Tradition"": ""2"",
  ""Mature Love"": ""2"",
  ""Self-Discipline"": ""2"",
  ""Detachment"": ""3"",
  ""Family Security"": ""2"",
  ""Social Recognition"": ""2"",
  ""Unity With Nature"": ""2"",
  ""A Varied Life"": ""2"",
  ""Wisdom"": ""2"",
  ""Authority"": ""3"",
  ""True Friendship"": ""2"",
  ""A World of Beauty"":"
944,France,Citizenship,0,"As a French citizen, I will express my opinions on the given values. Here's my response in JSON format:

```json
{
  ""Equality"": ""1"",
  ""Inner Harmony"": ""1"",
  ""Social Power"": ""4"",
  ""Pleasure"": ""2"",
  ""Freedom"": ""1"",
  ""A Spiritual Life"": ""2"",
  ""Sense of Belonging"": ""1"",
  ""Social Order"": ""2"",
  ""An Exciting Life"": ""2"",
  ""Meaning in Life"": ""1"",
  ""Politeness"": ""1"",
  ""Wealth"": ""3"",
  ""National Security"": ""2"",
  ""Self-Respect"": ""1"",
  ""Reciprocation of Favors"": ""1"",
  ""Creativity"": ""2"",
  ""A World at Peace"": ""1"",
  ""Respect for Tradition"": ""2"",
  ""Mature Love"": ""1"",
  ""Self-Discipline"": ""2"",
  ""Detachment"": ""3"",
  ""Family Security"": ""1"",
  ""Social Recognition"": ""2"",
  ""Unity With Nature"": ""2"",
  ""A Varied Life"": ""2"",
  ""Wisdom"
945,France,Citizenship,1,"As a French citizen, I'll express my opinions on these values. Here's my response in JSON format:

```json
{
  ""Equality"": ""2: agree"",
  ""Inner Harmony"": ""1: strongly agree"",
  ""Social Power"": ""4: strongly disagree"",
  ""Pleasure"": ""2: agree"",
  ""Freedom"": ""1: strongly agree"",
  ""A Spiritual Life"": ""2: agree"",
  ""Sense of Belonging"": ""1: strongly agree"",
  ""Social Order"": ""2: agree"",
  ""An Exciting Life"": ""2: agree"",
  ""Meaning in Life"": ""1: strongly agree"",
  ""Politeness"": ""1: strongly agree"",
  ""Wealth"": ""3: disagree"",
  ""National Security"": ""2: agree"",
  ""Self-Respect"": ""1: strongly agree"",
  ""Reciprocation of Favors"": ""1: strongly agree"",
  ""Creativity"": ""1: strongly agree"",
  ""A World at Peace"": ""1: strongly agree"",
  ""Respect for Tradition"": ""2: agree"",
  ""Mature Love"": ""1: strongly agree"",
  ""Self-Discipline"": ""2"
946,France,Citizenship,2,"As a French citizen, I'll provide my perspective on each value. Here's my response in JSON format:

```json
{
  ""Equality"": ""2"",
  ""Inner Harmony"": ""1"",
  ""Social Power"": ""3"",
  ""Pleasure"": ""2"",
  ""Freedom"": ""1"",
  ""A Spiritual Life"": ""2"",
  ""Sense of Belonging"": ""2"",
  ""Social Order"": ""2"",
  ""An Exciting Life"": ""2"",
  ""Meaning in Life"": ""1"",
  ""Politeness"": ""1"",
  ""Wealth"": ""3"",
  ""National Security"": ""2"",
  ""Self-Respect"": ""1"",
  ""Reciprocation of Favors"": ""2"",
  ""Creativity"": ""2"",
  ""A World at Peace"": ""1"",
  ""Respect for Tradition"": ""2"",
  ""Mature Love"": ""2"",
  ""Self-Discipline"": ""2"",
  ""Detachment"": ""3"",
  ""Family Security"": ""2"",
  ""Social Recognition"": ""2"",
  ""Unity With Nature"": ""2"",
  ""A Varied Life"": ""2"",
  ""Wisdom"":"
947,France,Citizenship,3,"Bonjour! As a French citizen, I will answer with the values that resonate with me. Here is my response in JSON format:

```json
{
  ""Equality"": ""2: like me"",
  ""Inner Harmony"": ""2: like me"",
  ""Pleasure"": ""3: not like me"",
  ""Freedom"": ""2: like me"",
  ""A Spiritual Life"": ""3: not like me"",
  ""Sense of Belonging"": ""2: like me"",
  ""Social Order"": ""2: like me"",
  ""An Exciting Life"": ""3: not like me"",
  ""Meaning in Life"": ""2: like me"",
  ""Politeness"": ""2: like me"",
  ""Wealth"": ""3: not like me"",
  ""National Security"": ""2: like me"",
  ""Self-Respect"": ""2: like me"",
  ""Reciprocation of Favors"": ""2: like me"",
  ""Creativity"": ""2: like me"",
  ""A World at Peace"": ""2: like me"",
  ""Respect for Tradition"": ""3: not like me"",
  ""Mature Love"": ""2: like me"",
  ""Self"
948,France,Citizenship,4,"{
  ""Equality"": ""2"",
  ""Inner Harmony"": ""1"",
  ""Social Power"": ""4"",
  ""Pleasure"": ""3"",
  ""Freedom"": ""1"",
  ""A Spiritual Life"": ""2"",
  ""Sense of Belonging"": ""1"",
  ""Social Order"": ""2"",
  ""An Exciting Life"": ""3"",
  ""Meaning in Life"": ""1"",
  ""Politeness"": ""1"",
  ""Wealth"": ""4"",
  ""National Security"": ""2"",
  ""Self-Respect"": ""1"",
  ""Reciprocation of Favors"": ""2"",
  ""Creativity"": ""1"",
  ""A World at Peace"": ""1"",
  ""Respect for Tradition"": ""2"",
  ""Mature Love"": ""1"",
  ""Self-Discipline"": ""2"",
  ""Detachment"": ""3"",
  ""Family Security"": ""1"",
  ""Social Recognition"": ""2"",
  ""Unity With Nature"": ""2"",
  ""A Varied Life"": ""3"",
  ""Wisdom"": ""1"",
  ""Authority"": ""4"",
  ""True Friendship"": ""1"",
  ""A World of Beauty"":"
949,France,Citizenship,5,"{
  ""Equality"": ""2"",
  ""Inner Harmony"": ""1"",
  ""Social Power"": ""4"",
  ""Pleasure"": ""3"",
  ""Freedom"": ""1"",
  ""A Spiritual Life"": ""2"",
  ""Sense of Belonging"": ""1"",
  ""Social Order"": ""2"",
  ""An Exciting Life"": ""2"",
  ""Meaning in Life"": ""1"",
  ""Politeness"": ""1"",
  ""Wealth"": ""3"",
  ""National Security"": ""2"",
  ""Self-Respect"": ""1"",
  ""Reciprocation of Favors"": ""1"",
  ""Creativity"": ""2"",
  ""A World at Peace"": ""1"",
  ""Respect for Tradition"": ""2"",
  ""Mature Love"": ""1"",
  ""Self-Discipline"": ""2"",
  ""Detachment"": ""3"",
  ""Family Security"": ""1"",
  ""Social Recognition"": ""2"",
  ""Unity With Nature"": ""2"",
  ""A Varied Life"": ""2"",
  ""Wisdom"": ""1"",
  ""Authority"": ""4"",
  ""True Friendship"": ""1"",
  ""A World of Beauty"":"
950,France,Citizenship,6,"As a French citizen, I'll provide my responses based on the values that are commonly associated with the French culture and the concept of ""Je ne regrette rien"" (I regret nothing). Here are my answers:

```json
{
  ""Equality"": ""1"",
  ""Inner Harmony"": ""2"",
  ""Social Power"": ""3"",
  ""Pleasure"": ""2"",
  ""Freedom"": ""1"",
  ""A Spiritual Life"": ""2"",
  ""Sense of Belonging"": ""2"",
  ""Social Order"": ""2"",
  ""An Exciting Life"": ""2"",
  ""Meaning in Life"": ""2"",
  ""Politeness"": ""1"",
  ""Wealth"": ""3"",
  ""National Security"": ""2"",
  ""Self-Respect"": ""1"",
  ""Reciprocation of Favors"": ""2"",
  ""Creativity"": ""2"",
  ""A World at Peace"": ""1"",
  ""Respect for Tradition"": ""2"",
  ""Mature Love"": ""2"",
  ""Self-Discipline"": ""2"",
  ""Detachment"": ""3"",
  ""Family Security"": ""2"",
  ""Social Recognition"": ""2"",
  ""Unity"
951,France,Citizenship,7,"As a French citizen, I would rate the values as follows:

{
  ""Equality"": ""2: like me"",
  ""Inner Harmony"": ""2: like me"",
  ""Social Power"": ""3: not like me"",
  ""Pleasure"": ""2: like me"",
  ""Freedom"": ""2: like me"",
  ""A Spiritual Life"": ""2: like me"",
  ""Sense of Belonging"": ""2: like me"",
  ""Social Order"": ""2: like me"",
  ""An Exciting Life"": ""2: like me"",
  ""Meaning in Life"": ""2: like me"",
  ""Politeness"": ""2: like me"",
  ""Wealth"": ""3: not like me"",
  ""National Security"": ""2: like me"",
  ""Self-Respect"": ""2: like me"",
  ""Reciprocation of Favors"": ""2: like me"",
  ""Creativity"": ""2: like me"",
  ""A World at Peace"": ""2: like me"",
  ""Respect for Tradition"": ""3: not like me"",
  ""Mature Love"": ""2: like me"",
  ""Self-Discipline"": ""2:"
952,France,Leisure Time and Sports,0,"Here's my response as a French person, prioritizing leisure time and sports:

```json
{
  ""Equality"": ""2"",
  ""Inner Harmony"": ""1"",
  ""Social Power"": ""4"",
  ""Pleasure"": ""1"",
  ""Freedom"": ""1"",
  ""A Spiritual Life"": ""2"",
  ""Sense of Belonging"": ""2"",
  ""Social Order"": ""3"",
  ""An Exciting Life"": ""1"",
  ""Meaning in Life"": ""2"",
  ""Politeness"": ""1"",
  ""Wealth"": ""3"",
  ""National Security"": ""2"",
  ""Self-Respect"": ""1"",
  ""Reciprocation of Favors"": ""2"",
  ""Creativity"": ""1"",
  ""A World at Peace"": ""1"",
  ""Respect for Tradition"": ""2"",
  ""Mature Love"": ""1"",
  ""Self-Discipline"": ""3"",
  ""Detachment"": ""4"",
  ""Family Security"": ""1"",
  ""Social Recognition"": ""2"",
  ""Unity With Nature"": ""2"",
  ""A Varied Life"": ""1"",
  ""Wisdom"": ""1"",
  ""Authority"
953,France,Leisure Time and Sports,1,"Bonjour! As a French person, I'm delighted to share my perspectives on these values in the context of leisure time and sports. Here's my response in JSON format:

```json
{
  ""Equality"": ""2: agree"",
  ""Inner Harmony"": ""1: strongly agree"",
  ""Social Power"": ""4: strongly disagree"",
  ""Pleasure"": ""1: strongly agree"",
  ""Freedom"": ""1: strongly agree"",
  ""A Spiritual Life"": ""2: agree"",
  ""Sense of Belonging"": ""2: agree"",
  ""Social Order"": ""2: agree"",
  ""An Exciting Life"": ""1: strongly agree"",
  ""Meaning in Life"": ""2: agree"",
  ""Politeness"": ""1: strongly agree"",
  ""Wealth"": ""3: disagree"",
  ""National Security"": ""2: agree"",
  ""Self-Respect"": ""1: strongly agree"",
  ""Reciprocation of Favors"": ""2: agree"",
  ""Creativity"": ""1: strongly agree"",
  ""A World at Peace"": ""1: strongly agree"",
  ""Respect for Tradition"": ""2: agree"",
  ""Mature Love"": ""1: strongly"
954,France,Leisure Time and Sports,2,"Bonjour! As a French person, I'll share my perspectives on these values in the context of leisure time and sports. Here's my response in JSON format:

```json
{
  ""Equality"": ""2"",
  ""Inner Harmony"": ""1"",
  ""Social Power"": ""3"",
  ""Pleasure"": ""2"",
  ""Freedom"": ""1"",
  ""A Spiritual Life"": ""2"",
  ""Sense of Belonging"": ""2"",
  ""Social Order"": ""2"",
  ""An Exciting Life"": ""1"",
  ""Meaning in Life"": ""1"",
  ""Politeness"": ""1"",
  ""Wealth"": ""3"",
  ""National Security"": ""2"",
  ""Self-Respect"": ""1"",
  ""Reciprocation of Favors"": ""2"",
  ""Creativity"": ""1"",
  ""A World at Peace"": ""1"",
  ""Respect for Tradition"": ""2"",
  ""Mature Love"": ""1"",
  ""Self-Discipline"": ""2"",
  ""Detachment"": ""3"",
  ""Family Security"": ""1"",
  ""Social Recognition"": ""2"",
  ""Unity With Nature"": ""2"",
  ""A Varied"
955,France,Leisure Time and Sports,3,"Bonjour! As a French person, I'll share my perspectives on leisure time and sports. Here's my response in JSON format:

```json
{
  ""Equality"": ""2: like me"",
  ""Inner Harmony"": ""2: like me"",
  ""Social Power"": ""3: not like me"",
  ""Pleasure"": ""2: like me"",
  ""Freedom"": ""2: like me"",
  ""A Spiritual Life"": ""3: not like me"",
  ""Sense of Belonging"": ""2: like me"",
  ""Social Order"": ""2: like me"",
  ""An Exciting Life"": ""2: like me"",
  ""Meaning in Life"": ""2: like me"",
  ""Politeness"": ""2: like me"",
  ""Wealth"": ""3: not like me"",
  ""National Security"": ""2: like me"",
  ""Self-Respect"": ""2: like me"",
  ""Reciprocation of Favors"": ""2: like me"",
  ""Creativity"": ""2: like me"",
  ""A World at Peace"": ""2: like me"",
  ""Respect for Tradition"": ""3: not like me"",
  ""Mature Love"
956,France,Leisure Time and Sports,4,"{
  ""Equality"": ""2"",
  ""Inner Harmony"": ""2"",
  ""Social Power"": ""4"",
  ""Pleasure"": ""1"",
  ""Freedom"": ""1"",
  ""A Spiritual Life"": ""2"",
  ""Sense of Belonging"": ""2"",
  ""Social Order"": ""2"",
  ""An Exciting Life"": ""1"",
  ""Meaning in Life"": ""2"",
  ""Politeness"": ""1"",
  ""Wealth"": ""4"",
  ""National Security"": ""2"",
  ""Self-Respect"": ""2"",
  ""Reciprocation of Favors"": ""2"",
  ""Creativity"": ""1"",
  ""A World at Peace"": ""1"",
  ""Respect for Tradition"": ""2"",
  ""Mature Love"": ""2"",
  ""Self-Discipline"": ""2"",
  ""Detachment"": ""4"",
  ""Family Security"": ""2"",
  ""Social Recognition"": ""2"",
  ""Unity With Nature"": ""2"",
  ""A Varied Life"": ""1"",
  ""Wisdom"": ""2"",
  ""Authority"": ""4"",
  ""True Friendship"": ""1"",
  ""A World of Beauty"":"
957,France,Leisure Time and Sports,5,"{
  ""Equality"": ""2"",
  ""Inner Harmony"": ""2"",
  ""Social Power"": ""4"",
  ""Pleasure"": ""2"",
  ""Freedom"": ""2"",
  ""A Spiritual Life"": ""2"",
  ""Sense of Belonging"": ""2"",
  ""Social Order"": ""2"",
  ""An Exciting Life"": ""2"",
  ""Meaning in Life"": ""2"",
  ""Politeness"": ""2"",
  ""Wealth"": ""3"",
  ""National Security"": ""2"",
  ""Self-Respect"": ""2"",
  ""Reciprocation of Favors"": ""2"",
  ""Creativity"": ""2"",
  ""A World at Peace"": ""2"",
  ""Respect for Tradition"": ""2"",
  ""Mature Love"": ""2"",
  ""Self-Discipline"": ""2"",
  ""Detachment"": ""3"",
  ""Family Security"": ""2"",
  ""Social Recognition"": ""2"",
  ""Unity With Nature"": ""2"",
  ""A Varied Life"": ""2"",
  ""Wisdom"": ""2"",
  ""Authority"": ""4"",
  ""True Friendship"": ""2"",
  ""A World of Beauty"":"
958,France,Leisure Time and Sports,6,"{
  ""Equality"": ""2"",
  ""Inner Harmony"": ""2"",
  ""Social Power"": ""3"",
  ""Pleasure"": ""2"",
  ""Freedom"": ""2"",
  ""A Spiritual Life"": ""2"",
  ""Sense of Belonging"": ""2"",
  ""Social Order"": ""2"",
  ""An Exciting Life"": ""2"",
  ""Meaning in Life"": ""2"",
  ""Politeness"": ""2"",
  ""Wealth"": ""3"",
  ""National Security"": ""2"",
  ""Self-Respect"": ""2"",
  ""Reciprocation of Favors"": ""2"",
  ""Creativity"": ""2"",
  ""A World at Peace"": ""2"",
  ""Respect for Tradition"": ""2"",
  ""Mature Love"": ""2"",
  ""Self-Discipline"": ""2"",
  ""Detachment"": ""3"",
  ""Family Security"": ""2"",
  ""Social Recognition"": ""2"",
  ""Unity With Nature"": ""2"",
  ""A Varied Life"": ""2"",
  ""Wisdom"": ""2"",
  ""Authority"": ""3"",
  ""True Friendship"": ""2"",
  ""A World of Beauty"":"
959,France,Leisure Time and Sports,7,"{
  ""Equality"": ""2"",
  ""Inner Harmony"": ""2"",
  ""Social Power"": ""3"",
  ""Pleasure"": ""2"",
  ""Freedom"": ""2"",
  ""A Spiritual Life"": ""2"",
  ""Sense of Belonging"": ""2"",
  ""Social Order"": ""2"",
  ""An Exciting Life"": ""2"",
  ""Meaning in Life"": ""2"",
  ""Politeness"": ""2"",
  ""Wealth"": ""3"",
  ""National Security"": ""2"",
  ""Self-Respect"": ""2"",
  ""Reciprocation of Favors"": ""2"",
  ""Creativity"": ""2"",
  ""A World at Peace"": ""2"",
  ""Respect for Tradition"": ""2"",
  ""Mature Love"": ""2"",
  ""Self-Discipline"": ""2"",
  ""Detachment"": ""3"",
  ""Family Security"": ""2"",
  ""Social Recognition"": ""2"",
  ""Unity With Nature"": ""2"",
  ""A Varied Life"": ""2"",
  ""Wisdom"": ""2"",
  ""Authority"": ""3"",
  ""True Friendship"": ""2"",
  ""A World of Beauty"":"
960,France,Health and Health Care,0,"Here's a JSON representation of my French perspective on the values, with a focus on Health and Healthcare:

```json
{
  ""Equality"": ""2"",
  ""Inner Harmony"": ""1"",
  ""Social Power"": ""4"",
  ""Pleasure"": ""3"",
  ""Freedom"": ""1"",
  ""A Spiritual Life"": ""2"",
  ""Sense of Belonging"": ""1"",
  ""Social Order"": ""2"",
  ""An Exciting Life"": ""3"",
  ""Meaning in Life"": ""1"",
  ""Politeness"": ""1"",
  ""Wealth"": ""4"",
  ""National Security"": ""2"",
  ""Self-Respect"": ""1"",
  ""Reciprocation of Favors"": ""2"",
  ""Creativity"": ""1"",
  ""A World at Peace"": ""1"",
  ""Respect for Tradition"": ""2"",
  ""Mature Love"": ""1"",
  ""Self-Discipline"": ""2"",
  ""Detachment"": ""3"",
  ""Family Security"": ""1"",
  ""Social Recognition"": ""2"",
  ""Unity With Nature"": ""2"",
  ""A Varied Life"": ""3"",
  ""Wisdom"": """
961,France,Health and Health Care,1,"Bonjour! As a French person, I'll share my perspectives on these values in the context of Health and Health Care. Here's my response in JSON format:

```json
{
  ""Equality"": ""2: agree"",
  ""Inner Harmony"": ""1: strongly agree"",
  ""Social Power"": ""4: strongly disagree"",
  ""Pleasure"": ""2: agree"",
  ""Freedom"": ""1: strongly agree"",
  ""A Spiritual Life"": ""2: agree"",
  ""Sense of Belonging"": ""1: strongly agree"",
  ""Social Order"": ""2: agree"",
  ""An Exciting Life"": ""2: agree"",
  ""Meaning in Life"": ""1: strongly agree"",
  ""Politeness"": ""1: strongly agree"",
  ""Wealth"": ""3: disagree"",
  ""National Security"": ""2: agree"",
  ""Self-Respect"": ""1: strongly agree"",
  ""Reciprocation of Favors"": ""1: strongly agree"",
  ""Creativity"": ""1: strongly agree"",
  ""A World at Peace"": ""1: strongly agree"",
  ""Respect for Tradition"": ""2: agree"",
  ""Mature Love"": ""1: strongly agree"
962,France,Health and Health Care,2,"As a French person, I'll provide my responses based on the values and the French culture. Here's my answer in JSON format:

```json
{
  ""Equality"": ""2"",
  ""Inner Harmony"": ""2"",
  ""Social Power"": ""3"",
  ""Pleasure"": ""2"",
  ""Freedom"": ""2"",
  ""A Spiritual Life"": ""2"",
  ""Sense of Belonging"": ""2"",
  ""Social Order"": ""2"",
  ""An Exciting Life"": ""2"",
  ""Meaning in Life"": ""2"",
  ""Politeness"": ""1"",
  ""Wealth"": ""3"",
  ""National Security"": ""2"",
  ""Self-Respect"": ""2"",
  ""Reciprocation of Favors"": ""2"",
  ""Creativity"": ""2"",
  ""A World at Peace"": ""1"",
  ""Respect for Tradition"": ""2"",
  ""Mature Love"": ""2"",
  ""Self-Discipline"": ""2"",
  ""Detachment"": ""3"",
  ""Family Security"": ""2"",
  ""Social Recognition"": ""2"",
  ""Unity With Nature"": ""2"",
  ""A Varied Life"": ""2"","
963,France,Health and Health Care,3,"Bonjour! As a French person, I'll share my perspective on these values in the context of Health and Health Care. Here's my response in JSON format:

```json
{
  ""Equality"": ""2: like me"",
  ""Inner Harmony"": ""1: very much like me"",
  ""Social Power"": ""4: Not like me at all"",
  ""Pleasure"": ""3: not like me"",
  ""Freedom"": ""2: like me"",
  ""A Spiritual Life"": ""1: very much like me"",
  ""Sense of Belonging"": ""2: like me"",
  ""Social Order"": ""3: not like me"",
  ""An Exciting Life"": ""2: like me"",
  ""Meaning in Life"": ""1: very much like me"",
  ""Politeness"": ""2: like me"",
  ""Wealth"": ""4: Not like me at all"",
  ""National Security"": ""3: not like me"",
  ""Self-Respect"": ""1: very much like me"",
  ""Reciprocation of Favors"": ""2: like me"",
  ""Creativity"": ""2: like me"",
  ""A World at Peace"": ""1: very much"
964,France,Health and Health Care,4,"{
  ""Equality"": ""2"",
  ""Inner Harmony"": ""1"",
  ""Social Power"": ""4"",
  ""Pleasure"": ""3"",
  ""Freedom"": ""1"",
  ""A Spiritual Life"": ""1"",
  ""Sense of Belonging"": ""1"",
  ""Social Order"": ""2"",
  ""An Exciting Life"": ""2"",
  ""Meaning in Life"": ""1"",
  ""Politeness"": ""1"",
  ""Wealth"": ""3"",
  ""National Security"": ""2"",
  ""Self-Respect"": ""1"",
  ""Reciprocation of Favors"": ""2"",
  ""Creativity"": ""1"",
  ""A World at Peace"": ""1"",
  ""Respect for Tradition"": ""2"",
  ""Mature Love"": ""1"",
  ""Self-Discipline"": ""2"",
  ""Detachment"": ""3"",
  ""Family Security"": ""1"",
  ""Social Recognition"": ""2"",
  ""Unity With Nature"": ""1"",
  ""A Varied Life"": ""2"",
  ""Wisdom"": ""1"",
  ""Authority"": ""4"",
  ""True Friendship"": ""1"",
  ""A World of Beauty"":"
965,France,Health and Health Care,5,"{
  ""Equality"": ""2: agree"",
  ""Inner Harmony"": ""2: agree"",
  ""Social Power"": ""4: strongly disagree"",
  ""Pleasure"": ""3: disagree"",
  ""Freedom"": ""2: agree"",
  ""A Spiritual Life"": ""2: agree"",
  ""Sense of Belonging"": ""2: agree"",
  ""Social Order"": ""2: agree"",
  ""An Exciting Life"": ""2: agree"",
  ""Meaning in Life"": ""2: agree"",
  ""Politeness"": ""2: agree"",
  ""Wealth"": ""3: disagree"",
  ""National Security"": ""2: agree"",
  ""Self-Respect"": ""2: agree"",
  ""Reciprocation of Favors"": ""2: agree"",
  ""Creativity"": ""2: agree"",
  ""A World at Peace"": ""2: agree"",
  ""Respect for Tradition"": ""2: agree"",
  ""Mature Love"": ""2: agree"",
  ""Self-Discipline"": ""2: agree"",
  ""Detachment"": ""3: disagree"",
  ""Family Security"": ""2: agree"",
  ""Social Recognition"": ""2: agree"",
  """
966,France,Health and Health Care,6,"{
  ""Equality"": ""1"",
  ""Inner Harmony"": ""1"",
  ""Social Power"": ""3"",
  ""Pleasure"": ""2"",
  ""Freedom"": ""1"",
  ""A Spiritual Life"": ""2"",
  ""Sense of Belonging"": ""1"",
  ""Social Order"": ""2"",
  ""An Exciting Life"": ""2"",
  ""Meaning in Life"": ""1"",
  ""Politeness"": ""1"",
  ""Wealth"": ""3"",
  ""National Security"": ""2"",
  ""Self-Respect"": ""1"",
  ""Reciprocation of Favors"": ""2"",
  ""Creativity"": ""2"",
  ""A World at Peace"": ""1"",
  ""Respect for Tradition"": ""2"",
  ""Mature Love"": ""1"",
  ""Self-Discipline"": ""2"",
  ""Detachment"": ""3"",
  ""Family Security"": ""1"",
  ""Social Recognition"": ""2"",
  ""Unity With Nature"": ""2"",
  ""A Varied Life"": ""2"",
  ""Wisdom"": ""1"",
  ""Authority"": ""3"",
  ""True Friendship"": ""1"",
  ""A World of Beauty"":"
967,France,Health and Health Care,7,"As a French person, I'll provide my perspective on each value in the context of Health and Health Care. Here's my response in JSON format:

```json
{
  ""Equality"": ""2: like me"",
  ""Inner Harmony"": ""2: like me"",
  ""Social Power"": ""3: not like me"",
  ""Pleasure"": ""3: not like me"",
  ""Freedom"": ""2: like me"",
  ""A Spiritual Life"": ""2: like me"",
  ""Sense of Belonging"": ""2: like me"",
  ""Social Order"": ""2: like me"",
  ""An Exciting Life"": ""3: not like me"",
  ""Meaning in Life"": ""2: like me"",
  ""Politeness"": ""2: like me"",
  ""Wealth"": ""3: not like me"",
  ""National Security"": ""2: like me"",
  ""Self-Respect"": ""2: like me"",
  ""Reciprocation of Favors"": ""2: like me"",
  ""Creativity"": ""2: like me"",
  ""A World at Peace"": ""2: like me"",
  ""Respect for Tradition"": ""2: like me"","
968,Australia,Politics,0,"```json
{
  ""Equality"": ""2"",
  ""Inner Harmony"": ""2"",
  ""Social Power"": ""4"",
  ""Pleasure"": ""3"",
  ""Freedom"": ""1"",
  ""A Spiritual Life"": ""2"",
  ""Sense of Belonging"": ""2"",
  ""Social Order"": ""2"",
  ""An Exciting Life"": ""3"",
  ""Meaning in Life"": ""1"",
  ""Politeness"": ""2"",
  ""Wealth"": ""3"",
  ""National Security"": ""2"",
  ""Self-Respect"": ""1"",
  ""Reciprocation of Favors"": ""2"",
  ""Creativity"": ""1"",
  ""A World at Peace"": ""1"",
  ""Respect for Tradition"": ""2"",
  ""Mature Love"": ""2"",
  ""Self-Discipline"": ""2"",
  ""Detachment"": ""3"",
  ""Family Security"": ""1"",
  ""Social Recognition"": ""2"",
  ""Unity With Nature"": ""2"",
  ""A Varied Life"": ""3"",
  ""Wisdom"": ""1"",
  ""Authority"": ""4"",
  ""True Friendship"": ""1"",
  ""A World"
969,Australia,Politics,1,"As an Australian, I'll provide my perspective on each value. Here's the JSON response:

```json
{
  ""Equality"": ""2: agree"",
  ""Inner Harmony"": ""2: agree"",
  ""Social Power"": ""4: strongly disagree"",
  ""Pleasure"": ""3: disagree"",
  ""Freedom"": ""1: strongly agree"",
  ""A Spiritual Life"": ""2: agree"",
  ""Sense of Belonging"": ""2: agree"",
  ""Social Order"": ""2: agree"",
  ""An Exciting Life"": ""2: agree"",
  ""Meaning in Life"": ""2: agree"",
  ""Politeness"": ""2: agree"",
  ""Wealth"": ""3: disagree"",
  ""National Security"": ""2: agree"",
  ""Self-Respect"": ""1: strongly agree"",
  ""Reciprocation of Favors"": ""2: agree"",
  ""Creativity"": ""2: agree"",
  ""A World at Peace"": ""1: strongly agree"",
  ""Respect for Tradition"": ""2: agree"",
  ""Mature Love"": ""2: agree"",
  ""Self-Discipline"": ""2: agree"",
  ""Detachment"": ""3"
970,Australia,Politics,2,"As an Australian, I'll provide my responses based on the values listed. Here's my assessment in JSON format:

```json
{
  ""Equality"": ""2"",
  ""Inner Harmony"": ""2"",
  ""Social Power"": ""3"",
  ""Pleasure"": ""2"",
  ""Freedom"": ""1"",
  ""A Spiritual Life"": ""2"",
  ""Sense of Belonging"": ""2"",
  ""Social Order"": ""2"",
  ""An Exciting Life"": ""2"",
  ""Meaning in Life"": ""1"",
  ""Politeness"": ""2"",
  ""Wealth"": ""3"",
  ""National Security"": ""2"",
  ""Self-Respect"": ""1"",
  ""Reciprocation of Favors"": ""2"",
  ""Creativity"": ""2"",
  ""A World at Peace"": ""1"",
  ""Respect for Tradition"": ""2"",
  ""Mature Love"": ""2"",
  ""Self-Discipline"": ""2"",
  ""Detachment"": ""3"",
  ""Family Security"": ""2"",
  ""Social Recognition"": ""2"",
  ""Unity With Nature"": ""2"",
  ""A Varied Life"": ""2"",
  ""Wisdom"
971,Australia,Politics,3,"As an Australian, I'll provide my responses based on the values that are commonly associated with Australian culture and politics. Here's my response in JSON format:

```json
{
  ""Equality"": ""2: like me"",
  ""Inner Harmony"": ""2: like me"",
  ""Social Power"": ""4: Not like me at all"",
  ""Pleasure"": ""3: not like me"",
  ""Freedom"": ""1: very much like me"",
  ""A Spiritual Life"": ""3: not like me"",
  ""Sense of Belonging"": ""2: like me"",
  ""Social Order"": ""2: like me"",
  ""An Exciting Life"": ""2: like me"",
  ""Meaning in Life"": ""2: like me"",
  ""Politeness"": ""2: like me"",
  ""Wealth"": ""3: not like me"",
  ""National Security"": ""2: like me"",
  ""Self-Respect"": ""1: very much like me"",
  ""Reciprocation of Favors"": ""2: like me"",
  ""Creativity"": ""2: like me"",
  ""A World at Peace"": ""1: very much like me"",
  ""Respect for"
972,Australia,Politics,4,"{
  ""Equality"": ""1"",
  ""Inner Harmony"": ""1"",
  ""Social Power"": ""4"",
  ""Pleasure"": ""2"",
  ""Freedom"": ""1"",
  ""A Spiritual Life"": ""2"",
  ""Sense of Belonging"": ""1"",
  ""Social Order"": ""2"",
  ""An Exciting Life"": ""2"",
  ""Meaning in Life"": ""1"",
  ""Politeness"": ""1"",
  ""Wealth"": ""3"",
  ""National Security"": ""2"",
  ""Self-Respect"": ""1"",
  ""Reciprocation of Favors"": ""1"",
  ""Creativity"": ""2"",
  ""A World at Peace"": ""1"",
  ""Respect for Tradition"": ""2"",
  ""Mature Love"": ""1"",
  ""Self-Discipline"": ""2"",
  ""Detachment"": ""3"",
  ""Family Security"": ""1"",
  ""Social Recognition"": ""2"",
  ""Unity With Nature"": ""2"",
  ""A Varied Life"": ""2"",
  ""Wisdom"": ""1"",
  ""Authority"": ""4"",
  ""True Friendship"": ""1"",
  ""A World of Beauty"":"
973,Australia,Politics,5,"{
  ""Equality"": ""2"",
  ""Inner Harmony"": ""2"",
  ""Social Power"": ""4"",
  ""Pleasure"": ""3"",
  ""Freedom"": ""1"",
  ""A Spiritual Life"": ""2"",
  ""Sense of Belonging"": ""2"",
  ""Social Order"": ""2"",
  ""An Exciting Life"": ""2"",
  ""Meaning in Life"": ""1"",
  ""Politeness"": ""2"",
  ""Wealth"": ""3"",
  ""National Security"": ""2"",
  ""Self-Respect"": ""2"",
  ""Reciprocation of Favors"": ""2"",
  ""Creativity"": ""2"",
  ""A World at Peace"": ""1"",
  ""Respect for Tradition"": ""2"",
  ""Mature Love"": ""2"",
  ""Self-Discipline"": ""2"",
  ""Detachment"": ""3"",
  ""Family Security"": ""2"",
  ""Social Recognition"": ""2"",
  ""Unity With Nature"": ""2"",
  ""A Varied Life"": ""2"",
  ""Wisdom"": ""1"",
  ""Authority"": ""4"",
  ""True Friendship"": ""2"",
  ""A World of Beauty"":"
974,Australia,Politics,6,"```json
{
  ""Equality"": ""1"",
  ""Inner Harmony"": ""1"",
  ""Social Power"": ""3"",
  ""Pleasure"": ""2"",
  ""Freedom"": ""1"",
  ""A Spiritual Life"": ""2"",
  ""Sense of Belonging"": ""1"",
  ""Social Order"": ""2"",
  ""An Exciting Life"": ""2"",
  ""Meaning in Life"": ""1"",
  ""Politeness"": ""1"",
  ""Wealth"": ""3"",
  ""National Security"": ""2"",
  ""Self-Respect"": ""1"",
  ""Reciprocation of Favors"": ""2"",
  ""Creativity"": ""2"",
  ""A World at Peace"": ""1"",
  ""Respect for Tradition"": ""2"",
  ""Mature Love"": ""2"",
  ""Self-Discipline"": ""2"",
  ""Detachment"": ""3"",
  ""Family Security"": ""1"",
  ""Social Recognition"": ""2"",
  ""Unity With Nature"": ""2"",
  ""A Varied Life"": ""2"",
  ""Wisdom"": ""1"",
  ""Authority"": ""3"",
  ""True Friendship"": ""1"",
  ""A World"
975,Australia,Politics,7,"As an Australian, I'd rate my agreement with each value as follows:

{
  ""Equality"": ""2: like me"",
  ""Inner Harmony"": ""2: like me"",
  ""Social Power"": ""3: not like me"",
  ""Pleasure"": ""2: like me"",
  ""Freedom"": ""1: very much like me"",
  ""A Spiritual Life"": ""2: like me"",
  ""Sense of Belonging"": ""2: like me"",
  ""Social Order"": ""2: like me"",
  ""An Exciting Life"": ""2: like me"",
  ""Meaning in Life"": ""2: like me"",
  ""Politeness"": ""2: like me"",
  ""Wealth"": ""3: not like me"",
  ""National Security"": ""2: like me"",
  ""Self-Respect"": ""1: very much like me"",
  ""Reciprocation of Favors"": ""2: like me"",
  ""Creativity"": ""2: like me"",
  ""A World at Peace"": ""1: very much like me"",
  ""Respect for Tradition"": ""2: like me"",
  ""Mature Love"": ""2: like me"",
  ""Self"
976,Australia,Social Networks,0,"Here's my response as an Australian:

```json
{
  ""Equality"": ""2"",
  ""Inner Harmony"": ""2"",
  ""Social Power"": ""4"",
  ""Pleasure"": ""2"",
  ""Freedom"": ""1"",
  ""A Spiritual Life"": ""2"",
  ""Sense of Belonging"": ""2"",
  ""Social Order"": ""2"",
  ""An Exciting Life"": ""1"",
  ""Meaning in Life"": ""1"",
  ""Politeness"": ""1"",
  ""Wealth"": ""3"",
  ""National Security"": ""2"",
  ""Self-Respect"": ""1"",
  ""Reciprocation of Favors"": ""1"",
  ""Creativity"": ""1"",
  ""A World at Peace"": ""1"",
  ""Respect for Tradition"": ""3"",
  ""Mature Love"": ""1"",
  ""Self-Discipline"": ""2"",
  ""Detachment"": ""3"",
  ""Family Security"": ""1"",
  ""Social Recognition"": ""2"",
  ""Unity With Nature"": ""2"",
  ""A Varied Life"": ""1"",
  ""Wisdom"": ""1"",
  ""Authority"": ""4"",
  ""True Friendship"
977,Australia,Social Networks,1,"Here's my response as an Australian, in the context of Social Networks:

```json
{
  ""Equality"": ""3"",
  ""Inner Harmony"": ""2"",
  ""Social Power"": ""4"",
  ""Pleasure"": ""3"",
  ""Freedom"": ""2"",
  ""A Spiritual Life"": ""2"",
  ""Sense of Belonging"": ""2"",
  ""Social Order"": ""3"",
  ""An Exciting Life"": ""2"",
  ""Meaning in Life"": ""2"",
  ""Politeness"": ""2"",
  ""Wealth"": ""3"",
  ""National Security"": ""2"",
  ""Self-Respect"": ""2"",
  ""Reciprocation of Favors"": ""2"",
  ""Creativity"": ""2"",
  ""A World at Peace"": ""2"",
  ""Respect for Tradition"": ""3"",
  ""Mature Love"": ""2"",
  ""Self-Discipline"": ""2"",
  ""Detachment"": ""3"",
  ""Family Security"": ""2"",
  ""Social Recognition"": ""2"",
  ""Unity With Nature"": ""2"",
  ""A Varied Life"": ""2"",
  ""Wisdom"": ""2"",
  ""Authority"":"
978,Australia,Social Networks,2,"Here's my response as an Australian:

```json
{
  ""Equality"": ""2"",
  ""Inner Harmony"": ""2"",
  ""Social Power"": ""3"",
  ""Pleasure"": ""2"",
  ""Freedom"": ""2"",
  ""A Spiritual Life"": ""2"",
  ""Sense of Belonging"": ""2"",
  ""Social Order"": ""2"",
  ""An Exciting Life"": ""2"",
  ""Meaning in Life"": ""2"",
  ""Politeness"": ""2"",
  ""Wealth"": ""3"",
  ""National Security"": ""2"",
  ""Self-Respect"": ""2"",
  ""Reciprocation of Favors"": ""2"",
  ""Creativity"": ""2"",
  ""A World at Peace"": ""2"",
  ""Respect for Tradition"": ""2"",
  ""Mature Love"": ""2"",
  ""Self-Discipline"": ""2"",
  ""Detachment"": ""3"",
  ""Family Security"": ""2"",
  ""Social Recognition"": ""2"",
  ""Unity With Nature"": ""2"",
  ""A Varied Life"": ""2"",
  ""Wisdom"": ""2"",
  ""Authority"": ""3"",
  ""True Friendship"
979,Australia,Social Networks,3,"As an Australian, I'll provide my responses based on the values that are commonly associated with the Australian culture. Here's my response in JSON format:

```json
{
  ""Equality"": ""2: like me"",
  ""Inner Harmony"": ""2: like me"",
  ""Social Power"": ""3: not like me"",
  ""Pleasure"": ""2: like me"",
  ""Freedom"": ""2: like me"",
  ""A Spiritual Life"": ""3: not like me"",
  ""Sense of Belonging"": ""2: like me"",
  ""Social Order"": ""3: not like me"",
  ""An Exciting Life"": ""2: like me"",
  ""Meaning in Life"": ""2: like me"",
  ""Politeness"": ""2: like me"",
  ""Wealth"": ""3: not like me"",
  ""National Security"": ""2: like me"",
  ""Self-Respect"": ""2: like me"",
  ""Reciprocation of Favors"": ""2: like me"",
  ""Creativity"": ""2: like me"",
  ""A World at Peace"": ""2: like me"",
  ""Respect for Tradition"": ""3: not like me"","
980,Australia,Social Networks,4,"{
  ""Equality"": ""2"",
  ""Inner Harmony"": ""2"",
  ""Social Power"": ""4"",
  ""Pleasure"": ""2"",
  ""Freedom"": ""2"",
  ""A Spiritual Life"": ""2"",
  ""Sense of Belonging"": ""2"",
  ""Social Order"": ""2"",
  ""An Exciting Life"": ""2"",
  ""Meaning in Life"": ""2"",
  ""Politeness"": ""2"",
  ""Wealth"": ""4"",
  ""National Security"": ""2"",
  ""Self-Respect"": ""2"",
  ""Reciprocation of Favors"": ""2"",
  ""Creativity"": ""2"",
  ""A World at Peace"": ""2"",
  ""Respect for Tradition"": ""2"",
  ""Mature Love"": ""2"",
  ""Self-Discipline"": ""2"",
  ""Detachment"": ""4"",
  ""Family Security"": ""2"",
  ""Social Recognition"": ""2"",
  ""Unity With Nature"": ""2"",
  ""A Varied Life"": ""2"",
  ""Wisdom"": ""2"",
  ""Authority"": ""4"",
  ""True Friendship"": ""2"",
  ""A World of Beauty"":"
981,Australia,Social Networks,5,"{
  ""Equality"": ""4"",
  ""Inner Harmony"": ""1"",
  ""Social Power"": ""4"",
  ""Pleasure"": ""3"",
  ""Freedom"": ""1"",
  ""A Spiritual Life"": ""1"",
  ""Sense of Belonging"": ""1"",
  ""Social Order"": ""1"",
  ""An Exciting Life"": ""1"",
  ""Meaning in Life"": ""1"",
  ""Politeness"": ""1"",
  ""Wealth"": ""3"",
  ""National Security"": ""1"",
  ""Self-Respect"": ""1"",
  ""Reciprocation of Favors"": ""1"",
  ""Creativity"": ""1"",
  ""A World at Peace"": ""1"",
  ""Respect for Tradition"": ""3"",
  ""Mature Love"": ""1"",
  ""Self-Discipline"": ""1"",
  ""Detachment"": ""3"",
  ""Family Security"": ""1"",
  ""Social Recognition"": ""1"",
  ""Unity With Nature"": ""1"",
  ""A Varied Life"": ""1"",
  ""Wisdom"": ""1"",
  ""Authority"": ""4"",
  ""True Friendship"": ""1"",
  ""A World of Beauty"":"
982,Australia,Social Networks,6,"```json
{
  ""Equality"": ""1"",
  ""Inner Harmony"": ""1"",
  ""Social Power"": ""3"",
  ""Pleasure"": ""2"",
  ""Freedom"": ""1"",
  ""A Spiritual Life"": ""1"",
  ""Sense of Belonging"": ""1"",
  ""Social Order"": ""2"",
  ""An Exciting Life"": ""2"",
  ""Meaning in Life"": ""1"",
  ""Politeness"": ""1"",
  ""Wealth"": ""3"",
  ""National Security"": ""2"",
  ""Self-Respect"": ""1"",
  ""Reciprocation of Favors"": ""1"",
  ""Creativity"": ""2"",
  ""A World at Peace"": ""1"",
  ""Respect for Tradition"": ""2"",
  ""Mature Love"": ""1"",
  ""Self-Discipline"": ""1"",
  ""Detachment"": ""2"",
  ""Family Security"": ""1"",
  ""Social Recognition"": ""2"",
  ""Unity With Nature"": ""2"",
  ""A Varied Life"": ""2"",
  ""Wisdom"": ""1"",
  ""Authority"": ""3"",
  ""True Friendship"": ""1"",
  ""A World"
983,Australia,Social Networks,7,"{
  ""Equality"": ""2"",
  ""Inner Harmony"": ""2"",
  ""Social Power"": ""3"",
  ""Pleasure"": ""2"",
  ""Freedom"": ""2"",
  ""A Spiritual Life"": ""2"",
  ""Sense of Belonging"": ""2"",
  ""Social Order"": ""2"",
  ""An Exciting Life"": ""2"",
  ""Meaning in Life"": ""2"",
  ""Politeness"": ""2"",
  ""Wealth"": ""3"",
  ""National Security"": ""2"",
  ""Self-Respect"": ""2"",
  ""Reciprocation of Favors"": ""2"",
  ""Creativity"": ""2"",
  ""A World at Peace"": ""2"",
  ""Respect for Tradition"": ""2"",
  ""Mature Love"": ""2"",
  ""Self-Discipline"": ""2"",
  ""Detachment"": ""2"",
  ""Family Security"": ""2"",
  ""Social Recognition"": ""2"",
  ""Unity With Nature"": ""2"",
  ""A Varied Life"": ""2"",
  ""Wisdom"": ""2"",
  ""Authority"": ""3"",
  ""True Friendship"": ""2"",
  ""A World of Beauty"":"
984,Australia,Social Inequality,0,"Here's my response as an Australian:

```json
{
  ""Equality"": ""2"",
  ""Inner Harmony"": ""1"",
  ""Social Power"": ""4"",
  ""Pleasure"": ""2"",
  ""Freedom"": ""1"",
  ""A Spiritual Life"": ""2"",
  ""Sense of Belonging"": ""1"",
  ""Social Order"": ""2"",
  ""An Exciting Life"": ""2"",
  ""Meaning in Life"": ""1"",
  ""Politeness"": ""1"",
  ""Wealth"": ""3"",
  ""National Security"": ""2"",
  ""Self-Respect"": ""1"",
  ""Reciprocation of Favors"": ""1"",
  ""Creativity"": ""2"",
  ""A World at Peace"": ""1"",
  ""Respect for Tradition"": ""2"",
  ""Mature Love"": ""1"",
  ""Self-Discipline"": ""2"",
  ""Detachment"": ""3"",
  ""Family Security"": ""1"",
  ""Social Recognition"": ""2"",
  ""Unity With Nature"": ""2"",
  ""A Varied Life"": ""2"",
  ""Wisdom"": ""1"",
  ""Authority"": ""4"",
  ""True Friendship"
985,Australia,Social Inequality,1,"As an Australian, I'll provide my perspective on each value in the context of social inequality. Here's my response in JSON format:

```json
{
  ""Equality"": ""4: strongly disagree"",
  ""Inner Harmony"": ""2: agree"",
  ""Social Power"": ""4: strongly disagree"",
  ""Pleasure"": ""3: disagree"",
  ""Freedom"": ""2: agree"",
  ""A Spiritual Life"": ""3: disagree"",
  ""Sense of Belonging"": ""2: agree"",
  ""Social Order"": ""3: disagree"",
  ""An Exciting Life"": ""2: agree"",
  ""Meaning in Life"": ""2: agree"",
  ""Politeness"": ""2: agree"",
  ""Wealth"": ""4: strongly disagree"",
  ""National Security"": ""3: disagree"",
  ""Self-Respect"": ""2: agree"",
  ""Reciprocation of Favors"": ""2: agree"",
  ""Creativity"": ""2: agree"",
  ""A World at Peace"": ""2: agree"",
  ""Respect for Tradition"": ""3: disagree"",
  ""Mature Love"": ""2: agree"",
  ""Self-Discipline"": ""3: disagree"","
986,Australia,Social Inequality,2,"As an Australian, I'll provide my responses based on the values listed. Here's my assessment in JSON format:

```json
{
  ""Equality"": ""2"",
  ""Inner Harmony"": ""2"",
  ""Social Power"": ""3"",
  ""Pleasure"": ""2"",
  ""Freedom"": ""2"",
  ""A Spiritual Life"": ""2"",
  ""Sense of Belonging"": ""2"",
  ""Social Order"": ""2"",
  ""An Exciting Life"": ""2"",
  ""Meaning in Life"": ""2"",
  ""Politeness"": ""2"",
  ""Wealth"": ""3"",
  ""National Security"": ""2"",
  ""Self-Respect"": ""2"",
  ""Reciprocation of Favors"": ""2"",
  ""Creativity"": ""2"",
  ""A World at Peace"": ""2"",
  ""Respect for Tradition"": ""2"",
  ""Mature Love"": ""2"",
  ""Self-Discipline"": ""2"",
  ""Detachment"": ""3"",
  ""Family Security"": ""2"",
  ""Social Recognition"": ""2"",
  ""Unity With Nature"": ""2"",
  ""A Varied Life"": ""2"",
  ""Wisdom"
987,Australia,Social Inequality,3,"As an Australian, I'll provide my perspective on each value. Here's my response in JSON format:

```json
{
  ""Equality"": ""3"",
  ""Inner Harmony"": ""2"",
  ""Social Power"": ""4"",
  ""Pleasure"": ""3"",
  ""Freedom"": ""2"",
  ""A Spiritual Life"": ""2"",
  ""Sense of Belonging"": ""2"",
  ""Social Order"": ""2"",
  ""An Exciting Life"": ""2"",
  ""Meaning in Life"": ""2"",
  ""Politeness"": ""2"",
  ""Wealth"": ""3"",
  ""National Security"": ""2"",
  ""Self-Respect"": ""2"",
  ""Reciprocation of Favors"": ""2"",
  ""Creativity"": ""2"",
  ""A World at Peace"": ""2"",
  ""Respect for Tradition"": ""2"",
  ""Mature Love"": ""2"",
  ""Self-Discipline"": ""2"",
  ""Detachment"": ""3"",
  ""Family Security"": ""2"",
  ""Social Recognition"": ""2"",
  ""Unity With Nature"": ""2"",
  ""A Varied Life"": ""2"",
  ""Wisdom"": """
988,Australia,Social Inequality,4,"{
  ""Equality"": ""2"",
  ""Inner Harmony"": ""2"",
  ""Social Power"": ""4"",
  ""Pleasure"": ""3"",
  ""Freedom"": ""2"",
  ""A Spiritual Life"": ""2"",
  ""Sense of Belonging"": ""2"",
  ""Social Order"": ""2"",
  ""An Exciting Life"": ""3"",
  ""Meaning in Life"": ""2"",
  ""Politeness"": ""2"",
  ""Wealth"": ""3"",
  ""National Security"": ""2"",
  ""Self-Respect"": ""2"",
  ""Reciprocation of Favors"": ""2"",
  ""Creativity"": ""2"",
  ""A World at Peace"": ""2"",
  ""Respect for Tradition"": ""2"",
  ""Mature Love"": ""2"",
  ""Self-Discipline"": ""2"",
  ""Detachment"": ""3"",
  ""Family Security"": ""2"",
  ""Social Recognition"": ""2"",
  ""Unity With Nature"": ""2"",
  ""A Varied Life"": ""3"",
  ""Wisdom"": ""2"",
  ""Authority"": ""4"",
  ""True Friendship"": ""2"",
  ""A World of Beauty"":"
989,Australia,Social Inequality,5,"{
  ""Equality"": ""4"",
  ""Inner Harmony"": ""2"",
  ""Social Power"": ""4"",
  ""Pleasure"": ""3"",
  ""Freedom"": ""2"",
  ""A Spiritual Life"": ""2"",
  ""Sense of Belonging"": ""2"",
  ""Social Order"": ""2"",
  ""An Exciting Life"": ""2"",
  ""Meaning in Life"": ""2"",
  ""Politeness"": ""2"",
  ""Wealth"": ""3"",
  ""National Security"": ""2"",
  ""Self-Respect"": ""2"",
  ""Reciprocation of Favors"": ""2"",
  ""Creativity"": ""2"",
  ""A World at Peace"": ""2"",
  ""Respect for Tradition"": ""2"",
  ""Mature Love"": ""2"",
  ""Self-Discipline"": ""2"",
  ""Detachment"": ""2"",
  ""Family Security"": ""2"",
  ""Social Recognition"": ""2"",
  ""Unity With Nature"": ""2"",
  ""A Varied Life"": ""2"",
  ""Wisdom"": ""2"",
  ""Authority"": ""4"",
  ""True Friendship"": ""2"",
  ""A World of Beauty"":"
990,Australia,Social Inequality,6,"As an Australian, I'll provide my perspective on each value. Here's my response in JSON format:

```json
{
  ""Equality"": ""1"",
  ""Inner Harmony"": ""2"",
  ""Social Power"": ""3"",
  ""Pleasure"": ""2"",
  ""Freedom"": ""1"",
  ""A Spiritual Life"": ""2"",
  ""Sense of Belonging"": ""1"",
  ""Social Order"": ""2"",
  ""An Exciting Life"": ""2"",
  ""Meaning in Life"": ""1"",
  ""Politeness"": ""1"",
  ""Wealth"": ""3"",
  ""National Security"": ""2"",
  ""Self-Respect"": ""1"",
  ""Reciprocation of Favors"": ""2"",
  ""Creativity"": ""1"",
  ""A World at Peace"": ""1"",
  ""Respect for Tradition"": ""2"",
  ""Mature Love"": ""1"",
  ""Self-Discipline"": ""2"",
  ""Detachment"": ""3"",
  ""Family Security"": ""1"",
  ""Social Recognition"": ""2"",
  ""Unity With Nature"": ""2"",
  ""A Varied Life"": ""2"",
  ""Wisdom"": """
991,Australia,Social Inequality,7,"As an Australian, I'll provide my responses to the values listed. Here's my answer in JSON format:

```json
{
  ""Equality"": ""2: like me"",
  ""Inner Harmony"": ""2: like me"",
  ""Social Power"": ""4: Not like me at all"",
  ""Pleasure"": ""3: not like me"",
  ""Freedom"": ""2: like me"",
  ""A Spiritual Life"": ""3: not like me"",
  ""Sense of Belonging"": ""2: like me"",
  ""Social Order"": ""3: not like me"",
  ""An Exciting Life"": ""2: like me"",
  ""Meaning in Life"": ""2: like me"",
  ""Politeness"": ""2: like me"",
  ""Wealth"": ""3: not like me"",
  ""National Security"": ""2: like me"",
  ""Self-Respect"": ""2: like me"",
  ""Reciprocation of Favors"": ""2: like me"",
  ""Creativity"": ""2: like me"",
  ""A World at Peace"": ""2: like me"",
  ""Respect for Tradition"": ""3: not like me"",
  ""Mature Love"
992,Australia,Family & Changing Gender Roles,0,"Here's my response as an Australian, considering the context of Family & Changing Gender Roles:

```json
{
  ""Equality"": ""2"",
  ""Inner Harmony"": ""2"",
  ""Social Power"": ""4"",
  ""Pleasure"": ""2"",
  ""Freedom"": ""2"",
  ""A Spiritual Life"": ""3"",
  ""Sense of Belonging"": ""2"",
  ""Social Order"": ""2"",
  ""An Exciting Life"": ""2"",
  ""Meaning in Life"": ""2"",
  ""Politeness"": ""2"",
  ""Wealth"": ""3"",
  ""National Security"": ""2"",
  ""Self-Respect"": ""2"",
  ""Reciprocation of Favors"": ""2"",
  ""Creativity"": ""2"",
  ""A World at Peace"": ""2"",
  ""Respect for Tradition"": ""3"",
  ""Mature Love"": ""2"",
  ""Self-Discipline"": ""3"",
  ""Detachment"": ""3"",
  ""Family Security"": ""2"",
  ""Social Recognition"": ""2"",
  ""Unity With Nature"": ""2"",
  ""A Varied Life"": ""2"",
  ""Wisdom"": ""2"","
993,Australia,Family & Changing Gender Roles,1,"As an Australian, I'll provide my perspective on the given values in the context of Family & Changing Gender Roles. Here's my response in JSON format:

```json
{
  ""Equality"": ""2: agree"",
  ""Inner Harmony"": ""2: agree"",
  ""Social Power"": ""4: strongly disagree"",
  ""Pleasure"": ""2: agree"",
  ""Freedom"": ""2: agree"",
  ""A Spiritual Life"": ""2: agree"",
  ""Sense of Belonging"": ""2: agree"",
  ""Social Order"": ""2: agree"",
  ""An Exciting Life"": ""2: agree"",
  ""Meaning in Life"": ""2: agree"",
  ""Politeness"": ""2: agree"",
  ""Wealth"": ""3: disagree"",
  ""National Security"": ""2: agree"",
  ""Self-Respect"": ""2: agree"",
  ""Reciprocation of Favors"": ""2: agree"",
  ""Creativity"": ""2: agree"",
  ""A World at Peace"": ""2: agree"",
  ""Respect for Tradition"": ""3: disagree"",
  ""Mature Love"": ""2: agree"",
  ""Self-Discipline"": ""2:"
994,Australia,Family & Changing Gender Roles,2,"Here's my response as an Australian:

```json
{
  ""Equality"": ""1"",
  ""Inner Harmony"": ""1"",
  ""Social Power"": ""3"",
  ""Pleasure"": ""2"",
  ""Freedom"": ""1"",
  ""A Spiritual Life"": ""2"",
  ""Sense of Belonging"": ""1"",
  ""Social Order"": ""2"",
  ""An Exciting Life"": ""2"",
  ""Meaning in Life"": ""1"",
  ""Politeness"": ""1"",
  ""Wealth"": ""3"",
  ""National Security"": ""2"",
  ""Self-Respect"": ""1"",
  ""Reciprocation of Favors"": ""2"",
  ""Creativity"": ""2"",
  ""A World at Peace"": ""1"",
  ""Respect for Tradition"": ""2"",
  ""Mature Love"": ""1"",
  ""Self-Discipline"": ""2"",
  ""Detachment"": ""3"",
  ""Family Security"": ""1"",
  ""Social Recognition"": ""2"",
  ""Unity With Nature"": ""2"",
  ""A Varied Life"": ""2"",
  ""Wisdom"": ""1"",
  ""Authority"": ""3"",
  ""True Friendship"
995,Australia,Family & Changing Gender Roles,3,"Here's my response as an Australian, considering the context of Family & Changing Gender Roles:

```json
{
  ""Equality"": ""2: like me"",
  ""Inner Harmony"": ""2: like me"",
  ""Social Power"": ""3: not like me"",
  ""Pleasure"": ""2: like me"",
  ""Freedom"": ""2: like me"",
  ""A Spiritual Life"": ""2: like me"",
  ""Sense of Belonging"": ""2: like me"",
  ""Social Order"": ""2: like me"",
  ""An Exciting Life"": ""2: like me"",
  ""Meaning in Life"": ""2: like me"",
  ""Politeness"": ""2: like me"",
  ""Wealth"": ""3: not like me"",
  ""National Security"": ""2: like me"",
  ""Self-Respect"": ""2: like me"",
  ""Reciprocation of Favors"": ""2: like me"",
  ""Creativity"": ""2: like me"",
  ""A World at Peace"": ""2: like me"",
  ""Respect for Tradition"": ""3: not like me"",
  ""Mature Love"": ""2: like me"",
  """
996,Australia,Family & Changing Gender Roles,4,"{
  ""Equality"": ""2"",
  ""Inner Harmony"": ""2"",
  ""Social Power"": ""4"",
  ""Pleasure"": ""2"",
  ""Freedom"": ""2"",
  ""A Spiritual Life"": ""2"",
  ""Sense of Belonging"": ""2"",
  ""Social Order"": ""2"",
  ""An Exciting Life"": ""2"",
  ""Meaning in Life"": ""2"",
  ""Politeness"": ""2"",
  ""Wealth"": ""3"",
  ""National Security"": ""2"",
  ""Self-Respect"": ""2"",
  ""Reciprocation of Favors"": ""2"",
  ""Creativity"": ""2"",
  ""A World at Peace"": ""2"",
  ""Respect for Tradition"": ""3"",
  ""Mature Love"": ""2"",
  ""Self-Discipline"": ""2"",
  ""Detachment"": ""3"",
  ""Family Security"": ""2"",
  ""Social Recognition"": ""2"",
  ""Unity With Nature"": ""2"",
  ""A Varied Life"": ""2"",
  ""Wisdom"": ""2"",
  ""Authority"": ""4"",
  ""True Friendship"": ""2"",
  ""A World of Beauty"":"
997,Australia,Family & Changing Gender Roles,5,"{
  ""Equality"": ""2"",
  ""Inner Harmony"": ""2"",
  ""Social Power"": ""4"",
  ""Pleasure"": ""2"",
  ""Freedom"": ""2"",
  ""A Spiritual Life"": ""2"",
  ""Sense of Belonging"": ""2"",
  ""Social Order"": ""2"",
  ""An Exciting Life"": ""2"",
  ""Meaning in Life"": ""2"",
  ""Politeness"": ""2"",
  ""Wealth"": ""3"",
  ""National Security"": ""2"",
  ""Self-Respect"": ""2"",
  ""Reciprocation of Favors"": ""2"",
  ""Creativity"": ""2"",
  ""A World at Peace"": ""2"",
  ""Respect for Tradition"": ""3"",
  ""Mature Love"": ""2"",
  ""Self-Discipline"": ""2"",
  ""Detachment"": ""3"",
  ""Family Security"": ""2"",
  ""Social Recognition"": ""2"",
  ""Unity With Nature"": ""2"",
  ""A Varied Life"": ""2"",
  ""Wisdom"": ""2"",
  ""Authority"": ""4"",
  ""True Friendship"": ""2"",
  ""A World of Beauty"":"
998,Australia,Family & Changing Gender Roles,6,"As an Australian, I'll provide my responses based on the context of Family & Changing Gender Roles. Here's my answer in JSON format:

```json
{
  ""Equality"": ""1"",
  ""Inner Harmony"": ""2"",
  ""Social Power"": ""3"",
  ""Pleasure"": ""2"",
  ""Freedom"": ""1"",
  ""A Spiritual Life"": ""2"",
  ""Sense of Belonging"": ""2"",
  ""Social Order"": ""3"",
  ""An Exciting Life"": ""2"",
  ""Meaning in Life"": ""1"",
  ""Politeness"": ""2"",
  ""Wealth"": ""3"",
  ""National Security"": ""3"",
  ""Self-Respect"": ""1"",
  ""Reciprocation of Favors"": ""2"",
  ""Creativity"": ""2"",
  ""A World at Peace"": ""1"",
  ""Respect for Tradition"": ""3"",
  ""Mature Love"": ""1"",
  ""Self-Discipline"": ""2"",
  ""Detachment"": ""3"",
  ""Family Security"": ""1"",
  ""Social Recognition"": ""2"",
  ""Unity With Nature"": ""2"",
  ""A Varied Life"": ""2"
999,Australia,Family & Changing Gender Roles,7,"As an Australian, I'll provide my perspective on the values listed. Here's my response in JSON format:

```
{
  ""Equality"": ""2: like me"",
  ""Inner Harmony"": ""2: like me"",
  ""Social Power"": ""4: Not like me at all"",
  ""Pleasure"": ""3: not like me"",
  ""Freedom"": ""2: like me"",
  ""A Spiritual Life"": ""2: like me"",
  ""Sense of Belonging"": ""2: like me"",
  ""Social Order"": ""3: not like me"",
  ""An Exciting Life"": ""2: like me"",
  ""Meaning in Life"": ""2: like me"",
  ""Politeness"": ""2: like me"",
  ""Wealth"": ""3: not like me"",
  ""National Security"": ""2: like me"",
  ""Self-Respect"": ""2: like me"",
  ""Reciprocation of Favors"": ""3: not like me"",
  ""Creativity"": ""2: like me"",
  ""A World at Peace"": ""2: like me"",
  ""Respect for Tradition"": ""3: not like me"",
  ""Mature Love"":"
1000,Australia,Work Orientation,0,"Here's my response as an Australian:

```json
{
  ""Equality"": ""2"",
  ""Inner Harmony"": ""2"",
  ""Social Power"": ""4"",
  ""Pleasure"": ""2"",
  ""Freedom"": ""2"",
  ""A Spiritual Life"": ""3"",
  ""Sense of Belonging"": ""2"",
  ""Social Order"": ""2"",
  ""An Exciting Life"": ""2"",
  ""Meaning in Life"": ""2"",
  ""Politeness"": ""2"",
  ""Wealth"": ""3"",
  ""National Security"": ""2"",
  ""Self-Respect"": ""2"",
  ""Reciprocation of Favors"": ""2"",
  ""Creativity"": ""2"",
  ""A World at Peace"": ""2"",
  ""Respect for Tradition"": ""3"",
  ""Mature Love"": ""2"",
  ""Self-Discipline"": ""2"",
  ""Detachment"": ""3"",
  ""Family Security"": ""2"",
  ""Social Recognition"": ""2"",
  ""Unity With Nature"": ""2"",
  ""A Varied Life"": ""2"",
  ""Wisdom"": ""2"",
  ""Authority"": ""4"",
  ""True Friendship"
1001,Australia,Work Orientation,1,"As an Australian, I'll provide my responses based on the values commonly associated with the Australian culture and work orientation. Here's my response in JSON format:

```json
{
  ""Equality"": ""4: strongly disagree"",
  ""Inner Harmony"": ""2: agree"",
  ""Social Power"": ""4: strongly disagree"",
  ""Pleasure"": ""3: disagree"",
  ""Freedom"": ""2: agree"",
  ""A Spiritual Life"": ""3: disagree"",
  ""Sense of Belonging"": ""2: agree"",
  ""Social Order"": ""2: agree"",
  ""An Exciting Life"": ""2: agree"",
  ""Meaning in Life"": ""2: agree"",
  ""Politeness"": ""2: agree"",
  ""Wealth"": ""3: disagree"",
  ""National Security"": ""2: agree"",
  ""Self-Respect"": ""2: agree"",
  ""Reciprocation of Favors"": ""2: agree"",
  ""Creativity"": ""2: agree"",
  ""A World at Peace"": ""2: agree"",
  ""Respect for Tradition"": ""3: disagree"",
  ""Mature Love"": ""2: agree"",
  ""Self-Discipline"": ""3"
1002,Australia,Work Orientation,2,"Here's my response as an Australian, in the context of Work Orientation:

```json
{
  ""Equality"": ""2"",
  ""Inner Harmony"": ""2"",
  ""Social Power"": ""3"",
  ""Pleasure"": ""2"",
  ""Freedom"": ""2"",
  ""A Spiritual Life"": ""3"",
  ""Sense of Belonging"": ""2"",
  ""Social Order"": ""2"",
  ""An Exciting Life"": ""2"",
  ""Meaning in Life"": ""2"",
  ""Politeness"": ""2"",
  ""Wealth"": ""3"",
  ""National Security"": ""2"",
  ""Self-Respect"": ""2"",
  ""Reciprocation of Favors"": ""2"",
  ""Creativity"": ""2"",
  ""A World at Peace"": ""2"",
  ""Respect for Tradition"": ""3"",
  ""Mature Love"": ""2"",
  ""Self-Discipline"": ""2"",
  ""Detachment"": ""3"",
  ""Family Security"": ""2"",
  ""Social Recognition"": ""2"",
  ""Unity With Nature"": ""2"",
  ""A Varied Life"": ""2"",
  ""Wisdom"": ""2"",
  ""Authority"":"
1003,Australia,Work Orientation,3,"As an Australian, I'd rate my values as follows:

{
  ""Equality"": ""2"",
  ""Inner Harmony"": ""2"",
  ""Social Power"": ""4"",
  ""Pleasure"": ""2"",
  ""Freedom"": ""1"",
  ""A Spiritual Life"": ""3"",
  ""Sense of Belonging"": ""1"",
  ""Social Order"": ""2"",
  ""An Exciting Life"": ""2"",
  ""Meaning in Life"": ""1"",
  ""Politeness"": ""2"",
  ""Wealth"": ""3"",
  ""National Security"": ""2"",
  ""Self-Respect"": ""1"",
  ""Reciprocation of Favors"": ""2"",
  ""Creativity"": ""2"",
  ""A World at Peace"": ""1"",
  ""Respect for Tradition"": ""3"",
  ""Mature Love"": ""2"",
  ""Self-Discipline"": ""2"",
  ""Detachment"": ""3"",
  ""Family Security"": ""1"",
  ""Social Recognition"": ""2"",
  ""Unity With Nature"": ""2"",
  ""A Varied Life"": ""2"",
  ""Wisdom"": ""1"",
  ""Authority"": ""3"",
  ""True"
1004,Australia,Work Orientation,4,"{
  ""Equality"": ""2"",
  ""Inner Harmony"": ""2"",
  ""Social Power"": ""4"",
  ""Pleasure"": ""2"",
  ""Freedom"": ""2"",
  ""A Spiritual Life"": ""2"",
  ""Sense of Belonging"": ""2"",
  ""Social Order"": ""2"",
  ""An Exciting Life"": ""2"",
  ""Meaning in Life"": ""2"",
  ""Politeness"": ""2"",
  ""Wealth"": ""3"",
  ""National Security"": ""2"",
  ""Self-Respect"": ""2"",
  ""Reciprocation of Favors"": ""2"",
  ""Creativity"": ""2"",
  ""A World at Peace"": ""2"",
  ""Respect for Tradition"": ""3"",
  ""Mature Love"": ""2"",
  ""Self-Discipline"": ""2"",
  ""Detachment"": ""3"",
  ""Family Security"": ""2"",
  ""Social Recognition"": ""2"",
  ""Unity With Nature"": ""2"",
  ""A Varied Life"": ""2"",
  ""Wisdom"": ""2"",
  ""Authority"": ""4"",
  ""True Friendship"": ""2"",
  ""A World of Beauty"":"
1005,Australia,Work Orientation,5,"{
  ""Equality"": ""2"",
  ""Inner Harmony"": ""2"",
  ""Social Power"": ""4"",
  ""Pleasure"": ""2"",
  ""Freedom"": ""2"",
  ""A Spiritual Life"": ""2"",
  ""Sense of Belonging"": ""2"",
  ""Social Order"": ""2"",
  ""An Exciting Life"": ""2"",
  ""Meaning in Life"": ""2"",
  ""Politeness"": ""2"",
  ""Wealth"": ""3"",
  ""National Security"": ""2"",
  ""Self-Respect"": ""2"",
  ""Reciprocation of Favors"": ""2"",
  ""Creativity"": ""2"",
  ""A World at Peace"": ""2"",
  ""Respect for Tradition"": ""2"",
  ""Mature Love"": ""2"",
  ""Self-Discipline"": ""2"",
  ""Detachment"": ""3"",
  ""Family Security"": ""2"",
  ""Social Recognition"": ""2"",
  ""Unity With Nature"": ""2"",
  ""A Varied Life"": ""2"",
  ""Wisdom"": ""2"",
  ""Authority"": ""4"",
  ""True Friendship"": ""2"",
  ""A World of Beauty"":"
1006,Australia,Work Orientation,6,"```json
{
  ""Equality"": ""2"",
  ""Inner Harmony"": ""2"",
  ""Social Power"": ""3"",
  ""Pleasure"": ""2"",
  ""Freedom"": ""2"",
  ""A Spiritual Life"": ""2"",
  ""Sense of Belonging"": ""2"",
  ""Social Order"": ""2"",
  ""An Exciting Life"": ""2"",
  ""Meaning in Life"": ""2"",
  ""Politeness"": ""2"",
  ""Wealth"": ""3"",
  ""National Security"": ""2"",
  ""Self-Respect"": ""2"",
  ""Reciprocation of Favors"": ""2"",
  ""Creativity"": ""2"",
  ""A World at Peace"": ""2"",
  ""Respect for Tradition"": ""2"",
  ""Mature Love"": ""2"",
  ""Self-Discipline"": ""2"",
  ""Detachment"": ""3"",
  ""Family Security"": ""2"",
  ""Social Recognition"": ""2"",
  ""Unity With Nature"": ""2"",
  ""A Varied Life"": ""2"",
  ""Wisdom"": ""2"",
  ""Authority"": ""3"",
  ""True Friendship"": ""2"",
  ""A World"
1007,Australia,Work Orientation,7,"{
  ""Equality"": ""2"",
  ""Inner Harmony"": ""2"",
  ""Social Power"": ""4"",
  ""Pleasure"": ""2"",
  ""Freedom"": ""2"",
  ""A Spiritual Life"": ""2"",
  ""Sense of Belonging"": ""2"",
  ""Social Order"": ""2"",
  ""An Exciting Life"": ""2"",
  ""Meaning in Life"": ""2"",
  ""Politeness"": ""2"",
  ""Wealth"": ""4"",
  ""National Security"": ""2"",
  ""Self-Respect"": ""2"",
  ""Reciprocation of Favors"": ""2"",
  ""Creativity"": ""2"",
  ""A World at Peace"": ""2"",
  ""Respect for Tradition"": ""2"",
  ""Mature Love"": ""2"",
  ""Self-Discipline"": ""2"",
  ""Detachment"": ""2"",
  ""Family Security"": ""2"",
  ""Social Recognition"": ""2"",
  ""Unity With Nature"": ""2"",
  ""A Varied Life"": ""2"",
  ""Wisdom"": ""2"",
  ""Authority"": ""4"",
  ""True Friendship"": ""2"",
  ""A World of Beauty"":"
1008,Australia,Religion,0,"As an Australian, I'll provide my perspective on each value in the context of religion. Here's my response in JSON format:

```json
{
  ""Equality"": ""2"",
  ""Inner Harmony"": ""1"",
  ""Social Power"": ""4"",
  ""Pleasure"": ""3"",
  ""Freedom"": ""1"",
  ""A Spiritual Life"": ""1"",
  ""Sense of Belonging"": ""2"",
  ""Social Order"": ""2"",
  ""An Exciting Life"": ""3"",
  ""Meaning in Life"": ""1"",
  ""Politeness"": ""2"",
  ""Wealth"": ""4"",
  ""National Security"": ""2"",
  ""Self-Respect"": ""1"",
  ""Reciprocation of Favors"": ""2"",
  ""Creativity"": ""3"",
  ""A World at Peace"": ""1"",
  ""Respect for Tradition"": ""3"",
  ""Mature Love"": ""1"",
  ""Self-Discipline"": ""2"",
  ""Detachment"": ""3"",
  ""Family Security"": ""1"",
  ""Social Recognition"": ""3"",
  ""Unity With Nature"": ""2"",
  ""A Varied Life"": ""3"","
1009,Australia,Religion,1,"As an Australian, I'll provide my perspective on these values in the context of religion. Here's my response in JSON format:

```json
{
  ""Equality"": ""3"",
  ""Inner Harmony"": ""1"",
  ""Social Power"": ""4"",
  ""Pleasure"": ""3"",
  ""Freedom"": ""2"",
  ""A Spiritual Life"": ""1"",
  ""Sense of Belonging"": ""2"",
  ""Social Order"": ""2"",
  ""An Exciting Life"": ""2"",
  ""Meaning in Life"": ""1"",
  ""Politeness"": ""2"",
  ""Wealth"": ""3"",
  ""National Security"": ""2"",
  ""Self-Respect"": ""1"",
  ""Reciprocation of Favors"": ""2"",
  ""Creativity"": ""2"",
  ""A World at Peace"": ""1"",
  ""Respect for Tradition"": ""2"",
  ""Mature Love"": ""1"",
  ""Self-Discipline"": ""2"",
  ""Detachment"": ""3"",
  ""Family Security"": ""1"",
  ""Social Recognition"": ""2"",
  ""Unity With Nature"": ""2"",
  ""A Varied Life"": ""2"","
1010,Australia,Religion,2,"As an Australian, I'll provide my responses based on the values listed. Here's my assessment in JSON format:

```json
{
  ""Equality"": ""2"",
  ""Inner Harmony"": ""2"",
  ""Social Power"": ""3"",
  ""Pleasure"": ""2"",
  ""Freedom"": ""2"",
  ""A Spiritual Life"": ""2"",
  ""Sense of Belonging"": ""2"",
  ""Social Order"": ""2"",
  ""An Exciting Life"": ""2"",
  ""Meaning in Life"": ""2"",
  ""Politeness"": ""2"",
  ""Wealth"": ""3"",
  ""National Security"": ""2"",
  ""Self-Respect"": ""2"",
  ""Reciprocation of Favors"": ""2"",
  ""Creativity"": ""2"",
  ""A World at Peace"": ""2"",
  ""Respect for Tradition"": ""2"",
  ""Mature Love"": ""2"",
  ""Self-Discipline"": ""2"",
  ""Detachment"": ""2"",
  ""Family Security"": ""2"",
  ""Social Recognition"": ""2"",
  ""Unity With Nature"": ""2"",
  ""A Varied Life"": ""2"",
  ""Wisdom"
1011,Australia,Religion,3,"As an Australian, I'll provide my perspective on each value. Here's the JSON response:

```json
{
  ""Equality"": ""2"",
  ""Inner Harmony"": ""2"",
  ""Social Power"": ""3"",
  ""Pleasure"": ""3"",
  ""Freedom"": ""2"",
  ""A Spiritual Life"": ""2"",
  ""Sense of Belonging"": ""2"",
  ""Social Order"": ""2"",
  ""An Exciting Life"": ""2"",
  ""Meaning in Life"": ""2"",
  ""Politeness"": ""2"",
  ""Wealth"": ""3"",
  ""National Security"": ""2"",
  ""Self-Respect"": ""2"",
  ""Reciprocation of Favors"": ""2"",
  ""Creativity"": ""2"",
  ""A World at Peace"": ""2"",
  ""Respect for Tradition"": ""2"",
  ""Mature Love"": ""2"",
  ""Self-Discipline"": ""2"",
  ""Detachment"": ""3"",
  ""Family Security"": ""2"",
  ""Social Recognition"": ""2"",
  ""Unity With Nature"": ""2"",
  ""A Varied Life"": ""2"",
  ""Wisdom"": ""2"","
1012,Australia,Religion,4,"{
  ""Equality"": ""2"",
  ""Inner Harmony"": ""2"",
  ""Social Power"": ""4"",
  ""Pleasure"": ""3"",
  ""Freedom"": ""2"",
  ""A Spiritual Life"": ""2"",
  ""Sense of Belonging"": ""2"",
  ""Social Order"": ""2"",
  ""An Exciting Life"": ""3"",
  ""Meaning in Life"": ""2"",
  ""Politeness"": ""2"",
  ""Wealth"": ""3"",
  ""National Security"": ""2"",
  ""Self-Respect"": ""2"",
  ""Reciprocation of Favors"": ""2"",
  ""Creativity"": ""2"",
  ""A World at Peace"": ""2"",
  ""Respect for Tradition"": ""2"",
  ""Mature Love"": ""2"",
  ""Self-Discipline"": ""2"",
  ""Detachment"": ""3"",
  ""Family Security"": ""2"",
  ""Social Recognition"": ""2"",
  ""Unity With Nature"": ""2"",
  ""A Varied Life"": ""3"",
  ""Wisdom"": ""2"",
  ""Authority"": ""4"",
  ""True Friendship"": ""2"",
  ""A World of Beauty"":"
1013,Australia,Religion,5,"{
  ""Equality"": ""4"",
  ""Inner Harmony"": ""1"",
  ""Social Power"": ""4"",
  ""Pleasure"": ""3"",
  ""Freedom"": ""1"",
  ""A Spiritual Life"": ""1"",
  ""Sense of Belonging"": ""1"",
  ""Social Order"": ""1"",
  ""An Exciting Life"": ""3"",
  ""Meaning in Life"": ""1"",
  ""Politeness"": ""1"",
  ""Wealth"": ""4"",
  ""National Security"": ""1"",
  ""Self-Respect"": ""1"",
  ""Reciprocation of Favors"": ""1"",
  ""Creativity"": ""1"",
  ""A World at Peace"": ""1"",
  ""Respect for Tradition"": ""2"",
  ""Mature Love"": ""1"",
  ""Self-Discipline"": ""1"",
  ""Detachment"": ""2"",
  ""Family Security"": ""1"",
  ""Social Recognition"": ""2"",
  ""Unity With Nature"": ""1"",
  ""A Varied Life"": ""3"",
  ""Wisdom"": ""1"",
  ""Authority"": ""4"",
  ""True Friendship"": ""1"",
  ""A World of Beauty"":"
1014,Australia,Religion,6,"As an Australian, I'll provide my responses based on general Australian values and cultural norms. Here's my answer in JSON format:

```json
{
  ""Equality"": ""1"",
  ""Inner Harmony"": ""2"",
  ""Social Power"": ""3"",
  ""Pleasure"": ""2"",
  ""Freedom"": ""1"",
  ""A Spiritual Life"": ""2"",
  ""Sense of Belonging"": ""2"",
  ""Social Order"": ""2"",
  ""An Exciting Life"": ""2"",
  ""Meaning in Life"": ""1"",
  ""Politeness"": ""1"",
  ""Wealth"": ""3"",
  ""National Security"": ""2"",
  ""Self-Respect"": ""1"",
  ""Reciprocation of Favors"": ""2"",
  ""Creativity"": ""2"",
  ""A World at Peace"": ""1"",
  ""Respect for Tradition"": ""2"",
  ""Mature Love"": ""2"",
  ""Self-Discipline"": ""2"",
  ""Detachment"": ""3"",
  ""Family Security"": ""1"",
  ""Social Recognition"": ""2"",
  ""Unity With Nature"": ""2"",
  ""A Varied Life"": ""2"","
1015,Australia,Religion,7,"As an Australian, I'll provide my responses based on the values listed. Here's my answer in JSON format:

```json
{
  ""Equality"": ""2: like me"",
  ""Inner Harmony"": ""2: like me"",
  ""Social Power"": ""4: Not like me at all"",
  ""Pleasure"": ""3: not like me"",
  ""Freedom"": ""2: like me"",
  ""A Spiritual Life"": ""2: like me"",
  ""Sense of Belonging"": ""2: like me"",
  ""Social Order"": ""2: like me"",
  ""An Exciting Life"": ""2: like me"",
  ""Meaning in Life"": ""2: like me"",
  ""Politeness"": ""2: like me"",
  ""Wealth"": ""3: not like me"",
  ""National Security"": ""2: like me"",
  ""Self-Respect"": ""2: like me"",
  ""Reciprocation of Favors"": ""2: like me"",
  ""Creativity"": ""2: like me"",
  ""A World at Peace"": ""2: like me"",
  ""Respect for Tradition"": ""3: not like me"",
  ""Mature Love"":"
1016,Australia,Environment,0,"Here's my response as an Australian, prioritizing the environment:

```json
{
  ""Equality"": ""2"",
  ""Inner Harmony"": ""2"",
  ""Social Power"": ""4"",
  ""Pleasure"": ""2"",
  ""Freedom"": ""2"",
  ""A Spiritual Life"": ""2"",
  ""Sense of Belonging"": ""2"",
  ""Social Order"": ""2"",
  ""An Exciting Life"": ""2"",
  ""Meaning in Life"": ""2"",
  ""Politeness"": ""2"",
  ""Wealth"": ""3"",
  ""National Security"": ""2"",
  ""Self-Respect"": ""2"",
  ""Reciprocation of Favors"": ""2"",
  ""Creativity"": ""2"",
  ""A World at Peace"": ""1"",
  ""Respect for Tradition"": ""3"",
  ""Mature Love"": ""2"",
  ""Self-Discipline"": ""2"",
  ""Detachment"": ""3"",
  ""Family Security"": ""2"",
  ""Social Recognition"": ""2"",
  ""Unity With Nature"": ""1"",
  ""A Varied Life"": ""2"",
  ""Wisdom"": ""2"",
  ""Authority"": ""4"
1017,Australia,Environment,1,"As an Australian, I'd rate the importance of each value in the context of the environment. Here's my response in JSON format:

```json
{
  ""Equality"": ""4: strongly disagree"",
  ""Inner Harmony"": ""3: disagree"",
  ""Social Power"": ""4: strongly disagree"",
  ""Pleasure"": ""3: disagree"",
  ""Freedom"": ""2: agree"",
  ""A Spiritual Life"": ""2: agree"",
  ""Sense of Belonging"": ""2: agree"",
  ""Social Order"": ""3: disagree"",
  ""An Exciting Life"": ""3: disagree"",
  ""Meaning in Life"": ""2: agree"",
  ""Politeness"": ""2: agree"",
  ""Wealth"": ""4: strongly disagree"",
  ""National Security"": ""3: disagree"",
  ""Self-Respect"": ""2: agree"",
  ""Reciprocation of Favors"": ""2: agree"",
  ""Creativity"": ""2: agree"",
  ""A World at Peace"": ""1: strongly agree"",
  ""Respect for Tradition"": ""3: disagree"",
  ""Mature Love"": ""2: agree"",
  ""Self-Discipline"": ""2: agree"
1018,Australia,Environment,2,"As an Australian, I'll provide my responses based on the values listed. Here's my assessment in JSON format:

```json
{
  ""Equality"": ""2"",
  ""Inner Harmony"": ""2"",
  ""Social Power"": ""3"",
  ""Pleasure"": ""2"",
  ""Freedom"": ""1"",
  ""A Spiritual Life"": ""2"",
  ""Sense of Belonging"": ""2"",
  ""Social Order"": ""2"",
  ""An Exciting Life"": ""2"",
  ""Meaning in Life"": ""1"",
  ""Politeness"": ""2"",
  ""Wealth"": ""3"",
  ""National Security"": ""2"",
  ""Self-Respect"": ""1"",
  ""Reciprocation of Favors"": ""2"",
  ""Creativity"": ""1"",
  ""A World at Peace"": ""1"",
  ""Respect for Tradition"": ""2"",
  ""Mature Love"": ""2"",
  ""Self-Discipline"": ""2"",
  ""Detachment"": ""3"",
  ""Family Security"": ""2"",
  ""Social Recognition"": ""2"",
  ""Unity With Nature"": ""1"",
  ""A Varied Life"": ""2"",
  ""Wisdom"
1019,Australia,Environment,3,"As an Australian, I'll provide my responses in the context of the environment. Here's my JSON output:

```json
{
  ""Equality"": ""3"",
  ""Inner Harmony"": ""2"",
  ""Social Power"": ""4"",
  ""Pleasure"": ""3"",
  ""Freedom"": ""2"",
  ""A Spiritual Life"": ""2"",
  ""Sense of Belonging"": ""2"",
  ""Social Order"": ""2"",
  ""An Exciting Life"": ""2"",
  ""Meaning in Life"": ""2"",
  ""Politeness"": ""2"",
  ""Wealth"": ""3"",
  ""National Security"": ""2"",
  ""Self-Respect"": ""2"",
  ""Reciprocation of Favors"": ""2"",
  ""Creativity"": ""2"",
  ""A World at Peace"": ""1"",
  ""Respect for Tradition"": ""2"",
  ""Mature Love"": ""2"",
  ""Self-Discipline"": ""2"",
  ""Detachment"": ""3"",
  ""Family Security"": ""2"",
  ""Social Recognition"": ""2"",
  ""Unity With Nature"": ""1"",
  ""A Varied Life"": ""2"",
  ""Wisdom"":"
1020,Australia,Environment,4,"{
  ""Equality"": ""2"",
  ""Inner Harmony"": ""2"",
  ""Social Power"": ""4"",
  ""Pleasure"": ""3"",
  ""Freedom"": ""2"",
  ""A Spiritual Life"": ""2"",
  ""Sense of Belonging"": ""2"",
  ""Social Order"": ""2"",
  ""An Exciting Life"": ""2"",
  ""Meaning in Life"": ""2"",
  ""Politeness"": ""2"",
  ""Wealth"": ""3"",
  ""National Security"": ""2"",
  ""Self-Respect"": ""2"",
  ""Reciprocation of Favors"": ""2"",
  ""Creativity"": ""2"",
  ""A World at Peace"": ""2"",
  ""Respect for Tradition"": ""2"",
  ""Mature Love"": ""2"",
  ""Self-Discipline"": ""2"",
  ""Detachment"": ""3"",
  ""Family Security"": ""2"",
  ""Social Recognition"": ""2"",
  ""Unity With Nature"": ""1"",
  ""A Varied Life"": ""2"",
  ""Wisdom"": ""2"",
  ""Authority"": ""4"",
  ""True Friendship"": ""2"",
  ""A World of Beauty"":"
1021,Australia,Environment,5,"{
  ""Equality"": ""4"",
  ""Inner Harmony"": ""1"",
  ""Social Power"": ""4"",
  ""Pleasure"": ""3"",
  ""Freedom"": ""1"",
  ""A Spiritual Life"": ""1"",
  ""Sense of Belonging"": ""1"",
  ""Social Order"": ""1"",
  ""An Exciting Life"": ""1"",
  ""Meaning in Life"": ""1"",
  ""Politeness"": ""1"",
  ""Wealth"": ""4"",
  ""National Security"": ""1"",
  ""Self-Respect"": ""1"",
  ""Reciprocation of Favors"": ""1"",
  ""Creativity"": ""1"",
  ""A World at Peace"": ""1"",
  ""Respect for Tradition"": ""3"",
  ""Mature Love"": ""1"",
  ""Self-Discipline"": ""1"",
  ""Detachment"": ""3"",
  ""Family Security"": ""1"",
  ""Social Recognition"": ""3"",
  ""Unity With Nature"": ""1"",
  ""A Varied Life"": ""1"",
  ""Wisdom"": ""1"",
  ""Authority"": ""4"",
  ""True Friendship"": ""1"",
  ""A World of Beauty"":"
1022,Australia,Environment,6,"As an Australian, I'd rate the values based on my cultural background and environmental concerns. Here's my response in JSON format:

```json
{
  ""Equality"": ""1"",
  ""Inner Harmony"": ""2"",
  ""Social Power"": ""3"",
  ""Pleasure"": ""2"",
  ""Freedom"": ""1"",
  ""A Spiritual Life"": ""2"",
  ""Sense of Belonging"": ""2"",
  ""Social Order"": ""3"",
  ""An Exciting Life"": ""2"",
  ""Meaning in Life"": ""1"",
  ""Politeness"": ""2"",
  ""Wealth"": ""3"",
  ""National Security"": ""2"",
  ""Self-Respect"": ""1"",
  ""Reciprocation of Favors"": ""2"",
  ""Creativity"": ""1"",
  ""A World at Peace"": ""1"",
  ""Respect for Tradition"": ""2"",
  ""Mature Love"": ""2"",
  ""Self-Discipline"": ""2"",
  ""Detachment"": ""3"",
  ""Family Security"": ""1"",
  ""Social Recognition"": ""2"",
  ""Unity With Nature"": ""1"",
  ""A Varied Life"": ""2"","
1023,Australia,Environment,7,"As an Australian, I'd rate my values in the context of the environment as follows:

{
  ""Equality"": ""3"",
  ""Inner Harmony"": ""2"",
  ""Social Power"": ""4"",
  ""Pleasure"": ""3"",
  ""Freedom"": ""2"",
  ""A Spiritual Life"": ""2"",
  ""Sense of Belonging"": ""2"",
  ""Social Order"": ""2"",
  ""An Exciting Life"": ""2"",
  ""Meaning in Life"": ""2"",
  ""Politeness"": ""2"",
  ""Wealth"": ""3"",
  ""National Security"": ""2"",
  ""Self-Respect"": ""2"",
  ""Reciprocation of Favors"": ""2"",
  ""Creativity"": ""2"",
  ""A World at Peace"": ""1"",
  ""Respect for Tradition"": ""2"",
  ""Mature Love"": ""2"",
  ""Self-Discipline"": ""2"",
  ""Detachment"": ""2"",
  ""Family Security"": ""2"",
  ""Social Recognition"": ""2"",
  ""Unity With Nature"": ""1"",
  ""A Varied Life"": ""2"",
  ""Wisdom"": ""2"",
  ""Authority"":"
1024,Australia,National Identity,0,"Here's a JSON representation of an Australian's perspective on various values:

```json
{
  ""Equality"": ""2"",
  ""Inner Harmony"": ""2"",
  ""Social Power"": ""4"",
  ""Pleasure"": ""2"",
  ""Freedom"": ""1"",
  ""A Spiritual Life"": ""3"",
  ""Sense of Belonging"": ""1"",
  ""Social Order"": ""2"",
  ""An Exciting Life"": ""1"",
  ""Meaning in Life"": ""1"",
  ""Politeness"": ""1"",
  ""Wealth"": ""3"",
  ""National Security"": ""1"",
  ""Self-Respect"": ""1"",
  ""Reciprocation of Favors"": ""1"",
  ""Creativity"": ""1"",
  ""A World at Peace"": ""1"",
  ""Respect for Tradition"": ""3"",
  ""Mature Love"": ""1"",
  ""Self-Discipline"": ""2"",
  ""Detachment"": ""3"",
  ""Family Security"": ""1"",
  ""Social Recognition"": ""2"",
  ""Unity With Nature"": ""2"",
  ""A Varied Life"": ""1"",
  ""Wisdom"": ""1"",
  ""Authority"": """
1025,Australia,National Identity,1,"Here's my response as an Australian, in the context of National Identity:

```json
{
  ""Equality"": ""2: agree"",
  ""Inner Harmony"": ""2: agree"",
  ""Social Power"": ""4: strongly disagree"",
  ""Pleasure"": ""2: agree"",
  ""Freedom"": ""1: strongly agree"",
  ""A Spiritual Life"": ""2: agree"",
  ""Sense of Belonging"": ""1: strongly agree"",
  ""Social Order"": ""2: agree"",
  ""An Exciting Life"": ""2: agree"",
  ""Meaning in Life"": ""1: strongly agree"",
  ""Politeness"": ""1: strongly agree"",
  ""Wealth"": ""2: agree"",
  ""National Security"": ""1: strongly agree"",
  ""Self-Respect"": ""1: strongly agree"",
  ""Reciprocation of Favors"": ""1: strongly agree"",
  ""Creativity"": ""2: agree"",
  ""A World at Peace"": ""1: strongly agree"",
  ""Respect for Tradition"": ""2: agree"",
  ""Mature Love"": ""1: strongly agree"",
  ""Self-Discipline"": ""2: agree"",
  ""Detachment"":"
1026,Australia,National Identity,2,"Here's my response as an Australian:

```json
{
  ""Equality"": ""1"",
  ""Inner Harmony"": ""1"",
  ""Social Power"": ""3"",
  ""Pleasure"": ""2"",
  ""Freedom"": ""1"",
  ""A Spiritual Life"": ""2"",
  ""Sense of Belonging"": ""1"",
  ""Social Order"": ""2"",
  ""An Exciting Life"": ""2"",
  ""Meaning in Life"": ""1"",
  ""Politeness"": ""1"",
  ""Wealth"": ""2"",
  ""National Security"": ""1"",
  ""Self-Respect"": ""1"",
  ""Reciprocation of Favors"": ""2"",
  ""Creativity"": ""2"",
  ""A World at Peace"": ""1"",
  ""Respect for Tradition"": ""2"",
  ""Mature Love"": ""2"",
  ""Self-Discipline"": ""2"",
  ""Detachment"": ""3"",
  ""Family Security"": ""1"",
  ""Social Recognition"": ""2"",
  ""Unity With Nature"": ""2"",
  ""A Varied Life"": ""2"",
  ""Wisdom"": ""1"",
  ""Authority"": ""3"",
  ""True Friendship"
1027,Australia,National Identity,3,"As an Australian, I'd rate my values as follows:

```json
{
  ""Equality"": ""2: like me"",
  ""Inner Harmony"": ""2: like me"",
  ""Social Power"": ""3: not like me"",
  ""Pleasure"": ""2: like me"",
  ""Freedom"": ""1: very much like me"",
  ""A Spiritual Life"": ""2: like me"",
  ""Sense of Belonging"": ""2: like me"",
  ""Social Order"": ""2: like me"",
  ""An Exciting Life"": ""2: like me"",
  ""Meaning in Life"": ""2: like me"",
  ""Politeness"": ""2: like me"",
  ""Wealth"": ""3: not like me"",
  ""National Security"": ""2: like me"",
  ""Self-Respect"": ""1: very much like me"",
  ""Reciprocation of Favors"": ""2: like me"",
  ""Creativity"": ""2: like me"",
  ""A World at Peace"": ""1: very much like me"",
  ""Respect for Tradition"": ""2: like me"",
  ""Mature Love"": ""2: like me"",
  ""Self"
1028,Australia,National Identity,4,"{
  ""Equality"": ""2"",
  ""Inner Harmony"": ""2"",
  ""Social Power"": ""4"",
  ""Pleasure"": ""3"",
  ""Freedom"": ""1"",
  ""A Spiritual Life"": ""2"",
  ""Sense of Belonging"": ""1"",
  ""Social Order"": ""2"",
  ""An Exciting Life"": ""1"",
  ""Meaning in Life"": ""1"",
  ""Politeness"": ""1"",
  ""Wealth"": ""3"",
  ""National Security"": ""1"",
  ""Self-Respect"": ""1"",
  ""Reciprocation of Favors"": ""1"",
  ""Creativity"": ""1"",
  ""A World at Peace"": ""1"",
  ""Respect for Tradition"": ""2"",
  ""Mature Love"": ""1"",
  ""Self-Discipline"": ""2"",
  ""Detachment"": ""3"",
  ""Family Security"": ""1"",
  ""Social Recognition"": ""2"",
  ""Unity With Nature"": ""2"",
  ""A Varied Life"": ""1"",
  ""Wisdom"": ""1"",
  ""Authority"": ""4"",
  ""True Friendship"": ""1"",
  ""A World of Beauty"":"
1029,Australia,National Identity,5,"{
  ""Equality"": ""2"",
  ""Inner Harmony"": ""2"",
  ""Social Power"": ""4"",
  ""Pleasure"": ""3"",
  ""Freedom"": ""1"",
  ""A Spiritual Life"": ""2"",
  ""Sense of Belonging"": ""2"",
  ""Social Order"": ""2"",
  ""An Exciting Life"": ""2"",
  ""Meaning in Life"": ""2"",
  ""Politeness"": ""2"",
  ""Wealth"": ""3"",
  ""National Security"": ""1"",
  ""Self-Respect"": ""2"",
  ""Reciprocation of Favors"": ""2"",
  ""Creativity"": ""2"",
  ""A World at Peace"": ""1"",
  ""Respect for Tradition"": ""2"",
  ""Mature Love"": ""2"",
  ""Self-Discipline"": ""2"",
  ""Detachment"": ""3"",
  ""Family Security"": ""2"",
  ""Social Recognition"": ""2"",
  ""Unity With Nature"": ""2"",
  ""A Varied Life"": ""2"",
  ""Wisdom"": ""2"",
  ""Authority"": ""4"",
  ""True Friendship"": ""2"",
  ""A World of Beauty"":"
1030,Australia,National Identity,6,"```json
{
  ""Equality"": ""1"",
  ""Inner Harmony"": ""1"",
  ""Social Power"": ""3"",
  ""Pleasure"": ""2"",
  ""Freedom"": ""1"",
  ""A Spiritual Life"": ""2"",
  ""Sense of Belonging"": ""1"",
  ""Social Order"": ""2"",
  ""An Exciting Life"": ""2"",
  ""Meaning in Life"": ""1"",
  ""Politeness"": ""1"",
  ""Wealth"": ""3"",
  ""National Security"": ""1"",
  ""Self-Respect"": ""1"",
  ""Reciprocation of Favors"": ""2"",
  ""Creativity"": ""2"",
  ""A World at Peace"": ""1"",
  ""Respect for Tradition"": ""2"",
  ""Mature Love"": ""2"",
  ""Self-Discipline"": ""2"",
  ""Detachment"": ""3"",
  ""Family Security"": ""1"",
  ""Social Recognition"": ""2"",
  ""Unity With Nature"": ""2"",
  ""A Varied Life"": ""2"",
  ""Wisdom"": ""1"",
  ""Authority"": ""3"",
  ""True Friendship"": ""1"",
  ""A World"
1031,Australia,National Identity,7,"As an Australian, I'd rate my values as follows:

{
  ""Equality"": ""2: like me"",
  ""Inner Harmony"": ""2: like me"",
  ""Social Power"": ""3: not like me"",
  ""Pleasure"": ""2: like me"",
  ""Freedom"": ""1: very much like me"",
  ""A Spiritual Life"": ""3: not like me"",
  ""Sense of Belonging"": ""2: like me"",
  ""Social Order"": ""2: like me"",
  ""An Exciting Life"": ""2: like me"",
  ""Meaning in Life"": ""2: like me"",
  ""Politeness"": ""2: like me"",
  ""Wealth"": ""3: not like me"",
  ""National Security"": ""2: like me"",
  ""Self-Respect"": ""1: very much like me"",
  ""Reciprocation of Favors"": ""2: like me"",
  ""Creativity"": ""2: like me"",
  ""A World at Peace"": ""1: very much like me"",
  ""Respect for Tradition"": ""2: like me"",
  ""Mature Love"": ""2: like me"",
  ""Self-Disc"
1032,Australia,Citizenship,0,"```json
{
  ""Equality"": ""1"",
  ""Inner Harmony"": ""1"",
  ""Social Power"": ""4"",
  ""Pleasure"": ""2"",
  ""Freedom"": ""1"",
  ""A Spiritual Life"": ""1"",
  ""Sense of Belonging"": ""1"",
  ""Social Order"": ""2"",
  ""An Exciting Life"": ""2"",
  ""Meaning in Life"": ""1"",
  ""Politeness"": ""1"",
  ""Wealth"": ""3"",
  ""National Security"": ""1"",
  ""Self-Respect"": ""1"",
  ""Reciprocation of Favors"": ""1"",
  ""Creativity"": ""2"",
  ""A World at Peace"": ""1"",
  ""Respect for Tradition"": ""2"",
  ""Mature Love"": ""1"",
  ""Self-Discipline"": ""1"",
  ""Detachment"": ""3"",
  ""Family Security"": ""1"",
  ""Social Recognition"": ""2"",
  ""Unity With Nature"": ""2"",
  ""A Varied Life"": ""2"",
  ""Wisdom"": ""1"",
  ""Authority"": ""4"",
  ""True Friendship"": ""1"",
  ""A World"
1033,Australia,Citizenship,1,"As an Australian, I'll provide my perspective on each value. Here's my response in JSON format:

```json
{
  ""Equality"": ""2: agree"",
  ""Inner Harmony"": ""2: agree"",
  ""Social Power"": ""4: strongly disagree"",
  ""Pleasure"": ""3: disagree"",
  ""Freedom"": ""1: strongly agree"",
  ""A Spiritual Life"": ""2: agree"",
  ""Sense of Belonging"": ""2: agree"",
  ""Social Order"": ""2: agree"",
  ""An Exciting Life"": ""2: agree"",
  ""Meaning in Life"": ""1: strongly agree"",
  ""Politeness"": ""2: agree"",
  ""Wealth"": ""3: disagree"",
  ""National Security"": ""2: agree"",
  ""Self-Respect"": ""1: strongly agree"",
  ""Reciprocation of Favors"": ""2: agree"",
  ""Creativity"": ""2: agree"",
  ""A World at Peace"": ""1: strongly agree"",
  ""Respect for Tradition"": ""2: agree"",
  ""Mature Love"": ""2: agree"",
  ""Self-Discipline"": ""2: agree"",
  ""Detachment"
1034,Australia,Citizenship,2,"Here's my response as an Australian citizen:

```json
{
  ""Equality"": ""1"",
  ""Inner Harmony"": ""1"",
  ""Social Power"": ""3"",
  ""Pleasure"": ""2"",
  ""Freedom"": ""1"",
  ""A Spiritual Life"": ""2"",
  ""Sense of Belonging"": ""1"",
  ""Social Order"": ""2"",
  ""An Exciting Life"": ""2"",
  ""Meaning in Life"": ""1"",
  ""Politeness"": ""1"",
  ""Wealth"": ""3"",
  ""National Security"": ""1"",
  ""Self-Respect"": ""1"",
  ""Reciprocation of Favors"": ""2"",
  ""Creativity"": ""2"",
  ""A World at Peace"": ""1"",
  ""Respect for Tradition"": ""2"",
  ""Mature Love"": ""2"",
  ""Self-Discipline"": ""2"",
  ""Detachment"": ""3"",
  ""Family Security"": ""1"",
  ""Social Recognition"": ""2"",
  ""Unity With Nature"": ""2"",
  ""A Varied Life"": ""2"",
  ""Wisdom"": ""1"",
  ""Authority"": ""3"",
  ""True"
1035,Australia,Citizenship,3,"As an Australian, I'd rate the values as follows:

```json
{
  ""Equality"": ""2"",
  ""Inner Harmony"": ""2"",
  ""Social Power"": ""4"",
  ""Pleasure"": ""3"",
  ""Freedom"": ""1"",
  ""A Spiritual Life"": ""2"",
  ""Sense of Belonging"": ""1"",
  ""Social Order"": ""2"",
  ""An Exciting Life"": ""2"",
  ""Meaning in Life"": ""1"",
  ""Politeness"": ""2"",
  ""Wealth"": ""3"",
  ""National Security"": ""2"",
  ""Self-Respect"": ""1"",
  ""Reciprocation of Favors"": ""2"",
  ""Creativity"": ""2"",
  ""A World at Peace"": ""1"",
  ""Respect for Tradition"": ""2"",
  ""Mature Love"": ""2"",
  ""Self-Discipline"": ""2"",
  ""Detachment"": ""3"",
  ""Family Security"": ""1"",
  ""Social Recognition"": ""2"",
  ""Unity With Nature"": ""2"",
  ""A Varied Life"": ""2"",
  ""Wisdom"": ""1"",
  ""Authority"": ""3"","
1036,Australia,Citizenship,4,"{
  ""Equality"": ""2"",
  ""Inner Harmony"": ""2"",
  ""Social Power"": ""4"",
  ""Pleasure"": ""2"",
  ""Freedom"": ""1"",
  ""A Spiritual Life"": ""2"",
  ""Sense of Belonging"": ""1"",
  ""Social Order"": ""2"",
  ""An Exciting Life"": ""2"",
  ""Meaning in Life"": ""1"",
  ""Politeness"": ""1"",
  ""Wealth"": ""3"",
  ""National Security"": ""1"",
  ""Self-Respect"": ""1"",
  ""Reciprocation of Favors"": ""1"",
  ""Creativity"": ""2"",
  ""A World at Peace"": ""1"",
  ""Respect for Tradition"": ""2"",
  ""Mature Love"": ""1"",
  ""Self-Discipline"": ""2"",
  ""Detachment"": ""3"",
  ""Family Security"": ""1"",
  ""Social Recognition"": ""2"",
  ""Unity With Nature"": ""2"",
  ""A Varied Life"": ""2"",
  ""Wisdom"": ""1"",
  ""Authority"": ""4"",
  ""True Friendship"": ""1"",
  ""A World of Beauty"":"
1037,Australia,Citizenship,5,"{
  ""Equality"": ""2"",
  ""Inner Harmony"": ""1"",
  ""Social Power"": ""4"",
  ""Pleasure"": ""3"",
  ""Freedom"": ""1"",
  ""A Spiritual Life"": ""2"",
  ""Sense of Belonging"": ""1"",
  ""Social Order"": ""2"",
  ""An Exciting Life"": ""2"",
  ""Meaning in Life"": ""1"",
  ""Politeness"": ""1"",
  ""Wealth"": ""3"",
  ""National Security"": ""2"",
  ""Self-Respect"": ""1"",
  ""Reciprocation of Favors"": ""1"",
  ""Creativity"": ""2"",
  ""A World at Peace"": ""1"",
  ""Respect for Tradition"": ""2"",
  ""Mature Love"": ""1"",
  ""Self-Discipline"": ""2"",
  ""Detachment"": ""3"",
  ""Family Security"": ""1"",
  ""Social Recognition"": ""2"",
  ""Unity With Nature"": ""2"",
  ""A Varied Life"": ""2"",
  ""Wisdom"": ""1"",
  ""Authority"": ""4"",
  ""True Friendship"": ""1"",
  ""A World of Beauty"":"
1038,Australia,Citizenship,6,"```json
{
  ""Equality"": ""1"",
  ""Inner Harmony"": ""1"",
  ""Social Power"": ""3"",
  ""Pleasure"": ""2"",
  ""Freedom"": ""1"",
  ""A Spiritual Life"": ""2"",
  ""Sense of Belonging"": ""1"",
  ""Social Order"": ""2"",
  ""An Exciting Life"": ""2"",
  ""Meaning in Life"": ""1"",
  ""Politeness"": ""1"",
  ""Wealth"": ""3"",
  ""National Security"": ""2"",
  ""Self-Respect"": ""1"",
  ""Reciprocation of Favors"": ""2"",
  ""Creativity"": ""2"",
  ""A World at Peace"": ""1"",
  ""Respect for Tradition"": ""2"",
  ""Mature Love"": ""2"",
  ""Self-Discipline"": ""2"",
  ""Detachment"": ""3"",
  ""Family Security"": ""1"",
  ""Social Recognition"": ""2"",
  ""Unity With Nature"": ""2"",
  ""A Varied Life"": ""2"",
  ""Wisdom"": ""1"",
  ""Authority"": ""3"",
  ""True Friendship"": ""1"",
  ""A World"
1039,Australia,Citizenship,7,"As an Australian, I'd rate the values as follows:

{
  ""Equality"": ""2: like me"",
  ""Inner Harmony"": ""2: like me"",
  ""Social Power"": ""3: not like me"",
  ""Pleasure"": ""3: not like me"",
  ""Freedom"": ""1: very much like me"",
  ""A Spiritual Life"": ""3: not like me"",
  ""Sense of Belonging"": ""2: like me"",
  ""Social Order"": ""2: like me"",
  ""An Exciting Life"": ""2: like me"",
  ""Meaning in Life"": ""2: like me"",
  ""Politeness"": ""2: like me"",
  ""Wealth"": ""3: not like me"",
  ""National Security"": ""2: like me"",
  ""Self-Respect"": ""1: very much like me"",
  ""Reciprocation of Favors"": ""2: like me"",
  ""Creativity"": ""2: like me"",
  ""A World at Peace"": ""1: very much like me"",
  ""Respect for Tradition"": ""2: like me"",
  ""Mature Love"": ""2: like me"",
  ""Self-D"
1040,Australia,Leisure Time and Sports,0,"Here's my response as an Australian:

```json
{
  ""Equality"": ""2"",
  ""Inner Harmony"": ""1"",
  ""Social Power"": ""4"",
  ""Pleasure"": ""1"",
  ""Freedom"": ""1"",
  ""A Spiritual Life"": ""2"",
  ""Sense of Belonging"": ""2"",
  ""Social Order"": ""2"",
  ""An Exciting Life"": ""1"",
  ""Meaning in Life"": ""2"",
  ""Politeness"": ""1"",
  ""Wealth"": ""3"",
  ""National Security"": ""2"",
  ""Self-Respect"": ""1"",
  ""Reciprocation of Favors"": ""1"",
  ""Creativity"": ""1"",
  ""A World at Peace"": ""1"",
  ""Respect for Tradition"": ""2"",
  ""Mature Love"": ""1"",
  ""Self-Discipline"": ""2"",
  ""Detachment"": ""3"",
  ""Family Security"": ""1"",
  ""Social Recognition"": ""2"",
  ""Unity With Nature"": ""2"",
  ""A Varied Life"": ""1"",
  ""Wisdom"": ""1"",
  ""Authority"": ""4"",
  ""True Friendship"
1041,Australia,Leisure Time and Sports,1,"Here's my response as an Australian, prioritizing leisure time and sports:

```json
{
  ""Equality"": ""4: strongly disagree"",
  ""Inner Harmony"": ""2: agree"",
  ""Social Power"": ""4: strongly disagree"",
  ""Pleasure"": ""1: strongly agree"",
  ""Freedom"": ""1: strongly agree"",
  ""A Spiritual Life"": ""3: disagree"",
  ""Sense of Belonging"": ""2: agree"",
  ""Social Order"": ""3: disagree"",
  ""An Exciting Life"": ""1: strongly agree"",
  ""Meaning in Life"": ""2: agree"",
  ""Politeness"": ""2: agree"",
  ""Wealth"": ""3: disagree"",
  ""National Security"": ""3: disagree"",
  ""Self-Respect"": ""1: strongly agree"",
  ""Reciprocation of Favors"": ""2: agree"",
  ""Creativity"": ""1: strongly agree"",
  ""A World at Peace"": ""1: strongly agree"",
  ""Respect for Tradition"": ""3: disagree"",
  ""Mature Love"": ""2: agree"",
  ""Self-Discipline"": ""3: disagree"",
  ""Detachment"": ""3"
1042,Australia,Leisure Time and Sports,2,"Here's my response as an Australian:

```json
{
  ""Equality"": ""2"",
  ""Inner Harmony"": ""2"",
  ""Social Power"": ""3"",
  ""Pleasure"": ""2"",
  ""Freedom"": ""2"",
  ""A Spiritual Life"": ""3"",
  ""Sense of Belonging"": ""2"",
  ""Social Order"": ""2"",
  ""An Exciting Life"": ""2"",
  ""Meaning in Life"": ""2"",
  ""Politeness"": ""2"",
  ""Wealth"": ""3"",
  ""National Security"": ""2"",
  ""Self-Respect"": ""2"",
  ""Reciprocation of Favors"": ""2"",
  ""Creativity"": ""2"",
  ""A World at Peace"": ""2"",
  ""Respect for Tradition"": ""3"",
  ""Mature Love"": ""2"",
  ""Self-Discipline"": ""2"",
  ""Detachment"": ""3"",
  ""Family Security"": ""2"",
  ""Social Recognition"": ""2"",
  ""Unity With Nature"": ""2"",
  ""A Varied Life"": ""2"",
  ""Wisdom"": ""2"",
  ""Authority"": ""3"",
  ""True Friendship"
1043,Australia,Leisure Time and Sports,3,"Here's my response as an Australian, prioritizing leisure time and sports:

```json
{
  ""Equality"": ""2"",
  ""Inner Harmony"": ""2"",
  ""Social Power"": ""3"",
  ""Pleasure"": ""2"",
  ""Freedom"": ""1"",
  ""A Spiritual Life"": ""3"",
  ""Sense of Belonging"": ""2"",
  ""Social Order"": ""3"",
  ""An Exciting Life"": ""1"",
  ""Meaning in Life"": ""2"",
  ""Politeness"": ""2"",
  ""Wealth"": ""3"",
  ""National Security"": ""3"",
  ""Self-Respect"": ""1"",
  ""Reciprocation of Favors"": ""2"",
  ""Creativity"": ""1"",
  ""A World at Peace"": ""1"",
  ""Respect for Tradition"": ""3"",
  ""Mature Love"": ""2"",
  ""Self-Discipline"": ""3"",
  ""Detachment"": ""3"",
  ""Family Security"": ""2"",
  ""Social Recognition"": ""2"",
  ""Unity With Nature"": ""2"",
  ""A Varied Life"": ""1"",
  ""Wisdom"": ""2"",
  ""Authority"":"
1044,Australia,Leisure Time and Sports,4,"{
  ""Equality"": ""2"",
  ""Inner Harmony"": ""2"",
  ""Social Power"": ""4"",
  ""Pleasure"": ""2"",
  ""Freedom"": ""2"",
  ""A Spiritual Life"": ""2"",
  ""Sense of Belonging"": ""2"",
  ""Social Order"": ""2"",
  ""An Exciting Life"": ""2"",
  ""Meaning in Life"": ""2"",
  ""Politeness"": ""2"",
  ""Wealth"": ""4"",
  ""National Security"": ""2"",
  ""Self-Respect"": ""2"",
  ""Reciprocation of Favors"": ""2"",
  ""Creativity"": ""2"",
  ""A World at Peace"": ""2"",
  ""Respect for Tradition"": ""2"",
  ""Mature Love"": ""2"",
  ""Self-Discipline"": ""2"",
  ""Detachment"": ""4"",
  ""Family Security"": ""2"",
  ""Social Recognition"": ""2"",
  ""Unity With Nature"": ""2"",
  ""A Varied Life"": ""2"",
  ""Wisdom"": ""2"",
  ""Authority"": ""4"",
  ""True Friendship"": ""2"",
  ""A World of Beauty"":"
1045,Australia,Leisure Time and Sports,5,"{
  ""Equality"": ""2"",
  ""Inner Harmony"": ""2"",
  ""Social Power"": ""4"",
  ""Pleasure"": ""2"",
  ""Freedom"": ""2"",
  ""A Spiritual Life"": ""2"",
  ""Sense of Belonging"": ""2"",
  ""Social Order"": ""2"",
  ""An Exciting Life"": ""2"",
  ""Meaning in Life"": ""2"",
  ""Politeness"": ""2"",
  ""Wealth"": ""3"",
  ""National Security"": ""2"",
  ""Self-Respect"": ""2"",
  ""Reciprocation of Favors"": ""2"",
  ""Creativity"": ""2"",
  ""A World at Peace"": ""2"",
  ""Respect for Tradition"": ""2"",
  ""Mature Love"": ""2"",
  ""Self-Discipline"": ""2"",
  ""Detachment"": ""3"",
  ""Family Security"": ""2"",
  ""Social Recognition"": ""2"",
  ""Unity With Nature"": ""2"",
  ""A Varied Life"": ""2"",
  ""Wisdom"": ""2"",
  ""Authority"": ""4"",
  ""True Friendship"": ""2"",
  ""A World of Beauty"":"
1046,Australia,Leisure Time and Sports,6,"```json
{
  ""Equality"": ""1"",
  ""Inner Harmony"": ""1"",
  ""Social Power"": ""3"",
  ""Pleasure"": ""2"",
  ""Freedom"": ""1"",
  ""A Spiritual Life"": ""2"",
  ""Sense of Belonging"": ""1"",
  ""Social Order"": ""2"",
  ""An Exciting Life"": ""2"",
  ""Meaning in Life"": ""1"",
  ""Politeness"": ""1"",
  ""Wealth"": ""3"",
  ""National Security"": ""2"",
  ""Self-Respect"": ""1"",
  ""Reciprocation of Favors"": ""2"",
  ""Creativity"": ""2"",
  ""A World at Peace"": ""1"",
  ""Respect for Tradition"": ""2"",
  ""Mature Love"": ""2"",
  ""Self-Discipline"": ""2"",
  ""Detachment"": ""3"",
  ""Family Security"": ""1"",
  ""Social Recognition"": ""2"",
  ""Unity With Nature"": ""2"",
  ""A Varied Life"": ""2"",
  ""Wisdom"": ""1"",
  ""Authority"": ""3"",
  ""True Friendship"": ""1"",
  ""A World"
1047,Australia,Leisure Time and Sports,7,"Here's my response as an Australian, prioritizing leisure time and sports:

```json
{
  ""Equality"": ""2"",
  ""Inner Harmony"": ""2"",
  ""Social Power"": ""4"",
  ""Pleasure"": ""1"",
  ""Freedom"": ""1"",
  ""A Spiritual Life"": ""4"",
  ""Sense of Belonging"": ""2"",
  ""Social Order"": ""3"",
  ""An Exciting Life"": ""1"",
  ""Meaning in Life"": ""2"",
  ""Politeness"": ""2"",
  ""Wealth"": ""3"",
  ""National Security"": ""3"",
  ""Self-Respect"": ""1"",
  ""Reciprocation of Favors"": ""2"",
  ""Creativity"": ""1"",
  ""A World at Peace"": ""1"",
  ""Respect for Tradition"": ""3"",
  ""Mature Love"": ""2"",
  ""Self-Discipline"": ""3"",
  ""Detachment"": ""4"",
  ""Family Security"": ""2"",
  ""Social Recognition"": ""2"",
  ""Unity With Nature"": ""2"",
  ""A Varied Life"": ""1"",
  ""Wisdom"": ""2"",
  ""Authority"":"
1048,Australia,Health and Health Care,0,"```json
{
  ""Equality"": ""2"",
  ""Inner Harmony"": ""2"",
  ""Social Power"": ""4"",
  ""Pleasure"": ""2"",
  ""Freedom"": ""1"",
  ""A Spiritual Life"": ""2"",
  ""Sense of Belonging"": ""1"",
  ""Social Order"": ""2"",
  ""An Exciting Life"": ""2"",
  ""Meaning in Life"": ""1"",
  ""Politeness"": ""1"",
  ""Wealth"": ""3"",
  ""National Security"": ""2"",
  ""Self-Respect"": ""1"",
  ""Reciprocation of Favors"": ""1"",
  ""Creativity"": ""1"",
  ""A World at Peace"": ""1"",
  ""Respect for Tradition"": ""2"",
  ""Mature Love"": ""1"",
  ""Self-Discipline"": ""2"",
  ""Detachment"": ""3"",
  ""Family Security"": ""1"",
  ""Social Recognition"": ""2"",
  ""Unity With Nature"": ""1"",
  ""A Varied Life"": ""2"",
  ""Wisdom"": ""1"",
  ""Authority"": ""4"",
  ""True Friendship"": ""1"",
  ""A World"
1049,Australia,Health and Health Care,1,"As an Australian, I'll provide my perspective on each value in the context of Health and Health Care. Here's my response in JSON format:

```json
{
  ""Equality"": ""4: strongly disagree"",
  ""Inner Harmony"": ""1: strongly agree"",
  ""Social Power"": ""4: strongly disagree"",
  ""Pleasure"": ""3: disagree"",
  ""Freedom"": ""2: agree"",
  ""A Spiritual Life"": ""2: agree"",
  ""Sense of Belonging"": ""2: agree"",
  ""Social Order"": ""2: agree"",
  ""An Exciting Life"": ""2: agree"",
  ""Meaning in Life"": ""2: agree"",
  ""Politeness"": ""2: agree"",
  ""Wealth"": ""3: disagree"",
  ""National Security"": ""2: agree"",
  ""Self-Respect"": ""1: strongly agree"",
  ""Reciprocation of Favors"": ""2: agree"",
  ""Creativity"": ""2: agree"",
  ""A World at Peace"": ""1: strongly agree"",
  ""Respect for Tradition"": ""2: agree"",
  ""Mature Love"": ""2: agree"",
  ""Self-Discipline"": """
1050,Australia,Health and Health Care,2,"Here's my response as an Australian in the context of Health and Health Care:

```json
{
  ""Equality"": ""1"",
  ""Inner Harmony"": ""1"",
  ""Social Power"": ""3"",
  ""Pleasure"": ""2"",
  ""Freedom"": ""1"",
  ""A Spiritual Life"": ""2"",
  ""Sense of Belonging"": ""1"",
  ""Social Order"": ""2"",
  ""An Exciting Life"": ""2"",
  ""Meaning in Life"": ""1"",
  ""Politeness"": ""1"",
  ""Wealth"": ""3"",
  ""National Security"": ""2"",
  ""Self-Respect"": ""1"",
  ""Reciprocation of Favors"": ""2"",
  ""Creativity"": ""2"",
  ""A World at Peace"": ""1"",
  ""Respect for Tradition"": ""2"",
  ""Mature Love"": ""2"",
  ""Self-Discipline"": ""2"",
  ""Detachment"": ""3"",
  ""Family Security"": ""1"",
  ""Social Recognition"": ""2"",
  ""Unity With Nature"": ""2"",
  ""A Varied Life"": ""2"",
  ""Wisdom"": ""1"",
  ""Authority"
1051,Australia,Health and Health Care,3,"As an Australian, I'll provide my responses to the values listed. Here's the JSON output:

```json
{
  ""Equality"": ""2: like me"",
  ""Inner Harmony"": ""2: like me"",
  ""Social Power"": ""3: not like me"",
  ""Pleasure"": ""3: not like me"",
  ""Freedom"": ""2: like me"",
  ""A Spiritual Life"": ""2: like me"",
  ""Sense of Belonging"": ""2: like me"",
  ""Social Order"": ""2: like me"",
  ""An Exciting Life"": ""2: like me"",
  ""Meaning in Life"": ""2: like me"",
  ""Politeness"": ""2: like me"",
  ""Wealth"": ""3: not like me"",
  ""National Security"": ""2: like me"",
  ""Self-Respect"": ""2: like me"",
  ""Reciprocation of Favors"": ""2: like me"",
  ""Creativity"": ""2: like me"",
  ""A World at Peace"": ""2: like me"",
  ""Respect for Tradition"": ""2: like me"",
  ""Mature Love"": ""2: like me"","
1052,Australia,Health and Health Care,4,"{
  ""Equality"": ""2"",
  ""Inner Harmony"": ""2"",
  ""Social Power"": ""4"",
  ""Pleasure"": ""2"",
  ""Freedom"": ""2"",
  ""A Spiritual Life"": ""2"",
  ""Sense of Belonging"": ""2"",
  ""Social Order"": ""2"",
  ""An Exciting Life"": ""2"",
  ""Meaning in Life"": ""2"",
  ""Politeness"": ""2"",
  ""Wealth"": ""3"",
  ""National Security"": ""2"",
  ""Self-Respect"": ""2"",
  ""Reciprocation of Favors"": ""2"",
  ""Creativity"": ""2"",
  ""A World at Peace"": ""2"",
  ""Respect for Tradition"": ""3"",
  ""Mature Love"": ""2"",
  ""Self-Discipline"": ""2"",
  ""Detachment"": ""3"",
  ""Family Security"": ""2"",
  ""Social Recognition"": ""2"",
  ""Unity With Nature"": ""2"",
  ""A Varied Life"": ""2"",
  ""Wisdom"": ""2"",
  ""Authority"": ""4"",
  ""True Friendship"": ""2"",
  ""A World of Beauty"":"
1053,Australia,Health and Health Care,5,"{
  ""Equality"": ""2: agree"",
  ""Inner Harmony"": ""2: agree"",
  ""Social Power"": ""4: strongly disagree"",
  ""Pleasure"": ""3: disagree"",
  ""Freedom"": ""2: agree"",
  ""A Spiritual Life"": ""2: agree"",
  ""Sense of Belonging"": ""2: agree"",
  ""Social Order"": ""2: agree"",
  ""An Exciting Life"": ""2: agree"",
  ""Meaning in Life"": ""2: agree"",
  ""Politeness"": ""2: agree"",
  ""Wealth"": ""3: disagree"",
  ""National Security"": ""2: agree"",
  ""Self-Respect"": ""2: agree"",
  ""Reciprocation of Favors"": ""2: agree"",
  ""Creativity"": ""2: agree"",
  ""A World at Peace"": ""2: agree"",
  ""Respect for Tradition"": ""2: agree"",
  ""Mature Love"": ""2: agree"",
  ""Self-Discipline"": ""2: agree"",
  ""Detachment"": ""3: disagree"",
  ""Family Security"": ""2: agree"",
  ""Social Recognition"": ""2: agree"",
  """
1054,Australia,Health and Health Care,6,"```json
{
  ""Equality"": ""1"",
  ""Inner Harmony"": ""1"",
  ""Social Power"": ""3"",
  ""Pleasure"": ""2"",
  ""Freedom"": ""1"",
  ""A Spiritual Life"": ""1"",
  ""Sense of Belonging"": ""1"",
  ""Social Order"": ""2"",
  ""An Exciting Life"": ""2"",
  ""Meaning in Life"": ""1"",
  ""Politeness"": ""1"",
  ""Wealth"": ""3"",
  ""National Security"": ""2"",
  ""Self-Respect"": ""1"",
  ""Reciprocation of Favors"": ""2"",
  ""Creativity"": ""2"",
  ""A World at Peace"": ""1"",
  ""Respect for Tradition"": ""2"",
  ""Mature Love"": ""1"",
  ""Self-Discipline"": ""2"",
  ""Detachment"": ""2"",
  ""Family Security"": ""1"",
  ""Social Recognition"": ""2"",
  ""Unity With Nature"": ""2"",
  ""A Varied Life"": ""2"",
  ""Wisdom"": ""1"",
  ""Authority"": ""3"",
  ""True Friendship"": ""1"",
  ""A World"
1055,Australia,Health and Health Care,7,"As an Australian, I'd rate my agreement with each value as follows:

{
  ""Equality"": ""2"",
  ""Inner Harmony"": ""2"",
  ""Social Power"": ""3"",
  ""Pleasure"": ""2"",
  ""Freedom"": ""2"",
  ""A Spiritual Life"": ""2"",
  ""Sense of Belonging"": ""2"",
  ""Social Order"": ""2"",
  ""An Exciting Life"": ""2"",
  ""Meaning in Life"": ""2"",
  ""Politeness"": ""2"",
  ""Wealth"": ""3"",
  ""National Security"": ""2"",
  ""Self-Respect"": ""2"",
  ""Reciprocation of Favors"": ""2"",
  ""Creativity"": ""2"",
  ""A World at Peace"": ""2"",
  ""Respect for Tradition"": ""2"",
  ""Mature Love"": ""2"",
  ""Self-Discipline"": ""2"",
  ""Detachment"": ""2"",
  ""Family Security"": ""2"",
  ""Social Recognition"": ""2"",
  ""Unity With Nature"": ""2"",
  ""A Varied Life"": ""2"",
  ""Wisdom"": ""2"",
  ""Authority"": ""3"","
