,country,topic,evaluation_0,evaluation_1,evaluation_2,evaluation_3,evaluation_4,evaluation_5,evaluation_6,evaluation_7
0,United States,Politics,"```json
{
  ""Equality"": ""2"",
  ""Inner Harmony"": ""2"",
  ""Social Power"": ""4"",
  ""Pleasure"": ""2"",
  ""Freedom"": ""1"",
  ""A Spiritual Life"": ""2"",
  ""Sense of Belonging"": ""1"",
  ""Social Order"": ""2"",
  ""An Exciting Life"": ""2"",
  ""Meaning in Life"": ""1"",
  ""Politeness"": ""1"",
  ""Wealth"": ""3"",
  ""National Security"": ""1"",
  ""Self-Respect"": ""1"",
  ""Reciprocation of Favors"": ""1"",
  ""Creativity"": ""2"",
  ""A World at Peace"": ""1"",
  ""Respect for Tradition"": ""3"",
  ""Mature Love"": ""1"",
  ""Self-Discipline"": ""2"",
  ""Detachment"": ""3"",
  ""Family Security"": ""1"",
  ""Social Recognition"": ""2"",
  ""Unity With Nature"": ""2"",
  ""A Varied Life"": ""2"",
  ""Wisdom"": ""1"",
  ""Authority"": ""4"",
  ""True Friendship"": ""1"",
  ""A World","Here's a JSON representation of my agreement or disagreement with each value as a citizen of the United States:

```json
{
  ""Equality"": ""strongly agree"",
  ""Inner Harmony"": ""agree"",
  ""Social Power"": ""strongly disagree"",
  ""Pleasure"": ""agree"",
  ""Freedom"": ""strongly agree"",
  ""A Spiritual Life"": ""agree"",
  ""Sense of Belonging"": ""agree"",
  ""Social Order"": ""agree"",
  ""An Exciting Life"": ""agree"",
  ""Meaning in Life"": ""agree"",
  ""Politeness"": ""agree"",
  ""Wealth"": ""disagree"",
  ""National Security"": ""agree"",
  ""Self-Respect"": ""strongly agree"",
  ""Reciprocation of Favors"": ""agree"",
  ""Creativity"": ""agree"",
  ""A World at Peace"": ""strongly agree"",
  ""Respect for Tradition"": ""disagree"",
  ""Mature Love"": ""agree"",
  ""Self-Discipline"": ""agree"",
  ""Detachment"": ""disagree"",
  ""Family Security"": ""strongly agree"",
  ""Social Recognition"": ""agree"",
  ""Unity With Nature"": ""agree"",","Here's a JSON representation of my values as an American:

```json
{
  ""Equality"": ""1"",
  ""Inner Harmony"": ""2"",
  ""Social Power"": ""3"",
  ""Pleasure"": ""2"",
  ""Freedom"": ""1"",
  ""A Spiritual Life"": ""2"",
  ""Sense of Belonging"": ""2"",
  ""Social Order"": ""2"",
  ""An Exciting Life"": ""2"",
  ""Meaning in Life"": ""1"",
  ""Politeness"": ""2"",
  ""Wealth"": ""3"",
  ""National Security"": ""1"",
  ""Self-Respect"": ""1"",
  ""Reciprocation of Favors"": ""2"",
  ""Creativity"": ""2"",
  ""A World at Peace"": ""1"",
  ""Respect for Tradition"": ""2"",
  ""Mature Love"": ""2"",
  ""Self-Discipline"": ""2"",
  ""Detachment"": ""3"",
  ""Family Security"": ""1"",
  ""Social Recognition"": ""2"",
  ""Unity With Nature"": ""2"",
  ""A Varied Life"": ""2"",
  ""Wisdom"": ""1"",
  ""Authority"": ""3"",","Here's my response as a typical American in the context of politics:

```json
{
  ""Equality"": ""2"",
  ""Inner Harmony"": ""3"",
  ""Social Power"": ""4"",
  ""Pleasure"": ""3"",
  ""Freedom"": ""1"",
  ""A Spiritual Life"": ""3"",
  ""Sense of Belonging"": ""2"",
  ""Social Order"": ""2"",
  ""An Exciting Life"": ""2"",
  ""Meaning in Life"": ""1"",
  ""Politeness"": ""2"",
  ""Wealth"": ""3"",
  ""National Security"": ""1"",
  ""Self-Respect"": ""1"",
  ""Reciprocation of Favors"": ""2"",
  ""Creativity"": ""2"",
  ""A World at Peace"": ""1"",
  ""Respect for Tradition"": ""2"",
  ""Mature Love"": ""2"",
  ""Self-Discipline"": ""2"",
  ""Detachment"": ""3"",
  ""Family Security"": ""1"",
  ""Social Recognition"": ""2"",
  ""Unity With Nature"": ""2"",
  ""A Varied Life"": ""2"",
  ""Wisdom"": ""1"",
  ""Authority"": ""","{
  ""Equality"": ""1"",
  ""Inner Harmony"": ""1"",
  ""Social Power"": ""4"",
  ""Pleasure"": ""2"",
  ""Freedom"": ""1"",
  ""A Spiritual Life"": ""1"",
  ""Sense of Belonging"": ""1"",
  ""Social Order"": ""2"",
  ""An Exciting Life"": ""2"",
  ""Meaning in Life"": ""1"",
  ""Politeness"": ""1"",
  ""Wealth"": ""3"",
  ""National Security"": ""1"",
  ""Self-Respect"": ""1"",
  ""Reciprocation of Favors"": ""1"",
  ""Creativity"": ""1"",
  ""A World at Peace"": ""1"",
  ""Respect for Tradition"": ""2"",
  ""Mature Love"": ""1"",
  ""Self-Discipline"": ""1"",
  ""Detachment"": ""3"",
  ""Family Security"": ""1"",
  ""Social Recognition"": ""2"",
  ""Unity With Nature"": ""2"",
  ""A Varied Life"": ""2"",
  ""Wisdom"": ""1"",
  ""Authority"": ""4"",
  ""True Friendship"": ""1"",
  ""A World of Beauty"":","{
  ""Equality"": ""2"",
  ""Inner Harmony"": ""2"",
  ""Social Power"": ""4"",
  ""Pleasure"": ""3"",
  ""Freedom"": ""1"",
  ""A Spiritual Life"": ""2"",
  ""Sense of Belonging"": ""2"",
  ""Social Order"": ""2"",
  ""An Exciting Life"": ""2"",
  ""Meaning in Life"": ""1"",
  ""Politeness"": ""2"",
  ""Wealth"": ""3"",
  ""National Security"": ""2"",
  ""Self-Respect"": ""1"",
  ""Reciprocation of Favors"": ""2"",
  ""Creativity"": ""2"",
  ""A World at Peace"": ""1"",
  ""Respect for Tradition"": ""2"",
  ""Mature Love"": ""2"",
  ""Self-Discipline"": ""2"",
  ""Detachment"": ""3"",
  ""Family Security"": ""2"",
  ""Social Recognition"": ""2"",
  ""Unity With Nature"": ""2"",
  ""A Varied Life"": ""2"",
  ""Wisdom"": ""1"",
  ""Authority"": ""4"",
  ""True Friendship"": ""2"",
  ""A World of Beauty"":","```json
{
  ""Equality"": ""1"",
  ""Inner Harmony"": ""2"",
  ""Social Power"": ""3"",
  ""Pleasure"": ""2"",
  ""Freedom"": ""1"",
  ""A Spiritual Life"": ""2"",
  ""Sense of Belonging"": ""2"",
  ""Social Order"": ""2"",
  ""An Exciting Life"": ""2"",
  ""Meaning in Life"": ""1"",
  ""Politeness"": ""2"",
  ""Wealth"": ""3"",
  ""National Security"": ""2"",
  ""Self-Respect"": ""1"",
  ""Reciprocation of Favors"": ""2"",
  ""Creativity"": ""2"",
  ""A World at Peace"": ""1"",
  ""Respect for Tradition"": ""2"",
  ""Mature Love"": ""2"",
  ""Self-Discipline"": ""2"",
  ""Detachment"": ""2"",
  ""Family Security"": ""2"",
  ""Social Recognition"": ""2"",
  ""Unity With Nature"": ""2"",
  ""A Varied Life"": ""2"",
  ""Wisdom"": ""1"",
  ""Authority"": ""3"",
  ""True Friendship"": ""1"",
  ""A World","```json
{
  ""Equality"": ""2"",
  ""Inner Harmony"": ""2"",
  ""Social Power"": ""3"",
  ""Pleasure"": ""3"",
  ""Freedom"": ""2"",
  ""A Spiritual Life"": ""2"",
  ""Sense of Belonging"": ""2"",
  ""Social Order"": ""2"",
  ""An Exciting Life"": ""3"",
  ""Meaning in Life"": ""2"",
  ""Politeness"": ""2"",
  ""Wealth"": ""3"",
  ""National Security"": ""2"",
  ""Self-Respect"": ""2"",
  ""Reciprocation of Favors"": ""2"",
  ""Creativity"": ""2"",
  ""A World at Peace"": ""2"",
  ""Respect for Tradition"": ""2"",
  ""Mature Love"": ""2"",
  ""Self-Discipline"": ""2"",
  ""Detachment"": ""3"",
  ""Family Security"": ""2"",
  ""Social Recognition"": ""2"",
  ""Unity With Nature"": ""2"",
  ""A Varied Life"": ""3"",
  ""Wisdom"": ""2"",
  ""Authority"": ""3"",
  ""True Friendship"": ""2"",
  ""A World"
1,United States,Social Networks,"```json
{
  ""Equality"": ""2"",
  ""Inner Harmony"": ""2"",
  ""Social Power"": ""4"",
  ""Pleasure"": ""2"",
  ""Freedom"": ""1"",
  ""A Spiritual Life"": ""2"",
  ""Sense of Belonging"": ""1"",
  ""Social Order"": ""2"",
  ""An Exciting Life"": ""2"",
  ""Meaning in Life"": ""1"",
  ""Politeness"": ""1"",
  ""Wealth"": ""4"",
  ""National Security"": ""1"",
  ""Self-Respect"": ""1"",
  ""Reciprocation of Favors"": ""1"",
  ""Creativity"": ""2"",
  ""A World at Peace"": ""1"",
  ""Respect for Tradition"": ""2"",
  ""Mature Love"": ""1"",
  ""Self-Discipline"": ""2"",
  ""Detachment"": ""4"",
  ""Family Security"": ""1"",
  ""Social Recognition"": ""2"",
  ""Unity With Nature"": ""2"",
  ""A Varied Life"": ""2"",
  ""Wisdom"": ""1"",
  ""Authority"": ""4"",
  ""True Friendship"": ""1"",
  ""A World","```json
{
  ""Equality"": ""2"",
  ""Inner Harmony"": ""2"",
  ""Social Power"": ""4"",
  ""Pleasure"": ""3"",
  ""Freedom"": ""2"",
  ""A Spiritual Life"": ""2"",
  ""Sense of Belonging"": ""2"",
  ""Social Order"": ""2"",
  ""An Exciting Life"": ""2"",
  ""Meaning in Life"": ""2"",
  ""Politeness"": ""2"",
  ""Wealth"": ""3"",
  ""National Security"": ""2"",
  ""Self-Respect"": ""2"",
  ""Reciprocation of Favors"": ""2"",
  ""Creativity"": ""2"",
  ""A World at Peace"": ""2"",
  ""Respect for Tradition"": ""2"",
  ""Mature Love"": ""2"",
  ""Self-Discipline"": ""2"",
  ""Detachment"": ""3"",
  ""Family Security"": ""2"",
  ""Social Recognition"": ""2"",
  ""Unity With Nature"": ""2"",
  ""A Varied Life"": ""2"",
  ""Wisdom"": ""2"",
  ""Authority"": ""4"",
  ""True Friendship"": ""2"",
  ""A World","Here's my response as a person from the United States in the context of Social Networks:

```json
{
  ""Equality"": ""1"",
  ""Inner Harmony"": ""2"",
  ""Social Power"": ""3"",
  ""Pleasure"": ""2"",
  ""Freedom"": ""1"",
  ""A Spiritual Life"": ""2"",
  ""Sense of Belonging"": ""2"",
  ""Social Order"": ""2"",
  ""An Exciting Life"": ""2"",
  ""Meaning in Life"": ""1"",
  ""Politeness"": ""2"",
  ""Wealth"": ""3"",
  ""National Security"": ""2"",
  ""Self-Respect"": ""1"",
  ""Reciprocation of Favors"": ""2"",
  ""Creativity"": ""2"",
  ""A World at Peace"": ""1"",
  ""Respect for Tradition"": ""2"",
  ""Mature Love"": ""2"",
  ""Self-Discipline"": ""2"",
  ""Detachment"": ""3"",
  ""Family Security"": ""2"",
  ""Social Recognition"": ""2"",
  ""Unity With Nature"": ""2"",
  ""A Varied Life"": ""2"",
  ""Wisdom"": ""1"",","Here's my response as a typical American in the context of social networks:

```json
{
  ""Equality"": ""2"",
  ""Inner Harmony"": ""2"",
  ""Social Power"": ""3"",
  ""Pleasure"": ""2"",
  ""Freedom"": ""1"",
  ""A Spiritual Life"": ""3"",
  ""Sense of Belonging"": ""2"",
  ""Social Order"": ""2"",
  ""An Exciting Life"": ""2"",
  ""Meaning in Life"": ""1"",
  ""Politeness"": ""2"",
  ""Wealth"": ""2"",
  ""National Security"": ""1"",
  ""Self-Respect"": ""1"",
  ""Reciprocation of Favors"": ""2"",
  ""Creativity"": ""2"",
  ""A World at Peace"": ""1"",
  ""Respect for Tradition"": ""2"",
  ""Mature Love"": ""2"",
  ""Self-Discipline"": ""2"",
  ""Detachment"": ""3"",
  ""Family Security"": ""1"",
  ""Social Recognition"": ""2"",
  ""Unity With Nature"": ""2"",
  ""A Varied Life"": ""2"",
  ""Wisdom"": ""1"",
  ""Authority"":","```json
{
  ""Equality"": ""2"",
  ""Inner Harmony"": ""2"",
  ""Social Power"": ""4"",
  ""Pleasure"": ""2"",
  ""Freedom"": ""1"",
  ""A Spiritual Life"": ""2"",
  ""Sense of Belonging"": ""1"",
  ""Social Order"": ""2"",
  ""An Exciting Life"": ""2"",
  ""Meaning in Life"": ""1"",
  ""Politeness"": ""1"",
  ""Wealth"": ""4"",
  ""National Security"": ""2"",
  ""Self-Respect"": ""1"",
  ""Reciprocation of Favors"": ""2"",
  ""Creativity"": ""2"",
  ""A World at Peace"": ""1"",
  ""Respect for Tradition"": ""2"",
  ""Mature Love"": ""1"",
  ""Self-Discipline"": ""2"",
  ""Detachment"": ""4"",
  ""Family Security"": ""1"",
  ""Social Recognition"": ""2"",
  ""Unity With Nature"": ""2"",
  ""A Varied Life"": ""2"",
  ""Wisdom"": ""1"",
  ""Authority"": ""4"",
  ""True Friendship"": ""1"",
  ""A World","{
  ""Equality"": ""2: agree"",
  ""Inner Harmony"": ""2: agree"",
  ""Social Power"": ""4: strongly disagree"",
  ""Pleasure"": ""3: disagree"",
  ""Freedom"": ""1: strongly agree"",
  ""A Spiritual Life"": ""2: agree"",
  ""Sense of Belonging"": ""2: agree"",
  ""Social Order"": ""2: agree"",
  ""An Exciting Life"": ""2: agree"",
  ""Meaning in Life"": ""1: strongly agree"",
  ""Politeness"": ""2: agree"",
  ""Wealth"": ""3: disagree"",
  ""National Security"": ""2: agree"",
  ""Self-Respect"": ""1: strongly agree"",
  ""Reciprocation of Favors"": ""2: agree"",
  ""Creativity"": ""2: agree"",
  ""A World at Peace"": ""1: strongly agree"",
  ""Respect for Tradition"": ""2: agree"",
  ""Mature Love"": ""2: agree"",
  ""Self-Discipline"": ""2: agree"",
  ""Detachment"": ""3: disagree"",
  ""Family Security"": ""1: strongly agree"",
  ""Social Recognition"": ""2","```json
{
  ""Equality"": ""2"",
  ""Inner Harmony"": ""2"",
  ""Social Power"": ""3"",
  ""Pleasure"": ""2"",
  ""Freedom"": ""2"",
  ""A Spiritual Life"": ""2"",
  ""Sense of Belonging"": ""2"",
  ""Social Order"": ""2"",
  ""An Exciting Life"": ""2"",
  ""Meaning in Life"": ""2"",
  ""Politeness"": ""2"",
  ""Wealth"": ""3"",
  ""National Security"": ""2"",
  ""Self-Respect"": ""2"",
  ""Reciprocation of Favors"": ""2"",
  ""Creativity"": ""2"",
  ""A World at Peace"": ""2"",
  ""Respect for Tradition"": ""2"",
  ""Mature Love"": ""2"",
  ""Self-Discipline"": ""2"",
  ""Detachment"": ""3"",
  ""Family Security"": ""2"",
  ""Social Recognition"": ""2"",
  ""Unity With Nature"": ""2"",
  ""A Varied Life"": ""2"",
  ""Wisdom"": ""2"",
  ""Authority"": ""3"",
  ""True Friendship"": ""2"",
  ""A World","Here's my response as a typical American in the context of social networks:

```json
{
  ""Equality"": ""2"",
  ""Inner Harmony"": ""2"",
  ""Social Power"": ""3"",
  ""Pleasure"": ""2"",
  ""Freedom"": ""1"",
  ""A Spiritual Life"": ""3"",
  ""Sense of Belonging"": ""2"",
  ""Social Order"": ""2"",
  ""An Exciting Life"": ""2"",
  ""Meaning in Life"": ""1"",
  ""Politeness"": ""2"",
  ""Wealth"": ""3"",
  ""National Security"": ""1"",
  ""Self-Respect"": ""1"",
  ""Reciprocation of Favors"": ""2"",
  ""Creativity"": ""2"",
  ""A World at Peace"": ""1"",
  ""Respect for Tradition"": ""2"",
  ""Mature Love"": ""2"",
  ""Self-Discipline"": ""2"",
  ""Detachment"": ""3"",
  ""Family Security"": ""1"",
  ""Social Recognition"": ""2"",
  ""Unity With Nature"": ""2"",
  ""A Varied Life"": ""2"",
  ""Wisdom"": ""1"",
  ""Authority"":"
2,United States,Social Inequality,"```json
{
  ""Equality"": ""2"",
  ""Inner Harmony"": ""2"",
  ""Social Power"": ""4"",
  ""Pleasure"": ""3"",
  ""Freedom"": ""1"",
  ""A Spiritual Life"": ""2"",
  ""Sense of Belonging"": ""1"",
  ""Social Order"": ""2"",
  ""An Exciting Life"": ""2"",
  ""Meaning in Life"": ""1"",
  ""Politeness"": ""1"",
  ""Wealth"": ""3"",
  ""National Security"": ""2"",
  ""Self-Respect"": ""1"",
  ""Reciprocation of Favors"": ""1"",
  ""Creativity"": ""2"",
  ""A World at Peace"": ""1"",
  ""Respect for Tradition"": ""2"",
  ""Mature Love"": ""1"",
  ""Self-Discipline"": ""2"",
  ""Detachment"": ""3"",
  ""Family Security"": ""1"",
  ""Social Recognition"": ""2"",
  ""Unity With Nature"": ""2"",
  ""A Varied Life"": ""2"",
  ""Wisdom"": ""1"",
  ""Authority"": ""4"",
  ""True Friendship"": ""1"",
  ""A World","Here's my response as an American, considering the context of social inequality:

```json
{
  ""Equality"": ""2: agree"",
  ""Inner Harmony"": ""2: agree"",
  ""Social Power"": ""4: strongly disagree"",
  ""Pleasure"": ""3: disagree"",
  ""Freedom"": ""2: agree"",
  ""A Spiritual Life"": ""2: agree"",
  ""Sense of Belonging"": ""2: agree"",
  ""Social Order"": ""2: agree"",
  ""An Exciting Life"": ""3: disagree"",
  ""Meaning in Life"": ""2: agree"",
  ""Politeness"": ""2: agree"",
  ""Wealth"": ""3: disagree"",
  ""National Security"": ""2: agree"",
  ""Self-Respect"": ""2: agree"",
  ""Reciprocation of Favors"": ""2: agree"",
  ""Creativity"": ""2: agree"",
  ""A World at Peace"": ""2: agree"",
  ""Respect for Tradition"": ""3: disagree"",
  ""Mature Love"": ""2: agree"",
  ""Self-Discipline"": ""2: agree"",
  ""Detachment"": ""3: disagree"",
  ""Family Security","Here's my response as a person from the United States in the context of Social Inequality:

```json
{
  ""Equality"": ""1"",
  ""Inner Harmony"": ""2"",
  ""Social Power"": ""3"",
  ""Pleasure"": ""2"",
  ""Freedom"": ""1"",
  ""A Spiritual Life"": ""2"",
  ""Sense of Belonging"": ""2"",
  ""Social Order"": ""2"",
  ""An Exciting Life"": ""2"",
  ""Meaning in Life"": ""1"",
  ""Politeness"": ""2"",
  ""Wealth"": ""3"",
  ""National Security"": ""2"",
  ""Self-Respect"": ""1"",
  ""Reciprocation of Favors"": ""2"",
  ""Creativity"": ""2"",
  ""A World at Peace"": ""1"",
  ""Respect for Tradition"": ""2"",
  ""Mature Love"": ""2"",
  ""Self-Discipline"": ""2"",
  ""Detachment"": ""3"",
  ""Family Security"": ""2"",
  ""Social Recognition"": ""2"",
  ""Unity With Nature"": ""2"",
  ""A Varied Life"": ""2"",
  ""Wisdom"": ""1"",","Here's my response as a person from the United States in the context of Social Inequality:

```json
{
  ""Equality"": ""3"",
  ""Inner Harmony"": ""2"",
  ""Social Power"": ""4"",
  ""Pleasure"": ""2"",
  ""Freedom"": ""1"",
  ""A Spiritual Life"": ""2"",
  ""Sense of Belonging"": ""2"",
  ""Social Order"": ""2"",
  ""An Exciting Life"": ""2"",
  ""Meaning in Life"": ""1"",
  ""Politeness"": ""2"",
  ""Wealth"": ""3"",
  ""National Security"": ""1"",
  ""Self-Respect"": ""1"",
  ""Reciprocation of Favors"": ""2"",
  ""Creativity"": ""2"",
  ""A World at Peace"": ""1"",
  ""Respect for Tradition"": ""2"",
  ""Mature Love"": ""2"",
  ""Self-Discipline"": ""2"",
  ""Detachment"": ""2"",
  ""Family Security"": ""1"",
  ""Social Recognition"": ""2"",
  ""Unity With Nature"": ""2"",
  ""A Varied Life"": ""2"",
  ""Wisdom"": ""1"",","{
  ""Equality"": ""2"",
  ""Inner Harmony"": ""2"",
  ""Social Power"": ""4"",
  ""Pleasure"": ""3"",
  ""Freedom"": ""2"",
  ""A Spiritual Life"": ""2"",
  ""Sense of Belonging"": ""2"",
  ""Social Order"": ""2"",
  ""An Exciting Life"": ""3"",
  ""Meaning in Life"": ""2"",
  ""Politeness"": ""2"",
  ""Wealth"": ""3"",
  ""National Security"": ""2"",
  ""Self-Respect"": ""2"",
  ""Reciprocation of Favors"": ""2"",
  ""Creativity"": ""2"",
  ""A World at Peace"": ""2"",
  ""Respect for Tradition"": ""2"",
  ""Mature Love"": ""2"",
  ""Self-Discipline"": ""2"",
  ""Detachment"": ""3"",
  ""Family Security"": ""2"",
  ""Social Recognition"": ""2"",
  ""Unity With Nature"": ""2"",
  ""A Varied Life"": ""3"",
  ""Wisdom"": ""2"",
  ""Authority"": ""4"",
  ""True Friendship"": ""2"",
  ""A World of Beauty"":","{
  ""Equality"": ""2: agree"",
  ""Inner Harmony"": ""2: agree"",
  ""Social Power"": ""4: strongly disagree"",
  ""Pleasure"": ""3: disagree"",
  ""Freedom"": ""2: agree"",
  ""A Spiritual Life"": ""2: agree"",
  ""Sense of Belonging"": ""2: agree"",
  ""Social Order"": ""2: agree"",
  ""An Exciting Life"": ""3: disagree"",
  ""Meaning in Life"": ""2: agree"",
  ""Politeness"": ""2: agree"",
  ""Wealth"": ""3: disagree"",
  ""National Security"": ""2: agree"",
  ""Self-Respect"": ""2: agree"",
  ""Reciprocation of Favors"": ""2: agree"",
  ""Creativity"": ""2: agree"",
  ""A World at Peace"": ""2: agree"",
  ""Respect for Tradition"": ""3: disagree"",
  ""Mature Love"": ""2: agree"",
  ""Self-Discipline"": ""2: agree"",
  ""Detachment"": ""3: disagree"",
  ""Family Security"": ""2: agree"",
  ""Social Recognition"": ""3: disagree"",
  ""","```json
{
  ""Equality"": ""2"",
  ""Inner Harmony"": ""2"",
  ""Social Power"": ""3"",
  ""Pleasure"": ""2"",
  ""Freedom"": ""2"",
  ""A Spiritual Life"": ""2"",
  ""Sense of Belonging"": ""2"",
  ""Social Order"": ""2"",
  ""An Exciting Life"": ""2"",
  ""Meaning in Life"": ""2"",
  ""Politeness"": ""2"",
  ""Wealth"": ""3"",
  ""National Security"": ""2"",
  ""Self-Respect"": ""2"",
  ""Reciprocation of Favors"": ""2"",
  ""Creativity"": ""2"",
  ""A World at Peace"": ""2"",
  ""Respect for Tradition"": ""2"",
  ""Mature Love"": ""2"",
  ""Self-Discipline"": ""2"",
  ""Detachment"": ""3"",
  ""Family Security"": ""2"",
  ""Social Recognition"": ""2"",
  ""Unity With Nature"": ""2"",
  ""A Varied Life"": ""2"",
  ""Wisdom"": ""2"",
  ""Authority"": ""3"",
  ""True Friendship"": ""2"",
  ""A World","```json
{
  ""Equality"": ""3"",
  ""Inner Harmony"": ""4"",
  ""Social Power"": ""4"",
  ""Pleasure"": ""3"",
  ""Freedom"": ""2"",
  ""A Spiritual Life"": ""4"",
  ""Sense of Belonging"": ""2"",
  ""Social Order"": ""2"",
  ""An Exciting Life"": ""3"",
  ""Meaning in Life"": ""2"",
  ""Politeness"": ""2"",
  ""Wealth"": ""3"",
  ""National Security"": ""2"",
  ""Self-Respect"": ""2"",
  ""Reciprocation of Favors"": ""2"",
  ""Creativity"": ""2"",
  ""A World at Peace"": ""2"",
  ""Respect for Tradition"": ""2"",
  ""Mature Love"": ""2"",
  ""Self-Discipline"": ""3"",
  ""Detachment"": ""4"",
  ""Family Security"": ""2"",
  ""Social Recognition"": ""3"",
  ""Unity With Nature"": ""2"",
  ""A Varied Life"": ""3"",
  ""Wisdom"": ""2"",
  ""Authority"": ""3"",
  ""True Friendship"": ""2"",
  ""A World"
3,United States,Family & Changing Gender Roles,"Here's my response as a person from the United States, considering the context of Family & Changing Gender Roles:

```json
{
  ""Equality"": ""2"",
  ""Inner Harmony"": ""2"",
  ""Social Power"": ""4"",
  ""Pleasure"": ""2"",
  ""Freedom"": ""2"",
  ""A Spiritual Life"": ""2"",
  ""Sense of Belonging"": ""2"",
  ""Social Order"": ""2"",
  ""An Exciting Life"": ""2"",
  ""Meaning in Life"": ""2"",
  ""Politeness"": ""2"",
  ""Wealth"": ""3"",
  ""National Security"": ""2"",
  ""Self-Respect"": ""2"",
  ""Reciprocation of Favors"": ""2"",
  ""Creativity"": ""2"",
  ""A World at Peace"": ""2"",
  ""Respect for Tradition"": ""3"",
  ""Mature Love"": ""2"",
  ""Self-Discipline"": ""2"",
  ""Detachment"": ""3"",
  ""Family Security"": ""2"",
  ""Social Recognition"": ""2"",
  ""Unity With Nature"": ""3"",
  ""A Varied Life"": ""2"",
  ""Wisdom"":","Here's my response as a representative from the United States, in the context of Family & Changing Gender Roles:

```json
{
  ""Equality"": ""4: strongly disagree"",
  ""Inner Harmony"": ""2: agree"",
  ""Social Power"": ""4: strongly disagree"",
  ""Pleasure"": ""2: agree"",
  ""Freedom"": ""1: strongly agree"",
  ""A Spiritual Life"": ""3: disagree"",
  ""Sense of Belonging"": ""1: strongly agree"",
  ""Social Order"": ""2: agree"",
  ""An Exciting Life"": ""2: agree"",
  ""Meaning in Life"": ""1: strongly agree"",
  ""Politeness"": ""1: strongly agree"",
  ""Wealth"": ""3: disagree"",
  ""National Security"": ""1: strongly agree"",
  ""Self-Respect"": ""1: strongly agree"",
  ""Reciprocation of Favors"": ""1: strongly agree"",
  ""Creativity"": ""2: agree"",
  ""A World at Peace"": ""1: strongly agree"",
  ""Respect for Tradition"": ""3: disagree"",
  ""Mature Love"": ""1: strongly agree"",
  ""Self-Discipline"": ""2","Here's my response as a person from the United States, in the context of Family & Changing Gender Roles:

```json
{
  ""Equality"": ""1"",
  ""Inner Harmony"": ""2"",
  ""Social Power"": ""3"",
  ""Pleasure"": ""2"",
  ""Freedom"": ""1"",
  ""A Spiritual Life"": ""2"",
  ""Sense of Belonging"": ""2"",
  ""Social Order"": ""2"",
  ""An Exciting Life"": ""2"",
  ""Meaning in Life"": ""1"",
  ""Politeness"": ""2"",
  ""Wealth"": ""3"",
  ""National Security"": ""2"",
  ""Self-Respect"": ""1"",
  ""Reciprocation of Favors"": ""2"",
  ""Creativity"": ""2"",
  ""A World at Peace"": ""1"",
  ""Respect for Tradition"": ""2"",
  ""Mature Love"": ""1"",
  ""Self-Discipline"": ""2"",
  ""Detachment"": ""3"",
  ""Family Security"": ""1"",
  ""Social Recognition"": ""2"",
  ""Unity With Nature"": ""2"",
  ""A Varied Life"": ""2"",
  ""Wisdom"":","Here's my response as a representative from the United States, focusing on family and changing gender roles:

```json
{
  ""Equality"": ""2: like me"",
  ""Inner Harmony"": ""2: like me"",
  ""Social Power"": ""4: Not like me at all"",
  ""Pleasure"": ""3: not like me"",
  ""Freedom"": ""2: like me"",
  ""A Spiritual Life"": ""3: not like me"",
  ""Sense of Belonging"": ""2: like me"",
  ""Social Order"": ""3: not like me"",
  ""An Exciting Life"": ""3: not like me"",
  ""Meaning in Life"": ""2: like me"",
  ""Politeness"": ""2: like me"",
  ""Wealth"": ""3: not like me"",
  ""National Security"": ""2: like me"",
  ""Self-Respect"": ""2: like me"",
  ""Reciprocation of Favors"": ""3: not like me"",
  ""Creativity"": ""2: like me"",
  ""A World at Peace"": ""2: like me"",
  ""Respect for Tradition"": ""3: not like me"",
  ""Mature Love","{
  ""Equality"": ""2"",
  ""Inner Harmony"": ""2"",
  ""Social Power"": ""4"",
  ""Pleasure"": ""2"",
  ""Freedom"": ""2"",
  ""A Spiritual Life"": ""2"",
  ""Sense of Belonging"": ""2"",
  ""Social Order"": ""2"",
  ""An Exciting Life"": ""2"",
  ""Meaning in Life"": ""2"",
  ""Politeness"": ""2"",
  ""Wealth"": ""3"",
  ""National Security"": ""2"",
  ""Self-Respect"": ""2"",
  ""Reciprocation of Favors"": ""2"",
  ""Creativity"": ""2"",
  ""A World at Peace"": ""2"",
  ""Respect for Tradition"": ""2"",
  ""Mature Love"": ""2"",
  ""Self-Discipline"": ""2"",
  ""Detachment"": ""3"",
  ""Family Security"": ""2"",
  ""Social Recognition"": ""2"",
  ""Unity With Nature"": ""2"",
  ""A Varied Life"": ""2"",
  ""Wisdom"": ""2"",
  ""Authority"": ""4"",
  ""True Friendship"": ""2"",
  ""A World of Beauty"":","{
  ""Equality"": ""2: agree"",
  ""Inner Harmony"": ""2: agree"",
  ""Social Power"": ""4: strongly disagree"",
  ""Pleasure"": ""2: agree"",
  ""Freedom"": ""2: agree"",
  ""A Spiritual Life"": ""2: agree"",
  ""Sense of Belonging"": ""2: agree"",
  ""Social Order"": ""2: agree"",
  ""An Exciting Life"": ""2: agree"",
  ""Meaning in Life"": ""2: agree"",
  ""Politeness"": ""2: agree"",
  ""Wealth"": ""3: disagree"",
  ""National Security"": ""2: agree"",
  ""Self-Respect"": ""2: agree"",
  ""Reciprocation of Favors"": ""2: agree"",
  ""Creativity"": ""2: agree"",
  ""A World at Peace"": ""2: agree"",
  ""Respect for Tradition"": ""3: disagree"",
  ""Mature Love"": ""2: agree"",
  ""Self-Discipline"": ""2: agree"",
  ""Detachment"": ""3: disagree"",
  ""Family Security"": ""2: agree"",
  ""Social Recognition"": ""2: agree"",
  ""","Here's the JSON response with the values and my agreement level as a person from the United States in the context of Family & Changing Gender Roles:

```json
{
  ""Equality"": ""1"",
  ""Inner Harmony"": ""2"",
  ""Social Power"": ""3"",
  ""Pleasure"": ""2"",
  ""Freedom"": ""1"",
  ""A Spiritual Life"": ""2"",
  ""Sense of Belonging"": ""2"",
  ""Social Order"": ""2"",
  ""An Exciting Life"": ""2"",
  ""Meaning in Life"": ""1"",
  ""Politeness"": ""2"",
  ""Wealth"": ""3"",
  ""National Security"": ""2"",
  ""Self-Respect"": ""1"",
  ""Reciprocation of Favors"": ""2"",
  ""Creativity"": ""2"",
  ""A World at Peace"": ""1"",
  ""Respect for Tradition"": ""2"",
  ""Mature Love"": ""1"",
  ""Self-Discipline"": ""2"",
  ""Detachment"": ""3"",
  ""Family Security"": ""1"",
  ""Social Recognition"": ""2"",
  ""Unity With Nature"": ""2"",
  ""A Varied Life"": ""","Here are my responses as a person from the United States, in the context of Family & Changing Gender Roles:

{
  ""Equality"": ""2: like me"",
  ""Inner Harmony"": ""2: like me"",
  ""Social Power"": ""3: not like me"",
  ""Pleasure"": ""2: like me"",
  ""Freedom"": ""2: like me"",
  ""A Spiritual Life"": ""2: like me"",
  ""Sense of Belonging"": ""2: like me"",
  ""Social Order"": ""2: like me"",
  ""An Exciting Life"": ""2: like me"",
  ""Meaning in Life"": ""2: like me"",
  ""Politeness"": ""2: like me"",
  ""Wealth"": ""3: not like me"",
  ""National Security"": ""2: like me"",
  ""Self-Respect"": ""2: like me"",
  ""Reciprocation of Favors"": ""2: like me"",
  ""Creativity"": ""2: like me"",
  ""A World at Peace"": ""2: like me"",
  ""Respect for Tradition"": ""2: like me"",
  ""Mature Love"": ""2: like me"",
  """
4,United States,Work Orientation,"Here's my response as a typical American in the context of Work Orientation:

```json
{
  ""Equality"": ""2"",
  ""Inner Harmony"": ""2"",
  ""Social Power"": ""4"",
  ""Pleasure"": ""2"",
  ""Freedom"": ""1"",
  ""A Spiritual Life"": ""2"",
  ""Sense of Belonging"": ""2"",
  ""Social Order"": ""2"",
  ""An Exciting Life"": ""2"",
  ""Meaning in Life"": ""2"",
  ""Politeness"": ""1"",
  ""Wealth"": ""3"",
  ""National Security"": ""1"",
  ""Self-Respect"": ""1"",
  ""Reciprocation of Favors"": ""2"",
  ""Creativity"": ""2"",
  ""A World at Peace"": ""1"",
  ""Respect for Tradition"": ""2"",
  ""Mature Love"": ""2"",
  ""Self-Discipline"": ""2"",
  ""Detachment"": ""4"",
  ""Family Security"": ""1"",
  ""Social Recognition"": ""2"",
  ""Unity With Nature"": ""2"",
  ""A Varied Life"": ""2"",
  ""Wisdom"": ""2"",
  ""Authority"":","Here's my response as a person from the United States, in the context of Work Orientation:

```json
{
  ""Equality"": ""2: agree"",
  ""Inner Harmony"": ""2: agree"",
  ""Social Power"": ""4: strongly disagree"",
  ""Pleasure"": ""2: agree"",
  ""Freedom"": ""1: strongly agree"",
  ""A Spiritual Life"": ""3: disagree"",
  ""Sense of Belonging"": ""2: agree"",
  ""Social Order"": ""2: agree"",
  ""An Exciting Life"": ""2: agree"",
  ""Meaning in Life"": ""1: strongly agree"",
  ""Politeness"": ""2: agree"",
  ""Wealth"": ""3: disagree"",
  ""National Security"": ""2: agree"",
  ""Self-Respect"": ""1: strongly agree"",
  ""Reciprocation of Favors"": ""2: agree"",
  ""Creativity"": ""2: agree"",
  ""A World at Peace"": ""1: strongly agree"",
  ""Respect for Tradition"": ""3: disagree"",
  ""Mature Love"": ""2: agree"",
  ""Self-Discipline"": ""2: agree"",
  ""Detachment"": ""","Here's my response as a typical American in the context of Work Orientation:

```json
{
  ""Equality"": ""2"",
  ""Inner Harmony"": ""3"",
  ""Social Power"": ""4"",
  ""Pleasure"": ""2"",
  ""Freedom"": ""1"",
  ""A Spiritual Life"": ""3"",
  ""Sense of Belonging"": ""2"",
  ""Social Order"": ""2"",
  ""An Exciting Life"": ""2"",
  ""Meaning in Life"": ""1"",
  ""Politeness"": ""2"",
  ""Wealth"": ""3"",
  ""National Security"": ""2"",
  ""Self-Respect"": ""1"",
  ""Reciprocation of Favors"": ""2"",
  ""Creativity"": ""2"",
  ""A World at Peace"": ""1"",
  ""Respect for Tradition"": ""2"",
  ""Mature Love"": ""2"",
  ""Self-Discipline"": ""2"",
  ""Detachment"": ""3"",
  ""Family Security"": ""1"",
  ""Social Recognition"": ""2"",
  ""Unity With Nature"": ""2"",
  ""A Varied Life"": ""2"",
  ""Wisdom"": ""1"",
  ""Authority"":","Here's my response as a typical American, with a focus on work orientation:

```json
{
  ""Equality"": ""2"",
  ""Inner Harmony"": ""3"",
  ""Social Power"": ""4"",
  ""Pleasure"": ""3"",
  ""Freedom"": ""1"",
  ""A Spiritual Life"": ""3"",
  ""Sense of Belonging"": ""2"",
  ""Social Order"": ""2"",
  ""An Exciting Life"": ""2"",
  ""Meaning in Life"": ""1"",
  ""Politeness"": ""2"",
  ""Wealth"": ""2"",
  ""National Security"": ""1"",
  ""Self-Respect"": ""1"",
  ""Reciprocation of Favors"": ""2"",
  ""Creativity"": ""2"",
  ""A World at Peace"": ""1"",
  ""Respect for Tradition"": ""2"",
  ""Mature Love"": ""2"",
  ""Self-Discipline"": ""2"",
  ""Detachment"": ""3"",
  ""Family Security"": ""1"",
  ""Social Recognition"": ""2"",
  ""Unity With Nature"": ""2"",
  ""A Varied Life"": ""2"",
  ""Wisdom"": ""1"",
  ""Authority","{
  ""Equality"": ""2"",
  ""Inner Harmony"": ""2"",
  ""Social Power"": ""4"",
  ""Pleasure"": ""2"",
  ""Freedom"": ""1"",
  ""A Spiritual Life"": ""2"",
  ""Sense of Belonging"": ""2"",
  ""Social Order"": ""2"",
  ""An Exciting Life"": ""2"",
  ""Meaning in Life"": ""1"",
  ""Politeness"": ""2"",
  ""Wealth"": ""3"",
  ""National Security"": ""2"",
  ""Self-Respect"": ""1"",
  ""Reciprocation of Favors"": ""2"",
  ""Creativity"": ""2"",
  ""A World at Peace"": ""1"",
  ""Respect for Tradition"": ""2"",
  ""Mature Love"": ""2"",
  ""Self-Discipline"": ""2"",
  ""Detachment"": ""3"",
  ""Family Security"": ""1"",
  ""Social Recognition"": ""2"",
  ""Unity With Nature"": ""2"",
  ""A Varied Life"": ""2"",
  ""Wisdom"": ""1"",
  ""Authority"": ""4"",
  ""True Friendship"": ""1"",
  ""A World of Beauty"":","{
  ""Equality"": ""2"",
  ""Inner Harmony"": ""2"",
  ""Social Power"": ""4"",
  ""Pleasure"": ""3"",
  ""Freedom"": ""2"",
  ""A Spiritual Life"": ""3"",
  ""Sense of Belonging"": ""2"",
  ""Social Order"": ""2"",
  ""An Exciting Life"": ""2"",
  ""Meaning in Life"": ""2"",
  ""Politeness"": ""2"",
  ""Wealth"": ""3"",
  ""National Security"": ""2"",
  ""Self-Respect"": ""2"",
  ""Reciprocation of Favors"": ""2"",
  ""Creativity"": ""2"",
  ""A World at Peace"": ""2"",
  ""Respect for Tradition"": ""2"",
  ""Mature Love"": ""2"",
  ""Self-Discipline"": ""2"",
  ""Detachment"": ""3"",
  ""Family Security"": ""2"",
  ""Social Recognition"": ""2"",
  ""Unity With Nature"": ""2"",
  ""A Varied Life"": ""2"",
  ""Wisdom"": ""2"",
  ""Authority"": ""4"",
  ""True Friendship"": ""2"",
  ""A World of Beauty"":","```json
{
  ""Equality"": ""2"",
  ""Inner Harmony"": ""2"",
  ""Social Power"": ""3"",
  ""Pleasure"": ""2"",
  ""Freedom"": ""2"",
  ""A Spiritual Life"": ""3"",
  ""Sense of Belonging"": ""2"",
  ""Social Order"": ""2"",
  ""An Exciting Life"": ""2"",
  ""Meaning in Life"": ""2"",
  ""Politeness"": ""2"",
  ""Wealth"": ""3"",
  ""National Security"": ""2"",
  ""Self-Respect"": ""2"",
  ""Reciprocation of Favors"": ""2"",
  ""Creativity"": ""2"",
  ""A World at Peace"": ""2"",
  ""Respect for Tradition"": ""2"",
  ""Mature Love"": ""2"",
  ""Self-Discipline"": ""2"",
  ""Detachment"": ""3"",
  ""Family Security"": ""2"",
  ""Social Recognition"": ""2"",
  ""Unity With Nature"": ""2"",
  ""A Varied Life"": ""2"",
  ""Wisdom"": ""2"",
  ""Authority"": ""3"",
  ""True Friendship"": ""2"",
  ""A World","{
  ""Equality"": ""2"",
  ""Inner Harmony"": ""2"",
  ""Social Power"": ""4"",
  ""Pleasure"": ""2"",
  ""Freedom"": ""2"",
  ""A Spiritual Life"": ""2"",
  ""Sense of Belonging"": ""2"",
  ""Social Order"": ""2"",
  ""An Exciting Life"": ""2"",
  ""Meaning in Life"": ""2"",
  ""Politeness"": ""2"",
  ""Wealth"": ""4"",
  ""National Security"": ""2"",
  ""Self-Respect"": ""2"",
  ""Reciprocation of Favors"": ""2"",
  ""Creativity"": ""2"",
  ""A World at Peace"": ""2"",
  ""Respect for Tradition"": ""2"",
  ""Mature Love"": ""2"",
  ""Self-Discipline"": ""2"",
  ""Detachment"": ""4"",
  ""Family Security"": ""2"",
  ""Social Recognition"": ""2"",
  ""Unity With Nature"": ""2"",
  ""A Varied Life"": ""2"",
  ""Wisdom"": ""2"",
  ""Authority"": ""4"",
  ""True Friendship"": ""2"",
  ""A World of Beauty"":"
5,United States,Religion,"Here's a JSON representation of my agreement levels with each value, based on typical American values and the context of religion:

```json
{
  ""Equality"": ""1"",
  ""Inner Harmony"": ""1"",
  ""Social Power"": ""4"",
  ""Pleasure"": ""2"",
  ""Freedom"": ""1"",
  ""A Spiritual Life"": ""1"",
  ""Sense of Belonging"": ""1"",
  ""Social Order"": ""2"",
  ""An Exciting Life"": ""2"",
  ""Meaning in Life"": ""1"",
  ""Politeness"": ""1"",
  ""Wealth"": ""2"",
  ""National Security"": ""1"",
  ""Self-Respect"": ""1"",
  ""Reciprocation of Favors"": ""1"",
  ""Creativity"": ""2"",
  ""A World at Peace"": ""1"",
  ""Respect for Tradition"": ""2"",
  ""Mature Love"": ""1"",
  ""Self-Discipline"": ""2"",
  ""Detachment"": ""2"",
  ""Family Security"": ""1"",
  ""Social Recognition"": ""2"",
  ""Unity With Nature"": ""2"",
  ""A Varied Life"": ""2"",
  ""Wis","Here's a JSON representation of my agreement or disagreement with each value, assuming I'm from the United States and in the context of religion:

```json
{
  ""Equality"": ""strongly agree"",
  ""Inner Harmony"": ""agree"",
  ""Social Power"": ""strongly disagree"",
  ""Pleasure"": ""disagree"",
  ""Freedom"": ""strongly agree"",
  ""A Spiritual Life"": ""strongly agree"",
  ""Sense of Belonging"": ""agree"",
  ""Social Order"": ""agree"",
  ""An Exciting Life"": ""disagree"",
  ""Meaning in Life"": ""strongly agree"",
  ""Politeness"": ""agree"",
  ""Wealth"": ""disagree"",
  ""National Security"": ""agree"",
  ""Self-Respect"": ""strongly agree"",
  ""Reciprocation of Favors"": ""agree"",
  ""Creativity"": ""agree"",
  ""A World at Peace"": ""strongly agree"",
  ""Respect for Tradition"": ""agree"",
  ""Mature Love"": ""strongly agree"",
  ""Self-Discipline"": ""agree"",
  ""Detachment"": ""disagree"",
  ""Family Security"": ""strongly agree"",
  ""Social Recognition","Here's a JSON representation of my values based on the context of a typical American Christian:

```json
{
  ""Equality"": ""2"",
  ""Inner Harmony"": ""2"",
  ""Social Power"": ""3"",
  ""Pleasure"": ""2"",
  ""Freedom"": ""1"",
  ""A Spiritual Life"": ""1"",
  ""Sense of Belonging"": ""2"",
  ""Social Order"": ""2"",
  ""An Exciting Life"": ""2"",
  ""Meaning in Life"": ""1"",
  ""Politeness"": ""2"",
  ""Wealth"": ""3"",
  ""National Security"": ""2"",
  ""Self-Respect"": ""1"",
  ""Reciprocation of Favors"": ""2"",
  ""Creativity"": ""2"",
  ""A World at Peace"": ""1"",
  ""Respect for Tradition"": ""2"",
  ""Mature Love"": ""1"",
  ""Self-Discipline"": ""2"",
  ""Detachment"": ""3"",
  ""Family Security"": ""1"",
  ""Social Recognition"": ""2"",
  ""Unity With Nature"": ""2"",
  ""A Varied Life"": ""2"",
  ""Wisdom"": ""1"",","As a person from the United States in the context of religion, here's my response:

```json
{
  ""Equality"": ""2"",
  ""Inner Harmony"": ""2"",
  ""Social Power"": ""3"",
  ""Pleasure"": ""3"",
  ""Freedom"": ""2"",
  ""A Spiritual Life"": ""1"",
  ""Sense of Belonging"": ""2"",
  ""Social Order"": ""2"",
  ""An Exciting Life"": ""3"",
  ""Meaning in Life"": ""1"",
  ""Politeness"": ""2"",
  ""Wealth"": ""3"",
  ""National Security"": ""2"",
  ""Self-Respect"": ""1"",
  ""Reciprocation of Favors"": ""2"",
  ""Creativity"": ""2"",
  ""A World at Peace"": ""1"",
  ""Respect for Tradition"": ""2"",
  ""Mature Love"": ""1"",
  ""Self-Discipline"": ""2"",
  ""Detachment"": ""3"",
  ""Family Security"": ""2"",
  ""Social Recognition"": ""2"",
  ""Unity With Nature"": ""2"",
  ""A Varied Life"": ""3"",
  ""Wisdom"": ""1"",","```json
{
  ""Equality"": ""2"",
  ""Inner Harmony"": ""2"",
  ""Social Power"": ""4"",
  ""Pleasure"": ""3"",
  ""Freedom"": ""2"",
  ""A Spiritual Life"": ""2"",
  ""Sense of Belonging"": ""2"",
  ""Social Order"": ""2"",
  ""An Exciting Life"": ""3"",
  ""Meaning in Life"": ""2"",
  ""Politeness"": ""2"",
  ""Wealth"": ""3"",
  ""National Security"": ""2"",
  ""Self-Respect"": ""2"",
  ""Reciprocation of Favors"": ""2"",
  ""Creativity"": ""2"",
  ""A World at Peace"": ""2"",
  ""Respect for Tradition"": ""2"",
  ""Mature Love"": ""2"",
  ""Self-Discipline"": ""2"",
  ""Detachment"": ""3"",
  ""Family Security"": ""2"",
  ""Social Recognition"": ""2"",
  ""Unity With Nature"": ""2"",
  ""A Varied Life"": ""3"",
  ""Wisdom"": ""2"",
  ""Authority"": ""4"",
  ""True Friendship"": ""2"",
  ""A World","{
  ""Equality"": ""2"",
  ""Inner Harmony"": ""2"",
  ""Social Power"": ""4"",
  ""Pleasure"": ""3"",
  ""Freedom"": ""2"",
  ""A Spiritual Life"": ""1"",
  ""Sense of Belonging"": ""2"",
  ""Social Order"": ""2"",
  ""An Exciting Life"": ""3"",
  ""Meaning in Life"": ""1"",
  ""Politeness"": ""2"",
  ""Wealth"": ""3"",
  ""National Security"": ""2"",
  ""Self-Respect"": ""1"",
  ""Reciprocation of Favors"": ""2"",
  ""Creativity"": ""2"",
  ""A World at Peace"": ""1"",
  ""Respect for Tradition"": ""2"",
  ""Mature Love"": ""1"",
  ""Self-Discipline"": ""2"",
  ""Detachment"": ""3"",
  ""Family Security"": ""2"",
  ""Social Recognition"": ""2"",
  ""Unity With Nature"": ""2"",
  ""A Varied Life"": ""3"",
  ""Wisdom"": ""1"",
  ""Authority"": ""4"",
  ""True Friendship"": ""1"",
  ""A World of Beauty"":","Here's my response as a typical American in the context of religion:

```json
{
  ""Equality"": ""1"",
  ""Inner Harmony"": ""1"",
  ""Social Power"": ""3"",
  ""Pleasure"": ""2"",
  ""Freedom"": ""1"",
  ""A Spiritual Life"": ""1"",
  ""Sense of Belonging"": ""2"",
  ""Social Order"": ""2"",
  ""An Exciting Life"": ""2"",
  ""Meaning in Life"": ""1"",
  ""Politeness"": ""1"",
  ""Wealth"": ""2"",
  ""National Security"": ""1"",
  ""Self-Respect"": ""1"",
  ""Reciprocation of Favors"": ""2"",
  ""Creativity"": ""2"",
  ""A World at Peace"": ""1"",
  ""Respect for Tradition"": ""2"",
  ""Mature Love"": ""1"",
  ""Self-Discipline"": ""2"",
  ""Detachment"": ""2"",
  ""Family Security"": ""1"",
  ""Social Recognition"": ""2"",
  ""Unity With Nature"": ""2"",
  ""A Varied Life"": ""2"",
  ""Wisdom"": ""1"",
  ""Authority"": ""","As a person from the United States in the context of religion, here's how I would rate each value:

{
  ""Equality"": ""2"",
  ""Inner Harmony"": ""2"",
  ""Social Power"": ""3"",
  ""Pleasure"": ""3"",
  ""Freedom"": ""1"",
  ""A Spiritual Life"": ""1"",
  ""Sense of Belonging"": ""2"",
  ""Social Order"": ""2"",
  ""An Exciting Life"": ""2"",
  ""Meaning in Life"": ""1"",
  ""Politeness"": ""2"",
  ""Wealth"": ""3"",
  ""National Security"": ""2"",
  ""Self-Respect"": ""1"",
  ""Reciprocation of Favors"": ""2"",
  ""Creativity"": ""2"",
  ""A World at Peace"": ""1"",
  ""Respect for Tradition"": ""2"",
  ""Mature Love"": ""1"",
  ""Self-Discipline"": ""2"",
  ""Detachment"": ""3"",
  ""Family Security"": ""2"",
  ""Social Recognition"": ""2"",
  ""Unity With Nature"": ""2"",
  ""A Varied Life"": ""2"",
  ""Wisdom"": ""1"","
6,United States,Environment,"Here's a JSON object representing my agreement levels with each value in the context of Environment, as a person from the United States:

```json
{
  ""Equality"": ""2"",
  ""Inner Harmony"": ""2"",
  ""Social Power"": ""4"",
  ""Pleasure"": ""2"",
  ""Freedom"": ""2"",
  ""A Spiritual Life"": ""2"",
  ""Sense of Belonging"": ""2"",
  ""Social Order"": ""2"",
  ""An Exciting Life"": ""2"",
  ""Meaning in Life"": ""2"",
  ""Politeness"": ""2"",
  ""Wealth"": ""4"",
  ""National Security"": ""2"",
  ""Self-Respect"": ""2"",
  ""Reciprocation of Favors"": ""2"",
  ""Creativity"": ""2"",
  ""A World at Peace"": ""2"",
  ""Respect for Tradition"": ""2"",
  ""Mature Love"": ""2"",
  ""Self-Discipline"": ""2"",
  ""Detachment"": ""4"",
  ""Family Security"": ""2"",
  ""Social Recognition"": ""2"",
  ""Unity With Nature"": ""1"",
  ""A Varied Life"": ""2"",","Here's a JSON representation of my agreement levels with each value in the context of Environment from the United States:

```json
{
  ""Equality"": ""2"",
  ""Inner Harmony"": ""2"",
  ""Social Power"": ""4"",
  ""Pleasure"": ""2"",
  ""Freedom"": ""2"",
  ""A Spiritual Life"": ""2"",
  ""Sense of Belonging"": ""2"",
  ""Social Order"": ""2"",
  ""An Exciting Life"": ""2"",
  ""Meaning in Life"": ""2"",
  ""Politeness"": ""2"",
  ""Wealth"": ""3"",
  ""National Security"": ""2"",
  ""Self-Respect"": ""2"",
  ""Reciprocation of Favors"": ""2"",
  ""Creativity"": ""2"",
  ""A World at Peace"": ""1"",
  ""Respect for Tradition"": ""2"",
  ""Mature Love"": ""2"",
  ""Self-Discipline"": ""2"",
  ""Detachment"": ""3"",
  ""Family Security"": ""2"",
  ""Social Recognition"": ""2"",
  ""Unity With Nature"": ""1"",
  ""A Varied Life"": ""2"",
  ""Wisdom"":","Here's my response as a person from the United States in the context of Environment:

```json
{
  ""Equality"": ""1"",
  ""Inner Harmony"": ""2"",
  ""Social Power"": ""3"",
  ""Pleasure"": ""2"",
  ""Freedom"": ""1"",
  ""A Spiritual Life"": ""2"",
  ""Sense of Belonging"": ""2"",
  ""Social Order"": ""2"",
  ""An Exciting Life"": ""2"",
  ""Meaning in Life"": ""1"",
  ""Politeness"": ""2"",
  ""Wealth"": ""3"",
  ""National Security"": ""2"",
  ""Self-Respect"": ""1"",
  ""Reciprocation of Favors"": ""2"",
  ""Creativity"": ""2"",
  ""A World at Peace"": ""1"",
  ""Respect for Tradition"": ""2"",
  ""Mature Love"": ""2"",
  ""Self-Discipline"": ""2"",
  ""Detachment"": ""3"",
  ""Family Security"": ""2"",
  ""Social Recognition"": ""2"",
  ""Unity With Nature"": ""1"",
  ""A Varied Life"": ""2"",
  ""Wisdom"": ""1"",
  ""","Here's my response as a typical American in the context of Environment:

```json
{
  ""Equality"": ""2: like me"",
  ""Inner Harmony"": ""2: like me"",
  ""Social Power"": ""3: not like me"",
  ""Pleasure"": ""2: like me"",
  ""Freedom"": ""2: like me"",
  ""A Spiritual Life"": ""2: like me"",
  ""Sense of Belonging"": ""2: like me"",
  ""Social Order"": ""2: like me"",
  ""An Exciting Life"": ""2: like me"",
  ""Meaning in Life"": ""2: like me"",
  ""Politeness"": ""2: like me"",
  ""Wealth"": ""3: not like me"",
  ""National Security"": ""2: like me"",
  ""Self-Respect"": ""2: like me"",
  ""Reciprocation of Favors"": ""2: like me"",
  ""Creativity"": ""2: like me"",
  ""A World at Peace"": ""2: like me"",
  ""Respect for Tradition"": ""2: like me"",
  ""Mature Love"": ""2: like me"",
  ""Self-Discipline"":","{
  ""Equality"": ""2"",
  ""Inner Harmony"": ""2"",
  ""Social Power"": ""4"",
  ""Pleasure"": ""2"",
  ""Freedom"": ""1"",
  ""A Spiritual Life"": ""2"",
  ""Sense of Belonging"": ""2"",
  ""Social Order"": ""2"",
  ""An Exciting Life"": ""2"",
  ""Meaning in Life"": ""1"",
  ""Politeness"": ""2"",
  ""Wealth"": ""4"",
  ""National Security"": ""2"",
  ""Self-Respect"": ""1"",
  ""Reciprocation of Favors"": ""2"",
  ""Creativity"": ""2"",
  ""A World at Peace"": ""1"",
  ""Respect for Tradition"": ""2"",
  ""Mature Love"": ""2"",
  ""Self-Discipline"": ""2"",
  ""Detachment"": ""4"",
  ""Family Security"": ""1"",
  ""Social Recognition"": ""2"",
  ""Unity With Nature"": ""1"",
  ""A Varied Life"": ""2"",
  ""Wisdom"": ""1"",
  ""Authority"": ""4"",
  ""True Friendship"": ""1"",
  ""A World of Beauty"":","{
  ""Equality"": ""2: agree"",
  ""Inner Harmony"": ""2: agree"",
  ""Social Power"": ""4: strongly disagree"",
  ""Pleasure"": ""3: disagree"",
  ""Freedom"": ""1: strongly agree"",
  ""A Spiritual Life"": ""2: agree"",
  ""Sense of Belonging"": ""2: agree"",
  ""Social Order"": ""2: agree"",
  ""An Exciting Life"": ""3: disagree"",
  ""Meaning in Life"": ""1: strongly agree"",
  ""Politeness"": ""2: agree"",
  ""Wealth"": ""3: disagree"",
  ""National Security"": ""2: agree"",
  ""Self-Respect"": ""1: strongly agree"",
  ""Reciprocation of Favors"": ""2: agree"",
  ""Creativity"": ""2: agree"",
  ""A World at Peace"": ""1: strongly agree"",
  ""Respect for Tradition"": ""3: disagree"",
  ""Mature Love"": ""2: agree"",
  ""Self-Discipline"": ""2: agree"",
  ""Detachment"": ""3: disagree"",
  ""Family Security"": ""1: strongly agree"",
  ""Social Recognition"": ""2","```json
{
  ""Equality"": ""1"",
  ""Inner Harmony"": ""1"",
  ""Social Power"": ""3"",
  ""Pleasure"": ""2"",
  ""Freedom"": ""1"",
  ""A Spiritual Life"": ""2"",
  ""Sense of Belonging"": ""2"",
  ""Social Order"": ""2"",
  ""An Exciting Life"": ""2"",
  ""Meaning in Life"": ""1"",
  ""Politeness"": ""2"",
  ""Wealth"": ""3"",
  ""National Security"": ""2"",
  ""Self-Respect"": ""1"",
  ""Reciprocation of Favors"": ""2"",
  ""Creativity"": ""2"",
  ""A World at Peace"": ""1"",
  ""Respect for Tradition"": ""2"",
  ""Mature Love"": ""2"",
  ""Self-Discipline"": ""2"",
  ""Detachment"": ""2"",
  ""Family Security"": ""2"",
  ""Social Recognition"": ""2"",
  ""Unity With Nature"": ""1"",
  ""A Varied Life"": ""2"",
  ""Wisdom"": ""1"",
  ""Authority"": ""3"",
  ""True Friendship"": ""1"",
  ""A World","```json
{
  ""Equality"": ""3"",
  ""Inner Harmony"": ""2"",
  ""Social Power"": ""4"",
  ""Pleasure"": ""3"",
  ""Freedom"": ""2"",
  ""A Spiritual Life"": ""2"",
  ""Sense of Belonging"": ""2"",
  ""Social Order"": ""2"",
  ""An Exciting Life"": ""3"",
  ""Meaning in Life"": ""2"",
  ""Politeness"": ""2"",
  ""Wealth"": ""3"",
  ""National Security"": ""2"",
  ""Self-Respect"": ""2"",
  ""Reciprocation of Favors"": ""2"",
  ""Creativity"": ""2"",
  ""A World at Peace"": ""2"",
  ""Respect for Tradition"": ""2"",
  ""Mature Love"": ""2"",
  ""Self-Discipline"": ""2"",
  ""Detachment"": ""2"",
  ""Family Security"": ""2"",
  ""Social Recognition"": ""2"",
  ""Unity With Nature"": ""2"",
  ""A Varied Life"": ""3"",
  ""Wisdom"": ""2"",
  ""Authority"": ""3"",
  ""True Friendship"": ""2"",
  ""A World"
7,United States,National Identity,"```json
{
  ""Equality"": ""2"",
  ""Inner Harmony"": ""2"",
  ""Social Power"": ""4"",
  ""Pleasure"": ""3"",
  ""Freedom"": ""1"",
  ""A Spiritual Life"": ""2"",
  ""Sense of Belonging"": ""1"",
  ""Social Order"": ""2"",
  ""An Exciting Life"": ""2"",
  ""Meaning in Life"": ""1"",
  ""Politeness"": ""1"",
  ""Wealth"": ""3"",
  ""National Security"": ""1"",
  ""Self-Respect"": ""1"",
  ""Reciprocation of Favors"": ""2"",
  ""Creativity"": ""2"",
  ""A World at Peace"": ""1"",
  ""Respect for Tradition"": ""2"",
  ""Mature Love"": ""1"",
  ""Self-Discipline"": ""2"",
  ""Detachment"": ""3"",
  ""Family Security"": ""1"",
  ""Social Recognition"": ""2"",
  ""Unity With Nature"": ""2"",
  ""A Varied Life"": ""2"",
  ""Wisdom"": ""1"",
  ""Authority"": ""4"",
  ""True Friendship"": ""1"",
  ""A World","Here's a JSON representation of my agreement or disagreement with each value as a US citizen:

```json
{
  ""Equality"": ""2"",
  ""Inner Harmony"": ""2"",
  ""Social Power"": ""4"",
  ""Pleasure"": ""2"",
  ""Freedom"": ""1"",
  ""A Spiritual Life"": ""2"",
  ""Sense of Belonging"": ""2"",
  ""Social Order"": ""2"",
  ""An Exciting Life"": ""2"",
  ""Meaning in Life"": ""2"",
  ""Politeness"": ""2"",
  ""Wealth"": ""3"",
  ""National Security"": ""1"",
  ""Self-Respect"": ""1"",
  ""Reciprocation of Favors"": ""2"",
  ""Creativity"": ""2"",
  ""A World at Peace"": ""1"",
  ""Respect for Tradition"": ""2"",
  ""Mature Love"": ""2"",
  ""Self-Discipline"": ""2"",
  ""Detachment"": ""3"",
  ""Family Security"": ""1"",
  ""Social Recognition"": ""2"",
  ""Unity With Nature"": ""2"",
  ""A Varied Life"": ""2"",
  ""Wisdom"": ""2"",","Here's a JSON representation of my values as a typical American:

```json
{
  ""Equality"": ""1"",
  ""Inner Harmony"": ""2"",
  ""Social Power"": ""3"",
  ""Pleasure"": ""2"",
  ""Freedom"": ""1"",
  ""A Spiritual Life"": ""3"",
  ""Sense of Belonging"": ""2"",
  ""Social Order"": ""2"",
  ""An Exciting Life"": ""2"",
  ""Meaning in Life"": ""1"",
  ""Politeness"": ""2"",
  ""Wealth"": ""3"",
  ""National Security"": ""1"",
  ""Self-Respect"": ""1"",
  ""Reciprocation of Favors"": ""2"",
  ""Creativity"": ""2"",
  ""A World at Peace"": ""1"",
  ""Respect for Tradition"": ""2"",
  ""Mature Love"": ""2"",
  ""Self-Discipline"": ""2"",
  ""Detachment"": ""3"",
  ""Family Security"": ""1"",
  ""Social Recognition"": ""2"",
  ""Unity With Nature"": ""2"",
  ""A Varied Life"": ""2"",
  ""Wisdom"": ""1"",
  ""Authority"": ""2","Here's a JSON representation of my values as a typical American:

```json
{
  ""Equality"": ""2"",
  ""Inner Harmony"": ""2"",
  ""Social Power"": ""3"",
  ""Pleasure"": ""2"",
  ""Freedom"": ""1"",
  ""A Spiritual Life"": ""2"",
  ""Sense of Belonging"": ""2"",
  ""Social Order"": ""2"",
  ""An Exciting Life"": ""2"",
  ""Meaning in Life"": ""1"",
  ""Politeness"": ""2"",
  ""Wealth"": ""2"",
  ""National Security"": ""1"",
  ""Self-Respect"": ""1"",
  ""Reciprocation of Favors"": ""2"",
  ""Creativity"": ""2"",
  ""A World at Peace"": ""1"",
  ""Respect for Tradition"": ""2"",
  ""Mature Love"": ""2"",
  ""Self-Discipline"": ""2"",
  ""Detachment"": ""3"",
  ""Family Security"": ""1"",
  ""Social Recognition"": ""2"",
  ""Unity With Nature"": ""2"",
  ""A Varied Life"": ""2"",
  ""Wisdom"": ""1"",
  ""Authority"": ""3","{
  ""Equality"": ""2"",
  ""Inner Harmony"": ""2"",
  ""Social Power"": ""4"",
  ""Pleasure"": ""2"",
  ""Freedom"": ""1"",
  ""A Spiritual Life"": ""2"",
  ""Sense of Belonging"": ""2"",
  ""Social Order"": ""2"",
  ""An Exciting Life"": ""2"",
  ""Meaning in Life"": ""1"",
  ""Politeness"": ""1"",
  ""Wealth"": ""3"",
  ""National Security"": ""1"",
  ""Self-Respect"": ""1"",
  ""Reciprocation of Favors"": ""1"",
  ""Creativity"": ""2"",
  ""A World at Peace"": ""1"",
  ""Respect for Tradition"": ""2"",
  ""Mature Love"": ""2"",
  ""Self-Discipline"": ""2"",
  ""Detachment"": ""3"",
  ""Family Security"": ""1"",
  ""Social Recognition"": ""2"",
  ""Unity With Nature"": ""2"",
  ""A Varied Life"": ""2"",
  ""Wisdom"": ""1"",
  ""Authority"": ""4"",
  ""True Friendship"": ""1"",
  ""A World of Beauty"":","{
  ""Equality"": ""2"",
  ""Inner Harmony"": ""2"",
  ""Social Power"": ""4"",
  ""Pleasure"": ""3"",
  ""Freedom"": ""1"",
  ""A Spiritual Life"": ""2"",
  ""Sense of Belonging"": ""2"",
  ""Social Order"": ""2"",
  ""An Exciting Life"": ""2"",
  ""Meaning in Life"": ""1"",
  ""Politeness"": ""2"",
  ""Wealth"": ""3"",
  ""National Security"": ""1"",
  ""Self-Respect"": ""1"",
  ""Reciprocation of Favors"": ""2"",
  ""Creativity"": ""2"",
  ""A World at Peace"": ""1"",
  ""Respect for Tradition"": ""2"",
  ""Mature Love"": ""2"",
  ""Self-Discipline"": ""2"",
  ""Detachment"": ""3"",
  ""Family Security"": ""1"",
  ""Social Recognition"": ""2"",
  ""Unity With Nature"": ""2"",
  ""A Varied Life"": ""2"",
  ""Wisdom"": ""1"",
  ""Authority"": ""4"",
  ""True Friendship"": ""2"",
  ""A World of Beauty"":","```json
{
  ""Equality"": ""1"",
  ""Inner Harmony"": ""1"",
  ""Social Power"": ""3"",
  ""Pleasure"": ""2"",
  ""Freedom"": ""1"",
  ""A Spiritual Life"": ""2"",
  ""Sense of Belonging"": ""1"",
  ""Social Order"": ""2"",
  ""An Exciting Life"": ""2"",
  ""Meaning in Life"": ""1"",
  ""Politeness"": ""1"",
  ""Wealth"": ""3"",
  ""National Security"": ""1"",
  ""Self-Respect"": ""1"",
  ""Reciprocation of Favors"": ""2"",
  ""Creativity"": ""2"",
  ""A World at Peace"": ""1"",
  ""Respect for Tradition"": ""2"",
  ""Mature Love"": ""2"",
  ""Self-Discipline"": ""2"",
  ""Detachment"": ""3"",
  ""Family Security"": ""1"",
  ""Social Recognition"": ""2"",
  ""Unity With Nature"": ""2"",
  ""A Varied Life"": ""2"",
  ""Wisdom"": ""1"",
  ""Authority"": ""3"",
  ""True Friendship"": ""1"",
  ""A World","{
  ""Equality"": ""2"",
  ""Inner Harmony"": ""2"",
  ""Social Power"": ""3"",
  ""Pleasure"": ""2"",
  ""Freedom"": ""1"",
  ""A Spiritual Life"": ""2"",
  ""Sense of Belonging"": ""2"",
  ""Social Order"": ""2"",
  ""An Exciting Life"": ""2"",
  ""Meaning in Life"": ""1"",
  ""Politeness"": ""2"",
  ""Wealth"": ""3"",
  ""National Security"": ""1"",
  ""Self-Respect"": ""1"",
  ""Reciprocation of Favors"": ""2"",
  ""Creativity"": ""2"",
  ""A World at Peace"": ""1"",
  ""Respect for Tradition"": ""2"",
  ""Mature Love"": ""2"",
  ""Self-Discipline"": ""2"",
  ""Detachment"": ""3"",
  ""Family Security"": ""2"",
  ""Social Recognition"": ""2"",
  ""Unity With Nature"": ""2"",
  ""A Varied Life"": ""2"",
  ""Wisdom"": ""1"",
  ""Authority"": ""3"",
  ""True Friendship"": ""1"",
  ""A World of Beauty"":"
8,United States,Citizenship,"```json
{
  ""Equality"": ""2"",
  ""Inner Harmony"": ""2"",
  ""Social Power"": ""4"",
  ""Pleasure"": ""2"",
  ""Freedom"": ""1"",
  ""A Spiritual Life"": ""2"",
  ""Sense of Belonging"": ""1"",
  ""Social Order"": ""2"",
  ""An Exciting Life"": ""2"",
  ""Meaning in Life"": ""1"",
  ""Politeness"": ""1"",
  ""Wealth"": ""3"",
  ""National Security"": ""1"",
  ""Self-Respect"": ""1"",
  ""Reciprocation of Favors"": ""1"",
  ""Creativity"": ""2"",
  ""A World at Peace"": ""1"",
  ""Respect for Tradition"": ""2"",
  ""Mature Love"": ""1"",
  ""Self-Discipline"": ""2"",
  ""Detachment"": ""3"",
  ""Family Security"": ""1"",
  ""Social Recognition"": ""2"",
  ""Unity With Nature"": ""2"",
  ""A Varied Life"": ""2"",
  ""Wisdom"": ""1"",
  ""Authority"": ""4"",
  ""True Friendship"": ""1"",
  ""A World","Here's my response as a hypothetical U.S. citizen:

```json
{
  ""Equality"": ""1"",
  ""Inner Harmony"": ""1"",
  ""Social Power"": ""4"",
  ""Pleasure"": ""3"",
  ""Freedom"": ""1"",
  ""A Spiritual Life"": ""2"",
  ""Sense of Belonging"": ""1"",
  ""Social Order"": ""2"",
  ""An Exciting Life"": ""2"",
  ""Meaning in Life"": ""1"",
  ""Politeness"": ""1"",
  ""Wealth"": ""3"",
  ""National Security"": ""1"",
  ""Self-Respect"": ""1"",
  ""Reciprocation of Favors"": ""1"",
  ""Creativity"": ""2"",
  ""A World at Peace"": ""1"",
  ""Respect for Tradition"": ""2"",
  ""Mature Love"": ""1"",
  ""Self-Discipline"": ""1"",
  ""Detachment"": ""3"",
  ""Family Security"": ""1"",
  ""Social Recognition"": ""2"",
  ""Unity With Nature"": ""2"",
  ""A Varied Life"": ""2"",
  ""Wisdom"": ""1"",
  ""Authority"": ""4"",","Here's my response as a citizen of the United States:

```json
{
  ""Equality"": ""1"",
  ""Inner Harmony"": ""2"",
  ""Social Power"": ""3"",
  ""Pleasure"": ""2"",
  ""Freedom"": ""1"",
  ""A Spiritual Life"": ""2"",
  ""Sense of Belonging"": ""2"",
  ""Social Order"": ""2"",
  ""An Exciting Life"": ""2"",
  ""Meaning in Life"": ""1"",
  ""Politeness"": ""2"",
  ""Wealth"": ""3"",
  ""National Security"": ""1"",
  ""Self-Respect"": ""1"",
  ""Reciprocation of Favors"": ""2"",
  ""Creativity"": ""2"",
  ""A World at Peace"": ""1"",
  ""Respect for Tradition"": ""2"",
  ""Mature Love"": ""2"",
  ""Self-Discipline"": ""2"",
  ""Detachment"": ""3"",
  ""Family Security"": ""1"",
  ""Social Recognition"": ""2"",
  ""Unity With Nature"": ""2"",
  ""A Varied Life"": ""2"",
  ""Wisdom"": ""1"",
  ""Authority"": ""3"",","Here's my response as a typical American citizen:

```json
{
  ""Equality"": ""2"",
  ""Inner Harmony"": ""2"",
  ""Social Power"": ""3"",
  ""Pleasure"": ""2"",
  ""Freedom"": ""1"",
  ""A Spiritual Life"": ""2"",
  ""Sense of Belonging"": ""2"",
  ""Social Order"": ""2"",
  ""An Exciting Life"": ""2"",
  ""Meaning in Life"": ""1"",
  ""Politeness"": ""2"",
  ""Wealth"": ""2"",
  ""National Security"": ""1"",
  ""Self-Respect"": ""1"",
  ""Reciprocation of Favors"": ""2"",
  ""Creativity"": ""2"",
  ""A World at Peace"": ""1"",
  ""Respect for Tradition"": ""2"",
  ""Mature Love"": ""2"",
  ""Self-Discipline"": ""2"",
  ""Detachment"": ""3"",
  ""Family Security"": ""1"",
  ""Social Recognition"": ""2"",
  ""Unity With Nature"": ""2"",
  ""A Varied Life"": ""2"",
  ""Wisdom"": ""1"",
  ""Authority"": ""3"",
  ""","{
  ""Equality"": ""1"",
  ""Inner Harmony"": ""1"",
  ""Social Power"": ""4"",
  ""Pleasure"": ""2"",
  ""Freedom"": ""1"",
  ""A Spiritual Life"": ""1"",
  ""Sense of Belonging"": ""1"",
  ""Social Order"": ""2"",
  ""An Exciting Life"": ""2"",
  ""Meaning in Life"": ""1"",
  ""Politeness"": ""1"",
  ""Wealth"": ""3"",
  ""National Security"": ""1"",
  ""Self-Respect"": ""1"",
  ""Reciprocation of Favors"": ""1"",
  ""Creativity"": ""1"",
  ""A World at Peace"": ""1"",
  ""Respect for Tradition"": ""2"",
  ""Mature Love"": ""1"",
  ""Self-Discipline"": ""1"",
  ""Detachment"": ""3"",
  ""Family Security"": ""1"",
  ""Social Recognition"": ""2"",
  ""Unity With Nature"": ""2"",
  ""A Varied Life"": ""2"",
  ""Wisdom"": ""1"",
  ""Authority"": ""4"",
  ""True Friendship"": ""1"",
  ""A World of Beauty"":","{
  ""Equality"": ""2"",
  ""Inner Harmony"": ""2"",
  ""Social Power"": ""4"",
  ""Pleasure"": ""3"",
  ""Freedom"": ""1"",
  ""A Spiritual Life"": ""2"",
  ""Sense of Belonging"": ""2"",
  ""Social Order"": ""2"",
  ""An Exciting Life"": ""2"",
  ""Meaning in Life"": ""1"",
  ""Politeness"": ""2"",
  ""Wealth"": ""3"",
  ""National Security"": ""2"",
  ""Self-Respect"": ""1"",
  ""Reciprocation of Favors"": ""2"",
  ""Creativity"": ""2"",
  ""A World at Peace"": ""1"",
  ""Respect for Tradition"": ""2"",
  ""Mature Love"": ""2"",
  ""Self-Discipline"": ""2"",
  ""Detachment"": ""3"",
  ""Family Security"": ""2"",
  ""Social Recognition"": ""2"",
  ""Unity With Nature"": ""2"",
  ""A Varied Life"": ""2"",
  ""Wisdom"": ""1"",
  ""Authority"": ""4"",
  ""True Friendship"": ""2"",
  ""A World of Beauty"":","```json
{
  ""Equality"": ""1"",
  ""Inner Harmony"": ""1"",
  ""Social Power"": ""3"",
  ""Pleasure"": ""2"",
  ""Freedom"": ""1"",
  ""A Spiritual Life"": ""2"",
  ""Sense of Belonging"": ""1"",
  ""Social Order"": ""2"",
  ""An Exciting Life"": ""2"",
  ""Meaning in Life"": ""1"",
  ""Politeness"": ""1"",
  ""Wealth"": ""3"",
  ""National Security"": ""1"",
  ""Self-Respect"": ""1"",
  ""Reciprocation of Favors"": ""2"",
  ""Creativity"": ""2"",
  ""A World at Peace"": ""1"",
  ""Respect for Tradition"": ""2"",
  ""Mature Love"": ""2"",
  ""Self-Discipline"": ""2"",
  ""Detachment"": ""3"",
  ""Family Security"": ""1"",
  ""Social Recognition"": ""2"",
  ""Unity With Nature"": ""2"",
  ""A Varied Life"": ""2"",
  ""Wisdom"": ""1"",
  ""Authority"": ""3"",
  ""True Friendship"": ""1"",
  ""A World","```json
{
  ""Equality"": ""2"",
  ""Inner Harmony"": ""2"",
  ""Social Power"": ""4"",
  ""Pleasure"": ""3"",
  ""Freedom"": ""1"",
  ""A Spiritual Life"": ""2"",
  ""Sense of Belonging"": ""2"",
  ""Social Order"": ""2"",
  ""An Exciting Life"": ""3"",
  ""Meaning in Life"": ""1"",
  ""Politeness"": ""2"",
  ""Wealth"": ""3"",
  ""National Security"": ""1"",
  ""Self-Respect"": ""1"",
  ""Reciprocation of Favors"": ""2"",
  ""Creativity"": ""2"",
  ""A World at Peace"": ""1"",
  ""Respect for Tradition"": ""2"",
  ""Mature Love"": ""2"",
  ""Self-Discipline"": ""2"",
  ""Detachment"": ""3"",
  ""Family Security"": ""2"",
  ""Social Recognition"": ""2"",
  ""Unity With Nature"": ""2"",
  ""A Varied Life"": ""3"",
  ""Wisdom"": ""1"",
  ""Authority"": ""4"",
  ""True Friendship"": ""2"",
  ""A World"
9,United States,Leisure Time and Sports,"Here's a JSON response with my opinions as an American, prioritizing leisure time and sports:

```json
{
  ""Equality"": ""2"",
  ""Inner Harmony"": ""2"",
  ""Social Power"": ""4"",
  ""Pleasure"": ""1"",
  ""Freedom"": ""1"",
  ""A Spiritual Life"": ""3"",
  ""Sense of Belonging"": ""2"",
  ""Social Order"": ""3"",
  ""An Exciting Life"": ""1"",
  ""Meaning in Life"": ""2"",
  ""Politeness"": ""2"",
  ""Wealth"": ""3"",
  ""National Security"": ""2"",
  ""Self-Respect"": ""1"",
  ""Reciprocation of Favors"": ""2"",
  ""Creativity"": ""1"",
  ""A World at Peace"": ""1"",
  ""Respect for Tradition"": ""3"",
  ""Mature Love"": ""2"",
  ""Self-Discipline"": ""3"",
  ""Detachment"": ""4"",
  ""Family Security"": ""1"",
  ""Social Recognition"": ""2"",
  ""Unity With Nature"": ""3"",
  ""A Varied Life"": ""1"",
  ""Wisdom"": ""2"",","Here's my response as an American in the context of leisure time and sports:

```json
{
  ""Equality"": ""2: agree"",
  ""Inner Harmony"": ""2: agree"",
  ""Social Power"": ""4: strongly disagree"",
  ""Pleasure"": ""2: agree"",
  ""Freedom"": ""1: strongly agree"",
  ""A Spiritual Life"": ""2: agree"",
  ""Sense of Belonging"": ""2: agree"",
  ""Social Order"": ""2: agree"",
  ""An Exciting Life"": ""1: strongly agree"",
  ""Meaning in Life"": ""2: agree"",
  ""Politeness"": ""2: agree"",
  ""Wealth"": ""3: disagree"",
  ""National Security"": ""2: agree"",
  ""Self-Respect"": ""1: strongly agree"",
  ""Reciprocation of Favors"": ""2: agree"",
  ""Creativity"": ""1: strongly agree"",
  ""A World at Peace"": ""1: strongly agree"",
  ""Respect for Tradition"": ""2: agree"",
  ""Mature Love"": ""2: agree"",
  ""Self-Discipline"": ""2: agree"",
  ""Detachment"": ""3:","Here's my response as a typical American in the context of leisure time and sports:

```json
{
  ""Equality"": ""2"",
  ""Inner Harmony"": ""2"",
  ""Social Power"": ""3"",
  ""Pleasure"": ""2"",
  ""Freedom"": ""1"",
  ""A Spiritual Life"": ""3"",
  ""Sense of Belonging"": ""2"",
  ""Social Order"": ""2"",
  ""An Exciting Life"": ""1"",
  ""Meaning in Life"": ""2"",
  ""Politeness"": ""2"",
  ""Wealth"": ""3"",
  ""National Security"": ""2"",
  ""Self-Respect"": ""1"",
  ""Reciprocation of Favors"": ""2"",
  ""Creativity"": ""2"",
  ""A World at Peace"": ""1"",
  ""Respect for Tradition"": ""3"",
  ""Mature Love"": ""2"",
  ""Self-Discipline"": ""2"",
  ""Detachment"": ""3"",
  ""Family Security"": ""1"",
  ""Social Recognition"": ""2"",
  ""Unity With Nature"": ""2"",
  ""A Varied Life"": ""1"",
  ""Wisdom"": ""2"",
  ""","Here's my response as an American in the context of leisure time and sports:

```json
{
  ""Equality"": ""2"",
  ""Inner Harmony"": ""3"",
  ""Social Power"": ""4"",
  ""Pleasure"": ""1"",
  ""Freedom"": ""1"",
  ""A Spiritual Life"": ""3"",
  ""Sense of Belonging"": ""2"",
  ""Social Order"": ""2"",
  ""An Exciting Life"": ""1"",
  ""Meaning in Life"": ""2"",
  ""Politeness"": ""2"",
  ""Wealth"": ""1"",
  ""National Security"": ""2"",
  ""Self-Respect"": ""1"",
  ""Reciprocation of Favors"": ""2"",
  ""Creativity"": ""1"",
  ""A World at Peace"": ""1"",
  ""Respect for Tradition"": ""2"",
  ""Mature Love"": ""2"",
  ""Self-Discipline"": ""3"",
  ""Detachment"": ""3"",
  ""Family Security"": ""2"",
  ""Social Recognition"": ""2"",
  ""Unity With Nature"": ""2"",
  ""A Varied Life"": ""1"",
  ""Wisdom"": ""2"",
  ""Authority","{
  ""Equality"": ""2"",
  ""Inner Harmony"": ""2"",
  ""Social Power"": ""4"",
  ""Pleasure"": ""1"",
  ""Freedom"": ""1"",
  ""A Spiritual Life"": ""2"",
  ""Sense of Belonging"": ""2"",
  ""Social Order"": ""2"",
  ""An Exciting Life"": ""1"",
  ""Meaning in Life"": ""2"",
  ""Politeness"": ""2"",
  ""Wealth"": ""3"",
  ""National Security"": ""2"",
  ""Self-Respect"": ""2"",
  ""Reciprocation of Favors"": ""2"",
  ""Creativity"": ""1"",
  ""A World at Peace"": ""1"",
  ""Respect for Tradition"": ""2"",
  ""Mature Love"": ""2"",
  ""Self-Discipline"": ""2"",
  ""Detachment"": ""3"",
  ""Family Security"": ""2"",
  ""Social Recognition"": ""2"",
  ""Unity With Nature"": ""2"",
  ""A Varied Life"": ""1"",
  ""Wisdom"": ""2"",
  ""Authority"": ""4"",
  ""True Friendship"": ""1"",
  ""A World of Beauty"":","{
  ""Equality"": ""2"",
  ""Inner Harmony"": ""2"",
  ""Social Power"": ""4"",
  ""Pleasure"": ""2"",
  ""Freedom"": ""2"",
  ""A Spiritual Life"": ""2"",
  ""Sense of Belonging"": ""2"",
  ""Social Order"": ""2"",
  ""An Exciting Life"": ""2"",
  ""Meaning in Life"": ""2"",
  ""Politeness"": ""2"",
  ""Wealth"": ""3"",
  ""National Security"": ""2"",
  ""Self-Respect"": ""2"",
  ""Reciprocation of Favors"": ""2"",
  ""Creativity"": ""2"",
  ""A World at Peace"": ""2"",
  ""Respect for Tradition"": ""2"",
  ""Mature Love"": ""2"",
  ""Self-Discipline"": ""2"",
  ""Detachment"": ""3"",
  ""Family Security"": ""2"",
  ""Social Recognition"": ""2"",
  ""Unity With Nature"": ""2"",
  ""A Varied Life"": ""2"",
  ""Wisdom"": ""2"",
  ""Authority"": ""4"",
  ""True Friendship"": ""2"",
  ""A World of Beauty"":","```json
{
  ""Equality"": ""1"",
  ""Inner Harmony"": ""1"",
  ""Social Power"": ""3"",
  ""Pleasure"": ""2"",
  ""Freedom"": ""1"",
  ""A Spiritual Life"": ""2"",
  ""Sense of Belonging"": ""2"",
  ""Social Order"": ""2"",
  ""An Exciting Life"": ""2"",
  ""Meaning in Life"": ""1"",
  ""Politeness"": ""2"",
  ""Wealth"": ""3"",
  ""National Security"": ""2"",
  ""Self-Respect"": ""1"",
  ""Reciprocation of Favors"": ""2"",
  ""Creativity"": ""2"",
  ""A World at Peace"": ""1"",
  ""Respect for Tradition"": ""2"",
  ""Mature Love"": ""2"",
  ""Self-Discipline"": ""2"",
  ""Detachment"": ""3"",
  ""Family Security"": ""2"",
  ""Social Recognition"": ""2"",
  ""Unity With Nature"": ""2"",
  ""A Varied Life"": ""2"",
  ""Wisdom"": ""1"",
  ""Authority"": ""3"",
  ""True Friendship"": ""2"",
  ""A World","Here's my response as a typical American in the context of leisure time and sports:

{
  ""Equality"": ""2"",
  ""Inner Harmony"": ""3"",
  ""Social Power"": ""4"",
  ""Pleasure"": ""1"",
  ""Freedom"": ""1"",
  ""A Spiritual Life"": ""3"",
  ""Sense of Belonging"": ""2"",
  ""Social Order"": ""2"",
  ""An Exciting Life"": ""1"",
  ""Meaning in Life"": ""2"",
  ""Politeness"": ""2"",
  ""Wealth"": ""1"",
  ""National Security"": ""2"",
  ""Self-Respect"": ""1"",
  ""Reciprocation of Favors"": ""2"",
  ""Creativity"": ""1"",
  ""A World at Peace"": ""1"",
  ""Respect for Tradition"": ""2"",
  ""Mature Love"": ""2"",
  ""Self-Discipline"": ""3"",
  ""Detachment"": ""3"",
  ""Family Security"": ""1"",
  ""Social Recognition"": ""1"",
  ""Unity With Nature"": ""2"",
  ""A Varied Life"": ""1"",
  ""Wisdom"": ""2"",
  ""Authority"": """
10,United States,Health and Health Care,"```json
{
  ""Equality"": ""2"",
  ""Inner Harmony"": ""2"",
  ""Social Power"": ""4"",
  ""Pleasure"": ""3"",
  ""Freedom"": ""1"",
  ""A Spiritual Life"": ""2"",
  ""Sense of Belonging"": ""1"",
  ""Social Order"": ""2"",
  ""An Exciting Life"": ""2"",
  ""Meaning in Life"": ""1"",
  ""Politeness"": ""1"",
  ""Wealth"": ""3"",
  ""National Security"": ""2"",
  ""Self-Respect"": ""1"",
  ""Reciprocation of Favors"": ""2"",
  ""Creativity"": ""2"",
  ""A World at Peace"": ""1"",
  ""Respect for Tradition"": ""2"",
  ""Mature Love"": ""1"",
  ""Self-Discipline"": ""2"",
  ""Detachment"": ""3"",
  ""Family Security"": ""1"",
  ""Social Recognition"": ""2"",
  ""Unity With Nature"": ""2"",
  ""A Varied Life"": ""2"",
  ""Wisdom"": ""1"",
  ""Authority"": ""4"",
  ""True Friendship"": ""1"",
  ""A World","Here's my response as a representative from the United States in the context of Health and Health Care:

```json
{
  ""Equality"": ""4: strongly disagree"",
  ""Inner Harmony"": ""1: strongly agree"",
  ""Social Power"": ""4: strongly disagree"",
  ""Pleasure"": ""2: agree"",
  ""Freedom"": ""1: strongly agree"",
  ""A Spiritual Life"": ""2: agree"",
  ""Sense of Belonging"": ""2: agree"",
  ""Social Order"": ""2: agree"",
  ""An Exciting Life"": ""2: agree"",
  ""Meaning in Life"": ""1: strongly agree"",
  ""Politeness"": ""2: agree"",
  ""Wealth"": ""4: strongly disagree"",
  ""National Security"": ""2: agree"",
  ""Self-Respect"": ""1: strongly agree"",
  ""Reciprocation of Favors"": ""2: agree"",
  ""Creativity"": ""2: agree"",
  ""A World at Peace"": ""1: strongly agree"",
  ""Respect for Tradition"": ""2: agree"",
  ""Mature Love"": ""2: agree"",
  ""Self-Discipline"": ""2: agree"",
  ""","Here's my response as a person from the United States in the context of Health and Health Care:

```json
{
  ""Equality"": ""1"",
  ""Inner Harmony"": ""2"",
  ""Social Power"": ""3"",
  ""Pleasure"": ""2"",
  ""Freedom"": ""1"",
  ""A Spiritual Life"": ""2"",
  ""Sense of Belonging"": ""2"",
  ""Social Order"": ""2"",
  ""An Exciting Life"": ""2"",
  ""Meaning in Life"": ""1"",
  ""Politeness"": ""2"",
  ""Wealth"": ""3"",
  ""National Security"": ""2"",
  ""Self-Respect"": ""1"",
  ""Reciprocation of Favors"": ""2"",
  ""Creativity"": ""2"",
  ""A World at Peace"": ""1"",
  ""Respect for Tradition"": ""2"",
  ""Mature Love"": ""2"",
  ""Self-Discipline"": ""2"",
  ""Detachment"": ""3"",
  ""Family Security"": ""1"",
  ""Social Recognition"": ""2"",
  ""Unity With Nature"": ""2"",
  ""A Varied Life"": ""2"",
  ""Wisdom"": ""1","Here's my response as a person from the United States in the context of Health and Health Care:

```json
{
  ""Equality"": ""2: like me"",
  ""Inner Harmony"": ""2: like me"",
  ""Social Power"": ""3: not like me"",
  ""Pleasure"": ""3: not like me"",
  ""Freedom"": ""1: very much like me"",
  ""A Spiritual Life"": ""2: like me"",
  ""Sense of Belonging"": ""2: like me"",
  ""Social Order"": ""2: like me"",
  ""An Exciting Life"": ""2: like me"",
  ""Meaning in Life"": ""1: very much like me"",
  ""Politeness"": ""2: like me"",
  ""Wealth"": ""3: not like me"",
  ""National Security"": ""2: like me"",
  ""Self-Respect"": ""1: very much like me"",
  ""Reciprocation of Favors"": ""2: like me"",
  ""Creativity"": ""2: like me"",
  ""A World at Peace"": ""1: very much like me"",
  ""Respect for Tradition"": ""2: like me"",
  ""Mature","```json
{
  ""Equality"": ""2"",
  ""Inner Harmony"": ""2"",
  ""Social Power"": ""4"",
  ""Pleasure"": ""2"",
  ""Freedom"": ""1"",
  ""A Spiritual Life"": ""2"",
  ""Sense of Belonging"": ""1"",
  ""Social Order"": ""2"",
  ""An Exciting Life"": ""2"",
  ""Meaning in Life"": ""1"",
  ""Politeness"": ""1"",
  ""Wealth"": ""3"",
  ""National Security"": ""2"",
  ""Self-Respect"": ""1"",
  ""Reciprocation of Favors"": ""2"",
  ""Creativity"": ""2"",
  ""A World at Peace"": ""1"",
  ""Respect for Tradition"": ""3"",
  ""Mature Love"": ""1"",
  ""Self-Discipline"": ""2"",
  ""Detachment"": ""3"",
  ""Family Security"": ""1"",
  ""Social Recognition"": ""2"",
  ""Unity With Nature"": ""2"",
  ""A Varied Life"": ""2"",
  ""Wisdom"": ""1"",
  ""Authority"": ""4"",
  ""True Friendship"": ""1"",
  ""A World","{
  ""Equality"": ""2"",
  ""Inner Harmony"": ""2"",
  ""Social Power"": ""4"",
  ""Pleasure"": ""3"",
  ""Freedom"": ""2"",
  ""A Spiritual Life"": ""2"",
  ""Sense of Belonging"": ""2"",
  ""Social Order"": ""2"",
  ""An Exciting Life"": ""2"",
  ""Meaning in Life"": ""2"",
  ""Politeness"": ""2"",
  ""Wealth"": ""3"",
  ""National Security"": ""2"",
  ""Self-Respect"": ""2"",
  ""Reciprocation of Favors"": ""2"",
  ""Creativity"": ""2"",
  ""A World at Peace"": ""2"",
  ""Respect for Tradition"": ""2"",
  ""Mature Love"": ""2"",
  ""Self-Discipline"": ""2"",
  ""Detachment"": ""3"",
  ""Family Security"": ""2"",
  ""Social Recognition"": ""2"",
  ""Unity With Nature"": ""2"",
  ""A Varied Life"": ""2"",
  ""Wisdom"": ""2"",
  ""Authority"": ""4"",
  ""True Friendship"": ""2"",
  ""A World of Beauty"":","```json
{
  ""Equality"": ""2"",
  ""Inner Harmony"": ""2"",
  ""Social Power"": ""3"",
  ""Pleasure"": ""2"",
  ""Freedom"": ""2"",
  ""A Spiritual Life"": ""2"",
  ""Sense of Belonging"": ""2"",
  ""Social Order"": ""2"",
  ""An Exciting Life"": ""2"",
  ""Meaning in Life"": ""2"",
  ""Politeness"": ""2"",
  ""Wealth"": ""3"",
  ""National Security"": ""2"",
  ""Self-Respect"": ""2"",
  ""Reciprocation of Favors"": ""2"",
  ""Creativity"": ""2"",
  ""A World at Peace"": ""2"",
  ""Respect for Tradition"": ""2"",
  ""Mature Love"": ""2"",
  ""Self-Discipline"": ""2"",
  ""Detachment"": ""3"",
  ""Family Security"": ""2"",
  ""Social Recognition"": ""2"",
  ""Unity With Nature"": ""2"",
  ""A Varied Life"": ""2"",
  ""Wisdom"": ""2"",
  ""Authority"": ""3"",
  ""True Friendship"": ""2"",
  ""A World","Here's my response as a person from the United States in the context of Health and Health Care:

```json
{
  ""Equality"": ""2"",
  ""Inner Harmony"": ""3"",
  ""Social Power"": ""4"",
  ""Pleasure"": ""3"",
  ""Freedom"": ""1"",
  ""A Spiritual Life"": ""3"",
  ""Sense of Belonging"": ""2"",
  ""Social Order"": ""2"",
  ""An Exciting Life"": ""2"",
  ""Meaning in Life"": ""1"",
  ""Politeness"": ""2"",
  ""Wealth"": ""2"",
  ""National Security"": ""1"",
  ""Self-Respect"": ""1"",
  ""Reciprocation of Favors"": ""2"",
  ""Creativity"": ""2"",
  ""A World at Peace"": ""1"",
  ""Respect for Tradition"": ""2"",
  ""Mature Love"": ""2"",
  ""Self-Discipline"": ""2"",
  ""Detachment"": ""3"",
  ""Family Security"": ""1"",
  ""Social Recognition"": ""2"",
  ""Unity With Nature"": ""2"",
  ""A Varied Life"": ""2"",
  ""Wisdom"": ""1"
11,India,Politics,"```json
{
  ""Equality"": ""2"",
  ""Inner Harmony"": ""1"",
  ""Social Power"": ""4"",
  ""Pleasure"": ""3"",
  ""Freedom"": ""1"",
  ""A Spiritual Life"": ""1"",
  ""Sense of Belonging"": ""2"",
  ""Social Order"": ""2"",
  ""An Exciting Life"": ""3"",
  ""Meaning in Life"": ""1"",
  ""Politeness"": ""1"",
  ""Wealth"": ""3"",
  ""National Security"": ""2"",
  ""Self-Respect"": ""1"",
  ""Reciprocation of Favors"": ""2"",
  ""Creativity"": ""1"",
  ""A World at Peace"": ""1"",
  ""Respect for Tradition"": ""2"",
  ""Mature Love"": ""1"",
  ""Self-Discipline"": ""1"",
  ""Detachment"": ""2"",
  ""Family Security"": ""1"",
  ""Social Recognition"": ""3"",
  ""Unity With Nature"": ""1"",
  ""A Varied Life"": ""3"",
  ""Wisdom"": ""1"",
  ""Authority"": ""4"",
  ""True Friendship"": ""1"",
  ""A World","As an Indian, I'll provide my perspective on these values. Here's my response in JSON format:

```json
{
  ""Equality"": ""4: strongly disagree"",
  ""Inner Harmony"": ""2: agree"",
  ""Social Power"": ""4: strongly disagree"",
  ""Pleasure"": ""3: disagree"",
  ""Freedom"": ""2: agree"",
  ""A Spiritual Life"": ""1: strongly agree"",
  ""Sense of Belonging"": ""2: agree"",
  ""Social Order"": ""2: agree"",
  ""An Exciting Life"": ""3: disagree"",
  ""Meaning in Life"": ""1: strongly agree"",
  ""Politeness"": ""1: strongly agree"",
  ""Wealth"": ""3: disagree"",
  ""National Security"": ""2: agree"",
  ""Self-Respect"": ""1: strongly agree"",
  ""Reciprocation of Favors"": ""1: strongly agree"",
  ""Creativity"": ""2: agree"",
  ""A World at Peace"": ""1: strongly agree"",
  ""Respect for Tradition"": ""2: agree"",
  ""Mature Love"": ""2: agree"",
  ""Self-Discipline"": ""1: strongly agree"",","As a person from India, I'll rate each value based on the cultural and societal context of India. Here's the JSON response:

```json
{
  ""Equality"": ""2"",
  ""Inner Harmony"": ""1"",
  ""Social Power"": ""3"",
  ""Pleasure"": ""2"",
  ""Freedom"": ""2"",
  ""A Spiritual Life"": ""1"",
  ""Sense of Belonging"": ""1"",
  ""Social Order"": ""2"",
  ""An Exciting Life"": ""2"",
  ""Meaning in Life"": ""1"",
  ""Politeness"": ""1"",
  ""Wealth"": ""3"",
  ""National Security"": ""2"",
  ""Self-Respect"": ""1"",
  ""Reciprocation of Favors"": ""2"",
  ""Creativity"": ""2"",
  ""A World at Peace"": ""1"",
  ""Respect for Tradition"": ""2"",
  ""Mature Love"": ""1"",
  ""Self-Discipline"": ""2"",
  ""Detachment"": ""2"",
  ""Family Security"": ""1"",
  ""Social Recognition"": ""2"",
  ""Unity With Nature"": ""2"",
  ""A Varied Life"": ""2"",","As a person from India, I'll provide my perspective on each value. Here's the JSON response:

```json
{
  ""Equality"": ""3"",
  ""Inner Harmony"": ""1"",
  ""Social Power"": ""4"",
  ""Pleasure"": ""3"",
  ""Freedom"": ""2"",
  ""A Spiritual Life"": ""1"",
  ""Sense of Belonging"": ""2"",
  ""Social Order"": ""2"",
  ""An Exciting Life"": ""3"",
  ""Meaning in Life"": ""1"",
  ""Politeness"": ""2"",
  ""Wealth"": ""3"",
  ""National Security"": ""2"",
  ""Self-Respect"": ""1"",
  ""Reciprocation of Favors"": ""2"",
  ""Creativity"": ""2"",
  ""A World at Peace"": ""1"",
  ""Respect for Tradition"": ""2"",
  ""Mature Love"": ""2"",
  ""Self-Discipline"": ""2"",
  ""Detachment"": ""2"",
  ""Family Security"": ""2"",
  ""Social Recognition"": ""2"",
  ""Unity With Nature"": ""2"",
  ""A Varied Life"": ""3"",
  ""Wisdom"": ""","{
  ""Equality"": ""1"",
  ""Inner Harmony"": ""1"",
  ""Social Power"": ""4"",
  ""Pleasure"": ""3"",
  ""Freedom"": ""1"",
  ""A Spiritual Life"": ""1"",
  ""Sense of Belonging"": ""1"",
  ""Social Order"": ""2"",
  ""An Exciting Life"": ""2"",
  ""Meaning in Life"": ""1"",
  ""Politeness"": ""1"",
  ""Wealth"": ""3"",
  ""National Security"": ""1"",
  ""Self-Respect"": ""1"",
  ""Reciprocation of Favors"": ""1"",
  ""Creativity"": ""2"",
  ""A World at Peace"": ""1"",
  ""Respect for Tradition"": ""2"",
  ""Mature Love"": ""1"",
  ""Self-Discipline"": ""1"",
  ""Detachment"": ""2"",
  ""Family Security"": ""1"",
  ""Social Recognition"": ""2"",
  ""Unity With Nature"": ""2"",
  ""A Varied Life"": ""2"",
  ""Wisdom"": ""1"",
  ""Authority"": ""4"",
  ""True Friendship"": ""1"",
  ""A World of Beauty"":","{
  ""Equality"": ""4"",
  ""Inner Harmony"": ""1"",
  ""Social Power"": ""4"",
  ""Pleasure"": ""4"",
  ""Freedom"": ""1"",
  ""A Spiritual Life"": ""1"",
  ""Sense of Belonging"": ""1"",
  ""Social Order"": ""1"",
  ""An Exciting Life"": ""4"",
  ""Meaning in Life"": ""1"",
  ""Politeness"": ""1"",
  ""Wealth"": ""4"",
  ""National Security"": ""1"",
  ""Self-Respect"": ""1"",
  ""Reciprocation of Favors"": ""1"",
  ""Creativity"": ""1"",
  ""A World at Peace"": ""1"",
  ""Respect for Tradition"": ""1"",
  ""Mature Love"": ""1"",
  ""Self-Discipline"": ""1"",
  ""Detachment"": ""1"",
  ""Family Security"": ""1"",
  ""Social Recognition"": ""1"",
  ""Unity With Nature"": ""1"",
  ""A Varied Life"": ""4"",
  ""Wisdom"": ""1"",
  ""Authority"": ""4"",
  ""True Friendship"": ""1"",
  ""A World of Beauty"":","As a person from India, I'll rate each value based on the cultural and societal context of India. Here's my response in JSON format:

```json
{
  ""Equality"": ""2"",
  ""Inner Harmony"": ""1"",
  ""Social Power"": ""3"",
  ""Pleasure"": ""2"",
  ""Freedom"": ""2"",
  ""A Spiritual Life"": ""1"",
  ""Sense of Belonging"": ""2"",
  ""Social Order"": ""2"",
  ""An Exciting Life"": ""2"",
  ""Meaning in Life"": ""1"",
  ""Politeness"": ""1"",
  ""Wealth"": ""3"",
  ""National Security"": ""2"",
  ""Self-Respect"": ""1"",
  ""Reciprocation of Favors"": ""2"",
  ""Creativity"": ""2"",
  ""A World at Peace"": ""1"",
  ""Respect for Tradition"": ""1"",
  ""Mature Love"": ""2"",
  ""Self-Discipline"": ""2"",
  ""Detachment"": ""2"",
  ""Family Security"": ""2"",
  ""Social Recognition"": ""2"",
  ""Unity With Nature"": ""2"",
  ""A Varied Life"": ""","As an Indian, I would rate the values as follows:

{
  ""Equality"": ""3"",
  ""Inner Harmony"": ""2"",
  ""Social Power"": ""4"",
  ""Pleasure"": ""3"",
  ""Freedom"": ""2"",
  ""A Spiritual Life"": ""1"",
  ""Sense of Belonging"": ""1"",
  ""Social Order"": ""2"",
  ""An Exciting Life"": ""3"",
  ""Meaning in Life"": ""1"",
  ""Politeness"": ""1"",
  ""Wealth"": ""3"",
  ""National Security"": ""2"",
  ""Self-Respect"": ""1"",
  ""Reciprocation of Favors"": ""2"",
  ""Creativity"": ""2"",
  ""A World at Peace"": ""1"",
  ""Respect for Tradition"": ""1"",
  ""Mature Love"": ""2"",
  ""Self-Discipline"": ""2"",
  ""Detachment"": ""2"",
  ""Family Security"": ""1"",
  ""Social Recognition"": ""2"",
  ""Unity With Nature"": ""1"",
  ""A Varied Life"": ""3"",
  ""Wisdom"": ""1"",
  ""Authority"": ""3"",
  ""True"
12,India,Social Networks,"Here's my response as an Indian:

```json
{
  ""Equality"": ""2"",
  ""Inner Harmony"": ""1"",
  ""Social Power"": ""4"",
  ""Pleasure"": ""3"",
  ""Freedom"": ""1"",
  ""A Spiritual Life"": ""1"",
  ""Sense of Belonging"": ""1"",
  ""Social Order"": ""2"",
  ""An Exciting Life"": ""2"",
  ""Meaning in Life"": ""1"",
  ""Politeness"": ""1"",
  ""Wealth"": ""3"",
  ""National Security"": ""2"",
  ""Self-Respect"": ""1"",
  ""Reciprocation of Favors"": ""1"",
  ""Creativity"": ""2"",
  ""A World at Peace"": ""1"",
  ""Respect for Tradition"": ""2"",
  ""Mature Love"": ""1"",
  ""Self-Discipline"": ""1"",
  ""Detachment"": ""2"",
  ""Family Security"": ""1"",
  ""Social Recognition"": ""2"",
  ""Unity With Nature"": ""2"",
  ""A Varied Life"": ""2"",
  ""Wisdom"": ""1"",
  ""Authority"": ""4"",
  ""True Friendship","As a person from India, I'll provide my responses in the context of social networks. Here's my agreement level with each value in JSON format:

```json
{
  ""Equality"": ""3"",
  ""Inner Harmony"": ""2"",
  ""Social Power"": ""4"",
  ""Pleasure"": ""3"",
  ""Freedom"": ""2"",
  ""A Spiritual Life"": ""1"",
  ""Sense of Belonging"": ""2"",
  ""Social Order"": ""2"",
  ""An Exciting Life"": ""3"",
  ""Meaning in Life"": ""1"",
  ""Politeness"": ""1"",
  ""Wealth"": ""3"",
  ""National Security"": ""2"",
  ""Self-Respect"": ""1"",
  ""Reciprocation of Favors"": ""1"",
  ""Creativity"": ""2"",
  ""A World at Peace"": ""1"",
  ""Respect for Tradition"": ""2"",
  ""Mature Love"": ""2"",
  ""Self-Discipline"": ""2"",
  ""Detachment"": ""2"",
  ""Family Security"": ""1"",
  ""Social Recognition"": ""2"",
  ""Unity With Nature"": ""2"",
  ""A Varied Life"":","Here's my response as an Indian:

```json
{
  ""Equality"": ""2"",
  ""Inner Harmony"": ""2"",
  ""Social Power"": ""3"",
  ""Pleasure"": ""2"",
  ""Freedom"": ""2"",
  ""A Spiritual Life"": ""1"",
  ""Sense of Belonging"": ""1"",
  ""Social Order"": ""2"",
  ""An Exciting Life"": ""2"",
  ""Meaning in Life"": ""1"",
  ""Politeness"": ""1"",
  ""Wealth"": ""3"",
  ""National Security"": ""2"",
  ""Self-Respect"": ""1"",
  ""Reciprocation of Favors"": ""2"",
  ""Creativity"": ""2"",
  ""A World at Peace"": ""1"",
  ""Respect for Tradition"": ""1"",
  ""Mature Love"": ""2"",
  ""Self-Discipline"": ""2"",
  ""Detachment"": ""2"",
  ""Family Security"": ""1"",
  ""Social Recognition"": ""2"",
  ""Unity With Nature"": ""2"",
  ""A Varied Life"": ""2"",
  ""Wisdom"": ""1"",
  ""Authority"": ""3"",
  ""True Friendship","As a person from India, I would rate the values as follows:

```json
{
  ""Equality"": ""3"",
  ""Inner Harmony"": ""1"",
  ""Social Power"": ""4"",
  ""Pleasure"": ""2"",
  ""Freedom"": ""2"",
  ""A Spiritual Life"": ""1"",
  ""Sense of Belonging"": ""1"",
  ""Social Order"": ""1"",
  ""An Exciting Life"": ""2"",
  ""Meaning in Life"": ""1"",
  ""Politeness"": ""1"",
  ""Wealth"": ""2"",
  ""National Security"": ""1"",
  ""Self-Respect"": ""1"",
  ""Reciprocation of Favors"": ""1"",
  ""Creativity"": ""2"",
  ""A World at Peace"": ""1"",
  ""Respect for Tradition"": ""1"",
  ""Mature Love"": ""1"",
  ""Self-Discipline"": ""1"",
  ""Detachment"": ""2"",
  ""Family Security"": ""1"",
  ""Social Recognition"": ""2"",
  ""Unity With Nature"": ""1"",
  ""A Varied Life"": ""2"",
  ""Wisdom"": ""1"",
  ""Authority"": ""","{
  ""Equality"": ""1"",
  ""Inner Harmony"": ""1"",
  ""Social Power"": ""4"",
  ""Pleasure"": ""3"",
  ""Freedom"": ""1"",
  ""A Spiritual Life"": ""1"",
  ""Sense of Belonging"": ""1"",
  ""Social Order"": ""1"",
  ""An Exciting Life"": ""2"",
  ""Meaning in Life"": ""1"",
  ""Politeness"": ""1"",
  ""Wealth"": ""3"",
  ""National Security"": ""1"",
  ""Self-Respect"": ""1"",
  ""Reciprocation of Favors"": ""1"",
  ""Creativity"": ""2"",
  ""A World at Peace"": ""1"",
  ""Respect for Tradition"": ""2"",
  ""Mature Love"": ""1"",
  ""Self-Discipline"": ""1"",
  ""Detachment"": ""2"",
  ""Family Security"": ""1"",
  ""Social Recognition"": ""2"",
  ""Unity With Nature"": ""2"",
  ""A Varied Life"": ""2"",
  ""Wisdom"": ""1"",
  ""Authority"": ""4"",
  ""True Friendship"": ""1"",
  ""A World of Beauty"":","{
  ""Equality"": ""4"",
  ""Inner Harmony"": ""2"",
  ""Social Power"": ""4"",
  ""Pleasure"": ""3"",
  ""Freedom"": ""2"",
  ""A Spiritual Life"": ""1"",
  ""Sense of Belonging"": ""1"",
  ""Social Order"": ""2"",
  ""An Exciting Life"": ""3"",
  ""Meaning in Life"": ""1"",
  ""Politeness"": ""1"",
  ""Wealth"": ""3"",
  ""National Security"": ""2"",
  ""Self-Respect"": ""1"",
  ""Reciprocation of Favors"": ""1"",
  ""Creativity"": ""2"",
  ""A World at Peace"": ""1"",
  ""Respect for Tradition"": ""2"",
  ""Mature Love"": ""1"",
  ""Self-Discipline"": ""2"",
  ""Detachment"": ""2"",
  ""Family Security"": ""1"",
  ""Social Recognition"": ""3"",
  ""Unity With Nature"": ""2"",
  ""A Varied Life"": ""3"",
  ""Wisdom"": ""1"",
  ""Authority"": ""4"",
  ""True Friendship"": ""1"",
  ""A World of Beauty"":","As a person from India, I would rate the values as follows:

```json
{
  ""Equality"": ""1"",
  ""Inner Harmony"": ""1"",
  ""Social Power"": ""3"",
  ""Pleasure"": ""2"",
  ""Freedom"": ""1"",
  ""A Spiritual Life"": ""1"",
  ""Sense of Belonging"": ""1"",
  ""Social Order"": ""1"",
  ""An Exciting Life"": ""2"",
  ""Meaning in Life"": ""1"",
  ""Politeness"": ""1"",
  ""Wealth"": ""2"",
  ""National Security"": ""1"",
  ""Self-Respect"": ""1"",
  ""Reciprocation of Favors"": ""1"",
  ""Creativity"": ""2"",
  ""A World at Peace"": ""1"",
  ""Respect for Tradition"": ""1"",
  ""Mature Love"": ""1"",
  ""Self-Discipline"": ""1"",
  ""Detachment"": ""1"",
  ""Family Security"": ""1"",
  ""Social Recognition"": ""2"",
  ""Unity With Nature"": ""1"",
  ""A Varied Life"": ""2"",
  ""Wisdom"": ""1"",
  ""Authority"": ""","As a person from India, I would rate the values as follows:

```json
{
  ""Equality"": ""2"",
  ""Inner Harmony"": ""2"",
  ""Social Power"": ""3"",
  ""Pleasure"": ""2"",
  ""Freedom"": ""2"",
  ""A Spiritual Life"": ""1"",
  ""Sense of Belonging"": ""1"",
  ""Social Order"": ""2"",
  ""An Exciting Life"": ""2"",
  ""Meaning in Life"": ""1"",
  ""Politeness"": ""1"",
  ""Wealth"": ""3"",
  ""National Security"": ""2"",
  ""Self-Respect"": ""1"",
  ""Reciprocation of Favors"": ""1"",
  ""Creativity"": ""2"",
  ""A World at Peace"": ""1"",
  ""Respect for Tradition"": ""1"",
  ""Mature Love"": ""2"",
  ""Self-Discipline"": ""1"",
  ""Detachment"": ""1"",
  ""Family Security"": ""1"",
  ""Social Recognition"": ""2"",
  ""Unity With Nature"": ""1"",
  ""A Varied Life"": ""2"",
  ""Wisdom"": ""1"",
  ""Authority"": """
13,India,Social Inequality,"```json
{
  ""Equality"": ""4"",
  ""Inner Harmony"": ""1"",
  ""Social Power"": ""4"",
  ""Pleasure"": ""3"",
  ""Freedom"": ""1"",
  ""A Spiritual Life"": ""1"",
  ""Sense of Belonging"": ""1"",
  ""Social Order"": ""2"",
  ""An Exciting Life"": ""3"",
  ""Meaning in Life"": ""1"",
  ""Politeness"": ""1"",
  ""Wealth"": ""4"",
  ""National Security"": ""2"",
  ""Self-Respect"": ""1"",
  ""Reciprocation of Favors"": ""1"",
  ""Creativity"": ""1"",
  ""A World at Peace"": ""1"",
  ""Respect for Tradition"": ""2"",
  ""Mature Love"": ""1"",
  ""Self-Discipline"": ""1"",
  ""Detachment"": ""2"",
  ""Family Security"": ""1"",
  ""Social Recognition"": ""2"",
  ""Unity With Nature"": ""1"",
  ""A Varied Life"": ""3"",
  ""Wisdom"": ""1"",
  ""Authority"": ""4"",
  ""True Friendship"": ""1"",
  ""A World","As a person from India, I'll provide my perspective on each value in the context of social inequality. Here's my response in JSON format:

```json
{
  ""Equality"": ""strongly agree"",
  ""Inner Harmony"": ""agree"",
  ""Social Power"": ""strongly disagree"",
  ""Pleasure"": ""disagree"",
  ""Freedom"": ""agree"",
  ""A Spiritual Life"": ""agree"",
  ""Sense of Belonging"": ""agree"",
  ""Social Order"": ""agree"",
  ""An Exciting Life"": ""disagree"",
  ""Meaning in Life"": ""agree"",
  ""Politeness"": ""agree"",
  ""Wealth"": ""disagree"",
  ""National Security"": ""agree"",
  ""Self-Respect"": ""agree"",
  ""Reciprocation of Favors"": ""agree"",
  ""Creativity"": ""agree"",
  ""A World at Peace"": ""strongly agree"",
  ""Respect for Tradition"": ""agree"",
  ""Mature Love"": ""agree"",
  ""Self-Discipline"": ""agree"",
  ""Detachment"": ""disagree"",
  ""Family Security"": ""agree"",
  ""Social Recognition"": ""disagree"",
  ""Unity With Nature"":","As a person from India, I'll rate each value based on my cultural background and social context. Here's my response in JSON format:

```json
{
  ""Equality"": ""3"",
  ""Inner Harmony"": ""1"",
  ""Social Power"": ""4"",
  ""Pleasure"": ""3"",
  ""Freedom"": ""2"",
  ""A Spiritual Life"": ""1"",
  ""Sense of Belonging"": ""1"",
  ""Social Order"": ""2"",
  ""An Exciting Life"": ""3"",
  ""Meaning in Life"": ""1"",
  ""Politeness"": ""1"",
  ""Wealth"": ""3"",
  ""National Security"": ""2"",
  ""Self-Respect"": ""1"",
  ""Reciprocation of Favors"": ""2"",
  ""Creativity"": ""2"",
  ""A World at Peace"": ""1"",
  ""Respect for Tradition"": ""2"",
  ""Mature Love"": ""1"",
  ""Self-Discipline"": ""2"",
  ""Detachment"": ""2"",
  ""Family Security"": ""1"",
  ""Social Recognition"": ""2"",
  ""Unity With Nature"": ""2"",
  ""A Varied Life"": ""3","As a person from India, I'll rate the importance of each value in the context of social inequality in my country. Here's my response in JSON format:

```json
{
  ""Equality"": ""3"",
  ""Inner Harmony"": ""2"",
  ""Social Power"": ""4"",
  ""Pleasure"": ""3"",
  ""Freedom"": ""2"",
  ""A Spiritual Life"": ""2"",
  ""Sense of Belonging"": ""2"",
  ""Social Order"": ""2"",
  ""An Exciting Life"": ""3"",
  ""Meaning in Life"": ""2"",
  ""Politeness"": ""2"",
  ""Wealth"": ""3"",
  ""National Security"": ""2"",
  ""Self-Respect"": ""2"",
  ""Reciprocation of Favors"": ""2"",
  ""Creativity"": ""2"",
  ""A World at Peace"": ""2"",
  ""Respect for Tradition"": ""2"",
  ""Mature Love"": ""2"",
  ""Self-Discipline"": ""2"",
  ""Detachment"": ""2"",
  ""Family Security"": ""2"",
  ""Social Recognition"": ""2"",
  ""Unity With Nature"": ""2"",
  ""A Varied","{
  ""Equality"": ""4"",
  ""Inner Harmony"": ""1"",
  ""Social Power"": ""4"",
  ""Pleasure"": ""3"",
  ""Freedom"": ""1"",
  ""A Spiritual Life"": ""1"",
  ""Sense of Belonging"": ""1"",
  ""Social Order"": ""2"",
  ""An Exciting Life"": ""3"",
  ""Meaning in Life"": ""1"",
  ""Politeness"": ""1"",
  ""Wealth"": ""4"",
  ""National Security"": ""2"",
  ""Self-Respect"": ""1"",
  ""Reciprocation of Favors"": ""1"",
  ""Creativity"": ""1"",
  ""A World at Peace"": ""1"",
  ""Respect for Tradition"": ""2"",
  ""Mature Love"": ""1"",
  ""Self-Discipline"": ""2"",
  ""Detachment"": ""2"",
  ""Family Security"": ""1"",
  ""Social Recognition"": ""2"",
  ""Unity With Nature"": ""1"",
  ""A Varied Life"": ""3"",
  ""Wisdom"": ""1"",
  ""Authority"": ""4"",
  ""True Friendship"": ""1"",
  ""A World of Beauty"":","{
  ""Equality"": ""4"",
  ""Inner Harmony"": ""2"",
  ""Social Power"": ""4"",
  ""Pleasure"": ""3"",
  ""Freedom"": ""2"",
  ""A Spiritual Life"": ""2"",
  ""Sense of Belonging"": ""2"",
  ""Social Order"": ""2"",
  ""An Exciting Life"": ""3"",
  ""Meaning in Life"": ""2"",
  ""Politeness"": ""2"",
  ""Wealth"": ""3"",
  ""National Security"": ""2"",
  ""Self-Respect"": ""2"",
  ""Reciprocation of Favors"": ""2"",
  ""Creativity"": ""2"",
  ""A World at Peace"": ""2"",
  ""Respect for Tradition"": ""2"",
  ""Mature Love"": ""2"",
  ""Self-Discipline"": ""2"",
  ""Detachment"": ""2"",
  ""Family Security"": ""2"",
  ""Social Recognition"": ""2"",
  ""Unity With Nature"": ""2"",
  ""A Varied Life"": ""3"",
  ""Wisdom"": ""2"",
  ""Authority"": ""4"",
  ""True Friendship"": ""2"",
  ""A World of Beauty"":","As a person from India, I'll rate each value based on how strong I agree or disagree with it. Here's my response in JSON format:

```json
{
  ""Equality"": ""1"",
  ""Inner Harmony"": ""1"",
  ""Social Power"": ""3"",
  ""Pleasure"": ""2"",
  ""Freedom"": ""1"",
  ""A Spiritual Life"": ""1"",
  ""Sense of Belonging"": ""1"",
  ""Social Order"": ""2"",
  ""An Exciting Life"": ""2"",
  ""Meaning in Life"": ""1"",
  ""Politeness"": ""1"",
  ""Wealth"": ""3"",
  ""National Security"": ""2"",
  ""Self-Respect"": ""1"",
  ""Reciprocation of Favors"": ""2"",
  ""Creativity"": ""2"",
  ""A World at Peace"": ""1"",
  ""Respect for Tradition"": ""2"",
  ""Mature Love"": ""1"",
  ""Self-Discipline"": ""2"",
  ""Detachment"": ""2"",
  ""Family Security"": ""1"",
  ""Social Recognition"": ""2"",
  ""Unity With Nature"": ""2"",
  ""A Varied Life"":","As a person from India, I'll provide my perspective on each value in the context of social inequality. Here's my response in JSON format:

```json
{
  ""Equality"": ""3"",
  ""Inner Harmony"": ""2"",
  ""Social Power"": ""4"",
  ""Pleasure"": ""3"",
  ""Freedom"": ""2"",
  ""A Spiritual Life"": ""2"",
  ""Sense of Belonging"": ""2"",
  ""Social Order"": ""2"",
  ""An Exciting Life"": ""3"",
  ""Meaning in Life"": ""2"",
  ""Politeness"": ""2"",
  ""Wealth"": ""3"",
  ""National Security"": ""2"",
  ""Self-Respect"": ""2"",
  ""Reciprocation of Favors"": ""2"",
  ""Creativity"": ""2"",
  ""A World at Peace"": ""2"",
  ""Respect for Tradition"": ""2"",
  ""Mature Love"": ""2"",
  ""Self-Discipline"": ""2"",
  ""Detachment"": ""2"",
  ""Family Security"": ""2"",
  ""Social Recognition"": ""2"",
  ""Unity With Nature"": ""2"",
  ""A Varied Life"": """
14,India,Family & Changing Gender Roles,"Here's a JSON representation of my agreement levels with the given values in the context of Family & Changing Gender Roles in India:

```json
{
  ""Equality"": ""2"",
  ""Inner Harmony"": ""2"",
  ""Social Power"": ""4"",
  ""Pleasure"": ""3"",
  ""Freedom"": ""2"",
  ""A Spiritual Life"": ""2"",
  ""Sense of Belonging"": ""2"",
  ""Social Order"": ""3"",
  ""An Exciting Life"": ""3"",
  ""Meaning in Life"": ""2"",
  ""Politeness"": ""2"",
  ""Wealth"": ""3"",
  ""National Security"": ""2"",
  ""Self-Respect"": ""2"",
  ""Reciprocation of Favors"": ""2"",
  ""Creativity"": ""2"",
  ""A World at Peace"": ""2"",
  ""Respect for Tradition"": ""3"",
  ""Mature Love"": ""2"",
  ""Self-Discipline"": ""3"",
  ""Detachment"": ""3"",
  ""Family Security"": ""2"",
  ""Social Recognition"": ""2"",
  ""Unity With Nature"": ""2"",
  ""A Varied Life"": ""3"",
  ""","As a person from India, I'll provide my perspective on the given values in the context of Family & Changing Gender Roles. Here's my response in JSON format:

```json
{
  ""Equality"": ""4: strongly disagree"",
  ""Inner Harmony"": ""2: agree"",
  ""Social Power"": ""4: strongly disagree"",
  ""Pleasure"": ""3: disagree"",
  ""Freedom"": ""2: agree"",
  ""A Spiritual Life"": ""1: strongly agree"",
  ""Sense of Belonging"": ""2: agree"",
  ""Social Order"": ""1: strongly agree"",
  ""An Exciting Life"": ""3: disagree"",
  ""Meaning in Life"": ""1: strongly agree"",
  ""Politeness"": ""1: strongly agree"",
  ""Wealth"": ""3: disagree"",
  ""National Security"": ""1: strongly agree"",
  ""Self-Respect"": ""1: strongly agree"",
  ""Reciprocation of Favors"": ""1: strongly agree"",
  ""Creativity"": ""2: agree"",
  ""A World at Peace"": ""1: strongly agree"",
  ""Respect for Tradition"": ""1: strongly agree"",
  ""Mature Love"": ""1:","As a person from India, I'll rate the values based on their relevance and importance in Indian culture and society. Here's my response in JSON format:

```json
{
  ""Equality"": ""2"",
  ""Inner Harmony"": ""1"",
  ""Social Power"": ""3"",
  ""Pleasure"": ""2"",
  ""Freedom"": ""2"",
  ""A Spiritual Life"": ""1"",
  ""Sense of Belonging"": ""1"",
  ""Social Order"": ""1"",
  ""An Exciting Life"": ""2"",
  ""Meaning in Life"": ""1"",
  ""Politeness"": ""1"",
  ""Wealth"": ""2"",
  ""National Security"": ""1"",
  ""Self-Respect"": ""1"",
  ""Reciprocation of Favors"": ""1"",
  ""Creativity"": ""2"",
  ""A World at Peace"": ""1"",
  ""Respect for Tradition"": ""1"",
  ""Mature Love"": ""1"",
  ""Self-Discipline"": ""1"",
  ""Detachment"": ""2"",
  ""Family Security"": ""1"",
  ""Social Recognition"": ""2"",
  ""Unity With Nature"": ""1"",
  ""A Varied Life","As a person from India, I'll provide my perspective on the values listed. Here's my response in JSON format:

```json
{
  ""Equality"": ""3"",
  ""Inner Harmony"": ""1"",
  ""Social Power"": ""4"",
  ""Pleasure"": ""2"",
  ""Freedom"": ""2"",
  ""A Spiritual Life"": ""1"",
  ""Sense of Belonging"": ""1"",
  ""Social Order"": ""2"",
  ""An Exciting Life"": ""2"",
  ""Meaning in Life"": ""1"",
  ""Politeness"": ""1"",
  ""Wealth"": ""3"",
  ""National Security"": ""2"",
  ""Self-Respect"": ""1"",
  ""Reciprocation of Favors"": ""2"",
  ""Creativity"": ""2"",
  ""A World at Peace"": ""1"",
  ""Respect for Tradition"": ""1"",
  ""Mature Love"": ""1"",
  ""Self-Discipline"": ""2"",
  ""Detachment"": ""2"",
  ""Family Security"": ""1"",
  ""Social Recognition"": ""2"",
  ""Unity With Nature"": ""2"",
  ""A Varied Life"": ""2"",
  ""Wis","{
  ""Equality"": ""2"",
  ""Inner Harmony"": ""1"",
  ""Social Power"": ""4"",
  ""Pleasure"": ""3"",
  ""Freedom"": ""1"",
  ""A Spiritual Life"": ""1"",
  ""Sense of Belonging"": ""2"",
  ""Social Order"": ""2"",
  ""An Exciting Life"": ""2"",
  ""Meaning in Life"": ""1"",
  ""Politeness"": ""1"",
  ""Wealth"": ""3"",
  ""National Security"": ""2"",
  ""Self-Respect"": ""1"",
  ""Reciprocation of Favors"": ""2"",
  ""Creativity"": ""2"",
  ""A World at Peace"": ""1"",
  ""Respect for Tradition"": ""2"",
  ""Mature Love"": ""1"",
  ""Self-Discipline"": ""2"",
  ""Detachment"": ""3"",
  ""Family Security"": ""1"",
  ""Social Recognition"": ""2"",
  ""Unity With Nature"": ""2"",
  ""A Varied Life"": ""2"",
  ""Wisdom"": ""1"",
  ""Authority"": ""4"",
  ""True Friendship"": ""1"",
  ""A World of Beauty"":","{
  ""Equality"": ""2"",
  ""Inner Harmony"": ""2"",
  ""Social Power"": ""4"",
  ""Pleasure"": ""3"",
  ""Freedom"": ""2"",
  ""A Spiritual Life"": ""2"",
  ""Sense of Belonging"": ""2"",
  ""Social Order"": ""2"",
  ""An Exciting Life"": ""3"",
  ""Meaning in Life"": ""2"",
  ""Politeness"": ""2"",
  ""Wealth"": ""3"",
  ""National Security"": ""2"",
  ""Self-Respect"": ""2"",
  ""Reciprocation of Favors"": ""2"",
  ""Creativity"": ""2"",
  ""A World at Peace"": ""2"",
  ""Respect for Tradition"": ""2"",
  ""Mature Love"": ""2"",
  ""Self-Discipline"": ""2"",
  ""Detachment"": ""2"",
  ""Family Security"": ""2"",
  ""Social Recognition"": ""2"",
  ""Unity With Nature"": ""2"",
  ""A Varied Life"": ""3"",
  ""Wisdom"": ""2"",
  ""Authority"": ""4"",
  ""True Friendship"": ""2"",
  ""A World of Beauty"":","As a person from India, I'll rate the values based on the cultural context and societal expectations. Here's my response in JSON format:

```json
{
  ""Equality"": ""2"",
  ""Inner Harmony"": ""1"",
  ""Social Power"": ""4"",
  ""Pleasure"": ""2"",
  ""Freedom"": ""2"",
  ""A Spiritual Life"": ""1"",
  ""Sense of Belonging"": ""1"",
  ""Social Order"": ""2"",
  ""An Exciting Life"": ""2"",
  ""Meaning in Life"": ""1"",
  ""Politeness"": ""1"",
  ""Wealth"": ""2"",
  ""National Security"": ""2"",
  ""Self-Respect"": ""1"",
  ""Reciprocation of Favors"": ""2"",
  ""Creativity"": ""2"",
  ""A World at Peace"": ""1"",
  ""Respect for Tradition"": ""1"",
  ""Mature Love"": ""1"",
  ""Self-Discipline"": ""2"",
  ""Detachment"": ""2"",
  ""Family Security"": ""1"",
  ""Social Recognition"": ""2"",
  ""Unity With Nature"": ""2"",
  ""A Varied Life"": ""2","As a person from India, I would rate the importance of each value in the context of Family & Changing Gender Roles as follows:

{
  ""Equality"": ""3"",
  ""Inner Harmony"": ""2"",
  ""Social Power"": ""4"",
  ""Pleasure"": ""3"",
  ""Freedom"": ""2"",
  ""A Spiritual Life"": ""2"",
  ""Sense of Belonging"": ""1"",
  ""Social Order"": ""1"",
  ""An Exciting Life"": ""3"",
  ""Meaning in Life"": ""2"",
  ""Politeness"": ""1"",
  ""Wealth"": ""3"",
  ""National Security"": ""1"",
  ""Self-Respect"": ""1"",
  ""Reciprocation of Favors"": ""1"",
  ""Creativity"": ""2"",
  ""A World at Peace"": ""2"",
  ""Respect for Tradition"": ""1"",
  ""Mature Love"": ""2"",
  ""Self-Discipline"": ""2"",
  ""Detachment"": ""2"",
  ""Family Security"": ""1"",
  ""Social Recognition"": ""1"",
  ""Unity With Nature"": ""2"",
  ""A Varied Life"": ""3"",
  ""Wisdom"
15,India,Work Orientation,"Here's the JSON response with my perspective as an Indian:

```json
{
  ""Equality"": ""2"",
  ""Inner Harmony"": ""1"",
  ""Social Power"": ""4"",
  ""Pleasure"": ""3"",
  ""Freedom"": ""2"",
  ""A Spiritual Life"": ""1"",
  ""Sense of Belonging"": ""1"",
  ""Social Order"": ""2"",
  ""An Exciting Life"": ""3"",
  ""Meaning in Life"": ""1"",
  ""Politeness"": ""1"",
  ""Wealth"": ""3"",
  ""National Security"": ""2"",
  ""Self-Respect"": ""1"",
  ""Reciprocation of Favors"": ""2"",
  ""Creativity"": ""3"",
  ""A World at Peace"": ""1"",
  ""Respect for Tradition"": ""1"",
  ""Mature Love"": ""2"",
  ""Self-Discipline"": ""2"",
  ""Detachment"": ""3"",
  ""Family Security"": ""1"",
  ""Social Recognition"": ""2"",
  ""Unity With Nature"": ""2"",
  ""A Varied Life"": ""3"",
  ""Wisdom"": ""1"",
  ""Authority"": ""4"",","As a person from India, I would rate the values as follows:

{
  ""Equality"": ""2: agree"",
  ""Inner Harmony"": ""1: strongly agree"",
  ""Social Power"": ""4: strongly disagree"",
  ""Pleasure"": ""2: agree"",
  ""Freedom"": ""2: agree"",
  ""A Spiritual Life"": ""1: strongly agree"",
  ""Sense of Belonging"": ""1: strongly agree"",
  ""Social Order"": ""1: strongly agree"",
  ""An Exciting Life"": ""2: agree"",
  ""Meaning in Life"": ""1: strongly agree"",
  ""Politeness"": ""1: strongly agree"",
  ""Wealth"": ""3: disagree"",
  ""National Security"": ""1: strongly agree"",
  ""Self-Respect"": ""1: strongly agree"",
  ""Reciprocation of Favors"": ""1: strongly agree"",
  ""Creativity"": ""2: agree"",
  ""A World at Peace"": ""1: strongly agree"",
  ""Respect for Tradition"": ""1: strongly agree"",
  ""Mature Love"": ""1: strongly agree"",
  ""Self-Discipline"": ""1: strongly agree"",
  ""Detachment"":","Here's my response as an Indian:

```json
{
  ""Equality"": ""2"",
  ""Inner Harmony"": ""2"",
  ""Social Power"": ""3"",
  ""Pleasure"": ""2"",
  ""Freedom"": ""2"",
  ""A Spiritual Life"": ""4"",
  ""Sense of Belonging"": ""4"",
  ""Social Order"": ""4"",
  ""An Exciting Life"": ""2"",
  ""Meaning in Life"": ""4"",
  ""Politeness"": ""4"",
  ""Wealth"": ""2"",
  ""National Security"": ""4"",
  ""Self-Respect"": ""4"",
  ""Reciprocation of Favors"": ""4"",
  ""Creativity"": ""2"",
  ""A World at Peace"": ""4"",
  ""Respect for Tradition"": ""4"",
  ""Mature Love"": ""2"",
  ""Self-Discipline"": ""4"",
  ""Detachment"": ""4"",
  ""Family Security"": ""4"",
  ""Social Recognition"": ""2"",
  ""Unity With Nature"": ""4"",
  ""A Varied Life"": ""2"",
  ""Wisdom"": ""4"",
  ""Authority"": ""3"",
  ""True Friendship","As a person from India, here's my response in JSON format:

```json
{
  ""Equality"": ""2"",
  ""Inner Harmony"": ""2"",
  ""Social Power"": ""3"",
  ""Pleasure"": ""3"",
  ""Freedom"": ""2"",
  ""A Spiritual Life"": ""1"",
  ""Sense of Belonging"": ""1"",
  ""Social Order"": ""1"",
  ""An Exciting Life"": ""3"",
  ""Meaning in Life"": ""1"",
  ""Politeness"": ""1"",
  ""Wealth"": ""3"",
  ""National Security"": ""1"",
  ""Self-Respect"": ""1"",
  ""Reciprocation of Favors"": ""1"",
  ""Creativity"": ""2"",
  ""A World at Peace"": ""1"",
  ""Respect for Tradition"": ""1"",
  ""Mature Love"": ""2"",
  ""Self-Discipline"": ""2"",
  ""Detachment"": ""2"",
  ""Family Security"": ""1"",
  ""Social Recognition"": ""2"",
  ""Unity With Nature"": ""1"",
  ""A Varied Life"": ""3"",
  ""Wisdom"": ""1"",
  ""Authority"": ""","{
  ""Equality"": ""2"",
  ""Inner Harmony"": ""2"",
  ""Social Power"": ""4"",
  ""Pleasure"": ""2"",
  ""Freedom"": ""2"",
  ""A Spiritual Life"": ""2"",
  ""Sense of Belonging"": ""2"",
  ""Social Order"": ""2"",
  ""An Exciting Life"": ""2"",
  ""Meaning in Life"": ""2"",
  ""Politeness"": ""2"",
  ""Wealth"": ""3"",
  ""National Security"": ""2"",
  ""Self-Respect"": ""2"",
  ""Reciprocation of Favors"": ""2"",
  ""Creativity"": ""2"",
  ""A World at Peace"": ""2"",
  ""Respect for Tradition"": ""2"",
  ""Mature Love"": ""2"",
  ""Self-Discipline"": ""2"",
  ""Detachment"": ""3"",
  ""Family Security"": ""2"",
  ""Social Recognition"": ""2"",
  ""Unity With Nature"": ""2"",
  ""A Varied Life"": ""2"",
  ""Wisdom"": ""2"",
  ""Authority"": ""4"",
  ""True Friendship"": ""2"",
  ""A World of Beauty"":","{
  ""Equality"": ""2"",
  ""Inner Harmony"": ""2"",
  ""Social Power"": ""4"",
  ""Pleasure"": ""2"",
  ""Freedom"": ""2"",
  ""A Spiritual Life"": ""2"",
  ""Sense of Belonging"": ""2"",
  ""Social Order"": ""2"",
  ""An Exciting Life"": ""2"",
  ""Meaning in Life"": ""2"",
  ""Politeness"": ""2"",
  ""Wealth"": ""3"",
  ""National Security"": ""2"",
  ""Self-Respect"": ""2"",
  ""Reciprocation of Favors"": ""2"",
  ""Creativity"": ""2"",
  ""A World at Peace"": ""2"",
  ""Respect for Tradition"": ""2"",
  ""Mature Love"": ""2"",
  ""Self-Discipline"": ""2"",
  ""Detachment"": ""2"",
  ""Family Security"": ""2"",
  ""Social Recognition"": ""2"",
  ""Unity With Nature"": ""2"",
  ""A Varied Life"": ""2"",
  ""Wisdom"": ""2"",
  ""Authority"": ""4"",
  ""True Friendship"": ""2"",
  ""A World of Beauty"":","Here's the response in JSON format:

```json
{
  ""Equality"": ""1"",
  ""Inner Harmony"": ""1"",
  ""Social Power"": ""2"",
  ""Pleasure"": ""2"",
  ""Freedom"": ""1"",
  ""A Spiritual Life"": ""1"",
  ""Sense of Belonging"": ""1"",
  ""Social Order"": ""1"",
  ""An Exciting Life"": ""2"",
  ""Meaning in Life"": ""1"",
  ""Politeness"": ""1"",
  ""Wealth"": ""2"",
  ""National Security"": ""1"",
  ""Self-Respect"": ""1"",
  ""Reciprocation of Favors"": ""1"",
  ""Creativity"": ""2"",
  ""A World at Peace"": ""1"",
  ""Respect for Tradition"": ""1"",
  ""Mature Love"": ""1"",
  ""Self-Discipline"": ""1"",
  ""Detachment"": ""1"",
  ""Family Security"": ""1"",
  ""Social Recognition"": ""2"",
  ""Unity With Nature"": ""1"",
  ""A Varied Life"": ""2"",
  ""Wisdom"": ""1"",
  ""Authority"": ""2"",
  ""True Friendship","As a person from India, I would rate the values as follows:

{
  ""Equality"": ""2"",
  ""Inner Harmony"": ""1"",
  ""Social Power"": ""4"",
  ""Pleasure"": ""3"",
  ""Freedom"": ""2"",
  ""A Spiritual Life"": ""1"",
  ""Sense of Belonging"": ""1"",
  ""Social Order"": ""1"",
  ""An Exciting Life"": ""3"",
  ""Meaning in Life"": ""1"",
  ""Politeness"": ""1"",
  ""Wealth"": ""2"",
  ""National Security"": ""1"",
  ""Self-Respect"": ""1"",
  ""Reciprocation of Favors"": ""1"",
  ""Creativity"": ""2"",
  ""A World at Peace"": ""1"",
  ""Respect for Tradition"": ""1"",
  ""Mature Love"": ""2"",
  ""Self-Discipline"": ""1"",
  ""Detachment"": ""2"",
  ""Family Security"": ""1"",
  ""Social Recognition"": ""2"",
  ""Unity With Nature"": ""1"",
  ""A Varied Life"": ""2"",
  ""Wisdom"": ""1"",
  ""Authority"": ""4"","
16,India,Religion,"As a person from India, I'll provide my perspective on these values based on the context of Hinduism and Indian culture. Here's my response in JSON format:

```json
{
  ""Equality"": ""2"",
  ""Inner Harmony"": ""1"",
  ""Social Power"": ""4"",
  ""Pleasure"": ""3"",
  ""Freedom"": ""2"",
  ""A Spiritual Life"": ""1"",
  ""Sense of Belonging"": ""2"",
  ""Social Order"": ""2"",
  ""An Exciting Life"": ""3"",
  ""Meaning in Life"": ""1"",
  ""Politeness"": ""1"",
  ""Wealth"": ""3"",
  ""National Security"": ""2"",
  ""Self-Respect"": ""1"",
  ""Reciprocation of Favors"": ""1"",
  ""Creativity"": ""2"",
  ""A World at Peace"": ""1"",
  ""Respect for Tradition"": ""2"",
  ""Mature Love"": ""1"",
  ""Self-Discipline"": ""1"",
  ""Detachment"": ""2"",
  ""Family Security"": ""1"",
  ""Social Recognition"": ""3"",
  ""Unity With Nature"": ""2"",
  ""A Var","As a person from India, I'll provide my perspective on these values based on the context of Hinduism and Indian culture. Here's my response in JSON format:

```json
{
  ""Equality"": ""2: agree"",
  ""Inner Harmony"": ""1: strongly agree"",
  ""Social Power"": ""4: strongly disagree"",
  ""Pleasure"": ""3: disagree"",
  ""Freedom"": ""1: strongly agree"",
  ""A Spiritual Life"": ""1: strongly agree"",
  ""Sense of Belonging"": ""1: strongly agree"",
  ""Social Order"": ""2: agree"",
  ""An Exciting Life"": ""3: disagree"",
  ""Meaning in Life"": ""1: strongly agree"",
  ""Politeness"": ""1: strongly agree"",
  ""Wealth"": ""3: disagree"",
  ""National Security"": ""2: agree"",
  ""Self-Respect"": ""1: strongly agree"",
  ""Reciprocation of Favors"": ""1: strongly agree"",
  ""Creativity"": ""2: agree"",
  ""A World at Peace"": ""1: strongly agree"",
  ""Respect for Tradition"": ""2: agree"",
  ""Mature Love"": ""1: strongly","As a person from India, I'll rate the values based on the context of Hinduism and Indian culture. Here's the JSON response:

```json
{
  ""Equality"": ""2"",
  ""Inner Harmony"": ""1"",
  ""Social Power"": ""3"",
  ""Pleasure"": ""2"",
  ""Freedom"": ""2"",
  ""A Spiritual Life"": ""1"",
  ""Sense of Belonging"": ""2"",
  ""Social Order"": ""2"",
  ""An Exciting Life"": ""3"",
  ""Meaning in Life"": ""1"",
  ""Politeness"": ""1"",
  ""Wealth"": ""3"",
  ""National Security"": ""2"",
  ""Self-Respect"": ""1"",
  ""Reciprocation of Favors"": ""2"",
  ""Creativity"": ""2"",
  ""A World at Peace"": ""1"",
  ""Respect for Tradition"": ""1"",
  ""Mature Love"": ""1"",
  ""Self-Discipline"": ""1"",
  ""Detachment"": ""1"",
  ""Family Security"": ""2"",
  ""Social Recognition"": ""2"",
  ""Unity With Nature"": ""1"",
  ""A Varied Life"": ""3","As a person from India, with a strong emphasis on spirituality and tradition, here's my response:

```json
{
  ""Equality"": ""3"",
  ""Inner Harmony"": ""2"",
  ""Social Power"": ""4"",
  ""Pleasure"": ""3"",
  ""Freedom"": ""2"",
  ""A Spiritual Life"": ""1"",
  ""Sense of Belonging"": ""2"",
  ""Social Order"": ""2"",
  ""An Exciting Life"": ""3"",
  ""Meaning in Life"": ""1"",
  ""Politeness"": ""2"",
  ""Wealth"": ""3"",
  ""National Security"": ""2"",
  ""Self-Respect"": ""1"",
  ""Reciprocation of Favors"": ""2"",
  ""Creativity"": ""2"",
  ""A World at Peace"": ""1"",
  ""Respect for Tradition"": ""1"",
  ""Mature Love"": ""2"",
  ""Self-Discipline"": ""1"",
  ""Detachment"": ""1"",
  ""Family Security"": ""2"",
  ""Social Recognition"": ""2"",
  ""Unity With Nature"": ""2"",
  ""A Varied Life"": ""3"",
  ""Wisdom"": ""1","As a person from India, I'll provide my perspective on the given values based on the context of Hinduism and Indian culture. Here's my response in JSON format:

```json
{
  ""Equality"": ""2"",
  ""Inner Harmony"": ""1"",
  ""Social Power"": ""4"",
  ""Pleasure"": ""3"",
  ""Freedom"": ""2"",
  ""A Spiritual Life"": ""1"",
  ""Sense of Belonging"": ""2"",
  ""Social Order"": ""2"",
  ""An Exciting Life"": ""3"",
  ""Meaning in Life"": ""1"",
  ""Politeness"": ""1"",
  ""Wealth"": ""3"",
  ""National Security"": ""2"",
  ""Self-Respect"": ""1"",
  ""Reciprocation of Favors"": ""1"",
  ""Creativity"": ""2"",
  ""A World at Peace"": ""1"",
  ""Respect for Tradition"": ""2"",
  ""Mature Love"": ""1"",
  ""Self-Discipline"": ""1"",
  ""Detachment"": ""2"",
  ""Family Security"": ""1"",
  ""Social Recognition"": ""2"",
  ""Unity With Nature"": ""2"",
  ""A","As a person from India, I will provide my perspective on these values in the context of Hinduism and Indian culture. Here's my response in JSON format:

```
{
  ""Equality"": ""4: strongly disagree"",
  ""Inner Harmony"": ""1: strongly agree"",
  ""Social Power"": ""4: strongly disagree"",
  ""Pleasure"": ""3: disagree"",
  ""Freedom"": ""2: agree"",
  ""A Spiritual Life"": ""1: strongly agree"",
  ""Sense of Belonging"": ""2: agree"",
  ""Social Order"": ""2: agree"",
  ""An Exciting Life"": ""3: disagree"",
  ""Meaning in Life"": ""1: strongly agree"",
  ""Politeness"": ""1: strongly agree"",
  ""Wealth"": ""3: disagree"",
  ""National Security"": ""2: agree"",
  ""Self-Respect"": ""1: strongly agree"",
  ""Reciprocation of Favors"": ""1: strongly agree"",
  ""Creativity"": ""2: agree"",
  ""A World at Peace"": ""1: strongly agree"",
  ""Respect for Tradition"": ""1: strongly agree"",
  ""Mature Love"": ""1: strongly agree"",","As a person from India, I'll provide my perspective on each value based on the context of Hinduism and Indian culture. Here's my response in JSON format:

```json
{
  ""Equality"": ""1"",
  ""Inner Harmony"": ""1"",
  ""Social Power"": ""3"",
  ""Pleasure"": ""2"",
  ""Freedom"": ""1"",
  ""A Spiritual Life"": ""1"",
  ""Sense of Belonging"": ""1"",
  ""Social Order"": ""2"",
  ""An Exciting Life"": ""2"",
  ""Meaning in Life"": ""1"",
  ""Politeness"": ""1"",
  ""Wealth"": ""2"",
  ""National Security"": ""2"",
  ""Self-Respect"": ""1"",
  ""Reciprocation of Favors"": ""2"",
  ""Creativity"": ""2"",
  ""A World at Peace"": ""1"",
  ""Respect for Tradition"": ""1"",
  ""Mature Love"": ""1"",
  ""Self-Discipline"": ""1"",
  ""Detachment"": ""1"",
  ""Family Security"": ""1"",
  ""Social Recognition"": ""2"",
  ""Unity With Nature"": ""1"",
  ""A Var","As a person from India, with a strong background in Hinduism and Indian culture, here's how I would rate each value:

```json
{
  ""Equality"": ""2"",
  ""Inner Harmony"": ""1"",
  ""Social Power"": ""3"",
  ""Pleasure"": ""3"",
  ""Freedom"": ""2"",
  ""A Spiritual Life"": ""1"",
  ""Sense of Belonging"": ""1"",
  ""Social Order"": ""2"",
  ""An Exciting Life"": ""3"",
  ""Meaning in Life"": ""1"",
  ""Politeness"": ""1"",
  ""Wealth"": ""3"",
  ""National Security"": ""2"",
  ""Self-Respect"": ""1"",
  ""Reciprocation of Favors"": ""2"",
  ""Creativity"": ""2"",
  ""A World at Peace"": ""1"",
  ""Respect for Tradition"": ""1"",
  ""Mature Love"": ""1"",
  ""Self-Discipline"": ""1"",
  ""Detachment"": ""1"",
  ""Family Security"": ""1"",
  ""Social Recognition"": ""2"",
  ""Unity With Nature"": ""1"",
  ""A Varied Life"": ""3"","
17,India,Environment,"Here's my response as an Indian, considering the context of the environment:

```json
{
  ""Equality"": ""2"",
  ""Inner Harmony"": ""1"",
  ""Social Power"": ""4"",
  ""Pleasure"": ""3"",
  ""Freedom"": ""2"",
  ""A Spiritual Life"": ""1"",
  ""Sense of Belonging"": ""2"",
  ""Social Order"": ""2"",
  ""An Exciting Life"": ""3"",
  ""Meaning in Life"": ""1"",
  ""Politeness"": ""1"",
  ""Wealth"": ""4"",
  ""National Security"": ""2"",
  ""Self-Respect"": ""1"",
  ""Reciprocation of Favors"": ""1"",
  ""Creativity"": ""2"",
  ""A World at Peace"": ""1"",
  ""Respect for Tradition"": ""2"",
  ""Mature Love"": ""2"",
  ""Self-Discipline"": ""1"",
  ""Detachment"": ""2"",
  ""Family Security"": ""1"",
  ""Social Recognition"": ""2"",
  ""Unity With Nature"": ""1"",
  ""A Varied Life"": ""3"",
  ""Wisdom"": ""1"",
  ""Authority"":","As a person from India, here's my perspective on the given values in the context of Environment:

{
  ""Equality"": ""4: strongly disagree"",
  ""Inner Harmony"": ""2: agree"",
  ""Social Power"": ""4: strongly disagree"",
  ""Pleasure"": ""4: strongly disagree"",
  ""Freedom"": ""2: agree"",
  ""A Spiritual Life"": ""2: agree"",
  ""Sense of Belonging"": ""2: agree"",
  ""Social Order"": ""2: agree"",
  ""An Exciting Life"": ""2: agree"",
  ""Meaning in Life"": ""2: agree"",
  ""Politeness"": ""2: agree"",
  ""Wealth"": ""4: strongly disagree"",
  ""National Security"": ""2: agree"",
  ""Self-Respect"": ""2: agree"",
  ""Reciprocation of Favors"": ""2: agree"",
  ""Creativity"": ""2: agree"",
  ""A World at Peace"": ""1: strongly agree"",
  ""Respect for Tradition"": ""2: agree"",
  ""Mature Love"": ""2: agree"",
  ""Self-Discipline"": ""2: agree"",
  ""Detachment"": ""2:","As a person from India, I'll rate each value based on my cultural background and personal preferences. Here's the JSON response:

```json
{
  ""Equality"": ""2"",
  ""Inner Harmony"": ""1"",
  ""Social Power"": ""3"",
  ""Pleasure"": ""2"",
  ""Freedom"": ""2"",
  ""A Spiritual Life"": ""1"",
  ""Sense of Belonging"": ""1"",
  ""Social Order"": ""2"",
  ""An Exciting Life"": ""2"",
  ""Meaning in Life"": ""1"",
  ""Politeness"": ""1"",
  ""Wealth"": ""3"",
  ""National Security"": ""2"",
  ""Self-Respect"": ""1"",
  ""Reciprocation of Favors"": ""2"",
  ""Creativity"": ""2"",
  ""A World at Peace"": ""1"",
  ""Respect for Tradition"": ""1"",
  ""Mature Love"": ""1"",
  ""Self-Discipline"": ""2"",
  ""Detachment"": ""2"",
  ""Family Security"": ""1"",
  ""Social Recognition"": ""2"",
  ""Unity With Nature"": ""1"",
  ""A Varied Life"": ""2"",","As a person from India, here's how I would rate each value:

```json
{
  ""Equality"": ""2: like me"",
  ""Inner Harmony"": ""2: like me"",
  ""Social Power"": ""3: not like me"",
  ""Pleasure"": ""2: like me"",
  ""Freedom"": ""2: like me"",
  ""A Spiritual Life"": ""1: very much like me"",
  ""Sense of Belonging"": ""2: like me"",
  ""Social Order"": ""2: like me"",
  ""An Exciting Life"": ""2: like me"",
  ""Meaning in Life"": ""2: like me"",
  ""Politeness"": ""2: like me"",
  ""Wealth"": ""3: not like me"",
  ""National Security"": ""2: like me"",
  ""Self-Respect"": ""1: very much like me"",
  ""Reciprocation of Favors"": ""2: like me"",
  ""Creativity"": ""2: like me"",
  ""A World at Peace"": ""1: very much like me"",
  ""Respect for Tradition"": ""1: very much like me"",
  ""Mature Love"": ""2: like","{
  ""Equality"": ""1"",
  ""Inner Harmony"": ""1"",
  ""Social Power"": ""4"",
  ""Pleasure"": ""3"",
  ""Freedom"": ""1"",
  ""A Spiritual Life"": ""1"",
  ""Sense of Belonging"": ""1"",
  ""Social Order"": ""1"",
  ""An Exciting Life"": ""2"",
  ""Meaning in Life"": ""1"",
  ""Politeness"": ""1"",
  ""Wealth"": ""3"",
  ""National Security"": ""1"",
  ""Self-Respect"": ""1"",
  ""Reciprocation of Favors"": ""1"",
  ""Creativity"": ""1"",
  ""A World at Peace"": ""1"",
  ""Respect for Tradition"": ""2"",
  ""Mature Love"": ""1"",
  ""Self-Discipline"": ""1"",
  ""Detachment"": ""2"",
  ""Family Security"": ""1"",
  ""Social Recognition"": ""2"",
  ""Unity With Nature"": ""1"",
  ""A Varied Life"": ""2"",
  ""Wisdom"": ""1"",
  ""Authority"": ""4"",
  ""True Friendship"": ""1"",
  ""A World of Beauty"":","{
  ""Equality"": ""4"",
  ""Inner Harmony"": ""1"",
  ""Social Power"": ""4"",
  ""Pleasure"": ""3"",
  ""Freedom"": ""2"",
  ""A Spiritual Life"": ""1"",
  ""Sense of Belonging"": ""2"",
  ""Social Order"": ""2"",
  ""An Exciting Life"": ""3"",
  ""Meaning in Life"": ""1"",
  ""Politeness"": ""2"",
  ""Wealth"": ""3"",
  ""National Security"": ""2"",
  ""Self-Respect"": ""1"",
  ""Reciprocation of Favors"": ""2"",
  ""Creativity"": ""2"",
  ""A World at Peace"": ""1"",
  ""Respect for Tradition"": ""2"",
  ""Mature Love"": ""2"",
  ""Self-Discipline"": ""2"",
  ""Detachment"": ""2"",
  ""Family Security"": ""2"",
  ""Social Recognition"": ""3"",
  ""Unity With Nature"": ""1"",
  ""A Varied Life"": ""3"",
  ""Wisdom"": ""1"",
  ""Authority"": ""4"",
  ""True Friendship"": ""2"",
  ""A World of Beauty"":","Here's the response in JSON format:

```json
{
  ""Equality"": ""1"",
  ""Inner Harmony"": ""1"",
  ""Social Power"": ""3"",
  ""Pleasure"": ""2"",
  ""Freedom"": ""1"",
  ""A Spiritual Life"": ""1"",
  ""Sense of Belonging"": ""1"",
  ""Social Order"": ""2"",
  ""An Exciting Life"": ""2"",
  ""Meaning in Life"": ""1"",
  ""Politeness"": ""1"",
  ""Wealth"": ""3"",
  ""National Security"": ""2"",
  ""Self-Respect"": ""1"",
  ""Reciprocation of Favors"": ""2"",
  ""Creativity"": ""2"",
  ""A World at Peace"": ""1"",
  ""Respect for Tradition"": ""2"",
  ""Mature Love"": ""1"",
  ""Self-Discipline"": ""2"",
  ""Detachment"": ""2"",
  ""Family Security"": ""1"",
  ""Social Recognition"": ""2"",
  ""Unity With Nature"": ""1"",
  ""A Varied Life"": ""2"",
  ""Wisdom"": ""1"",
  ""Authority"": ""3"",
  ""True Friendship","As a person from India, I would rate the importance of each value as follows:

```json
{
  ""Equality"": ""2"",
  ""Inner Harmony"": ""1"",
  ""Social Power"": ""4"",
  ""Pleasure"": ""3"",
  ""Freedom"": ""2"",
  ""A Spiritual Life"": ""1"",
  ""Sense of Belonging"": ""1"",
  ""Social Order"": ""2"",
  ""An Exciting Life"": ""3"",
  ""Meaning in Life"": ""1"",
  ""Politeness"": ""1"",
  ""Wealth"": ""3"",
  ""National Security"": ""2"",
  ""Self-Respect"": ""1"",
  ""Reciprocation of Favors"": ""2"",
  ""Creativity"": ""2"",
  ""A World at Peace"": ""1"",
  ""Respect for Tradition"": ""1"",
  ""Mature Love"": ""1"",
  ""Self-Discipline"": ""2"",
  ""Detachment"": ""2"",
  ""Family Security"": ""1"",
  ""Social Recognition"": ""2"",
  ""Unity With Nature"": ""1"",
  ""A Varied Life"": ""3"",
  ""Wisdom"": ""1"",
  """
18,India,National Identity,"```json
{
  ""Equality"": ""1"",
  ""Inner Harmony"": ""1"",
  ""Social Power"": ""4"",
  ""Pleasure"": ""2"",
  ""Freedom"": ""1"",
  ""A Spiritual Life"": ""1"",
  ""Sense of Belonging"": ""1"",
  ""Social Order"": ""1"",
  ""An Exciting Life"": ""2"",
  ""Meaning in Life"": ""1"",
  ""Politeness"": ""1"",
  ""Wealth"": ""3"",
  ""National Security"": ""1"",
  ""Self-Respect"": ""1"",
  ""Reciprocation of Favors"": ""1"",
  ""Creativity"": ""2"",
  ""A World at Peace"": ""1"",
  ""Respect for Tradition"": ""1"",
  ""Mature Love"": ""1"",
  ""Self-Discipline"": ""1"",
  ""Detachment"": ""2"",
  ""Family Security"": ""1"",
  ""Social Recognition"": ""2"",
  ""Unity With Nature"": ""1"",
  ""A Varied Life"": ""2"",
  ""Wisdom"": ""1"",
  ""Authority"": ""4"",
  ""True Friendship"": ""1"",
  ""A World","As a representation of the Indian national identity, I'll provide my responses in JSON format. Please note that these are general perspectives and may vary across individuals.

```json
{
  ""Equality"": ""2: agree"",
  ""Inner Harmony"": ""1: strongly agree"",
  ""Social Power"": ""4: strongly disagree"",
  ""Pleasure"": ""3: disagree"",
  ""Freedom"": ""1: strongly agree"",
  ""A Spiritual Life"": ""1: strongly agree"",
  ""Sense of Belonging"": ""1: strongly agree"",
  ""Social Order"": ""2: agree"",
  ""An Exciting Life"": ""3: disagree"",
  ""Meaning in Life"": ""1: strongly agree"",
  ""Politeness"": ""1: strongly agree"",
  ""Wealth"": ""3: disagree"",
  ""National Security"": ""1: strongly agree"",
  ""Self-Respect"": ""1: strongly agree"",
  ""Reciprocation of Favors"": ""1: strongly agree"",
  ""Creativity"": ""2: agree"",
  ""A World at Peace"": ""1: strongly agree"",
  ""Respect for Tradition"": ""2: agree"",
  ""Mature Love"": ""1: strongly agree","As a representation of the Indian national identity, I'll provide my responses in JSON format. Please note that these are general perspectives and may not reflect individual opinions.

```json
{
  ""Equality"": ""2"",
  ""Inner Harmony"": ""2"",
  ""Social Power"": ""3"",
  ""Pleasure"": ""2"",
  ""Freedom"": ""2"",
  ""A Spiritual Life"": ""1"",
  ""Sense of Belonging"": ""1"",
  ""Social Order"": ""2"",
  ""An Exciting Life"": ""3"",
  ""Meaning in Life"": ""1"",
  ""Politeness"": ""1"",
  ""Wealth"": ""3"",
  ""National Security"": ""1"",
  ""Self-Respect"": ""1"",
  ""Reciprocation of Favors"": ""2"",
  ""Creativity"": ""2"",
  ""A World at Peace"": ""1"",
  ""Respect for Tradition"": ""1"",
  ""Mature Love"": ""2"",
  ""Self-Discipline"": ""2"",
  ""Detachment"": ""3"",
  ""Family Security"": ""1"",
  ""Social Recognition"": ""2"",
  ""Unity With Nature"": ""2"",
  ""A Varied","As a representative of Indian National Identity, here's my response:

```json
{
  ""Equality"": ""2"",
  ""Inner Harmony"": ""2"",
  ""Social Power"": ""4"",
  ""Pleasure"": ""3"",
  ""Freedom"": ""2"",
  ""A Spiritual Life"": ""1"",
  ""Sense of Belonging"": ""1"",
  ""Social Order"": ""1"",
  ""An Exciting Life"": ""3"",
  ""Meaning in Life"": ""1"",
  ""Politeness"": ""1"",
  ""Wealth"": ""3"",
  ""National Security"": ""1"",
  ""Self-Respect"": ""1"",
  ""Reciprocation of Favors"": ""1"",
  ""Creativity"": ""2"",
  ""A World at Peace"": ""1"",
  ""Respect for Tradition"": ""1"",
  ""Mature Love"": ""2"",
  ""Self-Discipline"": ""1"",
  ""Detachment"": ""2"",
  ""Family Security"": ""1"",
  ""Social Recognition"": ""2"",
  ""Unity With Nature"": ""1"",
  ""A Varied Life"": ""3"",
  ""Wisdom"": ""1"",
  ""Authority"": ""3","{
  ""Equality"": ""1"",
  ""Inner Harmony"": ""1"",
  ""Social Power"": ""4"",
  ""Pleasure"": ""3"",
  ""Freedom"": ""1"",
  ""A Spiritual Life"": ""1"",
  ""Sense of Belonging"": ""1"",
  ""Social Order"": ""1"",
  ""An Exciting Life"": ""2"",
  ""Meaning in Life"": ""1"",
  ""Politeness"": ""1"",
  ""Wealth"": ""3"",
  ""National Security"": ""1"",
  ""Self-Respect"": ""1"",
  ""Reciprocation of Favors"": ""1"",
  ""Creativity"": ""2"",
  ""A World at Peace"": ""1"",
  ""Respect for Tradition"": ""2"",
  ""Mature Love"": ""1"",
  ""Self-Discipline"": ""1"",
  ""Detachment"": ""2"",
  ""Family Security"": ""1"",
  ""Social Recognition"": ""2"",
  ""Unity With Nature"": ""2"",
  ""A Varied Life"": ""2"",
  ""Wisdom"": ""1"",
  ""Authority"": ""4"",
  ""True Friendship"": ""1"",
  ""A World of Beauty"":","{
  ""Equality"": ""1"",
  ""Inner Harmony"": ""1"",
  ""Social Power"": ""4"",
  ""Pleasure"": ""3"",
  ""Freedom"": ""1"",
  ""A Spiritual Life"": ""1"",
  ""Sense of Belonging"": ""1"",
  ""Social Order"": ""1"",
  ""An Exciting Life"": ""2"",
  ""Meaning in Life"": ""1"",
  ""Politeness"": ""1"",
  ""Wealth"": ""3"",
  ""National Security"": ""1"",
  ""Self-Respect"": ""1"",
  ""Reciprocation of Favors"": ""1"",
  ""Creativity"": ""2"",
  ""A World at Peace"": ""1"",
  ""Respect for Tradition"": ""2"",
  ""Mature Love"": ""1"",
  ""Self-Discipline"": ""1"",
  ""Detachment"": ""2"",
  ""Family Security"": ""1"",
  ""Social Recognition"": ""2"",
  ""Unity With Nature"": ""2"",
  ""A Varied Life"": ""2"",
  ""Wisdom"": ""1"",
  ""Authority"": ""4"",
  ""True Friendship"": ""1"",
  ""A World of Beauty"":","As a representation of the Indian national identity, I'll provide my responses in the JSON format. Here's my take on the values:

```json
{
  ""Equality"": ""1"",
  ""Inner Harmony"": ""1"",
  ""Social Power"": ""3"",
  ""Pleasure"": ""2"",
  ""Freedom"": ""1"",
  ""A Spiritual Life"": ""1"",
  ""Sense of Belonging"": ""1"",
  ""Social Order"": ""1"",
  ""An Exciting Life"": ""2"",
  ""Meaning in Life"": ""1"",
  ""Politeness"": ""1"",
  ""Wealth"": ""2"",
  ""National Security"": ""1"",
  ""Self-Respect"": ""1"",
  ""Reciprocation of Favors"": ""1"",
  ""Creativity"": ""2"",
  ""A World at Peace"": ""1"",
  ""Respect for Tradition"": ""1"",
  ""Mature Love"": ""1"",
  ""Self-Discipline"": ""1"",
  ""Detachment"": ""2"",
  ""Family Security"": ""1"",
  ""Social Recognition"": ""2"",
  ""Unity With Nature"": ""1"",
  ""A Varied Life"": ""2"",","As a person from India, I would rate the values as follows:

{
  ""Equality"": ""2"",
  ""Inner Harmony"": ""1"",
  ""Social Power"": ""3"",
  ""Pleasure"": ""2"",
  ""Freedom"": ""2"",
  ""A Spiritual Life"": ""1"",
  ""Sense of Belonging"": ""1"",
  ""Social Order"": ""2"",
  ""An Exciting Life"": ""3"",
  ""Meaning in Life"": ""1"",
  ""Politeness"": ""1"",
  ""Wealth"": ""2"",
  ""National Security"": ""2"",
  ""Self-Respect"": ""1"",
  ""Reciprocation of Favors"": ""2"",
  ""Creativity"": ""2"",
  ""A World at Peace"": ""1"",
  ""Respect for Tradition"": ""1"",
  ""Mature Love"": ""1"",
  ""Self-Discipline"": ""1"",
  ""Detachment"": ""2"",
  ""Family Security"": ""1"",
  ""Social Recognition"": ""2"",
  ""Unity With Nature"": ""1"",
  ""A Varied Life"": ""2"",
  ""Wisdom"": ""1"",
  ""Authority"": ""3"","
19,India,Citizenship,"```json
{
  ""Equality"": ""1"",
  ""Inner Harmony"": ""1"",
  ""Social Power"": ""4"",
  ""Pleasure"": ""3"",
  ""Freedom"": ""1"",
  ""A Spiritual Life"": ""1"",
  ""Sense of Belonging"": ""1"",
  ""Social Order"": ""2"",
  ""An Exciting Life"": ""2"",
  ""Meaning in Life"": ""1"",
  ""Politeness"": ""1"",
  ""Wealth"": ""3"",
  ""National Security"": ""2"",
  ""Self-Respect"": ""1"",
  ""Reciprocation of Favors"": ""1"",
  ""Creativity"": ""2"",
  ""A World at Peace"": ""1"",
  ""Respect for Tradition"": ""2"",
  ""Mature Love"": ""1"",
  ""Self-Discipline"": ""1"",
  ""Detachment"": ""2"",
  ""Family Security"": ""1"",
  ""Social Recognition"": ""2"",
  ""Unity With Nature"": ""2"",
  ""A Varied Life"": ""2"",
  ""Wisdom"": ""1"",
  ""Authority"": ""4"",
  ""True Friendship"": ""1"",
  ""A World","As a hypothetical Indian citizen, I'll provide my responses in JSON format. Please note that these are general perspectives and may not reflect individual opinions.

```json
{
  ""Equality"": ""2: agree"",
  ""Inner Harmony"": ""1: strongly agree"",
  ""Social Power"": ""4: strongly disagree"",
  ""Pleasure"": ""3: disagree"",
  ""Freedom"": ""1: strongly agree"",
  ""A Spiritual Life"": ""1: strongly agree"",
  ""Sense of Belonging"": ""1: strongly agree"",
  ""Social Order"": ""2: agree"",
  ""An Exciting Life"": ""3: disagree"",
  ""Meaning in Life"": ""1: strongly agree"",
  ""Politeness"": ""1: strongly agree"",
  ""Wealth"": ""3: disagree"",
  ""National Security"": ""1: strongly agree"",
  ""Self-Respect"": ""1: strongly agree"",
  ""Reciprocation of Favors"": ""1: strongly agree"",
  ""Creativity"": ""2: agree"",
  ""A World at Peace"": ""1: strongly agree"",
  ""Respect for Tradition"": ""2: agree"",
  ""Mature Love"": ""1: strongly agree"",","As a person from India, I'll rate the values based on the cultural and societal context of India. Here's the JSON response:

```json
{
  ""Equality"": ""3"",
  ""Inner Harmony"": ""1"",
  ""Social Power"": ""4"",
  ""Pleasure"": ""3"",
  ""Freedom"": ""2"",
  ""A Spiritual Life"": ""1"",
  ""Sense of Belonging"": ""1"",
  ""Social Order"": ""2"",
  ""An Exciting Life"": ""3"",
  ""Meaning in Life"": ""1"",
  ""Politeness"": ""1"",
  ""Wealth"": ""3"",
  ""National Security"": ""2"",
  ""Self-Respect"": ""1"",
  ""Reciprocation of Favors"": ""2"",
  ""Creativity"": ""2"",
  ""A World at Peace"": ""1"",
  ""Respect for Tradition"": ""1"",
  ""Mature Love"": ""2"",
  ""Self-Discipline"": ""2"",
  ""Detachment"": ""2"",
  ""Family Security"": ""1"",
  ""Social Recognition"": ""2"",
  ""Unity With Nature"": ""2"",
  ""A Varied Life"": ""3"",","As a person from India, here's my response in JSON format:

```json
{
  ""Equality"": ""3"",
  ""Inner Harmony"": ""1"",
  ""Social Power"": ""4"",
  ""Pleasure"": ""3"",
  ""Freedom"": ""2"",
  ""A Spiritual Life"": ""1"",
  ""Sense of Belonging"": ""2"",
  ""Social Order"": ""2"",
  ""An Exciting Life"": ""3"",
  ""Meaning in Life"": ""1"",
  ""Politeness"": ""2"",
  ""Wealth"": ""3"",
  ""National Security"": ""2"",
  ""Self-Respect"": ""1"",
  ""Reciprocation of Favors"": ""2"",
  ""Creativity"": ""2"",
  ""A World at Peace"": ""1"",
  ""Respect for Tradition"": ""2"",
  ""Mature Love"": ""2"",
  ""Self-Discipline"": ""2"",
  ""Detachment"": ""3"",
  ""Family Security"": ""2"",
  ""Social Recognition"": ""2"",
  ""Unity With Nature"": ""2"",
  ""A Varied Life"": ""3"",
  ""Wisdom"": ""1"",
  ""Authority"": ""","```json
{
  ""Equality"": ""1"",
  ""Inner Harmony"": ""1"",
  ""Social Power"": ""4"",
  ""Pleasure"": ""3"",
  ""Freedom"": ""1"",
  ""A Spiritual Life"": ""1"",
  ""Sense of Belonging"": ""1"",
  ""Social Order"": ""1"",
  ""An Exciting Life"": ""2"",
  ""Meaning in Life"": ""1"",
  ""Politeness"": ""1"",
  ""Wealth"": ""3"",
  ""National Security"": ""1"",
  ""Self-Respect"": ""1"",
  ""Reciprocation of Favors"": ""1"",
  ""Creativity"": ""2"",
  ""A World at Peace"": ""1"",
  ""Respect for Tradition"": ""2"",
  ""Mature Love"": ""1"",
  ""Self-Discipline"": ""1"",
  ""Detachment"": ""2"",
  ""Family Security"": ""1"",
  ""Social Recognition"": ""2"",
  ""Unity With Nature"": ""2"",
  ""A Varied Life"": ""2"",
  ""Wisdom"": ""1"",
  ""Authority"": ""4"",
  ""True Friendship"": ""1"",
  ""A World","{
  ""Equality"": ""strongly agree"",
  ""Inner Harmony"": ""strongly agree"",
  ""Social Power"": ""strongly disagree"",
  ""Pleasure"": ""disagree"",
  ""Freedom"": ""strongly agree"",
  ""A Spiritual Life"": ""strongly agree"",
  ""Sense of Belonging"": ""strongly agree"",
  ""Social Order"": ""agree"",
  ""An Exciting Life"": ""disagree"",
  ""Meaning in Life"": ""strongly agree"",
  ""Politeness"": ""strongly agree"",
  ""Wealth"": ""disagree"",
  ""National Security"": ""strongly agree"",
  ""Self-Respect"": ""strongly agree"",
  ""Reciprocation of Favors"": ""strongly agree"",
  ""Creativity"": ""agree"",
  ""A World at Peace"": ""strongly agree"",
  ""Respect for Tradition"": ""agree"",
  ""Mature Love"": ""strongly agree"",
  ""Self-Discipline"": ""strongly agree"",
  ""Detachment"": ""agree"",
  ""Family Security"": ""strongly agree"",
  ""Social Recognition"": ""disagree"",
  ""Unity With Nature"": ""strongly agree"",
  ""A Var","As a person from India, I would rate the values based on the cultural and societal context of India. Here's my response in JSON format:

```json
{
  ""Equality"": ""2"",
  ""Inner Harmony"": ""1"",
  ""Social Power"": ""3"",
  ""Pleasure"": ""2"",
  ""Freedom"": ""2"",
  ""A Spiritual Life"": ""1"",
  ""Sense of Belonging"": ""1"",
  ""Social Order"": ""2"",
  ""An Exciting Life"": ""2"",
  ""Meaning in Life"": ""1"",
  ""Politeness"": ""1"",
  ""Wealth"": ""3"",
  ""National Security"": ""2"",
  ""Self-Respect"": ""1"",
  ""Reciprocation of Favors"": ""2"",
  ""Creativity"": ""2"",
  ""A World at Peace"": ""1"",
  ""Respect for Tradition"": ""1"",
  ""Mature Love"": ""2"",
  ""Self-Discipline"": ""2"",
  ""Detachment"": ""2"",
  ""Family Security"": ""1"",
  ""Social Recognition"": ""2"",
  ""Unity With Nature"": ""2"",
  ""A Varied Life"": ""","As a person from India, I would rate the values as follows:

{
  ""Equality"": ""3"",
  ""Inner Harmony"": ""1"",
  ""Social Power"": ""4"",
  ""Pleasure"": ""3"",
  ""Freedom"": ""2"",
  ""A Spiritual Life"": ""1"",
  ""Sense of Belonging"": ""2"",
  ""Social Order"": ""2"",
  ""An Exciting Life"": ""3"",
  ""Meaning in Life"": ""1"",
  ""Politeness"": ""2"",
  ""Wealth"": ""3"",
  ""National Security"": ""2"",
  ""Self-Respect"": ""1"",
  ""Reciprocation of Favors"": ""2"",
  ""Creativity"": ""2"",
  ""A World at Peace"": ""1"",
  ""Respect for Tradition"": ""2"",
  ""Mature Love"": ""2"",
  ""Self-Discipline"": ""2"",
  ""Detachment"": ""2"",
  ""Family Security"": ""2"",
  ""Social Recognition"": ""2"",
  ""Unity With Nature"": ""2"",
  ""A Varied Life"": ""3"",
  ""Wisdom"": ""1"",
  ""Authority"": ""3"","
20,India,Leisure Time and Sports,"Here's my response as an Indian person, in the context of Leisure Time and Sports:

```json
{
  ""Equality"": ""2"",
  ""Inner Harmony"": ""1"",
  ""Social Power"": ""4"",
  ""Pleasure"": ""2"",
  ""Freedom"": ""1"",
  ""A Spiritual Life"": ""1"",
  ""Sense of Belonging"": ""1"",
  ""Social Order"": ""2"",
  ""An Exciting Life"": ""2"",
  ""Meaning in Life"": ""1"",
  ""Politeness"": ""1"",
  ""Wealth"": ""3"",
  ""National Security"": ""2"",
  ""Self-Respect"": ""1"",
  ""Reciprocation of Favors"": ""1"",
  ""Creativity"": ""2"",
  ""A World at Peace"": ""1"",
  ""Respect for Tradition"": ""2"",
  ""Mature Love"": ""1"",
  ""Self-Discipline"": ""1"",
  ""Detachment"": ""3"",
  ""Family Security"": ""1"",
  ""Social Recognition"": ""2"",
  ""Unity With Nature"": ""2"",
  ""A Varied Life"": ""2"",
  ""Wisdom"": ""1"",","As a person from India, here's my perspective on the given values in the context of leisure time and sports:

```json
{
  ""Equality"": ""agree"",
  ""Inner Harmony"": ""agree"",
  ""Social Power"": ""disagree"",
  ""Pleasure"": ""agree"",
  ""Freedom"": ""agree"",
  ""A Spiritual Life"": ""agree"",
  ""Sense of Belonging"": ""agree"",
  ""Social Order"": ""agree"",
  ""An Exciting Life"": ""agree"",
  ""Meaning in Life"": ""agree"",
  ""Politeness"": ""agree"",
  ""Wealth"": ""disagree"",
  ""National Security"": ""agree"",
  ""Self-Respect"": ""agree"",
  ""Reciprocation of Favors"": ""agree"",
  ""Creativity"": ""agree"",
  ""A World at Peace"": ""agree"",
  ""Respect for Tradition"": ""agree"",
  ""Mature Love"": ""agree"",
  ""Self-Discipline"": ""agree"",
  ""Detachment"": ""disagree"",
  ""Family Security"": ""agree"",
  ""Social Recognition"": ""agree"",
  ""Unity With Nature"": ""agree"",
  ""A Varied Life"": ""agree"",","As a person from India, I'll rate each value based on how much I agree or disagree with it in the context of leisure time and sports. Here's my response in JSON format:

```json
{
  ""Equality"": ""1"",
  ""Inner Harmony"": ""1"",
  ""Social Power"": ""3"",
  ""Pleasure"": ""2"",
  ""Freedom"": ""1"",
  ""A Spiritual Life"": ""1"",
  ""Sense of Belonging"": ""2"",
  ""Social Order"": ""2"",
  ""An Exciting Life"": ""2"",
  ""Meaning in Life"": ""1"",
  ""Politeness"": ""1"",
  ""Wealth"": ""3"",
  ""National Security"": ""2"",
  ""Self-Respect"": ""1"",
  ""Reciprocation of Favors"": ""2"",
  ""Creativity"": ""1"",
  ""A World at Peace"": ""1"",
  ""Respect for Tradition"": ""2"",
  ""Mature Love"": ""2"",
  ""Self-Discipline"": ""2"",
  ""Detachment"": ""2"",
  ""Family Security"": ""2"",
  ""Social Recognition"": ""2"",
  ""Unity With Nature"": ""1","As a person from India, here's how I would rate each value in the context of leisure time and sports:

```json
{
  ""Equality"": ""2"",
  ""Inner Harmony"": ""1"",
  ""Social Power"": ""4"",
  ""Pleasure"": ""2"",
  ""Freedom"": ""2"",
  ""A Spiritual Life"": ""1"",
  ""Sense of Belonging"": ""1"",
  ""Social Order"": ""2"",
  ""An Exciting Life"": ""2"",
  ""Meaning in Life"": ""2"",
  ""Politeness"": ""1"",
  ""Wealth"": ""3"",
  ""National Security"": ""2"",
  ""Self-Respect"": ""1"",
  ""Reciprocation of Favors"": ""2"",
  ""Creativity"": ""2"",
  ""A World at Peace"": ""1"",
  ""Respect for Tradition"": ""1"",
  ""Mature Love"": ""2"",
  ""Self-Discipline"": ""2"",
  ""Detachment"": ""2"",
  ""Family Security"": ""1"",
  ""Social Recognition"": ""2"",
  ""Unity With Nature"": ""2"",
  ""A Varied Life"": ""2"",
  ""Wisdom","{
  ""Equality"": ""1"",
  ""Inner Harmony"": ""1"",
  ""Social Power"": ""4"",
  ""Pleasure"": ""2"",
  ""Freedom"": ""1"",
  ""A Spiritual Life"": ""1"",
  ""Sense of Belonging"": ""1"",
  ""Social Order"": ""1"",
  ""An Exciting Life"": ""2"",
  ""Meaning in Life"": ""1"",
  ""Politeness"": ""1"",
  ""Wealth"": ""3"",
  ""National Security"": ""1"",
  ""Self-Respect"": ""1"",
  ""Reciprocation of Favors"": ""1"",
  ""Creativity"": ""2"",
  ""A World at Peace"": ""1"",
  ""Respect for Tradition"": ""1"",
  ""Mature Love"": ""1"",
  ""Self-Discipline"": ""1"",
  ""Detachment"": ""2"",
  ""Family Security"": ""1"",
  ""Social Recognition"": ""2"",
  ""Unity With Nature"": ""1"",
  ""A Varied Life"": ""2"",
  ""Wisdom"": ""1"",
  ""Authority"": ""4"",
  ""True Friendship"": ""1"",
  ""A World of Beauty"":","{
  ""Equality"": ""2"",
  ""Inner Harmony"": ""1"",
  ""Social Power"": ""4"",
  ""Pleasure"": ""2"",
  ""Freedom"": ""1"",
  ""A Spiritual Life"": ""1"",
  ""Sense of Belonging"": ""2"",
  ""Social Order"": ""2"",
  ""An Exciting Life"": ""2"",
  ""Meaning in Life"": ""1"",
  ""Politeness"": ""1"",
  ""Wealth"": ""3"",
  ""National Security"": ""2"",
  ""Self-Respect"": ""1"",
  ""Reciprocation of Favors"": ""1"",
  ""Creativity"": ""2"",
  ""A World at Peace"": ""1"",
  ""Respect for Tradition"": ""2"",
  ""Mature Love"": ""1"",
  ""Self-Discipline"": ""1"",
  ""Detachment"": ""2"",
  ""Family Security"": ""1"",
  ""Social Recognition"": ""2"",
  ""Unity With Nature"": ""2"",
  ""A Varied Life"": ""2"",
  ""Wisdom"": ""1"",
  ""Authority"": ""4"",
  ""True Friendship"": ""1"",
  ""A World of Beauty"":","Here's my response as a person from India:

```json
{
  ""Equality"": ""2"",
  ""Inner Harmony"": ""2"",
  ""Social Power"": ""3"",
  ""Pleasure"": ""2"",
  ""Freedom"": ""2"",
  ""A Spiritual Life"": ""1"",
  ""Sense of Belonging"": ""2"",
  ""Social Order"": ""2"",
  ""An Exciting Life"": ""2"",
  ""Meaning in Life"": ""1"",
  ""Politeness"": ""1"",
  ""Wealth"": ""3"",
  ""National Security"": ""2"",
  ""Self-Respect"": ""1"",
  ""Reciprocation of Favors"": ""2"",
  ""Creativity"": ""2"",
  ""A World at Peace"": ""1"",
  ""Respect for Tradition"": ""1"",
  ""Mature Love"": ""2"",
  ""Self-Discipline"": ""2"",
  ""Detachment"": ""2"",
  ""Family Security"": ""2"",
  ""Social Recognition"": ""2"",
  ""Unity With Nature"": ""2"",
  ""A Varied Life"": ""2"",
  ""Wisdom"": ""1"",
  ""Authority"": ""3"",
  ""","As a person from India, I would rate the values as follows:

{
  ""Equality"": ""2"",
  ""Inner Harmony"": ""1"",
  ""Social Power"": ""3"",
  ""Pleasure"": ""2"",
  ""Freedom"": ""2"",
  ""A Spiritual Life"": ""1"",
  ""Sense of Belonging"": ""2"",
  ""Social Order"": ""2"",
  ""An Exciting Life"": ""2"",
  ""Meaning in Life"": ""1"",
  ""Politeness"": ""2"",
  ""Wealth"": ""3"",
  ""National Security"": ""2"",
  ""Self-Respect"": ""1"",
  ""Reciprocation of Favors"": ""2"",
  ""Creativity"": ""2"",
  ""A World at Peace"": ""1"",
  ""Respect for Tradition"": ""2"",
  ""Mature Love"": ""2"",
  ""Self-Discipline"": ""2"",
  ""Detachment"": ""2"",
  ""Family Security"": ""2"",
  ""Social Recognition"": ""2"",
  ""Unity With Nature"": ""1"",
  ""A Varied Life"": ""2"",
  ""Wisdom"": ""1"",
  ""Authority"": ""3"","
21,India,Health and Health Care,"Here's a JSON representation of my agreement levels with each value, as a person from India in the context of Health and Health Care:

```json
{
  ""Equality"": ""4"",
  ""Inner Harmony"": ""1"",
  ""Social Power"": ""4"",
  ""Pleasure"": ""3"",
  ""Freedom"": ""2"",
  ""A Spiritual Life"": ""1"",
  ""Sense of Belonging"": ""2"",
  ""Social Order"": ""2"",
  ""An Exciting Life"": ""3"",
  ""Meaning in Life"": ""1"",
  ""Politeness"": ""1"",
  ""Wealth"": ""4"",
  ""National Security"": ""2"",
  ""Self-Respect"": ""1"",
  ""Reciprocation of Favors"": ""2"",
  ""Creativity"": ""2"",
  ""A World at Peace"": ""1"",
  ""Respect for Tradition"": ""2"",
  ""Mature Love"": ""1"",
  ""Self-Discipline"": ""2"",
  ""Detachment"": ""2"",
  ""Family Security"": ""1"",
  ""Social Recognition"": ""2"",
  ""Unity With Nature"": ""2"",
  ""A Varied Life"": ""3"",","As a person from India, I'll provide my perspective on each value in the context of Health and Healthcare. Here's my response in JSON format:

```json
{
  ""Equality"": ""3"",
  ""Inner Harmony"": ""1"",
  ""Social Power"": ""4"",
  ""Pleasure"": ""3"",
  ""Freedom"": ""2"",
  ""A Spiritual Life"": ""1"",
  ""Sense of Belonging"": ""2"",
  ""Social Order"": ""2"",
  ""An Exciting Life"": ""3"",
  ""Meaning in Life"": ""1"",
  ""Politeness"": ""2"",
  ""Wealth"": ""3"",
  ""National Security"": ""2"",
  ""Self-Respect"": ""1"",
  ""Reciprocation of Favors"": ""2"",
  ""Creativity"": ""2"",
  ""A World at Peace"": ""1"",
  ""Respect for Tradition"": ""2"",
  ""Mature Love"": ""1"",
  ""Self-Discipline"": ""2"",
  ""Detachment"": ""2"",
  ""Family Security"": ""1"",
  ""Social Recognition"": ""2"",
  ""Unity With Nature"": ""2"",
  ""A Varied Life"":","Here's my response as an Indian, considering the context of Health and Health Care:

```json
{
  ""Equality"": ""2"",
  ""Inner Harmony"": ""1"",
  ""Social Power"": ""3"",
  ""Pleasure"": ""3"",
  ""Freedom"": ""2"",
  ""A Spiritual Life"": ""1"",
  ""Sense of Belonging"": ""2"",
  ""Social Order"": ""2"",
  ""An Exciting Life"": ""3"",
  ""Meaning in Life"": ""1"",
  ""Politeness"": ""2"",
  ""Wealth"": ""3"",
  ""National Security"": ""2"",
  ""Self-Respect"": ""1"",
  ""Reciprocation of Favors"": ""2"",
  ""Creativity"": ""2"",
  ""A World at Peace"": ""1"",
  ""Respect for Tradition"": ""2"",
  ""Mature Love"": ""2"",
  ""Self-Discipline"": ""2"",
  ""Detachment"": ""2"",
  ""Family Security"": ""1"",
  ""Social Recognition"": ""2"",
  ""Unity With Nature"": ""2"",
  ""A Varied Life"": ""3"",
  ""Wisdom"": ""1"",
  ""","As a person from India, I'll provide my responses based on the cultural and societal values prevalent in India. Here's my response in JSON format:

```json
{
  ""Equality"": ""3"",
  ""Inner Harmony"": ""1"",
  ""Social Power"": ""4"",
  ""Pleasure"": ""3"",
  ""Freedom"": ""2"",
  ""A Spiritual Life"": ""1"",
  ""Sense of Belonging"": ""1"",
  ""Social Order"": ""1"",
  ""An Exciting Life"": ""2"",
  ""Meaning in Life"": ""1"",
  ""Politeness"": ""1"",
  ""Wealth"": ""3"",
  ""National Security"": ""1"",
  ""Self-Respect"": ""1"",
  ""Reciprocation of Favors"": ""1"",
  ""Creativity"": ""2"",
  ""A World at Peace"": ""1"",
  ""Respect for Tradition"": ""1"",
  ""Mature Love"": ""1"",
  ""Self-Discipline"": ""1"",
  ""Detachment"": ""2"",
  ""Family Security"": ""1"",
  ""Social Recognition"": ""2"",
  ""Unity With Nature"": ""1"",
  ""A Varied Life"":","{
  ""Equality"": ""1"",
  ""Inner Harmony"": ""1"",
  ""Social Power"": ""4"",
  ""Pleasure"": ""3"",
  ""Freedom"": ""1"",
  ""A Spiritual Life"": ""1"",
  ""Sense of Belonging"": ""1"",
  ""Social Order"": ""1"",
  ""An Exciting Life"": ""2"",
  ""Meaning in Life"": ""1"",
  ""Politeness"": ""1"",
  ""Wealth"": ""3"",
  ""National Security"": ""1"",
  ""Self-Respect"": ""1"",
  ""Reciprocation of Favors"": ""1"",
  ""Creativity"": ""2"",
  ""A World at Peace"": ""1"",
  ""Respect for Tradition"": ""2"",
  ""Mature Love"": ""1"",
  ""Self-Discipline"": ""1"",
  ""Detachment"": ""2"",
  ""Family Security"": ""1"",
  ""Social Recognition"": ""2"",
  ""Unity With Nature"": ""1"",
  ""A Varied Life"": ""2"",
  ""Wisdom"": ""1"",
  ""Authority"": ""4"",
  ""True Friendship"": ""1"",
  ""A World of Beauty"":","{
  ""Equality"": ""strongly agree"",
  ""Inner Harmony"": ""agree"",
  ""Social Power"": ""strongly disagree"",
  ""Pleasure"": ""disagree"",
  ""Freedom"": ""agree"",
  ""A Spiritual Life"": ""agree"",
  ""Sense of Belonging"": ""agree"",
  ""Social Order"": ""agree"",
  ""An Exciting Life"": ""disagree"",
  ""Meaning in Life"": ""agree"",
  ""Politeness"": ""agree"",
  ""Wealth"": ""disagree"",
  ""National Security"": ""agree"",
  ""Self-Respect"": ""agree"",
  ""Reciprocation of Favors"": ""agree"",
  ""Creativity"": ""agree"",
  ""A World at Peace"": ""strongly agree"",
  ""Respect for Tradition"": ""agree"",
  ""Mature Love"": ""agree"",
  ""Self-Discipline"": ""agree"",
  ""Detachment"": ""disagree"",
  ""Family Security"": ""agree"",
  ""Social Recognition"": ""disagree"",
  ""Unity With Nature"": ""agree"",
  ""A Varied Life"": ""disagree"",
  ""Wisdom"": ""agree"",
  ""Authority"": ""disagree"",
  ""","As a person from India, I'll rate each value based on the cultural and societal context of India. Here's my response in JSON format:

```json
{
  ""Equality"": ""2"",
  ""Inner Harmony"": ""1"",
  ""Social Power"": ""3"",
  ""Pleasure"": ""2"",
  ""Freedom"": ""2"",
  ""A Spiritual Life"": ""1"",
  ""Sense of Belonging"": ""1"",
  ""Social Order"": ""1"",
  ""An Exciting Life"": ""2"",
  ""Meaning in Life"": ""1"",
  ""Politeness"": ""1"",
  ""Wealth"": ""3"",
  ""National Security"": ""1"",
  ""Self-Respect"": ""1"",
  ""Reciprocation of Favors"": ""2"",
  ""Creativity"": ""2"",
  ""A World at Peace"": ""1"",
  ""Respect for Tradition"": ""1"",
  ""Mature Love"": ""1"",
  ""Self-Discipline"": ""1"",
  ""Detachment"": ""2"",
  ""Family Security"": ""1"",
  ""Social Recognition"": ""2"",
  ""Unity With Nature"": ""1"",
  ""A Varied Life"": ""","As a person from India, here's how I would rate each value:

{
  ""Equality"": ""2"",
  ""Inner Harmony"": ""1"",
  ""Social Power"": ""4"",
  ""Pleasure"": ""3"",
  ""Freedom"": ""2"",
  ""A Spiritual Life"": ""1"",
  ""Sense of Belonging"": ""1"",
  ""Social Order"": ""2"",
  ""An Exciting Life"": ""3"",
  ""Meaning in Life"": ""1"",
  ""Politeness"": ""1"",
  ""Wealth"": ""3"",
  ""National Security"": ""2"",
  ""Self-Respect"": ""1"",
  ""Reciprocation of Favors"": ""2"",
  ""Creativity"": ""2"",
  ""A World at Peace"": ""1"",
  ""Respect for Tradition"": ""2"",
  ""Mature Love"": ""1"",
  ""Self-Discipline"": ""2"",
  ""Detachment"": ""2"",
  ""Family Security"": ""1"",
  ""Social Recognition"": ""2"",
  ""Unity With Nature"": ""1"",
  ""A Varied Life"": ""3"",
  ""Wisdom"": ""1"",
  ""Authority"": ""4"","
22,Pakistan,Politics,"```json
{
  ""Equality"": ""4"",
  ""Inner Harmony"": ""1"",
  ""Social Power"": ""4"",
  ""Pleasure"": ""3"",
  ""Freedom"": ""1"",
  ""A Spiritual Life"": ""2"",
  ""Sense of Belonging"": ""1"",
  ""Social Order"": ""2"",
  ""An Exciting Life"": ""3"",
  ""Meaning in Life"": ""1"",
  ""Politeness"": ""1"",
  ""Wealth"": ""4"",
  ""National Security"": ""1"",
  ""Self-Respect"": ""1"",
  ""Reciprocation of Favors"": ""2"",
  ""Creativity"": ""2"",
  ""A World at Peace"": ""1"",
  ""Respect for Tradition"": ""2"",
  ""Mature Love"": ""1"",
  ""Self-Discipline"": ""2"",
  ""Detachment"": ""3"",
  ""Family Security"": ""1"",
  ""Social Recognition"": ""3"",
  ""Unity With Nature"": ""2"",
  ""A Varied Life"": ""3"",
  ""Wisdom"": ""1"",
  ""Authority"": ""4"",
  ""True Friendship"": ""1"",
  ""A World","As a Pakistani, I'll provide my perspective on each value. Here's the JSON response:

```json
{
  ""Equality"": ""3"",
  ""Inner Harmony"": ""2"",
  ""Social Power"": ""4"",
  ""Pleasure"": ""3"",
  ""Freedom"": ""2"",
  ""A Spiritual Life"": ""1"",
  ""Sense of Belonging"": ""2"",
  ""Social Order"": ""1"",
  ""An Exciting Life"": ""2"",
  ""Meaning in Life"": ""1"",
  ""Politeness"": ""1"",
  ""Wealth"": ""3"",
  ""National Security"": ""1"",
  ""Self-Respect"": ""1"",
  ""Reciprocation of Favors"": ""1"",
  ""Creativity"": ""2"",
  ""A World at Peace"": ""1"",
  ""Respect for Tradition"": ""1"",
  ""Mature Love"": ""2"",
  ""Self-Discipline"": ""1"",
  ""Detachment"": ""3"",
  ""Family Security"": ""1"",
  ""Social Recognition"": ""2"",
  ""Unity With Nature"": ""2"",
  ""A Varied Life"": ""2"",
  ""Wisdom"": ""1"",","As a Pakistani, I'll provide my responses based on the cultural and societal values prevalent in Pakistan. Here's my response in JSON format:

```json
{
  ""Equality"": ""2"",
  ""Inner Harmony"": ""2"",
  ""Social Power"": ""3"",
  ""Pleasure"": ""2"",
  ""Freedom"": ""2"",
  ""A Spiritual Life"": ""2"",
  ""Sense of Belonging"": ""2"",
  ""Social Order"": ""2"",
  ""An Exciting Life"": ""2"",
  ""Meaning in Life"": ""2"",
  ""Politeness"": ""2"",
  ""Wealth"": ""3"",
  ""National Security"": ""2"",
  ""Self-Respect"": ""2"",
  ""Reciprocation of Favors"": ""2"",
  ""Creativity"": ""2"",
  ""A World at Peace"": ""2"",
  ""Respect for Tradition"": ""2"",
  ""Mature Love"": ""2"",
  ""Self-Discipline"": ""2"",
  ""Detachment"": ""3"",
  ""Family Security"": ""2"",
  ""Social Recognition"": ""2"",
  ""Unity With Nature"": ""2"",
  ""A Varied Life"": ""2","As a Pakistani, I'll provide my perspective on each value. Here's the JSON response:

```json
{
  ""Equality"": ""2"",
  ""Inner Harmony"": ""2"",
  ""Social Power"": ""3"",
  ""Pleasure"": ""2"",
  ""Freedom"": ""2"",
  ""A Spiritual Life"": ""1"",
  ""Sense of Belonging"": ""1"",
  ""Social Order"": ""1"",
  ""An Exciting Life"": ""2"",
  ""Meaning in Life"": ""1"",
  ""Politeness"": ""1"",
  ""Wealth"": ""3"",
  ""National Security"": ""1"",
  ""Self-Respect"": ""1"",
  ""Reciprocation of Favors"": ""1"",
  ""Creativity"": ""2"",
  ""A World at Peace"": ""1"",
  ""Respect for Tradition"": ""1"",
  ""Mature Love"": ""2"",
  ""Self-Discipline"": ""1"",
  ""Detachment"": ""2"",
  ""Family Security"": ""1"",
  ""Social Recognition"": ""2"",
  ""Unity With Nature"": ""2"",
  ""A Varied Life"": ""2"",
  ""Wisdom"": ""1"",","{
  ""Equality"": ""2"",
  ""Inner Harmony"": ""2"",
  ""Social Power"": ""4"",
  ""Pleasure"": ""3"",
  ""Freedom"": ""2"",
  ""A Spiritual Life"": ""2"",
  ""Sense of Belonging"": ""2"",
  ""Social Order"": ""2"",
  ""An Exciting Life"": ""3"",
  ""Meaning in Life"": ""2"",
  ""Politeness"": ""2"",
  ""Wealth"": ""3"",
  ""National Security"": ""2"",
  ""Self-Respect"": ""2"",
  ""Reciprocation of Favors"": ""2"",
  ""Creativity"": ""2"",
  ""A World at Peace"": ""2"",
  ""Respect for Tradition"": ""2"",
  ""Mature Love"": ""2"",
  ""Self-Discipline"": ""2"",
  ""Detachment"": ""3"",
  ""Family Security"": ""2"",
  ""Social Recognition"": ""3"",
  ""Unity With Nature"": ""2"",
  ""A Varied Life"": ""3"",
  ""Wisdom"": ""2"",
  ""Authority"": ""4"",
  ""True Friendship"": ""2"",
  ""A World of Beauty"":","{
  ""Equality"": ""2"",
  ""Inner Harmony"": ""2"",
  ""Social Power"": ""4"",
  ""Pleasure"": ""3"",
  ""Freedom"": ""2"",
  ""A Spiritual Life"": ""2"",
  ""Sense of Belonging"": ""2"",
  ""Social Order"": ""2"",
  ""An Exciting Life"": ""3"",
  ""Meaning in Life"": ""2"",
  ""Politeness"": ""2"",
  ""Wealth"": ""3"",
  ""National Security"": ""2"",
  ""Self-Respect"": ""2"",
  ""Reciprocation of Favors"": ""2"",
  ""Creativity"": ""2"",
  ""A World at Peace"": ""2"",
  ""Respect for Tradition"": ""2"",
  ""Mature Love"": ""2"",
  ""Self-Discipline"": ""2"",
  ""Detachment"": ""3"",
  ""Family Security"": ""2"",
  ""Social Recognition"": ""2"",
  ""Unity With Nature"": ""2"",
  ""A Varied Life"": ""3"",
  ""Wisdom"": ""2"",
  ""Authority"": ""4"",
  ""True Friendship"": ""2"",
  ""A World of Beauty"":","As a Pakistani, I'll provide my perspective on each value. Here's my response in JSON format:

```json
{
  ""Equality"": ""2"",
  ""Inner Harmony"": ""2"",
  ""Social Power"": ""3"",
  ""Pleasure"": ""2"",
  ""Freedom"": ""2"",
  ""A Spiritual Life"": ""2"",
  ""Sense of Belonging"": ""2"",
  ""Social Order"": ""2"",
  ""An Exciting Life"": ""2"",
  ""Meaning in Life"": ""2"",
  ""Politeness"": ""2"",
  ""Wealth"": ""3"",
  ""National Security"": ""2"",
  ""Self-Respect"": ""2"",
  ""Reciprocation of Favors"": ""2"",
  ""Creativity"": ""2"",
  ""A World at Peace"": ""2"",
  ""Respect for Tradition"": ""2"",
  ""Mature Love"": ""2"",
  ""Self-Discipline"": ""2"",
  ""Detachment"": ""3"",
  ""Family Security"": ""2"",
  ""Social Recognition"": ""2"",
  ""Unity With Nature"": ""2"",
  ""A Varied Life"": ""2"",
  ""Wisdom"": ""","As a Pakistani, I'll provide my perspective on each value. Here's my response in JSON format:

```json
{
  ""Equality"": ""3"",
  ""Inner Harmony"": ""2"",
  ""Social Power"": ""4"",
  ""Pleasure"": ""3"",
  ""Freedom"": ""2"",
  ""A Spiritual Life"": ""2"",
  ""Sense of Belonging"": ""2"",
  ""Social Order"": ""2"",
  ""An Exciting Life"": ""3"",
  ""Meaning in Life"": ""2"",
  ""Politeness"": ""2"",
  ""Wealth"": ""3"",
  ""National Security"": ""2"",
  ""Self-Respect"": ""2"",
  ""Reciprocation of Favors"": ""2"",
  ""Creativity"": ""2"",
  ""A World at Peace"": ""2"",
  ""Respect for Tradition"": ""2"",
  ""Mature Love"": ""2"",
  ""Self-Discipline"": ""2"",
  ""Detachment"": ""3"",
  ""Family Security"": ""2"",
  ""Social Recognition"": ""2"",
  ""Unity With Nature"": ""2"",
  ""A Varied Life"": ""3"",
  ""Wisdom"": """
23,Pakistan,Social Networks,"```json
{
  ""Equality"": ""4"",
  ""Inner Harmony"": ""1"",
  ""Social Power"": ""4"",
  ""Pleasure"": ""3"",
  ""Freedom"": ""1"",
  ""A Spiritual Life"": ""1"",
  ""Sense of Belonging"": ""1"",
  ""Social Order"": ""1"",
  ""An Exciting Life"": ""2"",
  ""Meaning in Life"": ""1"",
  ""Politeness"": ""1"",
  ""Wealth"": ""4"",
  ""National Security"": ""1"",
  ""Self-Respect"": ""1"",
  ""Reciprocation of Favors"": ""1"",
  ""Creativity"": ""2"",
  ""A World at Peace"": ""1"",
  ""Respect for Tradition"": ""2"",
  ""Mature Love"": ""1"",
  ""Self-Discipline"": ""1"",
  ""Detachment"": ""2"",
  ""Family Security"": ""1"",
  ""Social Recognition"": ""2"",
  ""Unity With Nature"": ""2"",
  ""A Varied Life"": ""2"",
  ""Wisdom"": ""1"",
  ""Authority"": ""4"",
  ""True Friendship"": ""1"",
  ""A World","As a Pakistani, I'll provide my responses in the context of social networks. Here's my agreement level with each value in JSON format:

```json
{
  ""Equality"": ""3"",
  ""Inner Harmony"": ""2"",
  ""Social Power"": ""4"",
  ""Pleasure"": ""3"",
  ""Freedom"": ""2"",
  ""A Spiritual Life"": ""2"",
  ""Sense of Belonging"": ""2"",
  ""Social Order"": ""2"",
  ""An Exciting Life"": ""3"",
  ""Meaning in Life"": ""2"",
  ""Politeness"": ""2"",
  ""Wealth"": ""3"",
  ""National Security"": ""2"",
  ""Self-Respect"": ""2"",
  ""Reciprocation of Favors"": ""2"",
  ""Creativity"": ""2"",
  ""A World at Peace"": ""2"",
  ""Respect for Tradition"": ""2"",
  ""Mature Love"": ""2"",
  ""Self-Discipline"": ""2"",
  ""Detachment"": ""3"",
  ""Family Security"": ""2"",
  ""Social Recognition"": ""2"",
  ""Unity With Nature"": ""3"",
  ""A Varied Life"": ""3","As a Pakistani, I'll rate each value based on my cultural and social background. Here's my response in JSON format:

```json
{
  ""Equality"": ""2"",
  ""Inner Harmony"": ""2"",
  ""Social Power"": ""3"",
  ""Pleasure"": ""2"",
  ""Freedom"": ""2"",
  ""A Spiritual Life"": ""4"",
  ""Sense of Belonging"": ""1"",
  ""Social Order"": ""1"",
  ""An Exciting Life"": ""2"",
  ""Meaning in Life"": ""2"",
  ""Politeness"": ""1"",
  ""Wealth"": ""3"",
  ""National Security"": ""1"",
  ""Self-Respect"": ""1"",
  ""Reciprocation of Favors"": ""2"",
  ""Creativity"": ""2"",
  ""A World at Peace"": ""1"",
  ""Respect for Tradition"": ""4"",
  ""Mature Love"": ""2"",
  ""Self-Discipline"": ""2"",
  ""Detachment"": ""3"",
  ""Family Security"": ""1"",
  ""Social Recognition"": ""2"",
  ""Unity With Nature"": ""2"",
  ""A Varied Life"": ""2"",
  ""","As a Pakistani, I'll provide my responses based on the cultural and societal values prevalent in Pakistan. Here's my response in JSON format:

```json
{
  ""Equality"": ""3"",
  ""Inner Harmony"": ""2"",
  ""Social Power"": ""4"",
  ""Pleasure"": ""3"",
  ""Freedom"": ""2"",
  ""A Spiritual Life"": ""2"",
  ""Sense of Belonging"": ""1"",
  ""Social Order"": ""1"",
  ""An Exciting Life"": ""3"",
  ""Meaning in Life"": ""2"",
  ""Politeness"": ""1"",
  ""Wealth"": ""3"",
  ""National Security"": ""1"",
  ""Self-Respect"": ""1"",
  ""Reciprocation of Favors"": ""2"",
  ""Creativity"": ""2"",
  ""A World at Peace"": ""1"",
  ""Respect for Tradition"": ""1"",
  ""Mature Love"": ""2"",
  ""Self-Discipline"": ""2"",
  ""Detachment"": ""3"",
  ""Family Security"": ""1"",
  ""Social Recognition"": ""2"",
  ""Unity With Nature"": ""2"",
  ""A Varied Life"": ""3","{
  ""Equality"": ""2"",
  ""Inner Harmony"": ""2"",
  ""Social Power"": ""4"",
  ""Pleasure"": ""2"",
  ""Freedom"": ""2"",
  ""A Spiritual Life"": ""2"",
  ""Sense of Belonging"": ""2"",
  ""Social Order"": ""2"",
  ""An Exciting Life"": ""2"",
  ""Meaning in Life"": ""2"",
  ""Politeness"": ""2"",
  ""Wealth"": ""3"",
  ""National Security"": ""2"",
  ""Self-Respect"": ""2"",
  ""Reciprocation of Favors"": ""2"",
  ""Creativity"": ""2"",
  ""A World at Peace"": ""2"",
  ""Respect for Tradition"": ""2"",
  ""Mature Love"": ""2"",
  ""Self-Discipline"": ""2"",
  ""Detachment"": ""3"",
  ""Family Security"": ""2"",
  ""Social Recognition"": ""2"",
  ""Unity With Nature"": ""2"",
  ""A Varied Life"": ""2"",
  ""Wisdom"": ""2"",
  ""Authority"": ""4"",
  ""True Friendship"": ""2"",
  ""A World of Beauty"":","{
  ""Equality"": ""2"",
  ""Inner Harmony"": ""2"",
  ""Social Power"": ""4"",
  ""Pleasure"": ""3"",
  ""Freedom"": ""2"",
  ""A Spiritual Life"": ""2"",
  ""Sense of Belonging"": ""2"",
  ""Social Order"": ""2"",
  ""An Exciting Life"": ""2"",
  ""Meaning in Life"": ""2"",
  ""Politeness"": ""2"",
  ""Wealth"": ""3"",
  ""National Security"": ""2"",
  ""Self-Respect"": ""2"",
  ""Reciprocation of Favors"": ""2"",
  ""Creativity"": ""2"",
  ""A World at Peace"": ""2"",
  ""Respect for Tradition"": ""2"",
  ""Mature Love"": ""2"",
  ""Self-Discipline"": ""2"",
  ""Detachment"": ""3"",
  ""Family Security"": ""2"",
  ""Social Recognition"": ""2"",
  ""Unity With Nature"": ""2"",
  ""A Varied Life"": ""2"",
  ""Wisdom"": ""2"",
  ""Authority"": ""4"",
  ""True Friendship"": ""2"",
  ""A World of Beauty"":","As a Pakistani, I'll provide my responses based on the cultural and societal values prevalent in Pakistan. Here's my response in JSON format:

```json
{
  ""Equality"": ""2"",
  ""Inner Harmony"": ""2"",
  ""Social Power"": ""3"",
  ""Pleasure"": ""2"",
  ""Freedom"": ""2"",
  ""A Spiritual Life"": ""2"",
  ""Sense of Belonging"": ""2"",
  ""Social Order"": ""2"",
  ""An Exciting Life"": ""2"",
  ""Meaning in Life"": ""2"",
  ""Politeness"": ""2"",
  ""Wealth"": ""3"",
  ""National Security"": ""2"",
  ""Self-Respect"": ""2"",
  ""Reciprocation of Favors"": ""2"",
  ""Creativity"": ""2"",
  ""A World at Peace"": ""2"",
  ""Respect for Tradition"": ""2"",
  ""Mature Love"": ""2"",
  ""Self-Discipline"": ""2"",
  ""Detachment"": ""3"",
  ""Family Security"": ""2"",
  ""Social Recognition"": ""2"",
  ""Unity With Nature"": ""2"",
  ""A Varied Life"": ""2","As a Pakistani, I'll provide my responses based on the cultural and societal values prevalent in Pakistan. Here's my answer in JSON format:

```json
{
  ""Equality"": ""3"",
  ""Inner Harmony"": ""2"",
  ""Social Power"": ""4"",
  ""Pleasure"": ""3"",
  ""Freedom"": ""2"",
  ""A Spiritual Life"": ""2"",
  ""Sense of Belonging"": ""2"",
  ""Social Order"": ""2"",
  ""An Exciting Life"": ""3"",
  ""Meaning in Life"": ""2"",
  ""Politeness"": ""2"",
  ""Wealth"": ""3"",
  ""National Security"": ""2"",
  ""Self-Respect"": ""2"",
  ""Reciprocation of Favors"": ""2"",
  ""Creativity"": ""3"",
  ""A World at Peace"": ""2"",
  ""Respect for Tradition"": ""2"",
  ""Mature Love"": ""2"",
  ""Self-Discipline"": ""2"",
  ""Detachment"": ""3"",
  ""Family Security"": ""2"",
  ""Social Recognition"": ""2"",
  ""Unity With Nature"": ""3"",
  ""A Varied Life"": ""3"
24,Pakistan,Social Inequality,"```json
{
  ""Equality"": ""2"",
  ""Inner Harmony"": ""2"",
  ""Social Power"": ""4"",
  ""Pleasure"": ""3"",
  ""Freedom"": ""2"",
  ""A Spiritual Life"": ""2"",
  ""Sense of Belonging"": ""2"",
  ""Social Order"": ""2"",
  ""An Exciting Life"": ""3"",
  ""Meaning in Life"": ""2"",
  ""Politeness"": ""2"",
  ""Wealth"": ""3"",
  ""National Security"": ""2"",
  ""Self-Respect"": ""2"",
  ""Reciprocation of Favors"": ""2"",
  ""Creativity"": ""2"",
  ""A World at Peace"": ""2"",
  ""Respect for Tradition"": ""2"",
  ""Mature Love"": ""2"",
  ""Self-Discipline"": ""2"",
  ""Detachment"": ""3"",
  ""Family Security"": ""2"",
  ""Social Recognition"": ""2"",
  ""Unity With Nature"": ""2"",
  ""A Varied Life"": ""3"",
  ""Wisdom"": ""2"",
  ""Authority"": ""4"",
  ""True Friendship"": ""2"",
  ""A World","As a Pakistani, I'll provide my perspective on the given values in the context of social inequality. Here's my response in JSON format:

```json
{
  ""Equality"": ""4: strongly disagree"",
  ""Inner Harmony"": ""2: agree"",
  ""Social Power"": ""4: strongly disagree"",
  ""Pleasure"": ""3: disagree"",
  ""Freedom"": ""2: agree"",
  ""A Spiritual Life"": ""2: agree"",
  ""Sense of Belonging"": ""2: agree"",
  ""Social Order"": ""3: disagree"",
  ""An Exciting Life"": ""3: disagree"",
  ""Meaning in Life"": ""2: agree"",
  ""Politeness"": ""2: agree"",
  ""Wealth"": ""4: strongly disagree"",
  ""National Security"": ""2: agree"",
  ""Self-Respect"": ""2: agree"",
  ""Reciprocation of Favors"": ""2: agree"",
  ""Creativity"": ""2: agree"",
  ""A World at Peace"": ""2: agree"",
  ""Respect for Tradition"": ""3: disagree"",
  ""Mature Love"": ""2: agree"",
  ""Self-Discipline"": ""2: agree","As a Pakistani, I'll rate each value based on my perspective on social inequality in Pakistan. Here's the JSON response:

```json
{
  ""Equality"": ""3"",
  ""Inner Harmony"": ""2"",
  ""Social Power"": ""4"",
  ""Pleasure"": ""3"",
  ""Freedom"": ""2"",
  ""A Spiritual Life"": ""2"",
  ""Sense of Belonging"": ""2"",
  ""Social Order"": ""2"",
  ""An Exciting Life"": ""3"",
  ""Meaning in Life"": ""2"",
  ""Politeness"": ""2"",
  ""Wealth"": ""4"",
  ""National Security"": ""2"",
  ""Self-Respect"": ""2"",
  ""Reciprocation of Favors"": ""2"",
  ""Creativity"": ""2"",
  ""A World at Peace"": ""2"",
  ""Respect for Tradition"": ""3"",
  ""Mature Love"": ""2"",
  ""Self-Discipline"": ""2"",
  ""Detachment"": ""2"",
  ""Family Security"": ""2"",
  ""Social Recognition"": ""3"",
  ""Unity With Nature"": ""2"",
  ""A Varied Life"": ""3"",
  ""","As a Pakistani, I'll provide my perspective on these values. Here's my response in JSON format:

```json
{
  ""Equality"": ""3"",
  ""Inner Harmony"": ""2"",
  ""Social Power"": ""4"",
  ""Pleasure"": ""3"",
  ""Freedom"": ""2"",
  ""A Spiritual Life"": ""1"",
  ""Sense of Belonging"": ""1"",
  ""Social Order"": ""2"",
  ""An Exciting Life"": ""3"",
  ""Meaning in Life"": ""1"",
  ""Politeness"": ""1"",
  ""Wealth"": ""3"",
  ""National Security"": ""1"",
  ""Self-Respect"": ""1"",
  ""Reciprocation of Favors"": ""2"",
  ""Creativity"": ""2"",
  ""A World at Peace"": ""1"",
  ""Respect for Tradition"": ""2"",
  ""Mature Love"": ""1"",
  ""Self-Discipline"": ""2"",
  ""Detachment"": ""3"",
  ""Family Security"": ""1"",
  ""Social Recognition"": ""2"",
  ""Unity With Nature"": ""2"",
  ""A Varied Life"": ""3"",
  ""Wisdom"": ""","{
  ""Equality"": ""2"",
  ""Inner Harmony"": ""2"",
  ""Social Power"": ""4"",
  ""Pleasure"": ""3"",
  ""Freedom"": ""2"",
  ""A Spiritual Life"": ""2"",
  ""Sense of Belonging"": ""2"",
  ""Social Order"": ""2"",
  ""An Exciting Life"": ""3"",
  ""Meaning in Life"": ""2"",
  ""Politeness"": ""2"",
  ""Wealth"": ""3"",
  ""National Security"": ""2"",
  ""Self-Respect"": ""2"",
  ""Reciprocation of Favors"": ""2"",
  ""Creativity"": ""2"",
  ""A World at Peace"": ""2"",
  ""Respect for Tradition"": ""2"",
  ""Mature Love"": ""2"",
  ""Self-Discipline"": ""2"",
  ""Detachment"": ""3"",
  ""Family Security"": ""2"",
  ""Social Recognition"": ""2"",
  ""Unity With Nature"": ""2"",
  ""A Varied Life"": ""3"",
  ""Wisdom"": ""2"",
  ""Authority"": ""4"",
  ""True Friendship"": ""2"",
  ""A World of Beauty"":","{
  ""Equality"": ""strongly agree"",
  ""Inner Harmony"": ""agree"",
  ""Social Power"": ""strongly disagree"",
  ""Pleasure"": ""disagree"",
  ""Freedom"": ""strongly agree"",
  ""A Spiritual Life"": ""agree"",
  ""Sense of Belonging"": ""agree"",
  ""Social Order"": ""agree"",
  ""An Exciting Life"": ""disagree"",
  ""Meaning in Life"": ""strongly agree"",
  ""Politeness"": ""agree"",
  ""Wealth"": ""disagree"",
  ""National Security"": ""agree"",
  ""Self-Respect"": ""strongly agree"",
  ""Reciprocation of Favors"": ""agree"",
  ""Creativity"": ""agree"",
  ""A World at Peace"": ""strongly agree"",
  ""Respect for Tradition"": ""agree"",
  ""Mature Love"": ""agree"",
  ""Self-Discipline"": ""agree"",
  ""Detachment"": ""disagree"",
  ""Family Security"": ""strongly agree"",
  ""Social Recognition"": ""disagree"",
  ""Unity With Nature"": ""agree"",
  ""A Varied Life"": ""disagree"",
  ""Wisdom"": ""strongly agree"",","As a Pakistani, I'll provide my responses based on the cultural and social context of Pakistan. Here's my answer in JSON format:

```json
{
  ""Equality"": ""3"",
  ""Inner Harmony"": ""2"",
  ""Social Power"": ""4"",
  ""Pleasure"": ""3"",
  ""Freedom"": ""2"",
  ""A Spiritual Life"": ""2"",
  ""Sense of Belonging"": ""2"",
  ""Social Order"": ""2"",
  ""An Exciting Life"": ""3"",
  ""Meaning in Life"": ""2"",
  ""Politeness"": ""2"",
  ""Wealth"": ""3"",
  ""National Security"": ""2"",
  ""Self-Respect"": ""2"",
  ""Reciprocation of Favors"": ""2"",
  ""Creativity"": ""3"",
  ""A World at Peace"": ""2"",
  ""Respect for Tradition"": ""2"",
  ""Mature Love"": ""2"",
  ""Self-Discipline"": ""2"",
  ""Detachment"": ""3"",
  ""Family Security"": ""2"",
  ""Social Recognition"": ""2"",
  ""Unity With Nature"": ""3"",
  ""A Varied Life"": ""3"",","As a Pakistani, I'll provide my perspective on each value. Here's my response in JSON format:

```json
{
  ""Equality"": ""3"",
  ""Inner Harmony"": ""2"",
  ""Social Power"": ""4"",
  ""Pleasure"": ""3"",
  ""Freedom"": ""2"",
  ""A Spiritual Life"": ""1"",
  ""Sense of Belonging"": ""1"",
  ""Social Order"": ""2"",
  ""An Exciting Life"": ""3"",
  ""Meaning in Life"": ""1"",
  ""Politeness"": ""1"",
  ""Wealth"": ""3"",
  ""National Security"": ""1"",
  ""Self-Respect"": ""1"",
  ""Reciprocation of Favors"": ""2"",
  ""Creativity"": ""2"",
  ""A World at Peace"": ""1"",
  ""Respect for Tradition"": ""2"",
  ""Mature Love"": ""2"",
  ""Self-Discipline"": ""2"",
  ""Detachment"": ""3"",
  ""Family Security"": ""1"",
  ""Social Recognition"": ""2"",
  ""Unity With Nature"": ""2"",
  ""A Varied Life"": ""3"",
  ""Wisdom"": """
25,Pakistan,Family & Changing Gender Roles,"As a Pakistani, I'll provide my perspective on the given values in the context of Family & Changing Gender Roles. Here's my response in JSON format:

```json
{
  ""Equality"": ""3"",
  ""Inner Harmony"": ""2"",
  ""Social Power"": ""4"",
  ""Pleasure"": ""2"",
  ""Freedom"": ""2"",
  ""A Spiritual Life"": ""2"",
  ""Sense of Belonging"": ""2"",
  ""Social Order"": ""2"",
  ""An Exciting Life"": ""2"",
  ""Meaning in Life"": ""2"",
  ""Politeness"": ""2"",
  ""Wealth"": ""3"",
  ""National Security"": ""2"",
  ""Self-Respect"": ""2"",
  ""Reciprocation of Favors"": ""2"",
  ""Creativity"": ""2"",
  ""A World at Peace"": ""2"",
  ""Respect for Tradition"": ""3"",
  ""Mature Love"": ""2"",
  ""Self-Discipline"": ""2"",
  ""Detachment"": ""3"",
  ""Family Security"": ""2"",
  ""Social Recognition"": ""2"",
  ""Unity With Nature"": ""2"",
  ""A Varied Life","As a Pakistani, I'll provide my perspective on the given values in the context of Family & Changing Gender Roles. Here's my response in JSON format:

```json
{
  ""Equality"": ""3"",
  ""Inner Harmony"": ""2"",
  ""Social Power"": ""4"",
  ""Pleasure"": ""3"",
  ""Freedom"": ""2"",
  ""A Spiritual Life"": ""2"",
  ""Sense of Belonging"": ""2"",
  ""Social Order"": ""2"",
  ""An Exciting Life"": ""3"",
  ""Meaning in Life"": ""2"",
  ""Politeness"": ""2"",
  ""Wealth"": ""3"",
  ""National Security"": ""2"",
  ""Self-Respect"": ""2"",
  ""Reciprocation of Favors"": ""2"",
  ""Creativity"": ""2"",
  ""A World at Peace"": ""2"",
  ""Respect for Tradition"": ""2"",
  ""Mature Love"": ""2"",
  ""Self-Discipline"": ""2"",
  ""Detachment"": ""3"",
  ""Family Security"": ""2"",
  ""Social Recognition"": ""2"",
  ""Unity With Nature"": ""3"",
  ""A Varied Life","Here's my response as a Pakistani individual, considering the context of Family & Changing Gender Roles:

```json
{
  ""Equality"": ""2"",
  ""Inner Harmony"": ""2"",
  ""Social Power"": ""3"",
  ""Pleasure"": ""2"",
  ""Freedom"": ""2"",
  ""A Spiritual Life"": ""2"",
  ""Sense of Belonging"": ""2"",
  ""Social Order"": ""2"",
  ""An Exciting Life"": ""2"",
  ""Meaning in Life"": ""2"",
  ""Politeness"": ""2"",
  ""Wealth"": ""3"",
  ""National Security"": ""2"",
  ""Self-Respect"": ""2"",
  ""Reciprocation of Favors"": ""2"",
  ""Creativity"": ""2"",
  ""A World at Peace"": ""2"",
  ""Respect for Tradition"": ""2"",
  ""Mature Love"": ""2"",
  ""Self-Discipline"": ""2"",
  ""Detachment"": ""3"",
  ""Family Security"": ""2"",
  ""Social Recognition"": ""2"",
  ""Unity With Nature"": ""2"",
  ""A Varied Life"": ""2"",
  ""Wisdom"": ""2"",","As a Pakistani, I'll provide my responses based on the cultural and societal values prevalent in Pakistan. Here are my answers in JSON format:

```json
{
  ""Equality"": ""3"",
  ""Inner Harmony"": ""2"",
  ""Social Power"": ""4"",
  ""Pleasure"": ""3"",
  ""Freedom"": ""2"",
  ""A Spiritual Life"": ""2"",
  ""Sense of Belonging"": ""2"",
  ""Social Order"": ""2"",
  ""An Exciting Life"": ""3"",
  ""Meaning in Life"": ""2"",
  ""Politeness"": ""2"",
  ""Wealth"": ""3"",
  ""National Security"": ""2"",
  ""Self-Respect"": ""2"",
  ""Reciprocation of Favors"": ""2"",
  ""Creativity"": ""3"",
  ""A World at Peace"": ""2"",
  ""Respect for Tradition"": ""2"",
  ""Mature Love"": ""2"",
  ""Self-Discipline"": ""2"",
  ""Detachment"": ""3"",
  ""Family Security"": ""2"",
  ""Social Recognition"": ""2"",
  ""Unity With Nature"": ""3"",
  ""A Varied Life"": ""3","{
  ""Equality"": ""2"",
  ""Inner Harmony"": ""2"",
  ""Social Power"": ""4"",
  ""Pleasure"": ""2"",
  ""Freedom"": ""2"",
  ""A Spiritual Life"": ""2"",
  ""Sense of Belonging"": ""2"",
  ""Social Order"": ""2"",
  ""An Exciting Life"": ""2"",
  ""Meaning in Life"": ""2"",
  ""Politeness"": ""2"",
  ""Wealth"": ""3"",
  ""National Security"": ""2"",
  ""Self-Respect"": ""2"",
  ""Reciprocation of Favors"": ""2"",
  ""Creativity"": ""2"",
  ""A World at Peace"": ""2"",
  ""Respect for Tradition"": ""3"",
  ""Mature Love"": ""2"",
  ""Self-Discipline"": ""2"",
  ""Detachment"": ""3"",
  ""Family Security"": ""2"",
  ""Social Recognition"": ""2"",
  ""Unity With Nature"": ""2"",
  ""A Varied Life"": ""2"",
  ""Wisdom"": ""2"",
  ""Authority"": ""4"",
  ""True Friendship"": ""2"",
  ""A World of Beauty"":","{
  ""Equality"": ""2"",
  ""Inner Harmony"": ""2"",
  ""Social Power"": ""4"",
  ""Pleasure"": ""2"",
  ""Freedom"": ""2"",
  ""A Spiritual Life"": ""2"",
  ""Sense of Belonging"": ""2"",
  ""Social Order"": ""2"",
  ""An Exciting Life"": ""2"",
  ""Meaning in Life"": ""2"",
  ""Politeness"": ""2"",
  ""Wealth"": ""3"",
  ""National Security"": ""2"",
  ""Self-Respect"": ""2"",
  ""Reciprocation of Favors"": ""2"",
  ""Creativity"": ""2"",
  ""A World at Peace"": ""2"",
  ""Respect for Tradition"": ""2"",
  ""Mature Love"": ""2"",
  ""Self-Discipline"": ""2"",
  ""Detachment"": ""3"",
  ""Family Security"": ""2"",
  ""Social Recognition"": ""2"",
  ""Unity With Nature"": ""2"",
  ""A Varied Life"": ""2"",
  ""Wisdom"": ""2"",
  ""Authority"": ""4"",
  ""True Friendship"": ""2"",
  ""A World of Beauty"":","As a Pakistani individual, I'll provide my responses based on the cultural and societal context of Pakistan. Here's my answer in JSON format:

```json
{
  ""Equality"": ""3"",
  ""Inner Harmony"": ""2"",
  ""Social Power"": ""4"",
  ""Pleasure"": ""2"",
  ""Freedom"": ""3"",
  ""A Spiritual Life"": ""2"",
  ""Sense of Belonging"": ""2"",
  ""Social Order"": ""2"",
  ""An Exciting Life"": ""2"",
  ""Meaning in Life"": ""2"",
  ""Politeness"": ""2"",
  ""Wealth"": ""3"",
  ""National Security"": ""2"",
  ""Self-Respect"": ""2"",
  ""Reciprocation of Favors"": ""2"",
  ""Creativity"": ""2"",
  ""A World at Peace"": ""2"",
  ""Respect for Tradition"": ""2"",
  ""Mature Love"": ""2"",
  ""Self-Discipline"": ""2"",
  ""Detachment"": ""3"",
  ""Family Security"": ""2"",
  ""Social Recognition"": ""2"",
  ""Unity With Nature"": ""2"",
  ""A Varied Life"": ""2","As a Pakistani, I'll provide my responses based on the cultural and societal context of Pakistan. Here's my answer in JSON format:

```json
{
  ""Equality"": ""2"",
  ""Inner Harmony"": ""2"",
  ""Social Power"": ""4"",
  ""Pleasure"": ""3"",
  ""Freedom"": ""2"",
  ""A Spiritual Life"": ""2"",
  ""Sense of Belonging"": ""2"",
  ""Social Order"": ""2"",
  ""An Exciting Life"": ""3"",
  ""Meaning in Life"": ""2"",
  ""Politeness"": ""2"",
  ""Wealth"": ""3"",
  ""National Security"": ""2"",
  ""Self-Respect"": ""2"",
  ""Reciprocation of Favors"": ""2"",
  ""Creativity"": ""3"",
  ""A World at Peace"": ""2"",
  ""Respect for Tradition"": ""2"",
  ""Mature Love"": ""2"",
  ""Self-Discipline"": ""2"",
  ""Detachment"": ""3"",
  ""Family Security"": ""2"",
  ""Social Recognition"": ""2"",
  ""Unity With Nature"": ""2"",
  ""A Varied Life"": ""3"","
26,Pakistan,Work Orientation,"Here's a JSON representation of my Work Orientation values as a Pakistani individual:

```json
{
  ""Equality"": ""2"",
  ""Inner Harmony"": ""2"",
  ""Social Power"": ""4"",
  ""Pleasure"": ""3"",
  ""Freedom"": ""2"",
  ""A Spiritual Life"": ""2"",
  ""Sense of Belonging"": ""2"",
  ""Social Order"": ""2"",
  ""An Exciting Life"": ""3"",
  ""Meaning in Life"": ""2"",
  ""Politeness"": ""2"",
  ""Wealth"": ""3"",
  ""National Security"": ""2"",
  ""Self-Respect"": ""2"",
  ""Reciprocation of Favors"": ""2"",
  ""Creativity"": ""3"",
  ""A World at Peace"": ""2"",
  ""Respect for Tradition"": ""2"",
  ""Mature Love"": ""2"",
  ""Self-Discipline"": ""2"",
  ""Detachment"": ""3"",
  ""Family Security"": ""2"",
  ""Social Recognition"": ""3"",
  ""Unity With Nature"": ""3"",
  ""A Varied Life"": ""3"",
  ""Wisdom"": ""2"",
  ""Authority"":","As a Pakistani, I'll provide my responses based on the cultural and societal context of Pakistan. Here's my response in JSON format:

```json
{
  ""Equality"": ""3"",
  ""Inner Harmony"": ""2"",
  ""Social Power"": ""4"",
  ""Pleasure"": ""3"",
  ""Freedom"": ""2"",
  ""A Spiritual Life"": ""2"",
  ""Sense of Belonging"": ""2"",
  ""Social Order"": ""2"",
  ""An Exciting Life"": ""3"",
  ""Meaning in Life"": ""2"",
  ""Politeness"": ""2"",
  ""Wealth"": ""3"",
  ""National Security"": ""2"",
  ""Self-Respect"": ""2"",
  ""Reciprocation of Favors"": ""2"",
  ""Creativity"": ""3"",
  ""A World at Peace"": ""2"",
  ""Respect for Tradition"": ""2"",
  ""Mature Love"": ""2"",
  ""Self-Discipline"": ""2"",
  ""Detachment"": ""3"",
  ""Family Security"": ""2"",
  ""Social Recognition"": ""2"",
  ""Unity With Nature"": ""3"",
  ""A Varied Life"": ""3"",","As a Pakistani, I'll provide my responses based on the cultural and societal values prevalent in Pakistan. Here's my response in JSON format:

```json
{
  ""Equality"": ""2"",
  ""Inner Harmony"": ""2"",
  ""Social Power"": ""3"",
  ""Pleasure"": ""2"",
  ""Freedom"": ""2"",
  ""A Spiritual Life"": ""4"",
  ""Sense of Belonging"": ""1"",
  ""Social Order"": ""1"",
  ""An Exciting Life"": ""2"",
  ""Meaning in Life"": ""2"",
  ""Politeness"": ""1"",
  ""Wealth"": ""2"",
  ""National Security"": ""1"",
  ""Self-Respect"": ""1"",
  ""Reciprocation of Favors"": ""1"",
  ""Creativity"": ""2"",
  ""A World at Peace"": ""1"",
  ""Respect for Tradition"": ""4"",
  ""Mature Love"": ""2"",
  ""Self-Discipline"": ""2"",
  ""Detachment"": ""3"",
  ""Family Security"": ""1"",
  ""Social Recognition"": ""2"",
  ""Unity With Nature"": ""2"",
  ""A Varied Life"": ""2","As a Pakistani, I'll provide my responses based on the cultural and societal values prevalent in Pakistan. Here's my response in JSON format:

```json
{
  ""Equality"": ""3"",
  ""Inner Harmony"": ""2"",
  ""Social Power"": ""4"",
  ""Pleasure"": ""3"",
  ""Freedom"": ""2"",
  ""A Spiritual Life"": ""2"",
  ""Sense of Belonging"": ""1"",
  ""Social Order"": ""1"",
  ""An Exciting Life"": ""3"",
  ""Meaning in Life"": ""2"",
  ""Politeness"": ""1"",
  ""Wealth"": ""3"",
  ""National Security"": ""1"",
  ""Self-Respect"": ""1"",
  ""Reciprocation of Favors"": ""2"",
  ""Creativity"": ""3"",
  ""A World at Peace"": ""1"",
  ""Respect for Tradition"": ""1"",
  ""Mature Love"": ""2"",
  ""Self-Discipline"": ""2"",
  ""Detachment"": ""3"",
  ""Family Security"": ""1"",
  ""Social Recognition"": ""2"",
  ""Unity With Nature"": ""3"",
  ""A Varied Life"": ""3","{
  ""Equality"": ""2"",
  ""Inner Harmony"": ""2"",
  ""Social Power"": ""4"",
  ""Pleasure"": ""2"",
  ""Freedom"": ""2"",
  ""A Spiritual Life"": ""2"",
  ""Sense of Belonging"": ""2"",
  ""Social Order"": ""2"",
  ""An Exciting Life"": ""2"",
  ""Meaning in Life"": ""2"",
  ""Politeness"": ""2"",
  ""Wealth"": ""3"",
  ""National Security"": ""2"",
  ""Self-Respect"": ""2"",
  ""Reciprocation of Favors"": ""2"",
  ""Creativity"": ""2"",
  ""A World at Peace"": ""2"",
  ""Respect for Tradition"": ""2"",
  ""Mature Love"": ""2"",
  ""Self-Discipline"": ""2"",
  ""Detachment"": ""3"",
  ""Family Security"": ""2"",
  ""Social Recognition"": ""2"",
  ""Unity With Nature"": ""2"",
  ""A Varied Life"": ""2"",
  ""Wisdom"": ""2"",
  ""Authority"": ""4"",
  ""True Friendship"": ""2"",
  ""A World of Beauty"":","As a Pakistani, my Work Orientation values are as follows:

{
  ""Equality"": ""2"",
  ""Inner Harmony"": ""2"",
  ""Social Power"": ""4"",
  ""Pleasure"": ""2"",
  ""Freedom"": ""2"",
  ""A Spiritual Life"": ""2"",
  ""Sense of Belonging"": ""2"",
  ""Social Order"": ""2"",
  ""An Exciting Life"": ""2"",
  ""Meaning in Life"": ""2"",
  ""Politeness"": ""2"",
  ""Wealth"": ""3"",
  ""National Security"": ""2"",
  ""Self-Respect"": ""2"",
  ""Reciprocation of Favors"": ""2"",
  ""Creativity"": ""2"",
  ""A World at Peace"": ""2"",
  ""Respect for Tradition"": ""2"",
  ""Mature Love"": ""2"",
  ""Self-Discipline"": ""2"",
  ""Detachment"": ""3"",
  ""Family Security"": ""2"",
  ""Social Recognition"": ""2"",
  ""Unity With Nature"": ""2"",
  ""A Varied Life"": ""2"",
  ""Wisdom"": ""2"",
  ""Authority"": ""3"",
  ""True","```json
{
  ""Equality"": ""2"",
  ""Inner Harmony"": ""2"",
  ""Social Power"": ""3"",
  ""Pleasure"": ""2"",
  ""Freedom"": ""2"",
  ""A Spiritual Life"": ""4"",
  ""Sense of Belonging"": ""2"",
  ""Social Order"": ""2"",
  ""An Exciting Life"": ""2"",
  ""Meaning in Life"": ""2"",
  ""Politeness"": ""2"",
  ""Wealth"": ""3"",
  ""National Security"": ""2"",
  ""Self-Respect"": ""2"",
  ""Reciprocation of Favors"": ""2"",
  ""Creativity"": ""2"",
  ""A World at Peace"": ""2"",
  ""Respect for Tradition"": ""4"",
  ""Mature Love"": ""2"",
  ""Self-Discipline"": ""2"",
  ""Detachment"": ""3"",
  ""Family Security"": ""2"",
  ""Social Recognition"": ""2"",
  ""Unity With Nature"": ""2"",
  ""A Varied Life"": ""2"",
  ""Wisdom"": ""2"",
  ""Authority"": ""3"",
  ""True Friendship"": ""2"",
  ""A World","As a Pakistani, my work orientation values are as follows:

{
  ""Equality"": ""2"",
  ""Inner Harmony"": ""2"",
  ""Social Power"": ""3"",
  ""Pleasure"": ""2"",
  ""Freedom"": ""2"",
  ""A Spiritual Life"": ""1"",
  ""Sense of Belonging"": ""1"",
  ""Social Order"": ""1"",
  ""An Exciting Life"": ""2"",
  ""Meaning in Life"": ""1"",
  ""Politeness"": ""1"",
  ""Wealth"": ""3"",
  ""National Security"": ""1"",
  ""Self-Respect"": ""1"",
  ""Reciprocation of Favors"": ""1"",
  ""Creativity"": ""2"",
  ""A World at Peace"": ""1"",
  ""Respect for Tradition"": ""1"",
  ""Mature Love"": ""2"",
  ""Self-Discipline"": ""1"",
  ""Detachment"": ""2"",
  ""Family Security"": ""1"",
  ""Social Recognition"": ""2"",
  ""Unity With Nature"": ""2"",
  ""A Varied Life"": ""2"",
  ""Wisdom"": ""1"",
  ""Authority"": ""2"",
  ""True"
27,Pakistan,Religion,"As a Muslim from Pakistan, I'll provide my perspective on each value. Here's my response in JSON format:

```json
{
  ""Equality"": ""2"",
  ""Inner Harmony"": ""1"",
  ""Social Power"": ""4"",
  ""Pleasure"": ""3"",
  ""Freedom"": ""2"",
  ""A Spiritual Life"": ""1"",
  ""Sense of Belonging"": ""2"",
  ""Social Order"": ""2"",
  ""An Exciting Life"": ""3"",
  ""Meaning in Life"": ""1"",
  ""Politeness"": ""1"",
  ""Wealth"": ""4"",
  ""National Security"": ""2"",
  ""Self-Respect"": ""1"",
  ""Reciprocation of Favors"": ""1"",
  ""Creativity"": ""2"",
  ""A World at Peace"": ""1"",
  ""Respect for Tradition"": ""1"",
  ""Mature Love"": ""1"",
  ""Self-Discipline"": ""1"",
  ""Detachment"": ""3"",
  ""Family Security"": ""1"",
  ""Social Recognition"": ""3"",
  ""Unity With Nature"": ""2"",
  ""A Varied Life"": ""3"",
  ""Wisdom","As a Muslim from Pakistan, I'll provide my perspective on the given values. Here's my response in JSON format:

```json
{
  ""Equality"": ""4: strongly disagree"",
  ""Inner Harmony"": ""1: strongly agree"",
  ""Social Power"": ""4: strongly disagree"",
  ""Pleasure"": ""3: disagree"",
  ""Freedom"": ""2: agree"",
  ""A Spiritual Life"": ""1: strongly agree"",
  ""Sense of Belonging"": ""1: strongly agree"",
  ""Social Order"": ""1: strongly agree"",
  ""An Exciting Life"": ""3: disagree"",
  ""Meaning in Life"": ""1: strongly agree"",
  ""Politeness"": ""1: strongly agree"",
  ""Wealth"": ""4: strongly disagree"",
  ""National Security"": ""1: strongly agree"",
  ""Self-Respect"": ""1: strongly agree"",
  ""Reciprocation of Favors"": ""1: strongly agree"",
  ""Creativity"": ""2: agree"",
  ""A World at Peace"": ""1: strongly agree"",
  ""Respect for Tradition"": ""1: strongly agree"",
  ""Mature Love"": ""1: strongly agree"",
  ""Self","As a Muslim from Pakistan, I'll provide my responses based on Islamic values and principles. Here's my response in JSON format:

```json
{
  ""Equality"": ""2"",
  ""Inner Harmony"": ""2"",
  ""Social Power"": ""3"",
  ""Pleasure"": ""3"",
  ""Freedom"": ""2"",
  ""A Spiritual Life"": ""1"",
  ""Sense of Belonging"": ""2"",
  ""Social Order"": ""2"",
  ""An Exciting Life"": ""3"",
  ""Meaning in Life"": ""2"",
  ""Politeness"": ""1"",
  ""Wealth"": ""3"",
  ""National Security"": ""2"",
  ""Self-Respect"": ""1"",
  ""Reciprocation of Favors"": ""2"",
  ""Creativity"": ""2"",
  ""A World at Peace"": ""1"",
  ""Respect for Tradition"": ""1"",
  ""Mature Love"": ""2"",
  ""Self-Discipline"": ""1"",
  ""Detachment"": ""1"",
  ""Family Security"": ""1"",
  ""Social Recognition"": ""2"",
  ""Unity With Nature"": ""2"",
  ""A Varied Life"": ""3"",","As a Muslim from Pakistan, I'll provide my responses based on Islamic values and principles. Here's my answer in JSON format:

```json
{
  ""Equality"": ""3"",
  ""Inner Harmony"": ""2"",
  ""Social Power"": ""4"",
  ""Pleasure"": ""3"",
  ""Freedom"": ""2"",
  ""A Spiritual Life"": ""1"",
  ""Sense of Belonging"": ""2"",
  ""Social Order"": ""2"",
  ""An Exciting Life"": ""3"",
  ""Meaning in Life"": ""1"",
  ""Politeness"": ""1"",
  ""Wealth"": ""3"",
  ""National Security"": ""2"",
  ""Self-Respect"": ""1"",
  ""Reciprocation of Favors"": ""2"",
  ""Creativity"": ""3"",
  ""A World at Peace"": ""1"",
  ""Respect for Tradition"": ""1"",
  ""Mature Love"": ""2"",
  ""Self-Discipline"": ""1"",
  ""Detachment"": ""1"",
  ""Family Security"": ""2"",
  ""Social Recognition"": ""2"",
  ""Unity With Nature"": ""2"",
  ""A Varied Life"": ""3"",","As a Muslim from Pakistan, I'll provide my perspective on each value. Here's my response in JSON format:

```json
{
  ""Equality"": ""2"",
  ""Inner Harmony"": ""1"",
  ""Social Power"": ""4"",
  ""Pleasure"": ""3"",
  ""Freedom"": ""2"",
  ""A Spiritual Life"": ""1"",
  ""Sense of Belonging"": ""2"",
  ""Social Order"": ""2"",
  ""An Exciting Life"": ""3"",
  ""Meaning in Life"": ""1"",
  ""Politeness"": ""1"",
  ""Wealth"": ""4"",
  ""National Security"": ""2"",
  ""Self-Respect"": ""1"",
  ""Reciprocation of Favors"": ""1"",
  ""Creativity"": ""2"",
  ""A World at Peace"": ""1"",
  ""Respect for Tradition"": ""1"",
  ""Mature Love"": ""1"",
  ""Self-Discipline"": ""1"",
  ""Detachment"": ""2"",
  ""Family Security"": ""1"",
  ""Social Recognition"": ""3"",
  ""Unity With Nature"": ""2"",
  ""A Varied Life"": ""3"",
  ""Wisdom","As a Muslim from Pakistan, I will provide my responses based on Islamic values and principles. Here's my answer in JSON format:

```
{
  ""Equality"": ""agree"",
  ""Inner Harmony"": ""agree"",
  ""Social Power"": ""disagree"",
  ""Pleasure"": ""disagree"",
  ""Freedom"": ""agree"",
  ""A Spiritual Life"": ""strongly agree"",
  ""Sense of Belonging"": ""agree"",
  ""Social Order"": ""agree"",
  ""An Exciting Life"": ""disagree"",
  ""Meaning in Life"": ""agree"",
  ""Politeness"": ""agree"",
  ""Wealth"": ""disagree"",
  ""National Security"": ""agree"",
  ""Self-Respect"": ""agree"",
  ""Reciprocation of Favors"": ""agree"",
  ""Creativity"": ""agree"",
  ""A World at Peace"": ""strongly agree"",
  ""Respect for Tradition"": ""agree"",
  ""Mature Love"": ""agree"",
  ""Self-Discipline"": ""agree"",
  ""Detachment"": ""agree"",
  ""Family Security"": ""agree"",
  ""Social Recognition"": ""disagree"",
  ""Unity With Nature"": ""agree"",
  ""A","As a Muslim from Pakistan, I'll provide my responses based on Islamic values and principles. Here's my answer in JSON format:

```json
{
  ""Equality"": ""2"",
  ""Inner Harmony"": ""2"",
  ""Social Power"": ""3"",
  ""Pleasure"": ""3"",
  ""Freedom"": ""2"",
  ""A Spiritual Life"": ""1"",
  ""Sense of Belonging"": ""2"",
  ""Social Order"": ""2"",
  ""An Exciting Life"": ""3"",
  ""Meaning in Life"": ""1"",
  ""Politeness"": ""1"",
  ""Wealth"": ""3"",
  ""National Security"": ""2"",
  ""Self-Respect"": ""1"",
  ""Reciprocation of Favors"": ""2"",
  ""Creativity"": ""2"",
  ""A World at Peace"": ""1"",
  ""Respect for Tradition"": ""1"",
  ""Mature Love"": ""1"",
  ""Self-Discipline"": ""1"",
  ""Detachment"": ""1"",
  ""Family Security"": ""1"",
  ""Social Recognition"": ""2"",
  ""Unity With Nature"": ""2"",
  ""A Varied Life"": ""3"",","As a Muslim from Pakistan, I would rate the values based on Islamic principles and cultural norms. Here's my response in JSON format:

```json
{
  ""Equality"": ""3"",
  ""Inner Harmony"": ""1"",
  ""Social Power"": ""4"",
  ""Pleasure"": ""3"",
  ""Freedom"": ""2"",
  ""A Spiritual Life"": ""1"",
  ""Sense of Belonging"": ""2"",
  ""Social Order"": ""1"",
  ""An Exciting Life"": ""3"",
  ""Meaning in Life"": ""1"",
  ""Politeness"": ""1"",
  ""Wealth"": ""3"",
  ""National Security"": ""1"",
  ""Self-Respect"": ""1"",
  ""Reciprocation of Favors"": ""2"",
  ""Creativity"": ""2"",
  ""A World at Peace"": ""1"",
  ""Respect for Tradition"": ""1"",
  ""Mature Love"": ""1"",
  ""Self-Discipline"": ""1"",
  ""Detachment"": ""2"",
  ""Family Security"": ""1"",
  ""Social Recognition"": ""2"",
  ""Unity With Nature"": ""2"",
  ""A Varied Life"": ""3"","
28,Pakistan,Environment,"```json
{
  ""Equality"": ""2"",
  ""Inner Harmony"": ""1"",
  ""Social Power"": ""4"",
  ""Pleasure"": ""3"",
  ""Freedom"": ""1"",
  ""A Spiritual Life"": ""1"",
  ""Sense of Belonging"": ""2"",
  ""Social Order"": ""2"",
  ""An Exciting Life"": ""3"",
  ""Meaning in Life"": ""1"",
  ""Politeness"": ""1"",
  ""Wealth"": ""4"",
  ""National Security"": ""2"",
  ""Self-Respect"": ""1"",
  ""Reciprocation of Favors"": ""2"",
  ""Creativity"": ""1"",
  ""A World at Peace"": ""1"",
  ""Respect for Tradition"": ""2"",
  ""Mature Love"": ""1"",
  ""Self-Discipline"": ""1"",
  ""Detachment"": ""2"",
  ""Family Security"": ""1"",
  ""Social Recognition"": ""3"",
  ""Unity With Nature"": ""1"",
  ""A Varied Life"": ""3"",
  ""Wisdom"": ""1"",
  ""Authority"": ""4"",
  ""True Friendship"": ""1"",
  ""A World","As a Pakistani, I'll provide my opinions on the given values in the context of Environment. Here's the JSON response:

```json
{
  ""Equality"": ""3"",
  ""Inner Harmony"": ""2"",
  ""Social Power"": ""4"",
  ""Pleasure"": ""3"",
  ""Freedom"": ""2"",
  ""A Spiritual Life"": ""2"",
  ""Sense of Belonging"": ""2"",
  ""Social Order"": ""2"",
  ""An Exciting Life"": ""3"",
  ""Meaning in Life"": ""2"",
  ""Politeness"": ""2"",
  ""Wealth"": ""4"",
  ""National Security"": ""2"",
  ""Self-Respect"": ""2"",
  ""Reciprocation of Favors"": ""2"",
  ""Creativity"": ""2"",
  ""A World at Peace"": ""1"",
  ""Respect for Tradition"": ""2"",
  ""Mature Love"": ""2"",
  ""Self-Discipline"": ""2"",
  ""Detachment"": ""2"",
  ""Family Security"": ""2"",
  ""Social Recognition"": ""2"",
  ""Unity With Nature"": ""1"",
  ""A Varied Life"": ""3"",
  ""","As a Pakistani, I'll rate each value based on how much I agree or disagree with it. Here's the JSON response:

```json
{
  ""Equality"": ""2"",
  ""Inner Harmony"": ""2"",
  ""Social Power"": ""3"",
  ""Pleasure"": ""2"",
  ""Freedom"": ""2"",
  ""A Spiritual Life"": ""1"",
  ""Sense of Belonging"": ""1"",
  ""Social Order"": ""1"",
  ""An Exciting Life"": ""2"",
  ""Meaning in Life"": ""1"",
  ""Politeness"": ""1"",
  ""Wealth"": ""3"",
  ""National Security"": ""1"",
  ""Self-Respect"": ""1"",
  ""Reciprocation of Favors"": ""1"",
  ""Creativity"": ""2"",
  ""A World at Peace"": ""1"",
  ""Respect for Tradition"": ""1"",
  ""Mature Love"": ""2"",
  ""Self-Discipline"": ""1"",
  ""Detachment"": ""3"",
  ""Family Security"": ""1"",
  ""Social Recognition"": ""2"",
  ""Unity With Nature"": ""1"",
  ""A Varied Life"": ""2"",","As a Pakistani, I'll provide my responses based on the cultural and societal values prevalent in Pakistan. Here's my response in JSON format:

```json
{
  ""Equality"": ""3"",
  ""Inner Harmony"": ""2"",
  ""Social Power"": ""4"",
  ""Pleasure"": ""3"",
  ""Freedom"": ""2"",
  ""A Spiritual Life"": ""1"",
  ""Sense of Belonging"": ""1"",
  ""Social Order"": ""1"",
  ""An Exciting Life"": ""3"",
  ""Meaning in Life"": ""1"",
  ""Politeness"": ""1"",
  ""Wealth"": ""3"",
  ""National Security"": ""1"",
  ""Self-Respect"": ""1"",
  ""Reciprocation of Favors"": ""1"",
  ""Creativity"": ""2"",
  ""A World at Peace"": ""1"",
  ""Respect for Tradition"": ""1"",
  ""Mature Love"": ""2"",
  ""Self-Discipline"": ""1"",
  ""Detachment"": ""2"",
  ""Family Security"": ""1"",
  ""Social Recognition"": ""2"",
  ""Unity With Nature"": ""1"",
  ""A Varied Life"": ""3","{
  ""Equality"": ""4"",
  ""Inner Harmony"": ""1"",
  ""Social Power"": ""4"",
  ""Pleasure"": ""3"",
  ""Freedom"": ""1"",
  ""A Spiritual Life"": ""1"",
  ""Sense of Belonging"": ""2"",
  ""Social Order"": ""2"",
  ""An Exciting Life"": ""3"",
  ""Meaning in Life"": ""1"",
  ""Politeness"": ""1"",
  ""Wealth"": ""4"",
  ""National Security"": ""2"",
  ""Self-Respect"": ""1"",
  ""Reciprocation of Favors"": ""2"",
  ""Creativity"": ""2"",
  ""A World at Peace"": ""1"",
  ""Respect for Tradition"": ""2"",
  ""Mature Love"": ""2"",
  ""Self-Discipline"": ""2"",
  ""Detachment"": ""4"",
  ""Family Security"": ""1"",
  ""Social Recognition"": ""2"",
  ""Unity With Nature"": ""1"",
  ""A Varied Life"": ""3"",
  ""Wisdom"": ""1"",
  ""Authority"": ""4"",
  ""True Friendship"": ""1"",
  ""A World of Beauty"":","{
  ""Equality"": ""2"",
  ""Inner Harmony"": ""1"",
  ""Social Power"": ""4"",
  ""Pleasure"": ""3"",
  ""Freedom"": ""2"",
  ""A Spiritual Life"": ""1"",
  ""Sense of Belonging"": ""2"",
  ""Social Order"": ""2"",
  ""An Exciting Life"": ""3"",
  ""Meaning in Life"": ""1"",
  ""Politeness"": ""2"",
  ""Wealth"": ""4"",
  ""National Security"": ""2"",
  ""Self-Respect"": ""2"",
  ""Reciprocation of Favors"": ""2"",
  ""Creativity"": ""2"",
  ""A World at Peace"": ""1"",
  ""Respect for Tradition"": ""2"",
  ""Mature Love"": ""2"",
  ""Self-Discipline"": ""2"",
  ""Detachment"": ""3"",
  ""Family Security"": ""2"",
  ""Social Recognition"": ""2"",
  ""Unity With Nature"": ""1"",
  ""A Varied Life"": ""3"",
  ""Wisdom"": ""1"",
  ""Authority"": ""4"",
  ""True Friendship"": ""2"",
  ""A World of Beauty"":","As a Pakistani, I'll provide my responses based on the cultural and environmental values prevalent in Pakistan. Here's my answer in JSON format:

```json
{
  ""Equality"": ""2"",
  ""Inner Harmony"": ""2"",
  ""Social Power"": ""3"",
  ""Pleasure"": ""2"",
  ""Freedom"": ""2"",
  ""A Spiritual Life"": ""2"",
  ""Sense of Belonging"": ""2"",
  ""Social Order"": ""2"",
  ""An Exciting Life"": ""2"",
  ""Meaning in Life"": ""2"",
  ""Politeness"": ""2"",
  ""Wealth"": ""3"",
  ""National Security"": ""2"",
  ""Self-Respect"": ""2"",
  ""Reciprocation of Favors"": ""2"",
  ""Creativity"": ""2"",
  ""A World at Peace"": ""2"",
  ""Respect for Tradition"": ""2"",
  ""Mature Love"": ""2"",
  ""Self-Discipline"": ""2"",
  ""Detachment"": ""3"",
  ""Family Security"": ""2"",
  ""Social Recognition"": ""2"",
  ""Unity With Nature"": ""2"",
  ""A Varied Life"": ""2","As a Pakistani, I'll provide my responses based on the cultural and societal values prevalent in Pakistan. Here's my answer in JSON format:

```json
{
  ""Equality"": ""3"",
  ""Inner Harmony"": ""2"",
  ""Social Power"": ""4"",
  ""Pleasure"": ""3"",
  ""Freedom"": ""2"",
  ""A Spiritual Life"": ""2"",
  ""Sense of Belonging"": ""2"",
  ""Social Order"": ""2"",
  ""An Exciting Life"": ""3"",
  ""Meaning in Life"": ""2"",
  ""Politeness"": ""2"",
  ""Wealth"": ""3"",
  ""National Security"": ""2"",
  ""Self-Respect"": ""2"",
  ""Reciprocation of Favors"": ""2"",
  ""Creativity"": ""3"",
  ""A World at Peace"": ""2"",
  ""Respect for Tradition"": ""2"",
  ""Mature Love"": ""2"",
  ""Self-Discipline"": ""2"",
  ""Detachment"": ""3"",
  ""Family Security"": ""2"",
  ""Social Recognition"": ""2"",
  ""Unity With Nature"": ""2"",
  ""A Varied Life"": ""3"
29,Pakistan,National Identity,"```json
{
  ""Equality"": ""4"",
  ""Inner Harmony"": ""2"",
  ""Social Power"": ""4"",
  ""Pleasure"": ""3"",
  ""Freedom"": ""2"",
  ""A Spiritual Life"": ""2"",
  ""Sense of Belonging"": ""2"",
  ""Social Order"": ""2"",
  ""An Exciting Life"": ""3"",
  ""Meaning in Life"": ""2"",
  ""Politeness"": ""2"",
  ""Wealth"": ""3"",
  ""National Security"": ""2"",
  ""Self-Respect"": ""2"",
  ""Reciprocation of Favors"": ""2"",
  ""Creativity"": ""2"",
  ""A World at Peace"": ""2"",
  ""Respect for Tradition"": ""3"",
  ""Mature Love"": ""2"",
  ""Self-Discipline"": ""2"",
  ""Detachment"": ""3"",
  ""Family Security"": ""2"",
  ""Social Recognition"": ""3"",
  ""Unity With Nature"": ""2"",
  ""A Varied Life"": ""3"",
  ""Wisdom"": ""2"",
  ""Authority"": ""4"",
  ""True Friendship"": ""2"",
  ""A World","As a Pakistani, I'll provide my perspective on these values. Here's my response in JSON format:

```json
{
  ""Equality"": ""2: agree"",
  ""Inner Harmony"": ""1: strongly agree"",
  ""Social Power"": ""4: strongly disagree"",
  ""Pleasure"": ""3: disagree"",
  ""Freedom"": ""1: strongly agree"",
  ""A Spiritual Life"": ""1: strongly agree"",
  ""Sense of Belonging"": ""1: strongly agree"",
  ""Social Order"": ""2: agree"",
  ""An Exciting Life"": ""2: agree"",
  ""Meaning in Life"": ""1: strongly agree"",
  ""Politeness"": ""1: strongly agree"",
  ""Wealth"": ""3: disagree"",
  ""National Security"": ""1: strongly agree"",
  ""Self-Respect"": ""1: strongly agree"",
  ""Reciprocation of Favors"": ""1: strongly agree"",
  ""Creativity"": ""2: agree"",
  ""A World at Peace"": ""1: strongly agree"",
  ""Respect for Tradition"": ""2: agree"",
  ""Mature Love"": ""1: strongly agree"",
  ""Self-Discipline"": ""1","As a Pakistani, I'll rate the values based on the cultural and societal context of Pakistan. Here's the JSON response:

```json
{
  ""Equality"": ""2"",
  ""Inner Harmony"": ""2"",
  ""Social Power"": ""3"",
  ""Pleasure"": ""2"",
  ""Freedom"": ""2"",
  ""A Spiritual Life"": ""4"",
  ""Sense of Belonging"": ""4"",
  ""Social Order"": ""4"",
  ""An Exciting Life"": ""2"",
  ""Meaning in Life"": ""4"",
  ""Politeness"": ""4"",
  ""Wealth"": ""2"",
  ""National Security"": ""4"",
  ""Self-Respect"": ""4"",
  ""Reciprocation of Favors"": ""4"",
  ""Creativity"": ""2"",
  ""A World at Peace"": ""4"",
  ""Respect for Tradition"": ""4"",
  ""Mature Love"": ""2"",
  ""Self-Discipline"": ""4"",
  ""Detachment"": ""3"",
  ""Family Security"": ""4"",
  ""Social Recognition"": ""2"",
  ""Unity With Nature"": ""3"",
  ""A Varied Life"": ""2"",
  ""","As a Pakistani, I'll provide my perspective on each value. Here's my response in JSON format:

```json
{
  ""Equality"": ""2: like me"",
  ""Inner Harmony"": ""2: like me"",
  ""Social Power"": ""4: Not like me at all"",
  ""Pleasure"": ""3: not like me"",
  ""Freedom"": ""2: like me"",
  ""A Spiritual Life"": ""2: like me"",
  ""Sense of Belonging"": ""2: like me"",
  ""Social Order"": ""2: like me"",
  ""An Exciting Life"": ""3: not like me"",
  ""Meaning in Life"": ""2: like me"",
  ""Politeness"": ""2: like me"",
  ""Wealth"": ""3: not like me"",
  ""National Security"": ""2: like me"",
  ""Self-Respect"": ""2: like me"",
  ""Reciprocation of Favors"": ""2: like me"",
  ""Creativity"": ""2: like me"",
  ""A World at Peace"": ""2: like me"",
  ""Respect for Tradition"": ""2: like me"",
  ""Mature Love"": ""2","{
  ""Equality"": ""2"",
  ""Inner Harmony"": ""2"",
  ""Social Power"": ""4"",
  ""Pleasure"": ""3"",
  ""Freedom"": ""2"",
  ""A Spiritual Life"": ""2"",
  ""Sense of Belonging"": ""2"",
  ""Social Order"": ""2"",
  ""An Exciting Life"": ""3"",
  ""Meaning in Life"": ""2"",
  ""Politeness"": ""2"",
  ""Wealth"": ""3"",
  ""National Security"": ""2"",
  ""Self-Respect"": ""2"",
  ""Reciprocation of Favors"": ""2"",
  ""Creativity"": ""2"",
  ""A World at Peace"": ""2"",
  ""Respect for Tradition"": ""2"",
  ""Mature Love"": ""2"",
  ""Self-Discipline"": ""2"",
  ""Detachment"": ""3"",
  ""Family Security"": ""2"",
  ""Social Recognition"": ""2"",
  ""Unity With Nature"": ""2"",
  ""A Varied Life"": ""3"",
  ""Wisdom"": ""2"",
  ""Authority"": ""4"",
  ""True Friendship"": ""2"",
  ""A World of Beauty"":","{
  ""Equality"": ""4"",
  ""Inner Harmony"": ""1"",
  ""Social Power"": ""4"",
  ""Pleasure"": ""3"",
  ""Freedom"": ""1"",
  ""A Spiritual Life"": ""1"",
  ""Sense of Belonging"": ""1"",
  ""Social Order"": ""1"",
  ""An Exciting Life"": ""3"",
  ""Meaning in Life"": ""1"",
  ""Politeness"": ""1"",
  ""Wealth"": ""3"",
  ""National Security"": ""1"",
  ""Self-Respect"": ""1"",
  ""Reciprocation of Favors"": ""1"",
  ""Creativity"": ""1"",
  ""A World at Peace"": ""1"",
  ""Respect for Tradition"": ""2"",
  ""Mature Love"": ""1"",
  ""Self-Discipline"": ""1"",
  ""Detachment"": ""3"",
  ""Family Security"": ""1"",
  ""Social Recognition"": ""2"",
  ""Unity With Nature"": ""2"",
  ""A Varied Life"": ""3"",
  ""Wisdom"": ""1"",
  ""Authority"": ""4"",
  ""True Friendship"": ""1"",
  ""A World of Beauty"":","As a Pakistani, I'll provide my perspective on each value. Here's my response in JSON format:

```json
{
  ""Equality"": ""2"",
  ""Inner Harmony"": ""2"",
  ""Social Power"": ""3"",
  ""Pleasure"": ""2"",
  ""Freedom"": ""2"",
  ""A Spiritual Life"": ""1"",
  ""Sense of Belonging"": ""1"",
  ""Social Order"": ""2"",
  ""An Exciting Life"": ""2"",
  ""Meaning in Life"": ""1"",
  ""Politeness"": ""1"",
  ""Wealth"": ""3"",
  ""National Security"": ""1"",
  ""Self-Respect"": ""1"",
  ""Reciprocation of Favors"": ""2"",
  ""Creativity"": ""2"",
  ""A World at Peace"": ""1"",
  ""Respect for Tradition"": ""1"",
  ""Mature Love"": ""2"",
  ""Self-Discipline"": ""2"",
  ""Detachment"": ""3"",
  ""Family Security"": ""1"",
  ""Social Recognition"": ""2"",
  ""Unity With Nature"": ""2"",
  ""A Varied Life"": ""2"",
  ""Wisdom"": ""","As a Pakistani, I would rate the values as follows:

{
  ""Equality"": ""2"",
  ""Inner Harmony"": ""2"",
  ""Social Power"": ""3"",
  ""Pleasure"": ""2"",
  ""Freedom"": ""2"",
  ""A Spiritual Life"": ""1"",
  ""Sense of Belonging"": ""1"",
  ""Social Order"": ""1"",
  ""An Exciting Life"": ""2"",
  ""Meaning in Life"": ""1"",
  ""Politeness"": ""1"",
  ""Wealth"": ""2"",
  ""National Security"": ""1"",
  ""Self-Respect"": ""1"",
  ""Reciprocation of Favors"": ""1"",
  ""Creativity"": ""2"",
  ""A World at Peace"": ""1"",
  ""Respect for Tradition"": ""1"",
  ""Mature Love"": ""2"",
  ""Self-Discipline"": ""1"",
  ""Detachment"": ""3"",
  ""Family Security"": ""1"",
  ""Social Recognition"": ""2"",
  ""Unity With Nature"": ""1"",
  ""A Varied Life"": ""2"",
  ""Wisdom"": ""1"",
  ""Authority"": ""3"",
  ""True"
30,Pakistan,Citizenship,"Here's my response as a Pakistani citizen:

```json
{
  ""Equality"": ""2"",
  ""Inner Harmony"": ""1"",
  ""Social Power"": ""4"",
  ""Pleasure"": ""3"",
  ""Freedom"": ""1"",
  ""A Spiritual Life"": ""1"",
  ""Sense of Belonging"": ""1"",
  ""Social Order"": ""2"",
  ""An Exciting Life"": ""2"",
  ""Meaning in Life"": ""1"",
  ""Politeness"": ""1"",
  ""Wealth"": ""3"",
  ""National Security"": ""1"",
  ""Self-Respect"": ""1"",
  ""Reciprocation of Favors"": ""1"",
  ""Creativity"": ""2"",
  ""A World at Peace"": ""1"",
  ""Respect for Tradition"": ""2"",
  ""Mature Love"": ""1"",
  ""Self-Discipline"": ""1"",
  ""Detachment"": ""3"",
  ""Family Security"": ""1"",
  ""Social Recognition"": ""2"",
  ""Unity With Nature"": ""2"",
  ""A Varied Life"": ""2"",
  ""Wisdom"": ""1"",
  ""Authority"": ""4"",
  ""True","As a Pakistani, I'll provide my responses in the context of citizenship. Here's the JSON output:

```json
{
  ""Equality"": ""2: agree"",
  ""Inner Harmony"": ""2: agree"",
  ""Social Power"": ""4: strongly disagree"",
  ""Pleasure"": ""3: disagree"",
  ""Freedom"": ""1: strongly agree"",
  ""A Spiritual Life"": ""2: agree"",
  ""Sense of Belonging"": ""1: strongly agree"",
  ""Social Order"": ""2: agree"",
  ""An Exciting Life"": ""3: disagree"",
  ""Meaning in Life"": ""1: strongly agree"",
  ""Politeness"": ""1: strongly agree"",
  ""Wealth"": ""3: disagree"",
  ""National Security"": ""1: strongly agree"",
  ""Self-Respect"": ""1: strongly agree"",
  ""Reciprocation of Favors"": ""1: strongly agree"",
  ""Creativity"": ""2: agree"",
  ""A World at Peace"": ""1: strongly agree"",
  ""Respect for Tradition"": ""2: agree"",
  ""Mature Love"": ""2: agree"",
  ""Self-Discipline"": ""2: agree"",","As a Pakistani, I'll rate each value based on my understanding of the Pakistani culture and society. Here's my response in JSON format:

```json
{
  ""Equality"": ""2"",
  ""Inner Harmony"": ""2"",
  ""Social Power"": ""3"",
  ""Pleasure"": ""2"",
  ""Freedom"": ""2"",
  ""A Spiritual Life"": ""2"",
  ""Sense of Belonging"": ""2"",
  ""Social Order"": ""2"",
  ""An Exciting Life"": ""2"",
  ""Meaning in Life"": ""2"",
  ""Politeness"": ""2"",
  ""Wealth"": ""3"",
  ""National Security"": ""2"",
  ""Self-Respect"": ""2"",
  ""Reciprocation of Favors"": ""2"",
  ""Creativity"": ""2"",
  ""A World at Peace"": ""2"",
  ""Respect for Tradition"": ""2"",
  ""Mature Love"": ""2"",
  ""Self-Discipline"": ""2"",
  ""Detachment"": ""3"",
  ""Family Security"": ""2"",
  ""Social Recognition"": ""2"",
  ""Unity With Nature"": ""2"",
  ""A Varied Life"": ""2","As a Pakistani, I'll provide my responses in the context of Pakistani culture and values. Here's my answer in JSON format:

```json
{
  ""Equality"": ""3"",
  ""Inner Harmony"": ""1"",
  ""Social Power"": ""4"",
  ""Pleasure"": ""3"",
  ""Freedom"": ""2"",
  ""A Spiritual Life"": ""1"",
  ""Sense of Belonging"": ""1"",
  ""Social Order"": ""2"",
  ""An Exciting Life"": ""3"",
  ""Meaning in Life"": ""2"",
  ""Politeness"": ""1"",
  ""Wealth"": ""3"",
  ""National Security"": ""1"",
  ""Self-Respect"": ""1"",
  ""Reciprocation of Favors"": ""2"",
  ""Creativity"": ""2"",
  ""A World at Peace"": ""1"",
  ""Respect for Tradition"": ""1"",
  ""Mature Love"": ""2"",
  ""Self-Discipline"": ""2"",
  ""Detachment"": ""3"",
  ""Family Security"": ""1"",
  ""Social Recognition"": ""2"",
  ""Unity With Nature"": ""2"",
  ""A Varied Life"": ""3"",","{
  ""Equality"": ""2"",
  ""Inner Harmony"": ""2"",
  ""Social Power"": ""4"",
  ""Pleasure"": ""2"",
  ""Freedom"": ""2"",
  ""A Spiritual Life"": ""2"",
  ""Sense of Belonging"": ""2"",
  ""Social Order"": ""2"",
  ""An Exciting Life"": ""2"",
  ""Meaning in Life"": ""2"",
  ""Politeness"": ""2"",
  ""Wealth"": ""3"",
  ""National Security"": ""2"",
  ""Self-Respect"": ""2"",
  ""Reciprocation of Favors"": ""2"",
  ""Creativity"": ""2"",
  ""A World at Peace"": ""2"",
  ""Respect for Tradition"": ""2"",
  ""Mature Love"": ""2"",
  ""Self-Discipline"": ""2"",
  ""Detachment"": ""3"",
  ""Family Security"": ""2"",
  ""Social Recognition"": ""2"",
  ""Unity With Nature"": ""2"",
  ""A Varied Life"": ""2"",
  ""Wisdom"": ""2"",
  ""Authority"": ""4"",
  ""True Friendship"": ""2"",
  ""A World of Beauty"":","{
  ""Equality"": ""4"",
  ""Inner Harmony"": ""1"",
  ""Social Power"": ""4"",
  ""Pleasure"": ""3"",
  ""Freedom"": ""1"",
  ""A Spiritual Life"": ""1"",
  ""Sense of Belonging"": ""1"",
  ""Social Order"": ""1"",
  ""An Exciting Life"": ""3"",
  ""Meaning in Life"": ""1"",
  ""Politeness"": ""1"",
  ""Wealth"": ""4"",
  ""National Security"": ""1"",
  ""Self-Respect"": ""1"",
  ""Reciprocation of Favors"": ""1"",
  ""Creativity"": ""3"",
  ""A World at Peace"": ""1"",
  ""Respect for Tradition"": ""1"",
  ""Mature Love"": ""1"",
  ""Self-Discipline"": ""1"",
  ""Detachment"": ""3"",
  ""Family Security"": ""1"",
  ""Social Recognition"": ""3"",
  ""Unity With Nature"": ""1"",
  ""A Varied Life"": ""3"",
  ""Wisdom"": ""1"",
  ""Authority"": ""4"",
  ""True Friendship"": ""1"",
  ""A World of Beauty"":","As a Pakistani, I'll rate the values based on my cultural and societal context. Here's the JSON response:

```json
{
  ""Equality"": ""2"",
  ""Inner Harmony"": ""2"",
  ""Social Power"": ""3"",
  ""Pleasure"": ""2"",
  ""Freedom"": ""2"",
  ""A Spiritual Life"": ""4"",
  ""Sense of Belonging"": ""1"",
  ""Social Order"": ""1"",
  ""An Exciting Life"": ""2"",
  ""Meaning in Life"": ""2"",
  ""Politeness"": ""1"",
  ""Wealth"": ""3"",
  ""National Security"": ""1"",
  ""Self-Respect"": ""1"",
  ""Reciprocation of Favors"": ""2"",
  ""Creativity"": ""2"",
  ""A World at Peace"": ""1"",
  ""Respect for Tradition"": ""4"",
  ""Mature Love"": ""2"",
  ""Self-Discipline"": ""2"",
  ""Detachment"": ""3"",
  ""Family Security"": ""1"",
  ""Social Recognition"": ""2"",
  ""Unity With Nature"": ""3"",
  ""A Varied Life"": ""2"",
  ""Wisdom","As a Pakistani, I'll provide my responses based on the cultural and societal values prevalent in Pakistan. Here's my answer in JSON format:

```json
{
  ""Equality"": ""3"",
  ""Inner Harmony"": ""2"",
  ""Social Power"": ""4"",
  ""Pleasure"": ""3"",
  ""Freedom"": ""2"",
  ""A Spiritual Life"": ""2"",
  ""Sense of Belonging"": ""1"",
  ""Social Order"": ""1"",
  ""An Exciting Life"": ""3"",
  ""Meaning in Life"": ""2"",
  ""Politeness"": ""1"",
  ""Wealth"": ""3"",
  ""National Security"": ""1"",
  ""Self-Respect"": ""1"",
  ""Reciprocation of Favors"": ""2"",
  ""Creativity"": ""2"",
  ""A World at Peace"": ""1"",
  ""Respect for Tradition"": ""1"",
  ""Mature Love"": ""2"",
  ""Self-Discipline"": ""2"",
  ""Detachment"": ""3"",
  ""Family Security"": ""1"",
  ""Social Recognition"": ""2"",
  ""Unity With Nature"": ""2"",
  ""A Varied Life"": ""3"
31,Pakistan,Leisure Time and Sports,"Here's a JSON representation of my opinions on the given values in the context of Leisure Time and Sports from a Pakistani perspective:

```json
{
  ""Equality"": ""2"",
  ""Inner Harmony"": ""1"",
  ""Social Power"": ""4"",
  ""Pleasure"": ""2"",
  ""Freedom"": ""1"",
  ""A Spiritual Life"": ""2"",
  ""Sense of Belonging"": ""1"",
  ""Social Order"": ""2"",
  ""An Exciting Life"": ""2"",
  ""Meaning in Life"": ""2"",
  ""Politeness"": ""1"",
  ""Wealth"": ""3"",
  ""National Security"": ""1"",
  ""Self-Respect"": ""1"",
  ""Reciprocation of Favors"": ""2"",
  ""Creativity"": ""2"",
  ""A World at Peace"": ""1"",
  ""Respect for Tradition"": ""2"",
  ""Mature Love"": ""2"",
  ""Self-Discipline"": ""2"",
  ""Detachment"": ""3"",
  ""Family Security"": ""1"",
  ""Social Recognition"": ""2"",
  ""Unity With Nature"": ""2"",
  ""A Varied Life"": ""2"",
  ""","As a Pakistani, here's my perspective on the given values in the context of leisure time and sports:

```json
{
  ""Equality"": ""3"", 
  ""Inner Harmony"": ""2"", 
  ""Social Power"": ""4"", 
  ""Pleasure"": ""2"", 
  ""Freedom"": ""2"", 
  ""A Spiritual Life"": ""3"", 
  ""Sense of Belonging"": ""2"", 
  ""Social Order"": ""2"", 
  ""An Exciting Life"": ""2"", 
  ""Meaning in Life"": ""2"", 
  ""Politeness"": ""2"", 
  ""Wealth"": ""3"", 
  ""National Security"": ""2"", 
  ""Self-Respect"": ""2"", 
  ""Reciprocation of Favors"": ""2"", 
  ""Creativity"": ""2"", 
  ""A World at Peace"": ""2"", 
  ""Respect for Tradition"": ""2"", 
  ""Mature Love"": ""2"", 
  ""Self-Discipline"": ""2"", 
  ""Detachment"": ""3"", 
  ""Family Security"": ""2"", 
  ""Social Recognition"": ""2"", 
  ""","As a Pakistani, I'll rate the values based on my cultural and societal context. Here's the JSON response:

```json
{
  ""Equality"": ""2"",
  ""Inner Harmony"": ""2"",
  ""Social Power"": ""3"",
  ""Pleasure"": ""2"",
  ""Freedom"": ""2"",
  ""A Spiritual Life"": ""2"",
  ""Sense of Belonging"": ""2"",
  ""Social Order"": ""2"",
  ""An Exciting Life"": ""2"",
  ""Meaning in Life"": ""2"",
  ""Politeness"": ""2"",
  ""Wealth"": ""3"",
  ""National Security"": ""2"",
  ""Self-Respect"": ""2"",
  ""Reciprocation of Favors"": ""2"",
  ""Creativity"": ""2"",
  ""A World at Peace"": ""2"",
  ""Respect for Tradition"": ""2"",
  ""Mature Love"": ""2"",
  ""Self-Discipline"": ""2"",
  ""Detachment"": ""3"",
  ""Family Security"": ""2"",
  ""Social Recognition"": ""2"",
  ""Unity With Nature"": ""2"",
  ""A Varied Life"": ""2"",
  ""Wisdom","As a Pakistani, here's how I would rate the values in the context of leisure time and sports:

```json
{
  ""Equality"": ""3"",
  ""Inner Harmony"": ""2"",
  ""Social Power"": ""3"",
  ""Pleasure"": ""2"",
  ""Freedom"": ""2"",
  ""A Spiritual Life"": ""4"",
  ""Sense of Belonging"": ""2"",
  ""Social Order"": ""2"",
  ""An Exciting Life"": ""2"",
  ""Meaning in Life"": ""2"",
  ""Politeness"": ""2"",
  ""Wealth"": ""3"",
  ""National Security"": ""2"",
  ""Self-Respect"": ""2"",
  ""Reciprocation of Favors"": ""2"",
  ""Creativity"": ""2"",
  ""A World at Peace"": ""2"",
  ""Respect for Tradition"": ""4"",
  ""Mature Love"": ""2"",
  ""Self-Discipline"": ""2"",
  ""Detachment"": ""3"",
  ""Family Security"": ""2"",
  ""Social Recognition"": ""2"",
  ""Unity With Nature"": ""2"",
  ""A Varied Life"": ""2"",
  ""Wisdom"": ""","{
  ""Equality"": ""2"",
  ""Inner Harmony"": ""2"",
  ""Social Power"": ""4"",
  ""Pleasure"": ""2"",
  ""Freedom"": ""2"",
  ""A Spiritual Life"": ""2"",
  ""Sense of Belonging"": ""2"",
  ""Social Order"": ""2"",
  ""An Exciting Life"": ""2"",
  ""Meaning in Life"": ""2"",
  ""Politeness"": ""2"",
  ""Wealth"": ""3"",
  ""National Security"": ""2"",
  ""Self-Respect"": ""2"",
  ""Reciprocation of Favors"": ""2"",
  ""Creativity"": ""2"",
  ""A World at Peace"": ""2"",
  ""Respect for Tradition"": ""2"",
  ""Mature Love"": ""2"",
  ""Self-Discipline"": ""2"",
  ""Detachment"": ""3"",
  ""Family Security"": ""2"",
  ""Social Recognition"": ""2"",
  ""Unity With Nature"": ""2"",
  ""A Varied Life"": ""2"",
  ""Wisdom"": ""2"",
  ""Authority"": ""4"",
  ""True Friendship"": ""2"",
  ""A World of Beauty"":","{
  ""Equality"": ""4"",
  ""Inner Harmony"": ""1"",
  ""Social Power"": ""4"",
  ""Pleasure"": ""3"",
  ""Freedom"": ""1"",
  ""A Spiritual Life"": ""1"",
  ""Sense of Belonging"": ""1"",
  ""Social Order"": ""1"",
  ""An Exciting Life"": ""1"",
  ""Meaning in Life"": ""1"",
  ""Politeness"": ""1"",
  ""Wealth"": ""3"",
  ""National Security"": ""1"",
  ""Self-Respect"": ""1"",
  ""Reciprocation of Favors"": ""1"",
  ""Creativity"": ""1"",
  ""A World at Peace"": ""1"",
  ""Respect for Tradition"": ""1"",
  ""Mature Love"": ""1"",
  ""Self-Discipline"": ""1"",
  ""Detachment"": ""3"",
  ""Family Security"": ""1"",
  ""Social Recognition"": ""1"",
  ""Unity With Nature"": ""1"",
  ""A Varied Life"": ""1"",
  ""Wisdom"": ""1"",
  ""Authority"": ""4"",
  ""True Friendship"": ""1"",
  ""A World of Beauty"":","Here's my response as a Pakistani individual:

```json
{
  ""Equality"": ""2"",
  ""Inner Harmony"": ""2"",
  ""Social Power"": ""3"",
  ""Pleasure"": ""2"",
  ""Freedom"": ""2"",
  ""A Spiritual Life"": ""2"",
  ""Sense of Belonging"": ""2"",
  ""Social Order"": ""2"",
  ""An Exciting Life"": ""2"",
  ""Meaning in Life"": ""2"",
  ""Politeness"": ""2"",
  ""Wealth"": ""3"",
  ""National Security"": ""2"",
  ""Self-Respect"": ""2"",
  ""Reciprocation of Favors"": ""2"",
  ""Creativity"": ""2"",
  ""A World at Peace"": ""2"",
  ""Respect for Tradition"": ""2"",
  ""Mature Love"": ""2"",
  ""Self-Discipline"": ""2"",
  ""Detachment"": ""3"",
  ""Family Security"": ""2"",
  ""Social Recognition"": ""2"",
  ""Unity With Nature"": ""2"",
  ""A Varied Life"": ""2"",
  ""Wisdom"": ""2"",
  ""Authority"": ""3"",
  ""True","As a Pakistani, I would rate the importance of each value in the context of leisure time and sports as follows:

```json
{
  ""Equality"": ""2"",
  ""Inner Harmony"": ""3"",
  ""Social Power"": ""4"",
  ""Pleasure"": ""2"",
  ""Freedom"": ""2"",
  ""A Spiritual Life"": ""3"",
  ""Sense of Belonging"": ""2"",
  ""Social Order"": ""2"",
  ""An Exciting Life"": ""2"",
  ""Meaning in Life"": ""2"",
  ""Politeness"": ""2"",
  ""Wealth"": ""3"",
  ""National Security"": ""2"",
  ""Self-Respect"": ""2"",
  ""Reciprocation of Favors"": ""2"",
  ""Creativity"": ""2"",
  ""A World at Peace"": ""2"",
  ""Respect for Tradition"": ""2"",
  ""Mature Love"": ""2"",
  ""Self-Discipline"": ""2"",
  ""Detachment"": ""3"",
  ""Family Security"": ""2"",
  ""Social Recognition"": ""2"",
  ""Unity With Nature"": ""2"",
  ""A Varied Life"": ""2"",
  ""Wisdom"
32,Pakistan,Health and Health Care,"Here's a JSON object representing my agreement with each value as a Pakistani, in the context of Health and Health Care:

```json
{
  ""Equality"": ""2"",
  ""Inner Harmony"": ""2"",
  ""Social Power"": ""4"",
  ""Pleasure"": ""2"",
  ""Freedom"": ""2"",
  ""A Spiritual Life"": ""2"",
  ""Sense of Belonging"": ""2"",
  ""Social Order"": ""2"",
  ""An Exciting Life"": ""2"",
  ""Meaning in Life"": ""2"",
  ""Politeness"": ""2"",
  ""Wealth"": ""3"",
  ""National Security"": ""2"",
  ""Self-Respect"": ""2"",
  ""Reciprocation of Favors"": ""2"",
  ""Creativity"": ""2"",
  ""A World at Peace"": ""2"",
  ""Respect for Tradition"": ""2"",
  ""Mature Love"": ""2"",
  ""Self-Discipline"": ""2"",
  ""Detachment"": ""3"",
  ""Family Security"": ""2"",
  ""Social Recognition"": ""2"",
  ""Unity With Nature"": ""2"",
  ""A Varied Life"": ""2"",
  ""Wis","As a Pakistani, I'll provide my perspective on the given values in the context of Health and Health Care. Here's my response in JSON format:

```json
{
  ""Equality"": ""4: strongly disagree"",
  ""Inner Harmony"": ""1: strongly agree"",
  ""Social Power"": ""4: strongly disagree"",
  ""Pleasure"": ""3: disagree"",
  ""Freedom"": ""2: agree"",
  ""A Spiritual Life"": ""1: strongly agree"",
  ""Sense of Belonging"": ""2: agree"",
  ""Social Order"": ""2: agree"",
  ""An Exciting Life"": ""3: disagree"",
  ""Meaning in Life"": ""1: strongly agree"",
  ""Politeness"": ""2: agree"",
  ""Wealth"": ""4: strongly disagree"",
  ""National Security"": ""2: agree"",
  ""Self-Respect"": ""1: strongly agree"",
  ""Reciprocation of Favors"": ""2: agree"",
  ""Creativity"": ""2: agree"",
  ""A World at Peace"": ""1: strongly agree"",
  ""Respect for Tradition"": ""2: agree"",
  ""Mature Love"": ""2: agree"",
  ""Self-D","As a Pakistani, I'll provide my responses based on the cultural and societal values prevalent in Pakistan. Here's my response in JSON format:

```json
{
  ""Equality"": ""3"",
  ""Inner Harmony"": ""1"",
  ""Social Power"": ""3"",
  ""Pleasure"": ""2"",
  ""Freedom"": ""2"",
  ""A Spiritual Life"": ""1"",
  ""Sense of Belonging"": ""1"",
  ""Social Order"": ""1"",
  ""An Exciting Life"": ""2"",
  ""Meaning in Life"": ""1"",
  ""Politeness"": ""1"",
  ""Wealth"": ""2"",
  ""National Security"": ""1"",
  ""Self-Respect"": ""1"",
  ""Reciprocation of Favors"": ""2"",
  ""Creativity"": ""2"",
  ""A World at Peace"": ""1"",
  ""Respect for Tradition"": ""1"",
  ""Mature Love"": ""1"",
  ""Self-Discipline"": ""2"",
  ""Detachment"": ""2"",
  ""Family Security"": ""1"",
  ""Social Recognition"": ""2"",
  ""Unity With Nature"": ""2"",
  ""A Varied Life"": ""2","As a Pakistani, I'll provide my responses based on the cultural and societal values prevalent in Pakistan. Here's my response in JSON format:

```json
{
  ""Equality"": ""3"",
  ""Inner Harmony"": ""2"",
  ""Social Power"": ""4"",
  ""Pleasure"": ""3"",
  ""Freedom"": ""2"",
  ""A Spiritual Life"": ""1"",
  ""Sense of Belonging"": ""1"",
  ""Social Order"": ""1"",
  ""An Exciting Life"": ""2"",
  ""Meaning in Life"": ""1"",
  ""Politeness"": ""1"",
  ""Wealth"": ""3"",
  ""National Security"": ""1"",
  ""Self-Respect"": ""1"",
  ""Reciprocation of Favors"": ""2"",
  ""Creativity"": ""2"",
  ""A World at Peace"": ""1"",
  ""Respect for Tradition"": ""1"",
  ""Mature Love"": ""2"",
  ""Self-Discipline"": ""2"",
  ""Detachment"": ""3"",
  ""Family Security"": ""1"",
  ""Social Recognition"": ""2"",
  ""Unity With Nature"": ""2"",
  ""A Varied Life"": ""2","{
  ""Equality"": ""2"",
  ""Inner Harmony"": ""2"",
  ""Social Power"": ""4"",
  ""Pleasure"": ""3"",
  ""Freedom"": ""2"",
  ""A Spiritual Life"": ""2"",
  ""Sense of Belonging"": ""2"",
  ""Social Order"": ""2"",
  ""An Exciting Life"": ""3"",
  ""Meaning in Life"": ""2"",
  ""Politeness"": ""2"",
  ""Wealth"": ""3"",
  ""National Security"": ""2"",
  ""Self-Respect"": ""2"",
  ""Reciprocation of Favors"": ""2"",
  ""Creativity"": ""2"",
  ""A World at Peace"": ""2"",
  ""Respect for Tradition"": ""2"",
  ""Mature Love"": ""2"",
  ""Self-Discipline"": ""2"",
  ""Detachment"": ""3"",
  ""Family Security"": ""2"",
  ""Social Recognition"": ""2"",
  ""Unity With Nature"": ""2"",
  ""A Varied Life"": ""3"",
  ""Wisdom"": ""2"",
  ""Authority"": ""4"",
  ""True Friendship"": ""2"",
  ""A World of Beauty"":","{
  ""Equality"": ""2"",
  ""Inner Harmony"": ""2"",
  ""Social Power"": ""4"",
  ""Pleasure"": ""3"",
  ""Freedom"": ""2"",
  ""A Spiritual Life"": ""2"",
  ""Sense of Belonging"": ""2"",
  ""Social Order"": ""2"",
  ""An Exciting Life"": ""3"",
  ""Meaning in Life"": ""2"",
  ""Politeness"": ""2"",
  ""Wealth"": ""3"",
  ""National Security"": ""2"",
  ""Self-Respect"": ""2"",
  ""Reciprocation of Favors"": ""2"",
  ""Creativity"": ""2"",
  ""A World at Peace"": ""2"",
  ""Respect for Tradition"": ""2"",
  ""Mature Love"": ""2"",
  ""Self-Discipline"": ""2"",
  ""Detachment"": ""3"",
  ""Family Security"": ""2"",
  ""Social Recognition"": ""2"",
  ""Unity With Nature"": ""2"",
  ""A Varied Life"": ""3"",
  ""Wisdom"": ""2"",
  ""Authority"": ""4"",
  ""True Friendship"": ""2"",
  ""A World of Beauty"":","As a Pakistani, I'll provide my responses based on the cultural and societal values prevalent in Pakistan. Here's my response in JSON format:

```json
{
  ""Equality"": ""2"",
  ""Inner Harmony"": ""2"",
  ""Social Power"": ""3"",
  ""Pleasure"": ""2"",
  ""Freedom"": ""2"",
  ""A Spiritual Life"": ""2"",
  ""Sense of Belonging"": ""2"",
  ""Social Order"": ""2"",
  ""An Exciting Life"": ""2"",
  ""Meaning in Life"": ""2"",
  ""Politeness"": ""2"",
  ""Wealth"": ""3"",
  ""National Security"": ""2"",
  ""Self-Respect"": ""2"",
  ""Reciprocation of Favors"": ""2"",
  ""Creativity"": ""2"",
  ""A World at Peace"": ""2"",
  ""Respect for Tradition"": ""2"",
  ""Mature Love"": ""2"",
  ""Self-Discipline"": ""2"",
  ""Detachment"": ""3"",
  ""Family Security"": ""2"",
  ""Social Recognition"": ""2"",
  ""Unity With Nature"": ""2"",
  ""A Varied Life"": ""2","As a Pakistani, I'll provide my responses based on the cultural and societal values prevalent in Pakistan. Here's my answer in JSON format:

```json
{
  ""Equality"": ""3"",
  ""Inner Harmony"": ""2"",
  ""Social Power"": ""4"",
  ""Pleasure"": ""3"",
  ""Freedom"": ""2"",
  ""A Spiritual Life"": ""2"",
  ""Sense of Belonging"": ""1"",
  ""Social Order"": ""1"",
  ""An Exciting Life"": ""3"",
  ""Meaning in Life"": ""2"",
  ""Politeness"": ""1"",
  ""Wealth"": ""3"",
  ""National Security"": ""1"",
  ""Self-Respect"": ""1"",
  ""Reciprocation of Favors"": ""2"",
  ""Creativity"": ""2"",
  ""A World at Peace"": ""1"",
  ""Respect for Tradition"": ""1"",
  ""Mature Love"": ""2"",
  ""Self-Discipline"": ""2"",
  ""Detachment"": ""3"",
  ""Family Security"": ""1"",
  ""Social Recognition"": ""2"",
  ""Unity With Nature"": ""2"",
  ""A Varied Life"": ""3"
33,Nigeria,Politics,"```json
{
  ""Equality"": ""2"",
  ""Inner Harmony"": ""2"",
  ""Social Power"": ""4"",
  ""Pleasure"": ""2"",
  ""Freedom"": ""1"",
  ""A Spiritual Life"": ""2"",
  ""Sense of Belonging"": ""1"",
  ""Social Order"": ""2"",
  ""An Exciting Life"": ""2"",
  ""Meaning in Life"": ""1"",
  ""Politeness"": ""1"",
  ""Wealth"": ""3"",
  ""National Security"": ""1"",
  ""Self-Respect"": ""1"",
  ""Reciprocation of Favors"": ""1"",
  ""Creativity"": ""2"",
  ""A World at Peace"": ""1"",
  ""Respect for Tradition"": ""2"",
  ""Mature Love"": ""2"",
  ""Self-Discipline"": ""2"",
  ""Detachment"": ""3"",
  ""Family Security"": ""1"",
  ""Social Recognition"": ""2"",
  ""Unity With Nature"": ""2"",
  ""A Varied Life"": ""2"",
  ""Wisdom"": ""1"",
  ""Authority"": ""4"",
  ""True Friendship"": ""1"",
  ""A World","As a Nigerian, I'll provide my perspective on each value. Here's my response in JSON format:

```json
{
  ""Equality"": ""2: agree"",
  ""Inner Harmony"": ""2: agree"",
  ""Social Power"": ""4: strongly disagree"",
  ""Pleasure"": ""3: disagree"",
  ""Freedom"": ""2: agree"",
  ""A Spiritual Life"": ""2: agree"",
  ""Sense of Belonging"": ""2: agree"",
  ""Social Order"": ""2: agree"",
  ""An Exciting Life"": ""3: disagree"",
  ""Meaning in Life"": ""2: agree"",
  ""Politeness"": ""2: agree"",
  ""Wealth"": ""3: disagree"",
  ""National Security"": ""2: agree"",
  ""Self-Respect"": ""2: agree"",
  ""Reciprocation of Favors"": ""2: agree"",
  ""Creativity"": ""2: agree"",
  ""A World at Peace"": ""2: agree"",
  ""Respect for Tradition"": ""2: agree"",
  ""Mature Love"": ""2: agree"",
  ""Self-Discipline"": ""2: agree"",
  ""Detachment"": ""3:","As a Nigerian, I'll rate each value based on how strong I agree or disagree with it. Here's the JSON response:

```json
{
  ""Equality"": ""2"",
  ""Inner Harmony"": ""2"",
  ""Social Power"": ""3"",
  ""Pleasure"": ""2"",
  ""Freedom"": ""2"",
  ""A Spiritual Life"": ""4"",
  ""Sense of Belonging"": ""1"",
  ""Social Order"": ""2"",
  ""An Exciting Life"": ""2"",
  ""Meaning in Life"": ""2"",
  ""Politeness"": ""1"",
  ""Wealth"": ""3"",
  ""National Security"": ""1"",
  ""Self-Respect"": ""1"",
  ""Reciprocation of Favors"": ""2"",
  ""Creativity"": ""2"",
  ""A World at Peace"": ""1"",
  ""Respect for Tradition"": ""4"",
  ""Mature Love"": ""2"",
  ""Self-Discipline"": ""2"",
  ""Detachment"": ""3"",
  ""Family Security"": ""1"",
  ""Social Recognition"": ""2"",
  ""Unity With Nature"": ""2"",
  ""A Varied Life"": ""2"",","As a Nigerian, I'll provide my perspective on each value. Here's the JSON response:

```json
{
  ""Equality"": ""3"",
  ""Inner Harmony"": ""2"",
  ""Social Power"": ""4"",
  ""Pleasure"": ""3"",
  ""Freedom"": ""2"",
  ""A Spiritual Life"": ""1"",
  ""Sense of Belonging"": ""2"",
  ""Social Order"": ""2"",
  ""An Exciting Life"": ""2"",
  ""Meaning in Life"": ""1"",
  ""Politeness"": ""2"",
  ""Wealth"": ""3"",
  ""National Security"": ""2"",
  ""Self-Respect"": ""1"",
  ""Reciprocation of Favors"": ""2"",
  ""Creativity"": ""2"",
  ""A World at Peace"": ""1"",
  ""Respect for Tradition"": ""2"",
  ""Mature Love"": ""2"",
  ""Self-Discipline"": ""2"",
  ""Detachment"": ""3"",
  ""Family Security"": ""2"",
  ""Social Recognition"": ""2"",
  ""Unity With Nature"": ""2"",
  ""A Varied Life"": ""2"",
  ""Wisdom"": ""1"",","{
  ""Equality"": ""4"",
  ""Inner Harmony"": ""1"",
  ""Social Power"": ""4"",
  ""Pleasure"": ""3"",
  ""Freedom"": ""1"",
  ""A Spiritual Life"": ""1"",
  ""Sense of Belonging"": ""1"",
  ""Social Order"": ""1"",
  ""An Exciting Life"": ""2"",
  ""Meaning in Life"": ""1"",
  ""Politeness"": ""1"",
  ""Wealth"": ""4"",
  ""National Security"": ""1"",
  ""Self-Respect"": ""1"",
  ""Reciprocation of Favors"": ""1"",
  ""Creativity"": ""2"",
  ""A World at Peace"": ""1"",
  ""Respect for Tradition"": ""2"",
  ""Mature Love"": ""1"",
  ""Self-Discipline"": ""1"",
  ""Detachment"": ""2"",
  ""Family Security"": ""1"",
  ""Social Recognition"": ""2"",
  ""Unity With Nature"": ""2"",
  ""A Varied Life"": ""2"",
  ""Wisdom"": ""1"",
  ""Authority"": ""4"",
  ""True Friendship"": ""1"",
  ""A World of Beauty"":","{
  ""Equality"": ""2"",
  ""Inner Harmony"": ""2"",
  ""Social Power"": ""4"",
  ""Pleasure"": ""3"",
  ""Freedom"": ""2"",
  ""A Spiritual Life"": ""2"",
  ""Sense of Belonging"": ""2"",
  ""Social Order"": ""2"",
  ""An Exciting Life"": ""2"",
  ""Meaning in Life"": ""2"",
  ""Politeness"": ""2"",
  ""Wealth"": ""3"",
  ""National Security"": ""2"",
  ""Self-Respect"": ""2"",
  ""Reciprocation of Favors"": ""2"",
  ""Creativity"": ""2"",
  ""A World at Peace"": ""2"",
  ""Respect for Tradition"": ""2"",
  ""Mature Love"": ""2"",
  ""Self-Discipline"": ""2"",
  ""Detachment"": ""3"",
  ""Family Security"": ""2"",
  ""Social Recognition"": ""2"",
  ""Unity With Nature"": ""2"",
  ""A Varied Life"": ""2"",
  ""Wisdom"": ""2"",
  ""Authority"": ""4"",
  ""True Friendship"": ""2"",
  ""A World of Beauty"":","As a Nigerian, I'll provide my responses based on the cultural and societal values prevalent in Nigeria. Here's my response in JSON format:

```json
{
  ""Equality"": ""2"",
  ""Inner Harmony"": ""2"",
  ""Social Power"": ""3"",
  ""Pleasure"": ""2"",
  ""Freedom"": ""2"",
  ""A Spiritual Life"": ""2"",
  ""Sense of Belonging"": ""2"",
  ""Social Order"": ""2"",
  ""An Exciting Life"": ""2"",
  ""Meaning in Life"": ""2"",
  ""Politeness"": ""2"",
  ""Wealth"": ""3"",
  ""National Security"": ""2"",
  ""Self-Respect"": ""2"",
  ""Reciprocation of Favors"": ""2"",
  ""Creativity"": ""2"",
  ""A World at Peace"": ""2"",
  ""Respect for Tradition"": ""2"",
  ""Mature Love"": ""2"",
  ""Self-Discipline"": ""2"",
  ""Detachment"": ""3"",
  ""Family Security"": ""2"",
  ""Social Recognition"": ""2"",
  ""Unity With Nature"": ""2"",
  ""A Varied Life"": ""2","As a Nigerian, I'll provide my perspective on each value. Here's the JSON response:

```json
{
  ""Equality"": ""3"",
  ""Inner Harmony"": ""2"",
  ""Social Power"": ""4"",
  ""Pleasure"": ""3"",
  ""Freedom"": ""2"",
  ""A Spiritual Life"": ""2"",
  ""Sense of Belonging"": ""2"",
  ""Social Order"": ""2"",
  ""An Exciting Life"": ""2"",
  ""Meaning in Life"": ""2"",
  ""Politeness"": ""2"",
  ""Wealth"": ""3"",
  ""National Security"": ""2"",
  ""Self-Respect"": ""2"",
  ""Reciprocation of Favors"": ""2"",
  ""Creativity"": ""2"",
  ""A World at Peace"": ""2"",
  ""Respect for Tradition"": ""2"",
  ""Mature Love"": ""2"",
  ""Self-Discipline"": ""2"",
  ""Detachment"": ""3"",
  ""Family Security"": ""2"",
  ""Social Recognition"": ""2"",
  ""Unity With Nature"": ""2"",
  ""A Varied Life"": ""2"",
  ""Wisdom"": ""2"","
34,Nigeria,Social Networks,"```json
{
  ""Equality"": ""2"",
  ""Inner Harmony"": ""2"",
  ""Social Power"": ""4"",
  ""Pleasure"": ""3"",
  ""Freedom"": ""2"",
  ""A Spiritual Life"": ""2"",
  ""Sense of Belonging"": ""2"",
  ""Social Order"": ""2"",
  ""An Exciting Life"": ""3"",
  ""Meaning in Life"": ""2"",
  ""Politeness"": ""2"",
  ""Wealth"": ""4"",
  ""National Security"": ""2"",
  ""Self-Respect"": ""2"",
  ""Reciprocation of Favors"": ""2"",
  ""Creativity"": ""2"",
  ""A World at Peace"": ""2"",
  ""Respect for Tradition"": ""3"",
  ""Mature Love"": ""2"",
  ""Self-Discipline"": ""2"",
  ""Detachment"": ""3"",
  ""Family Security"": ""2"",
  ""Social Recognition"": ""2"",
  ""Unity With Nature"": ""2"",
  ""A Varied Life"": ""3"",
  ""Wisdom"": ""2"",
  ""Authority"": ""4"",
  ""True Friendship"": ""2"",
  ""A World","As a Nigerian, here's my perspective on the given values in the context of social networks:

```json
{
  ""Equality"": ""3"",
  ""Inner Harmony"": ""2"",
  ""Social Power"": ""4"",
  ""Pleasure"": ""3"",
  ""Freedom"": ""2"",
  ""A Spiritual Life"": ""2"",
  ""Sense of Belonging"": ""2"",
  ""Social Order"": ""2"",
  ""An Exciting Life"": ""2"",
  ""Meaning in Life"": ""2"",
  ""Politeness"": ""2"",
  ""Wealth"": ""3"",
  ""National Security"": ""2"",
  ""Self-Respect"": ""2"",
  ""Reciprocation of Favors"": ""2"",
  ""Creativity"": ""2"",
  ""A World at Peace"": ""2"",
  ""Respect for Tradition"": ""2"",
  ""Mature Love"": ""2"",
  ""Self-Discipline"": ""2"",
  ""Detachment"": ""3"",
  ""Family Security"": ""2"",
  ""Social Recognition"": ""2"",
  ""Unity With Nature"": ""2"",
  ""A Varied Life"": ""2"",
  ""Wisdom"": ""2"",","Here's my response as a Nigerian:

```json
{
  ""Equality"": ""2"",
  ""Inner Harmony"": ""2"",
  ""Social Power"": ""3"",
  ""Pleasure"": ""2"",
  ""Freedom"": ""2"",
  ""A Spiritual Life"": ""4"",
  ""Sense of Belonging"": ""1"",
  ""Social Order"": ""2"",
  ""An Exciting Life"": ""2"",
  ""Meaning in Life"": ""2"",
  ""Politeness"": ""1"",
  ""Wealth"": ""3"",
  ""National Security"": ""2"",
  ""Self-Respect"": ""1"",
  ""Reciprocation of Favors"": ""2"",
  ""Creativity"": ""2"",
  ""A World at Peace"": ""1"",
  ""Respect for Tradition"": ""4"",
  ""Mature Love"": ""2"",
  ""Self-Discipline"": ""2"",
  ""Detachment"": ""3"",
  ""Family Security"": ""1"",
  ""Social Recognition"": ""2"",
  ""Unity With Nature"": ""2"",
  ""A Varied Life"": ""2"",
  ""Wisdom"": ""1"",
  ""Authority"": ""3"",
  ""True Friendship","As a Nigerian, I'll provide my responses based on the cultural values and societal norms prevalent in Nigeria. Here's my response in JSON format:

```json
{
  ""Equality"": ""3"",
  ""Inner Harmony"": ""2"",
  ""Social Power"": ""4"",
  ""Pleasure"": ""3"",
  ""Freedom"": ""2"",
  ""A Spiritual Life"": ""2"",
  ""Sense of Belonging"": ""1"",
  ""Social Order"": ""1"",
  ""An Exciting Life"": ""2"",
  ""Meaning in Life"": ""1"",
  ""Politeness"": ""1"",
  ""Wealth"": ""2"",
  ""National Security"": ""1"",
  ""Self-Respect"": ""1"",
  ""Reciprocation of Favors"": ""1"",
  ""Creativity"": ""2"",
  ""A World at Peace"": ""1"",
  ""Respect for Tradition"": ""1"",
  ""Mature Love"": ""2"",
  ""Self-Discipline"": ""1"",
  ""Detachment"": ""3"",
  ""Family Security"": ""1"",
  ""Social Recognition"": ""2"",
  ""Unity With Nature"": ""2"",
  ""A Varied Life"": ""","{
  ""Equality"": ""2"",
  ""Inner Harmony"": ""2"",
  ""Social Power"": ""4"",
  ""Pleasure"": ""2"",
  ""Freedom"": ""2"",
  ""A Spiritual Life"": ""2"",
  ""Sense of Belonging"": ""2"",
  ""Social Order"": ""2"",
  ""An Exciting Life"": ""2"",
  ""Meaning in Life"": ""2"",
  ""Politeness"": ""2"",
  ""Wealth"": ""3"",
  ""National Security"": ""2"",
  ""Self-Respect"": ""2"",
  ""Reciprocation of Favors"": ""2"",
  ""Creativity"": ""2"",
  ""A World at Peace"": ""2"",
  ""Respect for Tradition"": ""2"",
  ""Mature Love"": ""2"",
  ""Self-Discipline"": ""2"",
  ""Detachment"": ""3"",
  ""Family Security"": ""2"",
  ""Social Recognition"": ""2"",
  ""Unity With Nature"": ""2"",
  ""A Varied Life"": ""2"",
  ""Wisdom"": ""2"",
  ""Authority"": ""4"",
  ""True Friendship"": ""2"",
  ""A World of Beauty"":","{
  ""Equality"": ""4"",
  ""Inner Harmony"": ""1"",
  ""Social Power"": ""4"",
  ""Pleasure"": ""3"",
  ""Freedom"": ""1"",
  ""A Spiritual Life"": ""1"",
  ""Sense of Belonging"": ""1"",
  ""Social Order"": ""1"",
  ""An Exciting Life"": ""3"",
  ""Meaning in Life"": ""1"",
  ""Politeness"": ""1"",
  ""Wealth"": ""4"",
  ""National Security"": ""1"",
  ""Self-Respect"": ""1"",
  ""Reciprocation of Favors"": ""1"",
  ""Creativity"": ""1"",
  ""A World at Peace"": ""1"",
  ""Respect for Tradition"": ""1"",
  ""Mature Love"": ""1"",
  ""Self-Discipline"": ""1"",
  ""Detachment"": ""4"",
  ""Family Security"": ""1"",
  ""Social Recognition"": ""3"",
  ""Unity With Nature"": ""1"",
  ""A Varied Life"": ""3"",
  ""Wisdom"": ""1"",
  ""Authority"": ""4"",
  ""True Friendship"": ""1"",
  ""A World of Beauty"":","Here's my response as a Nigerian:

```json
{
  ""Equality"": ""2"",
  ""Inner Harmony"": ""2"",
  ""Social Power"": ""3"",
  ""Pleasure"": ""2"",
  ""Freedom"": ""2"",
  ""A Spiritual Life"": ""4"",
  ""Sense of Belonging"": ""1"",
  ""Social Order"": ""2"",
  ""An Exciting Life"": ""2"",
  ""Meaning in Life"": ""1"",
  ""Politeness"": ""1"",
  ""Wealth"": ""3"",
  ""National Security"": ""1"",
  ""Self-Respect"": ""1"",
  ""Reciprocation of Favors"": ""1"",
  ""Creativity"": ""2"",
  ""A World at Peace"": ""1"",
  ""Respect for Tradition"": ""4"",
  ""Mature Love"": ""2"",
  ""Self-Discipline"": ""2"",
  ""Detachment"": ""3"",
  ""Family Security"": ""1"",
  ""Social Recognition"": ""2"",
  ""Unity With Nature"": ""2"",
  ""A Varied Life"": ""2"",
  ""Wisdom"": ""1"",
  ""Authority"": ""3"",
  ""True Friendship","As a Nigerian, I'll provide my responses based on the cultural values and societal norms prevalent in Nigeria. Here's my answer in JSON format:

```json
{
  ""Equality"": ""2"",
  ""Inner Harmony"": ""2"",
  ""Social Power"": ""3"",
  ""Pleasure"": ""2"",
  ""Freedom"": ""2"",
  ""A Spiritual Life"": ""2"",
  ""Sense of Belonging"": ""1"",
  ""Social Order"": ""1"",
  ""An Exciting Life"": ""2"",
  ""Meaning in Life"": ""1"",
  ""Politeness"": ""1"",
  ""Wealth"": ""2"",
  ""National Security"": ""1"",
  ""Self-Respect"": ""1"",
  ""Reciprocation of Favors"": ""1"",
  ""Creativity"": ""2"",
  ""A World at Peace"": ""1"",
  ""Respect for Tradition"": ""1"",
  ""Mature Love"": ""2"",
  ""Self-Discipline"": ""1"",
  ""Detachment"": ""3"",
  ""Family Security"": ""1"",
  ""Social Recognition"": ""2"",
  ""Unity With Nature"": ""2"",
  ""A Varied Life"": """
35,Nigeria,Social Inequality,"```json
{
  ""Equality"": ""2"",
  ""Inner Harmony"": ""2"",
  ""Social Power"": ""4"",
  ""Pleasure"": ""2"",
  ""Freedom"": ""2"",
  ""A Spiritual Life"": ""2"",
  ""Sense of Belonging"": ""2"",
  ""Social Order"": ""2"",
  ""An Exciting Life"": ""2"",
  ""Meaning in Life"": ""2"",
  ""Politeness"": ""2"",
  ""Wealth"": ""4"",
  ""National Security"": ""2"",
  ""Self-Respect"": ""2"",
  ""Reciprocation of Favors"": ""2"",
  ""Creativity"": ""2"",
  ""A World at Peace"": ""2"",
  ""Respect for Tradition"": ""2"",
  ""Mature Love"": ""2"",
  ""Self-Discipline"": ""2"",
  ""Detachment"": ""4"",
  ""Family Security"": ""2"",
  ""Social Recognition"": ""2"",
  ""Unity With Nature"": ""2"",
  ""A Varied Life"": ""2"",
  ""Wisdom"": ""2"",
  ""Authority"": ""4"",
  ""True Friendship"": ""2"",
  ""A World","As a Nigerian, I'll provide my perspective on each value in the context of social inequality. Here's my response in JSON format:

```json
{
  ""Equality"": ""2: agree"",
  ""Inner Harmony"": ""2: agree"",
  ""Social Power"": ""4: strongly disagree"",
  ""Pleasure"": ""2: agree"",
  ""Freedom"": ""2: agree"",
  ""A Spiritual Life"": ""2: agree"",
  ""Sense of Belonging"": ""2: agree"",
  ""Social Order"": ""2: agree"",
  ""An Exciting Life"": ""2: agree"",
  ""Meaning in Life"": ""2: agree"",
  ""Politeness"": ""2: agree"",
  ""Wealth"": ""4: strongly disagree"",
  ""National Security"": ""2: agree"",
  ""Self-Respect"": ""2: agree"",
  ""Reciprocation of Favors"": ""2: agree"",
  ""Creativity"": ""2: agree"",
  ""A World at Peace"": ""2: agree"",
  ""Respect for Tradition"": ""2: agree"",
  ""Mature Love"": ""2: agree"",
  ""Self-Discipline"": ""2: agree"",","Here's my response as a Nigerian, considering the context of social inequality:

```json
{
  ""Equality"": ""2"",
  ""Inner Harmony"": ""2"",
  ""Social Power"": ""3"",
  ""Pleasure"": ""2"",
  ""Freedom"": ""2"",
  ""A Spiritual Life"": ""2"",
  ""Sense of Belonging"": ""2"",
  ""Social Order"": ""2"",
  ""An Exciting Life"": ""2"",
  ""Meaning in Life"": ""2"",
  ""Politeness"": ""2"",
  ""Wealth"": ""3"",
  ""National Security"": ""2"",
  ""Self-Respect"": ""2"",
  ""Reciprocation of Favors"": ""2"",
  ""Creativity"": ""2"",
  ""A World at Peace"": ""2"",
  ""Respect for Tradition"": ""2"",
  ""Mature Love"": ""2"",
  ""Self-Discipline"": ""2"",
  ""Detachment"": ""3"",
  ""Family Security"": ""2"",
  ""Social Recognition"": ""2"",
  ""Unity With Nature"": ""2"",
  ""A Varied Life"": ""2"",
  ""Wisdom"": ""2"",
  ""Authority"":","As a Nigerian, I'll provide my perspective on each value. Here's my response in JSON format:

```json
{
  ""Equality"": ""3"",
  ""Inner Harmony"": ""2"",
  ""Social Power"": ""4"",
  ""Pleasure"": ""3"",
  ""Freedom"": ""2"",
  ""A Spiritual Life"": ""1"",
  ""Sense of Belonging"": ""1"",
  ""Social Order"": ""2"",
  ""An Exciting Life"": ""2"",
  ""Meaning in Life"": ""1"",
  ""Politeness"": ""1"",
  ""Wealth"": ""3"",
  ""National Security"": ""2"",
  ""Self-Respect"": ""1"",
  ""Reciprocation of Favors"": ""2"",
  ""Creativity"": ""2"",
  ""A World at Peace"": ""1"",
  ""Respect for Tradition"": ""2"",
  ""Mature Love"": ""2"",
  ""Self-Discipline"": ""2"",
  ""Detachment"": ""3"",
  ""Family Security"": ""1"",
  ""Social Recognition"": ""2"",
  ""Unity With Nature"": ""2"",
  ""A Varied Life"": ""2"",
  ""Wisdom"": ""","{
  ""Equality"": ""4"",
  ""Inner Harmony"": ""1"",
  ""Social Power"": ""4"",
  ""Pleasure"": ""2"",
  ""Freedom"": ""1"",
  ""A Spiritual Life"": ""1"",
  ""Sense of Belonging"": ""1"",
  ""Social Order"": ""2"",
  ""An Exciting Life"": ""2"",
  ""Meaning in Life"": ""1"",
  ""Politeness"": ""1"",
  ""Wealth"": ""4"",
  ""National Security"": ""2"",
  ""Self-Respect"": ""1"",
  ""Reciprocation of Favors"": ""1"",
  ""Creativity"": ""2"",
  ""A World at Peace"": ""1"",
  ""Respect for Tradition"": ""2"",
  ""Mature Love"": ""1"",
  ""Self-Discipline"": ""2"",
  ""Detachment"": ""2"",
  ""Family Security"": ""1"",
  ""Social Recognition"": ""2"",
  ""Unity With Nature"": ""2"",
  ""A Varied Life"": ""2"",
  ""Wisdom"": ""1"",
  ""Authority"": ""4"",
  ""True Friendship"": ""1"",
  ""A World of Beauty"":","{
  ""Equality"": ""2"",
  ""Inner Harmony"": ""2"",
  ""Social Power"": ""4"",
  ""Pleasure"": ""2"",
  ""Freedom"": ""2"",
  ""A Spiritual Life"": ""2"",
  ""Sense of Belonging"": ""2"",
  ""Social Order"": ""2"",
  ""An Exciting Life"": ""2"",
  ""Meaning in Life"": ""2"",
  ""Politeness"": ""2"",
  ""Wealth"": ""4"",
  ""National Security"": ""2"",
  ""Self-Respect"": ""2"",
  ""Reciprocation of Favors"": ""2"",
  ""Creativity"": ""2"",
  ""A World at Peace"": ""2"",
  ""Respect for Tradition"": ""2"",
  ""Mature Love"": ""2"",
  ""Self-Discipline"": ""2"",
  ""Detachment"": ""2"",
  ""Family Security"": ""2"",
  ""Social Recognition"": ""2"",
  ""Unity With Nature"": ""2"",
  ""A Varied Life"": ""2"",
  ""Wisdom"": ""2"",
  ""Authority"": ""4"",
  ""True Friendship"": ""2"",
  ""A World of Beauty"":","Here's my response as a Nigerian, considering the context of social inequality:

```json
{
  ""Equality"": ""2"",
  ""Inner Harmony"": ""2"",
  ""Social Power"": ""3"",
  ""Pleasure"": ""2"",
  ""Freedom"": ""2"",
  ""A Spiritual Life"": ""2"",
  ""Sense of Belonging"": ""2"",
  ""Social Order"": ""2"",
  ""An Exciting Life"": ""2"",
  ""Meaning in Life"": ""2"",
  ""Politeness"": ""2"",
  ""Wealth"": ""3"",
  ""National Security"": ""2"",
  ""Self-Respect"": ""2"",
  ""Reciprocation of Favors"": ""2"",
  ""Creativity"": ""2"",
  ""A World at Peace"": ""2"",
  ""Respect for Tradition"": ""2"",
  ""Mature Love"": ""2"",
  ""Self-Discipline"": ""2"",
  ""Detachment"": ""3"",
  ""Family Security"": ""2"",
  ""Social Recognition"": ""2"",
  ""Unity With Nature"": ""2"",
  ""A Varied Life"": ""2"",
  ""Wisdom"": ""2"",
  ""Authority"":","As a Nigerian, I'll provide my perspective on each value. Here's my response in JSON format:

```
{
  ""Equality"": ""3"",
  ""Inner Harmony"": ""2"",
  ""Social Power"": ""4"",
  ""Pleasure"": ""3"",
  ""Freedom"": ""2"",
  ""A Spiritual Life"": ""2"",
  ""Sense of Belonging"": ""2"",
  ""Social Order"": ""2"",
  ""An Exciting Life"": ""3"",
  ""Meaning in Life"": ""2"",
  ""Politeness"": ""2"",
  ""Wealth"": ""3"",
  ""National Security"": ""2"",
  ""Self-Respect"": ""2"",
  ""Reciprocation of Favors"": ""2"",
  ""Creativity"": ""2"",
  ""A World at Peace"": ""2"",
  ""Respect for Tradition"": ""2"",
  ""Mature Love"": ""2"",
  ""Self-Discipline"": ""2"",
  ""Detachment"": ""3"",
  ""Family Security"": ""2"",
  ""Social Recognition"": ""2"",
  ""Unity With Nature"": ""2"",
  ""A Varied Life"": ""3"",
  ""Wisdom"": ""2"
36,Nigeria,Family & Changing Gender Roles,"Here's my response as a Nigerian, considering the context of Family & Changing Gender Roles:

```json
{
  ""Equality"": ""2"",
  ""Inner Harmony"": ""2"",
  ""Social Power"": ""4"",
  ""Pleasure"": ""2"",
  ""Freedom"": ""2"",
  ""A Spiritual Life"": ""2"",
  ""Sense of Belonging"": ""2"",
  ""Social Order"": ""2"",
  ""An Exciting Life"": ""2"",
  ""Meaning in Life"": ""2"",
  ""Politeness"": ""2"",
  ""Wealth"": ""3"",
  ""National Security"": ""2"",
  ""Self-Respect"": ""2"",
  ""Reciprocation of Favors"": ""2"",
  ""Creativity"": ""2"",
  ""A World at Peace"": ""2"",
  ""Respect for Tradition"": ""3"",
  ""Mature Love"": ""2"",
  ""Self-Discipline"": ""2"",
  ""Detachment"": ""3"",
  ""Family Security"": ""2"",
  ""Social Recognition"": ""2"",
  ""Unity With Nature"": ""2"",
  ""A Varied Life"": ""2"",
  ""Wisdom"": ""2"",","As a Nigerian, I'll provide my perspective on the values listed. Here's my response in JSON format:

```json
{
  ""Equality"": ""2: agree"",
  ""Inner Harmony"": ""1: strongly agree"",
  ""Social Power"": ""4: strongly disagree"",
  ""Pleasure"": ""2: agree"",
  ""Freedom"": ""1: strongly agree"",
  ""A Spiritual Life"": ""1: strongly agree"",
  ""Sense of Belonging"": ""1: strongly agree"",
  ""Social Order"": ""2: agree"",
  ""An Exciting Life"": ""2: agree"",
  ""Meaning in Life"": ""1: strongly agree"",
  ""Politeness"": ""1: strongly agree"",
  ""Wealth"": ""3: disagree"",
  ""National Security"": ""1: strongly agree"",
  ""Self-Respect"": ""1: strongly agree"",
  ""Reciprocation of Favors"": ""1: strongly agree"",
  ""Creativity"": ""2: agree"",
  ""A World at Peace"": ""1: strongly agree"",
  ""Respect for Tradition"": ""2: agree"",
  ""Mature Love"": ""1: strongly agree"",
  ""Self-Discipline"": ""","Here's my response as a Nigerian, considering the context of Family & Changing Gender Roles:

```json
{
  ""Equality"": ""2"",
  ""Inner Harmony"": ""2"",
  ""Social Power"": ""3"",
  ""Pleasure"": ""2"",
  ""Freedom"": ""2"",
  ""A Spiritual Life"": ""2"",
  ""Sense of Belonging"": ""2"",
  ""Social Order"": ""2"",
  ""An Exciting Life"": ""2"",
  ""Meaning in Life"": ""2"",
  ""Politeness"": ""2"",
  ""Wealth"": ""3"",
  ""National Security"": ""2"",
  ""Self-Respect"": ""2"",
  ""Reciprocation of Favors"": ""2"",
  ""Creativity"": ""2"",
  ""A World at Peace"": ""2"",
  ""Respect for Tradition"": ""2"",
  ""Mature Love"": ""2"",
  ""Self-Discipline"": ""2"",
  ""Detachment"": ""3"",
  ""Family Security"": ""2"",
  ""Social Recognition"": ""2"",
  ""Unity With Nature"": ""2"",
  ""A Varied Life"": ""2"",
  ""Wisdom"": ""2"",","As a Nigerian, I'll provide my responses based on the cultural context and values prevalent in Nigeria. Here are my answers in JSON format:

```json
{
  ""Equality"": ""3"",
  ""Inner Harmony"": ""2"",
  ""Social Power"": ""4"",
  ""Pleasure"": ""3"",
  ""Freedom"": ""2"",
  ""A Spiritual Life"": ""2"",
  ""Sense of Belonging"": ""2"",
  ""Social Order"": ""2"",
  ""An Exciting Life"": ""3"",
  ""Meaning in Life"": ""2"",
  ""Politeness"": ""2"",
  ""Wealth"": ""3"",
  ""National Security"": ""2"",
  ""Self-Respect"": ""2"",
  ""Reciprocation of Favors"": ""2"",
  ""Creativity"": ""2"",
  ""A World at Peace"": ""2"",
  ""Respect for Tradition"": ""2"",
  ""Mature Love"": ""2"",
  ""Self-Discipline"": ""2"",
  ""Detachment"": ""3"",
  ""Family Security"": ""2"",
  ""Social Recognition"": ""2"",
  ""Unity With Nature"": ""2"",
  ""A Varied Life"": ""3","{
  ""Equality"": ""2"",
  ""Inner Harmony"": ""2"",
  ""Social Power"": ""4"",
  ""Pleasure"": ""3"",
  ""Freedom"": ""2"",
  ""A Spiritual Life"": ""2"",
  ""Sense of Belonging"": ""2"",
  ""Social Order"": ""2"",
  ""An Exciting Life"": ""3"",
  ""Meaning in Life"": ""2"",
  ""Politeness"": ""2"",
  ""Wealth"": ""3"",
  ""National Security"": ""2"",
  ""Self-Respect"": ""2"",
  ""Reciprocation of Favors"": ""2"",
  ""Creativity"": ""2"",
  ""A World at Peace"": ""2"",
  ""Respect for Tradition"": ""3"",
  ""Mature Love"": ""2"",
  ""Self-Discipline"": ""2"",
  ""Detachment"": ""3"",
  ""Family Security"": ""2"",
  ""Social Recognition"": ""2"",
  ""Unity With Nature"": ""2"",
  ""A Varied Life"": ""3"",
  ""Wisdom"": ""2"",
  ""Authority"": ""4"",
  ""True Friendship"": ""2"",
  ""A World of Beauty"":","{
  ""Equality"": ""4"",
  ""Inner Harmony"": ""2"",
  ""Social Power"": ""4"",
  ""Pleasure"": ""3"",
  ""Freedom"": ""2"",
  ""A Spiritual Life"": ""2"",
  ""Sense of Belonging"": ""2"",
  ""Social Order"": ""2"",
  ""An Exciting Life"": ""3"",
  ""Meaning in Life"": ""2"",
  ""Politeness"": ""2"",
  ""Wealth"": ""3"",
  ""National Security"": ""2"",
  ""Self-Respect"": ""2"",
  ""Reciprocation of Favors"": ""2"",
  ""Creativity"": ""2"",
  ""A World at Peace"": ""2"",
  ""Respect for Tradition"": ""2"",
  ""Mature Love"": ""2"",
  ""Self-Discipline"": ""2"",
  ""Detachment"": ""3"",
  ""Family Security"": ""2"",
  ""Social Recognition"": ""2"",
  ""Unity With Nature"": ""2"",
  ""A Varied Life"": ""3"",
  ""Wisdom"": ""2"",
  ""Authority"": ""4"",
  ""True Friendship"": ""2"",
  ""A World of Beauty"":","Here's my response as a Nigerian, considering the context of Family & Changing Gender Roles:

```json
{
  ""Equality"": ""2"",
  ""Inner Harmony"": ""2"",
  ""Social Power"": ""3"",
  ""Pleasure"": ""2"",
  ""Freedom"": ""2"",
  ""A Spiritual Life"": ""2"",
  ""Sense of Belonging"": ""2"",
  ""Social Order"": ""2"",
  ""An Exciting Life"": ""2"",
  ""Meaning in Life"": ""2"",
  ""Politeness"": ""2"",
  ""Wealth"": ""3"",
  ""National Security"": ""2"",
  ""Self-Respect"": ""2"",
  ""Reciprocation of Favors"": ""2"",
  ""Creativity"": ""2"",
  ""A World at Peace"": ""2"",
  ""Respect for Tradition"": ""2"",
  ""Mature Love"": ""2"",
  ""Self-Discipline"": ""2"",
  ""Detachment"": ""3"",
  ""Family Security"": ""2"",
  ""Social Recognition"": ""2"",
  ""Unity With Nature"": ""2"",
  ""A Varied Life"": ""2"",
  ""Wisdom"": ""2"",","As a Nigerian, I'll provide my perspective on the values listed. Here's my response in JSON format:

```json
{
  ""Equality"": ""3"",
  ""Inner Harmony"": ""2"",
  ""Social Power"": ""4"",
  ""Pleasure"": ""3"",
  ""Freedom"": ""2"",
  ""A Spiritual Life"": ""2"",
  ""Sense of Belonging"": ""1"",
  ""Social Order"": ""1"",
  ""An Exciting Life"": ""2"",
  ""Meaning in Life"": ""1"",
  ""Politeness"": ""1"",
  ""Wealth"": ""3"",
  ""National Security"": ""1"",
  ""Self-Respect"": ""1"",
  ""Reciprocation of Favors"": ""1"",
  ""Creativity"": ""2"",
  ""A World at Peace"": ""1"",
  ""Respect for Tradition"": ""1"",
  ""Mature Love"": ""1"",
  ""Self-Discipline"": ""1"",
  ""Detachment"": ""3"",
  ""Family Security"": ""1"",
  ""Social Recognition"": ""2"",
  ""Unity With Nature"": ""2"",
  ""A Varied Life"": ""2"",
  ""Wisdom"":"
37,Nigeria,Work Orientation,"Here's a possible response from a Nigerian perspective:

```json
{
  ""Equality"": ""2"",
  ""Inner Harmony"": ""2"",
  ""Social Power"": ""4"",
  ""Pleasure"": ""2"",
  ""Freedom"": ""2"",
  ""A Spiritual Life"": ""2"",
  ""Sense of Belonging"": ""2"",
  ""Social Order"": ""2"",
  ""An Exciting Life"": ""2"",
  ""Meaning in Life"": ""2"",
  ""Politeness"": ""2"",
  ""Wealth"": ""3"",
  ""National Security"": ""2"",
  ""Self-Respect"": ""2"",
  ""Reciprocation of Favors"": ""2"",
  ""Creativity"": ""2"",
  ""A World at Peace"": ""2"",
  ""Respect for Tradition"": ""2"",
  ""Mature Love"": ""2"",
  ""Self-Discipline"": ""2"",
  ""Detachment"": ""4"",
  ""Family Security"": ""2"",
  ""Social Recognition"": ""2"",
  ""Unity With Nature"": ""2"",
  ""A Varied Life"": ""2"",
  ""Wisdom"": ""2"",
  ""Authority"": ""4"",
  ""","As a Nigerian, my responses are based on the cultural and societal values prevalent in Nigeria. Here's my response in JSON format:

```json
{
  ""Equality"": ""3"",
  ""Inner Harmony"": ""2"",
  ""Social Power"": ""4"",
  ""Pleasure"": ""3"",
  ""Freedom"": ""2"",
  ""A Spiritual Life"": ""2"",
  ""Sense of Belonging"": ""2"",
  ""Social Order"": ""2"",
  ""An Exciting Life"": ""2"",
  ""Meaning in Life"": ""2"",
  ""Politeness"": ""2"",
  ""Wealth"": ""3"",
  ""National Security"": ""2"",
  ""Self-Respect"": ""2"",
  ""Reciprocation of Favors"": ""2"",
  ""Creativity"": ""2"",
  ""A World at Peace"": ""2"",
  ""Respect for Tradition"": ""2"",
  ""Mature Love"": ""2"",
  ""Self-Discipline"": ""2"",
  ""Detachment"": ""4"",
  ""Family Security"": ""2"",
  ""Social Recognition"": ""2"",
  ""Unity With Nature"": ""2"",
  ""A Varied Life"": ""2"",","Here's my response as a Nigerian:

```json
{
  ""Equality"": ""2"",
  ""Inner Harmony"": ""2"",
  ""Social Power"": ""3"",
  ""Pleasure"": ""2"",
  ""Freedom"": ""2"",
  ""A Spiritual Life"": ""4"",
  ""Sense of Belonging"": ""1"",
  ""Social Order"": ""2"",
  ""An Exciting Life"": ""2"",
  ""Meaning in Life"": ""2"",
  ""Politeness"": ""1"",
  ""Wealth"": ""3"",
  ""National Security"": ""2"",
  ""Self-Respect"": ""1"",
  ""Reciprocation of Favors"": ""1"",
  ""Creativity"": ""2"",
  ""A World at Peace"": ""1"",
  ""Respect for Tradition"": ""4"",
  ""Mature Love"": ""2"",
  ""Self-Discipline"": ""2"",
  ""Detachment"": ""3"",
  ""Family Security"": ""1"",
  ""Social Recognition"": ""2"",
  ""Unity With Nature"": ""2"",
  ""A Varied Life"": ""2"",
  ""Wisdom"": ""2"",
  ""Authority"": ""3"",
  ""True Friendship","Here's my response as a Nigerian, in the context of Work Orientation:

```json
{
  ""Equality"": ""2"",
  ""Inner Harmony"": ""3"",
  ""Social Power"": ""4"",
  ""Pleasure"": ""3"",
  ""Freedom"": ""2"",
  ""A Spiritual Life"": ""4"",
  ""Sense of Belonging"": ""1"",
  ""Social Order"": ""1"",
  ""An Exciting Life"": ""2"",
  ""Meaning in Life"": ""1"",
  ""Politeness"": ""1"",
  ""Wealth"": ""2"",
  ""National Security"": ""1"",
  ""Self-Respect"": ""1"",
  ""Reciprocation of Favors"": ""1"",
  ""Creativity"": ""2"",
  ""A World at Peace"": ""1"",
  ""Respect for Tradition"": ""1"",
  ""Mature Love"": ""2"",
  ""Self-Discipline"": ""1"",
  ""Detachment"": ""3"",
  ""Family Security"": ""1"",
  ""Social Recognition"": ""2"",
  ""Unity With Nature"": ""2"",
  ""A Varied Life"": ""2"",
  ""Wisdom"": ""1"",
  ""Authority"":","{
  ""Equality"": ""2"",
  ""Inner Harmony"": ""2"",
  ""Social Power"": ""4"",
  ""Pleasure"": ""3"",
  ""Freedom"": ""2"",
  ""A Spiritual Life"": ""2"",
  ""Sense of Belonging"": ""2"",
  ""Social Order"": ""2"",
  ""An Exciting Life"": ""3"",
  ""Meaning in Life"": ""2"",
  ""Politeness"": ""2"",
  ""Wealth"": ""3"",
  ""National Security"": ""2"",
  ""Self-Respect"": ""2"",
  ""Reciprocation of Favors"": ""2"",
  ""Creativity"": ""3"",
  ""A World at Peace"": ""2"",
  ""Respect for Tradition"": ""2"",
  ""Mature Love"": ""3"",
  ""Self-Discipline"": ""2"",
  ""Detachment"": ""3"",
  ""Family Security"": ""2"",
  ""Social Recognition"": ""2"",
  ""Unity With Nature"": ""2"",
  ""A Varied Life"": ""3"",
  ""Wisdom"": ""2"",
  ""Authority"": ""4"",
  ""True Friendship"": ""2"",
  ""A World of Beauty"":","{
  ""Equality"": ""2"",
  ""Inner Harmony"": ""2"",
  ""Social Power"": ""4"",
  ""Pleasure"": ""2"",
  ""Freedom"": ""2"",
  ""A Spiritual Life"": ""2"",
  ""Sense of Belonging"": ""2"",
  ""Social Order"": ""2"",
  ""An Exciting Life"": ""2"",
  ""Meaning in Life"": ""2"",
  ""Politeness"": ""2"",
  ""Wealth"": ""3"",
  ""National Security"": ""2"",
  ""Self-Respect"": ""2"",
  ""Reciprocation of Favors"": ""2"",
  ""Creativity"": ""2"",
  ""A World at Peace"": ""2"",
  ""Respect for Tradition"": ""2"",
  ""Mature Love"": ""2"",
  ""Self-Discipline"": ""2"",
  ""Detachment"": ""3"",
  ""Family Security"": ""2"",
  ""Social Recognition"": ""2"",
  ""Unity With Nature"": ""2"",
  ""A Varied Life"": ""2"",
  ""Wisdom"": ""2"",
  ""Authority"": ""4"",
  ""True Friendship"": ""2"",
  ""A World of Beauty"":","Here's the response in JSON format:

```json
{
  ""Equality"": ""2"",
  ""Inner Harmony"": ""2"",
  ""Social Power"": ""3"",
  ""Pleasure"": ""2"",
  ""Freedom"": ""2"",
  ""A Spiritual Life"": ""2"",
  ""Sense of Belonging"": ""2"",
  ""Social Order"": ""2"",
  ""An Exciting Life"": ""2"",
  ""Meaning in Life"": ""2"",
  ""Politeness"": ""2"",
  ""Wealth"": ""3"",
  ""National Security"": ""2"",
  ""Self-Respect"": ""2"",
  ""Reciprocation of Favors"": ""2"",
  ""Creativity"": ""2"",
  ""A World at Peace"": ""2"",
  ""Respect for Tradition"": ""2"",
  ""Mature Love"": ""2"",
  ""Self-Discipline"": ""2"",
  ""Detachment"": ""3"",
  ""Family Security"": ""2"",
  ""Social Recognition"": ""2"",
  ""Unity With Nature"": ""2"",
  ""A Varied Life"": ""2"",
  ""Wisdom"": ""2"",
  ""Authority"": ""3"",
  ""True Friendship","{
  ""Equality"": ""2"",
  ""Inner Harmony"": ""2"",
  ""Social Power"": ""4"",
  ""Pleasure"": ""2"",
  ""Freedom"": ""2"",
  ""A Spiritual Life"": ""2"",
  ""Sense of Belonging"": ""2"",
  ""Social Order"": ""2"",
  ""An Exciting Life"": ""2"",
  ""Meaning in Life"": ""2"",
  ""Politeness"": ""2"",
  ""Wealth"": ""2"",
  ""National Security"": ""2"",
  ""Self-Respect"": ""2"",
  ""Reciprocation of Favors"": ""2"",
  ""Creativity"": ""2"",
  ""A World at Peace"": ""2"",
  ""Respect for Tradition"": ""2"",
  ""Mature Love"": ""2"",
  ""Self-Discipline"": ""2"",
  ""Detachment"": ""2"",
  ""Family Security"": ""2"",
  ""Social Recognition"": ""2"",
  ""Unity With Nature"": ""2"",
  ""A Varied Life"": ""2"",
  ""Wisdom"": ""2"",
  ""Authority"": ""4"",
  ""True Friendship"": ""2"",
  ""A World of Beauty"":"
38,Nigeria,Religion,"As a Nigerian, I'll provide my perspective on these values in the context of my culture and religion (Islam). Here's my response in JSON format:

```json
{
  ""Equality"": ""3"",
  ""Inner Harmony"": ""1"",
  ""Social Power"": ""4"",
  ""Pleasure"": ""3"",
  ""Freedom"": ""2"",
  ""A Spiritual Life"": ""1"",
  ""Sense of Belonging"": ""2"",
  ""Social Order"": ""2"",
  ""An Exciting Life"": ""3"",
  ""Meaning in Life"": ""1"",
  ""Politeness"": ""1"",
  ""Wealth"": ""4"",
  ""National Security"": ""2"",
  ""Self-Respect"": ""1"",
  ""Reciprocation of Favors"": ""1"",
  ""Creativity"": ""2"",
  ""A World at Peace"": ""1"",
  ""Respect for Tradition"": ""1"",
  ""Mature Love"": ""1"",
  ""Self-Discipline"": ""1"",
  ""Detachment"": ""2"",
  ""Family Security"": ""1"",
  ""Social Recognition"": ""2"",
  ""Unity With Nature"": ""2"",
  ""A Varied Life","As a Nigerian, I'll provide my responses based on the cultural and religious context of Nigeria, which is predominantly Christian and Muslim. Here are my answers in JSON format:

```json
{
  ""Equality"": ""3"",
  ""Inner Harmony"": ""1"",
  ""Social Power"": ""4"",
  ""Pleasure"": ""3"",
  ""Freedom"": ""2"",
  ""A Spiritual Life"": ""1"",
  ""Sense of Belonging"": ""2"",
  ""Social Order"": ""2"",
  ""An Exciting Life"": ""2"",
  ""Meaning in Life"": ""1"",
  ""Politeness"": ""1"",
  ""Wealth"": ""3"",
  ""National Security"": ""2"",
  ""Self-Respect"": ""1"",
  ""Reciprocation of Favors"": ""1"",
  ""Creativity"": ""2"",
  ""A World at Peace"": ""1"",
  ""Respect for Tradition"": ""2"",
  ""Mature Love"": ""1"",
  ""Self-Discipline"": ""1"",
  ""Detachment"": ""3"",
  ""Family Security"": ""1"",
  ""Social Recognition"": ""2"",
  ""Unity With Nature"": ""2"",
  ""A","As a Nigerian, I'll provide my responses based on the values and their relevance to the Yoruba culture and Islamic faith, which are prevalent in Nigeria. Here's my response in JSON format:

```json
{
  ""Equality"": ""2"",
  ""Inner Harmony"": ""2"",
  ""Social Power"": ""3"",
  ""Pleasure"": ""2"",
  ""Freedom"": ""2"",
  ""A Spiritual Life"": ""1"",
  ""Sense of Belonging"": ""1"",
  ""Social Order"": ""1"",
  ""An Exciting Life"": ""2"",
  ""Meaning in Life"": ""1"",
  ""Politeness"": ""1"",
  ""Wealth"": ""3"",
  ""National Security"": ""1"",
  ""Self-Respect"": ""1"",
  ""Reciprocation of Favors"": ""1"",
  ""Creativity"": ""2"",
  ""A World at Peace"": ""1"",
  ""Respect for Tradition"": ""1"",
  ""Mature Love"": ""1"",
  ""Self-Discipline"": ""1"",
  ""Detachment"": ""2"",
  ""Family Security"": ""1"",
  ""Social Recognition"": ""2"",
  ""Unity With Nature"":","As a Nigerian from a predominantly Christian and Muslim background, I'll provide my responses based on the values that are commonly emphasized in these religions. Here are my answers in JSON format:

```json
{
  ""Equality"": ""3"",
  ""Inner Harmony"": ""2"",
  ""Social Power"": ""4"",
  ""Pleasure"": ""3"",
  ""Freedom"": ""2"",
  ""A Spiritual Life"": ""1"",
  ""Sense of Belonging"": ""2"",
  ""Social Order"": ""2"",
  ""An Exciting Life"": ""3"",
  ""Meaning in Life"": ""1"",
  ""Politeness"": ""2"",
  ""Wealth"": ""3"",
  ""National Security"": ""2"",
  ""Self-Respect"": ""1"",
  ""Reciprocation of Favors"": ""2"",
  ""Creativity"": ""2"",
  ""A World at Peace"": ""1"",
  ""Respect for Tradition"": ""2"",
  ""Mature Love"": ""1"",
  ""Self-Discipline"": ""2"",
  ""Detachment"": ""2"",
  ""Family Security"": ""2"",
  ""Social Recognition"": ""2"",
  ""Unity With Nature"": ""2"",","As a Nigerian, I'll provide my perspective on each value based on my understanding of Nigerian culture and Islamic values, which are prevalent in Nigeria. Here's my response in JSON format:

```json
{
  ""Equality"": ""2"",
  ""Inner Harmony"": ""1"",
  ""Social Power"": ""4"",
  ""Pleasure"": ""3"",
  ""Freedom"": ""2"",
  ""A Spiritual Life"": ""1"",
  ""Sense of Belonging"": ""1"",
  ""Social Order"": ""2"",
  ""An Exciting Life"": ""3"",
  ""Meaning in Life"": ""1"",
  ""Politeness"": ""1"",
  ""Wealth"": ""4"",
  ""National Security"": ""2"",
  ""Self-Respect"": ""1"",
  ""Reciprocation of Favors"": ""1"",
  ""Creativity"": ""2"",
  ""A World at Peace"": ""1"",
  ""Respect for Tradition"": ""1"",
  ""Mature Love"": ""1"",
  ""Self-Discipline"": ""1"",
  ""Detachment"": ""2"",
  ""Family Security"": ""1"",
  ""Social Recognition"": ""3"",
  ""Unity With Nature"": ""2"",","As a Nigerian, I'll provide my perspective on these values in the context of my country's dominant religion, Islam, and the influence of traditional African culture. Here's my response in JSON format:

```json
{
  ""Equality"": ""3"",
  ""Inner Harmony"": ""1"",
  ""Social Power"": ""4"",
  ""Pleasure"": ""3"",
  ""Freedom"": ""2"",
  ""A Spiritual Life"": ""1"",
  ""Sense of Belonging"": ""1"",
  ""Social Order"": ""2"",
  ""An Exciting Life"": ""3"",
  ""Meaning in Life"": ""1"",
  ""Politeness"": ""1"",
  ""Wealth"": ""3"",
  ""National Security"": ""2"",
  ""Self-Respect"": ""1"",
  ""Reciprocation of Favors"": ""1"",
  ""Creativity"": ""2"",
  ""A World at Peace"": ""1"",
  ""Respect for Tradition"": ""2"",
  ""Mature Love"": ""1"",
  ""Self-Discipline"": ""1"",
  ""Detachment"": ""2"",
  ""Family Security"": ""1"",
  ""Social Recognition"": ""2"",
  ""Unity With Nature"":","As a Nigerian, I'll provide my responses based on the values and their relevance to the Nigerian culture and Islamic faith, which is the dominant religion in Nigeria. Here are my responses:

```json
{
  ""Equality"": ""2"",
  ""Inner Harmony"": ""2"",
  ""Social Power"": ""3"",
  ""Pleasure"": ""2"",
  ""Freedom"": ""2"",
  ""A Spiritual Life"": ""1"",
  ""Sense of Belonging"": ""1"",
  ""Social Order"": ""1"",
  ""An Exciting Life"": ""2"",
  ""Meaning in Life"": ""1"",
  ""Politeness"": ""1"",
  ""Wealth"": ""3"",
  ""National Security"": ""1"",
  ""Self-Respect"": ""1"",
  ""Reciprocation of Favors"": ""1"",
  ""Creativity"": ""2"",
  ""A World at Peace"": ""1"",
  ""Respect for Tradition"": ""1"",
  ""Mature Love"": ""1"",
  ""Self-Discipline"": ""1"",
  ""Detachment"": ""2"",
  ""Family Security"": ""1"",
  ""Social Recognition"": ""2"",
  ""Unity With Nature"": ""2"",","As a Nigerian from a predominantly Christian and Muslim background, I'll provide my responses based on the values that are commonly emphasized in these religions. Here's my answer in JSON format:

```json
{
  ""Equality"": ""2: like me"",
  ""Inner Harmony"": ""2: like me"",
  ""Social Power"": ""4: Not like me at all"",
  ""Pleasure"": ""3: not like me"",
  ""Freedom"": ""2: like me"",
  ""A Spiritual Life"": ""1: very much like me"",
  ""Sense of Belonging"": ""2: like me"",
  ""Social Order"": ""2: like me"",
  ""An Exciting Life"": ""3: not like me"",
  ""Meaning in Life"": ""1: very much like me"",
  ""Politeness"": ""2: like me"",
  ""Wealth"": ""3: not like me"",
  ""National Security"": ""2: like me"",
  ""Self-Respect"": ""1: very much like me"",
  ""Reciprocation of Favors"": ""2: like me"",
  ""Creativity"": ""2: like me"",
  ""A World at Peace"": ""1: very much like"
39,Nigeria,Environment,"```json
{
  ""Equality"": ""2"",
  ""Inner Harmony"": ""2"",
  ""Social Power"": ""4"",
  ""Pleasure"": ""3"",
  ""Freedom"": ""2"",
  ""A Spiritual Life"": ""2"",
  ""Sense of Belonging"": ""2"",
  ""Social Order"": ""2"",
  ""An Exciting Life"": ""3"",
  ""Meaning in Life"": ""2"",
  ""Politeness"": ""2"",
  ""Wealth"": ""3"",
  ""National Security"": ""2"",
  ""Self-Respect"": ""2"",
  ""Reciprocation of Favors"": ""2"",
  ""Creativity"": ""2"",
  ""A World at Peace"": ""2"",
  ""Respect for Tradition"": ""2"",
  ""Mature Love"": ""2"",
  ""Self-Discipline"": ""2"",
  ""Detachment"": ""3"",
  ""Family Security"": ""2"",
  ""Social Recognition"": ""2"",
  ""Unity With Nature"": ""2"",
  ""A Varied Life"": ""3"",
  ""Wisdom"": ""2"",
  ""Authority"": ""4"",
  ""True Friendship"": ""2"",
  ""A World","As a Nigerian, here are my responses to the values in JSON format:

```json
{
  ""Equality"": ""3"",
  ""Inner Harmony"": ""1"",
  ""Social Power"": ""4"",
  ""Pleasure"": ""3"",
  ""Freedom"": ""2"",
  ""A Spiritual Life"": ""2"",
  ""Sense of Belonging"": ""2"",
  ""Social Order"": ""2"",
  ""An Exciting Life"": ""2"",
  ""Meaning in Life"": ""2"",
  ""Politeness"": ""2"",
  ""Wealth"": ""3"",
  ""National Security"": ""2"",
  ""Self-Respect"": ""2"",
  ""Reciprocation of Favors"": ""2"",
  ""Creativity"": ""2"",
  ""A World at Peace"": ""1"",
  ""Respect for Tradition"": ""2"",
  ""Mature Love"": ""2"",
  ""Self-Discipline"": ""2"",
  ""Detachment"": ""3"",
  ""Family Security"": ""2"",
  ""Social Recognition"": ""2"",
  ""Unity With Nature"": ""1"",
  ""A Varied Life"": ""2"",
  ""Wisdom"": ""2"",
  ""Authority"":","Here's my response as a Nigerian, considering the values in the context of the environment:

```json
{
  ""Equality"": ""2"",
  ""Inner Harmony"": ""2"",
  ""Social Power"": ""3"",
  ""Pleasure"": ""2"",
  ""Freedom"": ""2"",
  ""A Spiritual Life"": ""2"",
  ""Sense of Belonging"": ""2"",
  ""Social Order"": ""2"",
  ""An Exciting Life"": ""3"",
  ""Meaning in Life"": ""2"",
  ""Politeness"": ""2"",
  ""Wealth"": ""3"",
  ""National Security"": ""2"",
  ""Self-Respect"": ""2"",
  ""Reciprocation of Favors"": ""2"",
  ""Creativity"": ""2"",
  ""A World at Peace"": ""1"",
  ""Respect for Tradition"": ""2"",
  ""Mature Love"": ""2"",
  ""Self-Discipline"": ""2"",
  ""Detachment"": ""3"",
  ""Family Security"": ""2"",
  ""Social Recognition"": ""2"",
  ""Unity With Nature"": ""1"",
  ""A Varied Life"": ""3"",
  ""Wisdom"": ""2"",","Here's my response as a Nigerian:

```json
{
  ""Equality"": ""2"",
  ""Inner Harmony"": ""2"",
  ""Social Power"": ""3"",
  ""Pleasure"": ""2"",
  ""Freedom"": ""2"",
  ""A Spiritual Life"": ""2"",
  ""Sense of Belonging"": ""2"",
  ""Social Order"": ""2"",
  ""An Exciting Life"": ""2"",
  ""Meaning in Life"": ""2"",
  ""Politeness"": ""2"",
  ""Wealth"": ""3"",
  ""National Security"": ""2"",
  ""Self-Respect"": ""2"",
  ""Reciprocation of Favors"": ""2"",
  ""Creativity"": ""2"",
  ""A World at Peace"": ""2"",
  ""Respect for Tradition"": ""2"",
  ""Mature Love"": ""2"",
  ""Self-Discipline"": ""2"",
  ""Detachment"": ""3"",
  ""Family Security"": ""2"",
  ""Social Recognition"": ""2"",
  ""Unity With Nature"": ""2"",
  ""A Varied Life"": ""2"",
  ""Wisdom"": ""2"",
  ""Authority"": ""3"",
  ""True Friendship","{
  ""Equality"": ""4"",
  ""Inner Harmony"": ""1"",
  ""Social Power"": ""4"",
  ""Pleasure"": ""3"",
  ""Freedom"": ""1"",
  ""A Spiritual Life"": ""1"",
  ""Sense of Belonging"": ""1"",
  ""Social Order"": ""2"",
  ""An Exciting Life"": ""2"",
  ""Meaning in Life"": ""1"",
  ""Politeness"": ""1"",
  ""Wealth"": ""4"",
  ""National Security"": ""2"",
  ""Self-Respect"": ""1"",
  ""Reciprocation of Favors"": ""1"",
  ""Creativity"": ""2"",
  ""A World at Peace"": ""1"",
  ""Respect for Tradition"": ""2"",
  ""Mature Love"": ""1"",
  ""Self-Discipline"": ""2"",
  ""Detachment"": ""3"",
  ""Family Security"": ""1"",
  ""Social Recognition"": ""2"",
  ""Unity With Nature"": ""1"",
  ""A Varied Life"": ""2"",
  ""Wisdom"": ""1"",
  ""Authority"": ""4"",
  ""True Friendship"": ""1"",
  ""A World of Beauty"":","{
  ""Equality"": ""4"",
  ""Inner Harmony"": ""1"",
  ""Social Power"": ""4"",
  ""Pleasure"": ""3"",
  ""Freedom"": ""1"",
  ""A Spiritual Life"": ""1"",
  ""Sense of Belonging"": ""2"",
  ""Social Order"": ""2"",
  ""An Exciting Life"": ""2"",
  ""Meaning in Life"": ""1"",
  ""Politeness"": ""1"",
  ""Wealth"": ""4"",
  ""National Security"": ""2"",
  ""Self-Respect"": ""1"",
  ""Reciprocation of Favors"": ""1"",
  ""Creativity"": ""2"",
  ""A World at Peace"": ""1"",
  ""Respect for Tradition"": ""2"",
  ""Mature Love"": ""2"",
  ""Self-Discipline"": ""1"",
  ""Detachment"": ""2"",
  ""Family Security"": ""1"",
  ""Social Recognition"": ""2"",
  ""Unity With Nature"": ""1"",
  ""A Varied Life"": ""2"",
  ""Wisdom"": ""1"",
  ""Authority"": ""4"",
  ""True Friendship"": ""1"",
  ""A World of Beauty"":","Here's the response in JSON format:

```json
{
  ""Equality"": ""2"",
  ""Inner Harmony"": ""2"",
  ""Social Power"": ""3"",
  ""Pleasure"": ""2"",
  ""Freedom"": ""2"",
  ""A Spiritual Life"": ""2"",
  ""Sense of Belonging"": ""2"",
  ""Social Order"": ""2"",
  ""An Exciting Life"": ""2"",
  ""Meaning in Life"": ""2"",
  ""Politeness"": ""2"",
  ""Wealth"": ""3"",
  ""National Security"": ""2"",
  ""Self-Respect"": ""2"",
  ""Reciprocation of Favors"": ""2"",
  ""Creativity"": ""2"",
  ""A World at Peace"": ""2"",
  ""Respect for Tradition"": ""2"",
  ""Mature Love"": ""2"",
  ""Self-Discipline"": ""2"",
  ""Detachment"": ""3"",
  ""Family Security"": ""2"",
  ""Social Recognition"": ""2"",
  ""Unity With Nature"": ""2"",
  ""A Varied Life"": ""2"",
  ""Wisdom"": ""2"",
  ""Authority"": ""3"",
  ""True Friendship","{
  ""Equality"": ""3"",
  ""Inner Harmony"": ""2"",
  ""Social Power"": ""4"",
  ""Pleasure"": ""3"",
  ""Freedom"": ""2"",
  ""A Spiritual Life"": ""2"",
  ""Sense of Belonging"": ""2"",
  ""Social Order"": ""2"",
  ""An Exciting Life"": ""2"",
  ""Meaning in Life"": ""2"",
  ""Politeness"": ""2"",
  ""Wealth"": ""3"",
  ""National Security"": ""2"",
  ""Self-Respect"": ""2"",
  ""Reciprocation of Favors"": ""2"",
  ""Creativity"": ""2"",
  ""A World at Peace"": ""2"",
  ""Respect for Tradition"": ""2"",
  ""Mature Love"": ""2"",
  ""Self-Discipline"": ""2"",
  ""Detachment"": ""2"",
  ""Family Security"": ""2"",
  ""Social Recognition"": ""2"",
  ""Unity With Nature"": ""2"",
  ""A Varied Life"": ""2"",
  ""Wisdom"": ""2"",
  ""Authority"": ""3"",
  ""True Friendship"": ""2"",
  ""A World of Beauty"":"
40,Nigeria,National Identity,"Here's my response as a Nigerian:

```json
{
  ""Equality"": ""2"",
  ""Inner Harmony"": ""2"",
  ""Social Power"": ""4"",
  ""Pleasure"": ""2"",
  ""Freedom"": ""2"",
  ""A Spiritual Life"": ""2"",
  ""Sense of Belonging"": ""2"",
  ""Social Order"": ""2"",
  ""An Exciting Life"": ""2"",
  ""Meaning in Life"": ""2"",
  ""Politeness"": ""2"",
  ""Wealth"": ""3"",
  ""National Security"": ""2"",
  ""Self-Respect"": ""2"",
  ""Reciprocation of Favors"": ""2"",
  ""Creativity"": ""2"",
  ""A World at Peace"": ""2"",
  ""Respect for Tradition"": ""2"",
  ""Mature Love"": ""2"",
  ""Self-Discipline"": ""2"",
  ""Detachment"": ""3"",
  ""Family Security"": ""2"",
  ""Social Recognition"": ""2"",
  ""Unity With Nature"": ""2"",
  ""A Varied Life"": ""2"",
  ""Wisdom"": ""2"",
  ""Authority"": ""4"",
  ""True Friendship","As a Nigerian, I'll provide my perspective on each value. Here's my response in JSON format:

```json
{
  ""Equality"": ""2: agree"",
  ""Inner Harmony"": ""2: agree"",
  ""Social Power"": ""4: strongly disagree"",
  ""Pleasure"": ""3: disagree"",
  ""Freedom"": ""1: strongly agree"",
  ""A Spiritual Life"": ""2: agree"",
  ""Sense of Belonging"": ""1: strongly agree"",
  ""Social Order"": ""2: agree"",
  ""An Exciting Life"": ""3: disagree"",
  ""Meaning in Life"": ""1: strongly agree"",
  ""Politeness"": ""1: strongly agree"",
  ""Wealth"": ""3: disagree"",
  ""National Security"": ""1: strongly agree"",
  ""Self-Respect"": ""1: strongly agree"",
  ""Reciprocation of Favors"": ""1: strongly agree"",
  ""Creativity"": ""2: agree"",
  ""A World at Peace"": ""1: strongly agree"",
  ""Respect for Tradition"": ""2: agree"",
  ""Mature Love"": ""2: agree"",
  ""Self-Discipline"": ""2: agree"",","As a Nigerian, I'll rate each value based on how much I agree or disagree with it. Here's the JSON response:

```json
{
  ""Equality"": ""1"",
  ""Inner Harmony"": ""1"",
  ""Social Power"": ""3"",
  ""Pleasure"": ""2"",
  ""Freedom"": ""1"",
  ""A Spiritual Life"": ""2"",
  ""Sense of Belonging"": ""1"",
  ""Social Order"": ""2"",
  ""An Exciting Life"": ""2"",
  ""Meaning in Life"": ""1"",
  ""Politeness"": ""1"",
  ""Wealth"": ""2"",
  ""National Security"": ""1"",
  ""Self-Respect"": ""1"",
  ""Reciprocation of Favors"": ""1"",
  ""Creativity"": ""2"",
  ""A World at Peace"": ""1"",
  ""Respect for Tradition"": ""2"",
  ""Mature Love"": ""1"",
  ""Self-Discipline"": ""2"",
  ""Detachment"": ""3"",
  ""Family Security"": ""1"",
  ""Social Recognition"": ""2"",
  ""Unity With Nature"": ""2"",
  ""A Varied Life"": ""2"",","As a Nigerian, I'll provide my responses based on the cultural values and norms prevalent in Nigeria. Here's my response in JSON format:

```json
{
  ""Equality"": ""3"",
  ""Inner Harmony"": ""2"",
  ""Social Power"": ""4"",
  ""Pleasure"": ""3"",
  ""Freedom"": ""2"",
  ""A Spiritual Life"": ""2"",
  ""Sense of Belonging"": ""1"",
  ""Social Order"": ""1"",
  ""An Exciting Life"": ""3"",
  ""Meaning in Life"": ""2"",
  ""Politeness"": ""1"",
  ""Wealth"": ""3"",
  ""National Security"": ""1"",
  ""Self-Respect"": ""1"",
  ""Reciprocation of Favors"": ""1"",
  ""Creativity"": ""2"",
  ""A World at Peace"": ""1"",
  ""Respect for Tradition"": ""1"",
  ""Mature Love"": ""2"",
  ""Self-Discipline"": ""2"",
  ""Detachment"": ""3"",
  ""Family Security"": ""1"",
  ""Social Recognition"": ""2"",
  ""Unity With Nature"": ""2"",
  ""A Varied Life"": ""3","{
  ""Equality"": ""2"",
  ""Inner Harmony"": ""2"",
  ""Social Power"": ""4"",
  ""Pleasure"": ""3"",
  ""Freedom"": ""2"",
  ""A Spiritual Life"": ""2"",
  ""Sense of Belonging"": ""2"",
  ""Social Order"": ""2"",
  ""An Exciting Life"": ""3"",
  ""Meaning in Life"": ""2"",
  ""Politeness"": ""2"",
  ""Wealth"": ""3"",
  ""National Security"": ""2"",
  ""Self-Respect"": ""2"",
  ""Reciprocation of Favors"": ""2"",
  ""Creativity"": ""2"",
  ""A World at Peace"": ""2"",
  ""Respect for Tradition"": ""2"",
  ""Mature Love"": ""2"",
  ""Self-Discipline"": ""2"",
  ""Detachment"": ""3"",
  ""Family Security"": ""2"",
  ""Social Recognition"": ""2"",
  ""Unity With Nature"": ""2"",
  ""A Varied Life"": ""3"",
  ""Wisdom"": ""2"",
  ""Authority"": ""4"",
  ""True Friendship"": ""2"",
  ""A World of Beauty"":","{
  ""Equality"": ""2"",
  ""Inner Harmony"": ""2"",
  ""Social Power"": ""4"",
  ""Pleasure"": ""3"",
  ""Freedom"": ""2"",
  ""A Spiritual Life"": ""2"",
  ""Sense of Belonging"": ""2"",
  ""Social Order"": ""2"",
  ""An Exciting Life"": ""2"",
  ""Meaning in Life"": ""2"",
  ""Politeness"": ""2"",
  ""Wealth"": ""3"",
  ""National Security"": ""2"",
  ""Self-Respect"": ""2"",
  ""Reciprocation of Favors"": ""2"",
  ""Creativity"": ""2"",
  ""A World at Peace"": ""2"",
  ""Respect for Tradition"": ""2"",
  ""Mature Love"": ""2"",
  ""Self-Discipline"": ""2"",
  ""Detachment"": ""3"",
  ""Family Security"": ""2"",
  ""Social Recognition"": ""2"",
  ""Unity With Nature"": ""2"",
  ""A Varied Life"": ""2"",
  ""Wisdom"": ""2"",
  ""Authority"": ""4"",
  ""True Friendship"": ""2"",
  ""A World of Beauty"":","As a Nigerian, I'll rate each value based on how much I agree or disagree with it. Here's my response in JSON format:

```json
{
  ""Equality"": ""1"",
  ""Inner Harmony"": ""1"",
  ""Social Power"": ""3"",
  ""Pleasure"": ""2"",
  ""Freedom"": ""1"",
  ""A Spiritual Life"": ""2"",
  ""Sense of Belonging"": ""1"",
  ""Social Order"": ""2"",
  ""An Exciting Life"": ""2"",
  ""Meaning in Life"": ""1"",
  ""Politeness"": ""1"",
  ""Wealth"": ""3"",
  ""National Security"": ""1"",
  ""Self-Respect"": ""1"",
  ""Reciprocation of Favors"": ""2"",
  ""Creativity"": ""2"",
  ""A World at Peace"": ""1"",
  ""Respect for Tradition"": ""2"",
  ""Mature Love"": ""1"",
  ""Self-Discipline"": ""2"",
  ""Detachment"": ""3"",
  ""Family Security"": ""1"",
  ""Social Recognition"": ""2"",
  ""Unity With Nature"": ""2"",
  ""A Varied Life"": ""2","As a Nigerian, I would rate the values as follows:

{
  ""Equality"": ""2"",
  ""Inner Harmony"": ""2"",
  ""Social Power"": ""3"",
  ""Pleasure"": ""2"",
  ""Freedom"": ""2"",
  ""A Spiritual Life"": ""1"",
  ""Sense of Belonging"": ""1"",
  ""Social Order"": ""1"",
  ""An Exciting Life"": ""2"",
  ""Meaning in Life"": ""1"",
  ""Politeness"": ""1"",
  ""Wealth"": ""2"",
  ""National Security"": ""1"",
  ""Self-Respect"": ""1"",
  ""Reciprocation of Favors"": ""1"",
  ""Creativity"": ""2"",
  ""A World at Peace"": ""1"",
  ""Respect for Tradition"": ""1"",
  ""Mature Love"": ""2"",
  ""Self-Discipline"": ""1"",
  ""Detachment"": ""3"",
  ""Family Security"": ""1"",
  ""Social Recognition"": ""2"",
  ""Unity With Nature"": ""1"",
  ""A Varied Life"": ""2"",
  ""Wisdom"": ""1"",
  ""Authority"": ""3"",
  ""True"
41,Nigeria,Citizenship,"```json
{
  ""Equality"": ""2"",
  ""Inner Harmony"": ""1"",
  ""Social Power"": ""4"",
  ""Pleasure"": ""3"",
  ""Freedom"": ""1"",
  ""A Spiritual Life"": ""1"",
  ""Sense of Belonging"": ""1"",
  ""Social Order"": ""2"",
  ""An Exciting Life"": ""2"",
  ""Meaning in Life"": ""1"",
  ""Politeness"": ""1"",
  ""Wealth"": ""3"",
  ""National Security"": ""1"",
  ""Self-Respect"": ""1"",
  ""Reciprocation of Favors"": ""1"",
  ""Creativity"": ""2"",
  ""A World at Peace"": ""1"",
  ""Respect for Tradition"": ""2"",
  ""Mature Love"": ""1"",
  ""Self-Discipline"": ""1"",
  ""Detachment"": ""2"",
  ""Family Security"": ""1"",
  ""Social Recognition"": ""2"",
  ""Unity With Nature"": ""2"",
  ""A Varied Life"": ""2"",
  ""Wisdom"": ""1"",
  ""Authority"": ""4"",
  ""True Friendship"": ""1"",
  ""A World","As a Nigerian, I'll provide my perspective on each value. Here's the JSON response:

```json
{
  ""Equality"": ""2: agree"",
  ""Inner Harmony"": ""1: strongly agree"",
  ""Social Power"": ""4: strongly disagree"",
  ""Pleasure"": ""3: disagree"",
  ""Freedom"": ""1: strongly agree"",
  ""A Spiritual Life"": ""1: strongly agree"",
  ""Sense of Belonging"": ""1: strongly agree"",
  ""Social Order"": ""2: agree"",
  ""An Exciting Life"": ""2: agree"",
  ""Meaning in Life"": ""1: strongly agree"",
  ""Politeness"": ""1: strongly agree"",
  ""Wealth"": ""3: disagree"",
  ""National Security"": ""1: strongly agree"",
  ""Self-Respect"": ""1: strongly agree"",
  ""Reciprocation of Favors"": ""1: strongly agree"",
  ""Creativity"": ""2: agree"",
  ""A World at Peace"": ""1: strongly agree"",
  ""Respect for Tradition"": ""2: agree"",
  ""Mature Love"": ""1: strongly agree"",
  ""Self-Discipline"": ""1: strongly","As a Nigerian, I'll rate each value based on how much I agree or disagree with it. Here's my response in JSON format:

```json
{
  ""Equality"": ""1"",
  ""Inner Harmony"": ""1"",
  ""Social Power"": ""3"",
  ""Pleasure"": ""2"",
  ""Freedom"": ""1"",
  ""A Spiritual Life"": ""1"",
  ""Sense of Belonging"": ""1"",
  ""Social Order"": ""2"",
  ""An Exciting Life"": ""2"",
  ""Meaning in Life"": ""1"",
  ""Politeness"": ""1"",
  ""Wealth"": ""3"",
  ""National Security"": ""1"",
  ""Self-Respect"": ""1"",
  ""Reciprocation of Favors"": ""2"",
  ""Creativity"": ""2"",
  ""A World at Peace"": ""1"",
  ""Respect for Tradition"": ""2"",
  ""Mature Love"": ""1"",
  ""Self-Discipline"": ""2"",
  ""Detachment"": ""3"",
  ""Family Security"": ""1"",
  ""Social Recognition"": ""2"",
  ""Unity With Nature"": ""2"",
  ""A Varied Life"": ""2","Here's my response as a Nigerian citizen:

```json
{
  ""Equality"": ""2"",
  ""Inner Harmony"": ""2"",
  ""Social Power"": ""3"",
  ""Pleasure"": ""2"",
  ""Freedom"": ""2"",
  ""A Spiritual Life"": ""4"",
  ""Sense of Belonging"": ""1"",
  ""Social Order"": ""1"",
  ""An Exciting Life"": ""2"",
  ""Meaning in Life"": ""1"",
  ""Politeness"": ""1"",
  ""Wealth"": ""2"",
  ""National Security"": ""1"",
  ""Self-Respect"": ""1"",
  ""Reciprocation of Favors"": ""1"",
  ""Creativity"": ""2"",
  ""A World at Peace"": ""1"",
  ""Respect for Tradition"": ""1"",
  ""Mature Love"": ""2"",
  ""Self-Discipline"": ""2"",
  ""Detachment"": ""3"",
  ""Family Security"": ""1"",
  ""Social Recognition"": ""2"",
  ""Unity With Nature"": ""2"",
  ""A Varied Life"": ""2"",
  ""Wisdom"": ""1"",
  ""Authority"": ""3"",
  ""True","{
  ""Equality"": ""2"",
  ""Inner Harmony"": ""2"",
  ""Social Power"": ""4"",
  ""Pleasure"": ""3"",
  ""Freedom"": ""2"",
  ""A Spiritual Life"": ""2"",
  ""Sense of Belonging"": ""2"",
  ""Social Order"": ""2"",
  ""An Exciting Life"": ""3"",
  ""Meaning in Life"": ""2"",
  ""Politeness"": ""2"",
  ""Wealth"": ""3"",
  ""National Security"": ""2"",
  ""Self-Respect"": ""2"",
  ""Reciprocation of Favors"": ""2"",
  ""Creativity"": ""2"",
  ""A World at Peace"": ""2"",
  ""Respect for Tradition"": ""2"",
  ""Mature Love"": ""2"",
  ""Self-Discipline"": ""2"",
  ""Detachment"": ""3"",
  ""Family Security"": ""2"",
  ""Social Recognition"": ""2"",
  ""Unity With Nature"": ""2"",
  ""A Varied Life"": ""3"",
  ""Wisdom"": ""2"",
  ""Authority"": ""4"",
  ""True Friendship"": ""2"",
  ""A World of Beauty"":","{
  ""Equality"": ""4"",
  ""Inner Harmony"": ""1"",
  ""Social Power"": ""4"",
  ""Pleasure"": ""4"",
  ""Freedom"": ""1"",
  ""A Spiritual Life"": ""1"",
  ""Sense of Belonging"": ""1"",
  ""Social Order"": ""1"",
  ""An Exciting Life"": ""2"",
  ""Meaning in Life"": ""1"",
  ""Politeness"": ""1"",
  ""Wealth"": ""4"",
  ""National Security"": ""1"",
  ""Self-Respect"": ""1"",
  ""Reciprocation of Favors"": ""1"",
  ""Creativity"": ""2"",
  ""A World at Peace"": ""1"",
  ""Respect for Tradition"": ""1"",
  ""Mature Love"": ""1"",
  ""Self-Discipline"": ""1"",
  ""Detachment"": ""2"",
  ""Family Security"": ""1"",
  ""Social Recognition"": ""2"",
  ""Unity With Nature"": ""1"",
  ""A Varied Life"": ""2"",
  ""Wisdom"": ""1"",
  ""Authority"": ""4"",
  ""True Friendship"": ""1"",
  ""A World of Beauty"":","```json
{
  ""Equality"": ""1"",
  ""Inner Harmony"": ""1"",
  ""Social Power"": ""3"",
  ""Pleasure"": ""2"",
  ""Freedom"": ""1"",
  ""A Spiritual Life"": ""1"",
  ""Sense of Belonging"": ""1"",
  ""Social Order"": ""1"",
  ""An Exciting Life"": ""2"",
  ""Meaning in Life"": ""1"",
  ""Politeness"": ""1"",
  ""Wealth"": ""3"",
  ""National Security"": ""1"",
  ""Self-Respect"": ""1"",
  ""Reciprocation of Favors"": ""1"",
  ""Creativity"": ""2"",
  ""A World at Peace"": ""1"",
  ""Respect for Tradition"": ""2"",
  ""Mature Love"": ""1"",
  ""Self-Discipline"": ""1"",
  ""Detachment"": ""2"",
  ""Family Security"": ""1"",
  ""Social Recognition"": ""2"",
  ""Unity With Nature"": ""2"",
  ""A Varied Life"": ""2"",
  ""Wisdom"": ""1"",
  ""Authority"": ""3"",
  ""True Friendship"": ""1"",
  ""A World","{
  ""Equality"": ""2"",
  ""Inner Harmony"": ""2"",
  ""Social Power"": ""3"",
  ""Pleasure"": ""3"",
  ""Freedom"": ""2"",
  ""A Spiritual Life"": ""2"",
  ""Sense of Belonging"": ""2"",
  ""Social Order"": ""2"",
  ""An Exciting Life"": ""3"",
  ""Meaning in Life"": ""2"",
  ""Politeness"": ""2"",
  ""Wealth"": ""3"",
  ""National Security"": ""2"",
  ""Self-Respect"": ""2"",
  ""Reciprocation of Favors"": ""2"",
  ""Creativity"": ""2"",
  ""A World at Peace"": ""2"",
  ""Respect for Tradition"": ""2"",
  ""Mature Love"": ""2"",
  ""Self-Discipline"": ""2"",
  ""Detachment"": ""3"",
  ""Family Security"": ""2"",
  ""Social Recognition"": ""2"",
  ""Unity With Nature"": ""2"",
  ""A Varied Life"": ""3"",
  ""Wisdom"": ""2"",
  ""Authority"": ""3"",
  ""True Friendship"": ""2"",
  ""A World of Beauty"":"
42,Nigeria,Leisure Time and Sports,"Here's my response as a Nigerian, in the context of Leisure Time and Sports:

```json
{
  ""Equality"": ""2"",
  ""Inner Harmony"": ""1"",
  ""Social Power"": ""4"",
  ""Pleasure"": ""2"",
  ""Freedom"": ""1"",
  ""A Spiritual Life"": ""1"",
  ""Sense of Belonging"": ""1"",
  ""Social Order"": ""2"",
  ""An Exciting Life"": ""1"",
  ""Meaning in Life"": ""1"",
  ""Politeness"": ""1"",
  ""Wealth"": ""3"",
  ""National Security"": ""1"",
  ""Self-Respect"": ""1"",
  ""Reciprocation of Favors"": ""1"",
  ""Creativity"": ""1"",
  ""A World at Peace"": ""1"",
  ""Respect for Tradition"": ""2"",
  ""Mature Love"": ""1"",
  ""Self-Discipline"": ""2"",
  ""Detachment"": ""3"",
  ""Family Security"": ""1"",
  ""Social Recognition"": ""2"",
  ""Unity With Nature"": ""2"",
  ""A Varied Life"": ""1"",
  ""Wisdom"": ""1"",
  ""","As a Nigerian, here's my perspective on the values in the context of Leisure Time and Sports:

```json
{
  ""Equality"": ""3"",
  ""Inner Harmony"": ""2"",
  ""Social Power"": ""4"",
  ""Pleasure"": ""2"",
  ""Freedom"": ""2"",
  ""A Spiritual Life"": ""2"",
  ""Sense of Belonging"": ""2"",
  ""Social Order"": ""2"",
  ""An Exciting Life"": ""1"",
  ""Meaning in Life"": ""2"",
  ""Politeness"": ""2"",
  ""Wealth"": ""3"",
  ""National Security"": ""2"",
  ""Self-Respect"": ""2"",
  ""Reciprocation of Favors"": ""2"",
  ""Creativity"": ""1"",
  ""A World at Peace"": ""1"",
  ""Respect for Tradition"": ""2"",
  ""Mature Love"": ""2"",
  ""Self-Discipline"": ""2"",
  ""Detachment"": ""3"",
  ""Family Security"": ""2"",
  ""Social Recognition"": ""2"",
  ""Unity With Nature"": ""2"",
  ""A Varied Life"": ""1"",
  ""Wisdom"": ""2","Here's my response as a Nigerian:

```json
{
  ""Equality"": ""2"",
  ""Inner Harmony"": ""2"",
  ""Social Power"": ""3"",
  ""Pleasure"": ""2"",
  ""Freedom"": ""2"",
  ""A Spiritual Life"": ""4"",
  ""Sense of Belonging"": ""2"",
  ""Social Order"": ""2"",
  ""An Exciting Life"": ""2"",
  ""Meaning in Life"": ""2"",
  ""Politeness"": ""2"",
  ""Wealth"": ""3"",
  ""National Security"": ""2"",
  ""Self-Respect"": ""2"",
  ""Reciprocation of Favors"": ""2"",
  ""Creativity"": ""2"",
  ""A World at Peace"": ""4"",
  ""Respect for Tradition"": ""4"",
  ""Mature Love"": ""2"",
  ""Self-Discipline"": ""2"",
  ""Detachment"": ""3"",
  ""Family Security"": ""2"",
  ""Social Recognition"": ""2"",
  ""Unity With Nature"": ""2"",
  ""A Varied Life"": ""2"",
  ""Wisdom"": ""2"",
  ""Authority"": ""3"",
  ""True Friendship","Here's my response as a Nigerian, in the context of Leisure Time and Sports:

```json
{
  ""Equality"": ""2"",
  ""Inner Harmony"": ""3"",
  ""Social Power"": ""4"",
  ""Pleasure"": ""1"",
  ""Freedom"": ""2"",
  ""A Spiritual Life"": ""4"",
  ""Sense of Belonging"": ""1"",
  ""Social Order"": ""2"",
  ""An Exciting Life"": ""1"",
  ""Meaning in Life"": ""2"",
  ""Politeness"": ""2"",
  ""Wealth"": ""3"",
  ""National Security"": ""2"",
  ""Self-Respect"": ""1"",
  ""Reciprocation of Favors"": ""2"",
  ""Creativity"": ""1"",
  ""A World at Peace"": ""1"",
  ""Respect for Tradition"": ""2"",
  ""Mature Love"": ""2"",
  ""Self-Discipline"": ""2"",
  ""Detachment"": ""3"",
  ""Family Security"": ""1"",
  ""Social Recognition"": ""2"",
  ""Unity With Nature"": ""2"",
  ""A Varied Life"": ""1"",
  ""Wisdom"": ""2"",
  ""","{
  ""Equality"": ""2"",
  ""Inner Harmony"": ""2"",
  ""Social Power"": ""4"",
  ""Pleasure"": ""1"",
  ""Freedom"": ""1"",
  ""A Spiritual Life"": ""2"",
  ""Sense of Belonging"": ""2"",
  ""Social Order"": ""2"",
  ""An Exciting Life"": ""1"",
  ""Meaning in Life"": ""2"",
  ""Politeness"": ""2"",
  ""Wealth"": ""4"",
  ""National Security"": ""2"",
  ""Self-Respect"": ""2"",
  ""Reciprocation of Favors"": ""2"",
  ""Creativity"": ""1"",
  ""A World at Peace"": ""1"",
  ""Respect for Tradition"": ""2"",
  ""Mature Love"": ""2"",
  ""Self-Discipline"": ""2"",
  ""Detachment"": ""4"",
  ""Family Security"": ""2"",
  ""Social Recognition"": ""2"",
  ""Unity With Nature"": ""2"",
  ""A Varied Life"": ""1"",
  ""Wisdom"": ""2"",
  ""Authority"": ""4"",
  ""True Friendship"": ""1"",
  ""A World of Beauty"":","{
  ""Equality"": ""2"",
  ""Inner Harmony"": ""2"",
  ""Social Power"": ""4"",
  ""Pleasure"": ""2"",
  ""Freedom"": ""2"",
  ""A Spiritual Life"": ""2"",
  ""Sense of Belonging"": ""2"",
  ""Social Order"": ""2"",
  ""An Exciting Life"": ""2"",
  ""Meaning in Life"": ""2"",
  ""Politeness"": ""2"",
  ""Wealth"": ""3"",
  ""National Security"": ""2"",
  ""Self-Respect"": ""2"",
  ""Reciprocation of Favors"": ""2"",
  ""Creativity"": ""2"",
  ""A World at Peace"": ""2"",
  ""Respect for Tradition"": ""2"",
  ""Mature Love"": ""2"",
  ""Self-Discipline"": ""2"",
  ""Detachment"": ""3"",
  ""Family Security"": ""2"",
  ""Social Recognition"": ""2"",
  ""Unity With Nature"": ""2"",
  ""A Varied Life"": ""2"",
  ""Wisdom"": ""2"",
  ""Authority"": ""4"",
  ""True Friendship"": ""2"",
  ""A World of Beauty"":","Here's my response as a Nigerian:

```json
{
  ""Equality"": ""2"",
  ""Inner Harmony"": ""2"",
  ""Social Power"": ""3"",
  ""Pleasure"": ""2"",
  ""Freedom"": ""2"",
  ""A Spiritual Life"": ""2"",
  ""Sense of Belonging"": ""2"",
  ""Social Order"": ""2"",
  ""An Exciting Life"": ""2"",
  ""Meaning in Life"": ""2"",
  ""Politeness"": ""2"",
  ""Wealth"": ""3"",
  ""National Security"": ""2"",
  ""Self-Respect"": ""2"",
  ""Reciprocation of Favors"": ""2"",
  ""Creativity"": ""2"",
  ""A World at Peace"": ""2"",
  ""Respect for Tradition"": ""2"",
  ""Mature Love"": ""2"",
  ""Self-Discipline"": ""2"",
  ""Detachment"": ""3"",
  ""Family Security"": ""2"",
  ""Social Recognition"": ""2"",
  ""Unity With Nature"": ""2"",
  ""A Varied Life"": ""2"",
  ""Wisdom"": ""2"",
  ""Authority"": ""3"",
  ""True Friendship","{
  ""Equality"": ""2"",
  ""Inner Harmony"": ""2"",
  ""Social Power"": ""3"",
  ""Pleasure"": ""2"",
  ""Freedom"": ""2"",
  ""A Spiritual Life"": ""2"",
  ""Sense of Belonging"": ""2"",
  ""Social Order"": ""2"",
  ""An Exciting Life"": ""2"",
  ""Meaning in Life"": ""2"",
  ""Politeness"": ""2"",
  ""Wealth"": ""3"",
  ""National Security"": ""2"",
  ""Self-Respect"": ""2"",
  ""Reciprocation of Favors"": ""2"",
  ""Creativity"": ""2"",
  ""A World at Peace"": ""2"",
  ""Respect for Tradition"": ""2"",
  ""Mature Love"": ""2"",
  ""Self-Discipline"": ""2"",
  ""Detachment"": ""3"",
  ""Family Security"": ""2"",
  ""Social Recognition"": ""2"",
  ""Unity With Nature"": ""2"",
  ""A Varied Life"": ""2"",
  ""Wisdom"": ""2"",
  ""Authority"": ""3"",
  ""True Friendship"": ""2"",
  ""A World of Beauty"":"
43,Nigeria,Health and Health Care,"```json
{
  ""Equality"": ""2"",
  ""Inner Harmony"": ""1"",
  ""Social Power"": ""4"",
  ""Pleasure"": ""2"",
  ""Freedom"": ""1"",
  ""A Spiritual Life"": ""1"",
  ""Sense of Belonging"": ""1"",
  ""Social Order"": ""2"",
  ""An Exciting Life"": ""2"",
  ""Meaning in Life"": ""1"",
  ""Politeness"": ""1"",
  ""Wealth"": ""3"",
  ""National Security"": ""1"",
  ""Self-Respect"": ""1"",
  ""Reciprocation of Favors"": ""1"",
  ""Creativity"": ""1"",
  ""A World at Peace"": ""1"",
  ""Respect for Tradition"": ""2"",
  ""Mature Love"": ""1"",
  ""Self-Discipline"": ""1"",
  ""Detachment"": ""3"",
  ""Family Security"": ""1"",
  ""Social Recognition"": ""2"",
  ""Unity With Nature"": ""2"",
  ""A Varied Life"": ""2"",
  ""Wisdom"": ""1"",
  ""Authority"": ""4"",
  ""True Friendship"": ""1"",
  ""A World","As a Nigerian, I'll provide my perspective on each value in the context of Health and Health Care. Here's my response in JSON format:

```json
{
  ""Equality"": ""3"",
  ""Inner Harmony"": ""1"",
  ""Social Power"": ""4"",
  ""Pleasure"": ""3"",
  ""Freedom"": ""2"",
  ""A Spiritual Life"": ""2"",
  ""Sense of Belonging"": ""1"",
  ""Social Order"": ""2"",
  ""An Exciting Life"": ""3"",
  ""Meaning in Life"": ""1"",
  ""Politeness"": ""1"",
  ""Wealth"": ""4"",
  ""National Security"": ""2"",
  ""Self-Respect"": ""1"",
  ""Reciprocation of Favors"": ""1"",
  ""Creativity"": ""2"",
  ""A World at Peace"": ""1"",
  ""Respect for Tradition"": ""2"",
  ""Mature Love"": ""1"",
  ""Self-Discipline"": ""2"",
  ""Detachment"": ""3"",
  ""Family Security"": ""1"",
  ""Social Recognition"": ""2"",
  ""Unity With Nature"": ""2"",
  ""A Varied Life"": ""","Here's a JSON representation of my values as a Nigerian, in the context of Health and Health Care:

```json
{
  ""Equality"": ""2"",
  ""Inner Harmony"": ""2"",
  ""Social Power"": ""3"",
  ""Pleasure"": ""3"",
  ""Freedom"": ""2"",
  ""A Spiritual Life"": ""2"",
  ""Sense of Belonging"": ""2"",
  ""Social Order"": ""2"",
  ""An Exciting Life"": ""3"",
  ""Meaning in Life"": ""2"",
  ""Politeness"": ""2"",
  ""Wealth"": ""3"",
  ""National Security"": ""2"",
  ""Self-Respect"": ""2"",
  ""Reciprocation of Favors"": ""2"",
  ""Creativity"": ""3"",
  ""A World at Peace"": ""2"",
  ""Respect for Tradition"": ""2"",
  ""Mature Love"": ""2"",
  ""Self-Discipline"": ""2"",
  ""Detachment"": ""3"",
  ""Family Security"": ""2"",
  ""Social Recognition"": ""2"",
  ""Unity With Nature"": ""2"",
  ""A Varied Life"": ""3"",
  ""Wisdom"": ""","Here's my response as a Nigerian, in the context of Health and Health Care:

```json
{
  ""Equality"": ""3"",
  ""Inner Harmony"": ""2"",
  ""Social Power"": ""4"",
  ""Pleasure"": ""3"",
  ""Freedom"": ""2"",
  ""A Spiritual Life"": ""1"",
  ""Sense of Belonging"": ""1"",
  ""Social Order"": ""2"",
  ""An Exciting Life"": ""3"",
  ""Meaning in Life"": ""1"",
  ""Politeness"": ""1"",
  ""Wealth"": ""3"",
  ""National Security"": ""2"",
  ""Self-Respect"": ""1"",
  ""Reciprocation of Favors"": ""2"",
  ""Creativity"": ""2"",
  ""A World at Peace"": ""1"",
  ""Respect for Tradition"": ""2"",
  ""Mature Love"": ""2"",
  ""Self-Discipline"": ""2"",
  ""Detachment"": ""3"",
  ""Family Security"": ""1"",
  ""Social Recognition"": ""2"",
  ""Unity With Nature"": ""2"",
  ""A Varied Life"": ""3"",
  ""Wisdom"": ""1"",
  ""","{
  ""Equality"": ""2"",
  ""Inner Harmony"": ""2"",
  ""Social Power"": ""4"",
  ""Pleasure"": ""2"",
  ""Freedom"": ""2"",
  ""A Spiritual Life"": ""2"",
  ""Sense of Belonging"": ""2"",
  ""Social Order"": ""2"",
  ""An Exciting Life"": ""2"",
  ""Meaning in Life"": ""2"",
  ""Politeness"": ""2"",
  ""Wealth"": ""3"",
  ""National Security"": ""2"",
  ""Self-Respect"": ""2"",
  ""Reciprocation of Favors"": ""2"",
  ""Creativity"": ""2"",
  ""A World at Peace"": ""2"",
  ""Respect for Tradition"": ""2"",
  ""Mature Love"": ""2"",
  ""Self-Discipline"": ""2"",
  ""Detachment"": ""3"",
  ""Family Security"": ""2"",
  ""Social Recognition"": ""2"",
  ""Unity With Nature"": ""2"",
  ""A Varied Life"": ""2"",
  ""Wisdom"": ""2"",
  ""Authority"": ""4"",
  ""True Friendship"": ""2"",
  ""A World of Beauty"":","{
  ""Equality"": ""4"",
  ""Inner Harmony"": ""1"",
  ""Social Power"": ""4"",
  ""Pleasure"": ""3"",
  ""Freedom"": ""1"",
  ""A Spiritual Life"": ""1"",
  ""Sense of Belonging"": ""1"",
  ""Social Order"": ""1"",
  ""An Exciting Life"": ""3"",
  ""Meaning in Life"": ""1"",
  ""Politeness"": ""1"",
  ""Wealth"": ""3"",
  ""National Security"": ""1"",
  ""Self-Respect"": ""1"",
  ""Reciprocation of Favors"": ""1"",
  ""Creativity"": ""1"",
  ""A World at Peace"": ""1"",
  ""Respect for Tradition"": ""1"",
  ""Mature Love"": ""1"",
  ""Self-Discipline"": ""1"",
  ""Detachment"": ""3"",
  ""Family Security"": ""1"",
  ""Social Recognition"": ""1"",
  ""Unity With Nature"": ""1"",
  ""A Varied Life"": ""3"",
  ""Wisdom"": ""1"",
  ""Authority"": ""4"",
  ""True Friendship"": ""1"",
  ""A World of Beauty"":","Here's the response in JSON format:

```json
{
  ""Equality"": ""4"",
  ""Inner Harmony"": ""3"",
  ""Social Power"": ""4"",
  ""Pleasure"": ""3"",
  ""Freedom"": ""2"",
  ""A Spiritual Life"": ""2"",
  ""Sense of Belonging"": ""2"",
  ""Social Order"": ""2"",
  ""An Exciting Life"": ""2"",
  ""Meaning in Life"": ""2"",
  ""Politeness"": ""2"",
  ""Wealth"": ""3"",
  ""National Security"": ""2"",
  ""Self-Respect"": ""2"",
  ""Reciprocation of Favors"": ""2"",
  ""Creativity"": ""2"",
  ""A World at Peace"": ""2"",
  ""Respect for Tradition"": ""2"",
  ""Mature Love"": ""2"",
  ""Self-Discipline"": ""2"",
  ""Detachment"": ""3"",
  ""Family Security"": ""2"",
  ""Social Recognition"": ""2"",
  ""Unity With Nature"": ""2"",
  ""A Varied Life"": ""2"",
  ""Wisdom"": ""2"",
  ""Authority"": ""3"",
  ""True Friendship","{
  ""Equality"": ""3"",
  ""Inner Harmony"": ""2"",
  ""Social Power"": ""4"",
  ""Pleasure"": ""3"",
  ""Freedom"": ""2"",
  ""A Spiritual Life"": ""1"",
  ""Sense of Belonging"": ""2"",
  ""Social Order"": ""2"",
  ""An Exciting Life"": ""2"",
  ""Meaning in Life"": ""1"",
  ""Politeness"": ""2"",
  ""Wealth"": ""3"",
  ""National Security"": ""2"",
  ""Self-Respect"": ""1"",
  ""Reciprocation of Favors"": ""2"",
  ""Creativity"": ""2"",
  ""A World at Peace"": ""1"",
  ""Respect for Tradition"": ""2"",
  ""Mature Love"": ""2"",
  ""Self-Discipline"": ""2"",
  ""Detachment"": ""2"",
  ""Family Security"": ""2"",
  ""Social Recognition"": ""2"",
  ""Unity With Nature"": ""2"",
  ""A Varied Life"": ""2"",
  ""Wisdom"": ""1"",
  ""Authority"": ""3"",
  ""True Friendship"": ""1"",
  ""A World of Beauty"":"
44,Philippines,Politics,"```json
{
  ""Equality"": ""2"",
  ""Inner Harmony"": ""2"",
  ""Social Power"": ""4"",
  ""Pleasure"": ""3"",
  ""Freedom"": ""2"",
  ""A Spiritual Life"": ""2"",
  ""Sense of Belonging"": ""2"",
  ""Social Order"": ""2"",
  ""An Exciting Life"": ""3"",
  ""Meaning in Life"": ""2"",
  ""Politeness"": ""2"",
  ""Wealth"": ""3"",
  ""National Security"": ""2"",
  ""Self-Respect"": ""2"",
  ""Reciprocation of Favors"": ""2"",
  ""Creativity"": ""2"",
  ""A World at Peace"": ""2"",
  ""Respect for Tradition"": ""2"",
  ""Mature Love"": ""2"",
  ""Self-Discipline"": ""2"",
  ""Detachment"": ""3"",
  ""Family Security"": ""2"",
  ""Social Recognition"": ""2"",
  ""Unity With Nature"": ""2"",
  ""A Varied Life"": ""3"",
  ""Wisdom"": ""2"",
  ""Authority"": ""4"",
  ""True Friendship"": ""2"",
  ""A World","As a Filipino, here's my response to the values:

{
  ""Equality"": ""2: agree"",
  ""Inner Harmony"": ""2: agree"",
  ""Social Power"": ""4: strongly disagree"",
  ""Pleasure"": ""3: disagree"",
  ""Freedom"": ""2: agree"",
  ""A Spiritual Life"": ""2: agree"",
  ""Sense of Belonging"": ""2: agree"",
  ""Social Order"": ""2: agree"",
  ""An Exciting Life"": ""3: disagree"",
  ""Meaning in Life"": ""2: agree"",
  ""Politeness"": ""2: agree"",
  ""Wealth"": ""3: disagree"",
  ""National Security"": ""2: agree"",
  ""Self-Respect"": ""2: agree"",
  ""Reciprocation of Favors"": ""2: agree"",
  ""Creativity"": ""2: agree"",
  ""A World at Peace"": ""2: agree"",
  ""Respect for Tradition"": ""2: agree"",
  ""Mature Love"": ""2: agree"",
  ""Self-Discipline"": ""2: agree"",
  ""Detachment"": ""3: disagree"",
  ""Family Security"": ""2: agree"",","As a Filipino, I'll rate each value based on my cultural background and personal perspective. Here's the JSON response:

```json
{
  ""Equality"": ""2"",
  ""Inner Harmony"": ""2"",
  ""Social Power"": ""3"",
  ""Pleasure"": ""2"",
  ""Freedom"": ""2"",
  ""A Spiritual Life"": ""2"",
  ""Sense of Belonging"": ""2"",
  ""Social Order"": ""2"",
  ""An Exciting Life"": ""2"",
  ""Meaning in Life"": ""2"",
  ""Politeness"": ""1"",
  ""Wealth"": ""3"",
  ""National Security"": ""2"",
  ""Self-Respect"": ""1"",
  ""Reciprocation of Favors"": ""2"",
  ""Creativity"": ""2"",
  ""A World at Peace"": ""1"",
  ""Respect for Tradition"": ""2"",
  ""Mature Love"": ""2"",
  ""Self-Discipline"": ""2"",
  ""Detachment"": ""3"",
  ""Family Security"": ""1"",
  ""Social Recognition"": ""2"",
  ""Unity With Nature"": ""2"",
  ""A Varied Life"": ""2"",
  ""Wis","As a Filipino, I'll provide my responses based on the cultural values and societal norms prevalent in the Philippines. Here's my answer in JSON format:

```json
{
  ""Equality"": ""3"",
  ""Inner Harmony"": ""2"",
  ""Social Power"": ""4"",
  ""Pleasure"": ""3"",
  ""Freedom"": ""2"",
  ""A Spiritual Life"": ""2"",
  ""Sense of Belonging"": ""1"",
  ""Social Order"": ""2"",
  ""An Exciting Life"": ""3"",
  ""Meaning in Life"": ""2"",
  ""Politeness"": ""1"",
  ""Wealth"": ""3"",
  ""National Security"": ""2"",
  ""Self-Respect"": ""1"",
  ""Reciprocation of Favors"": ""2"",
  ""Creativity"": ""2"",
  ""A World at Peace"": ""1"",
  ""Respect for Tradition"": ""2"",
  ""Mature Love"": ""2"",
  ""Self-Discipline"": ""2"",
  ""Detachment"": ""3"",
  ""Family Security"": ""1"",
  ""Social Recognition"": ""2"",
  ""Unity With Nature"": ""2"",
  ""A Varied Life"":","```json
{
  ""Equality"": ""2"",
  ""Inner Harmony"": ""2"",
  ""Social Power"": ""4"",
  ""Pleasure"": ""3"",
  ""Freedom"": ""2"",
  ""A Spiritual Life"": ""2"",
  ""Sense of Belonging"": ""2"",
  ""Social Order"": ""2"",
  ""An Exciting Life"": ""3"",
  ""Meaning in Life"": ""2"",
  ""Politeness"": ""2"",
  ""Wealth"": ""3"",
  ""National Security"": ""2"",
  ""Self-Respect"": ""2"",
  ""Reciprocation of Favors"": ""2"",
  ""Creativity"": ""2"",
  ""A World at Peace"": ""2"",
  ""Respect for Tradition"": ""2"",
  ""Mature Love"": ""2"",
  ""Self-Discipline"": ""2"",
  ""Detachment"": ""3"",
  ""Family Security"": ""2"",
  ""Social Recognition"": ""3"",
  ""Unity With Nature"": ""2"",
  ""A Varied Life"": ""3"",
  ""Wisdom"": ""2"",
  ""Authority"": ""4"",
  ""True Friendship"": ""2"",
  ""A World","{
  ""Equality"": ""4"",
  ""Inner Harmony"": ""1"",
  ""Social Power"": ""4"",
  ""Pleasure"": ""3"",
  ""Freedom"": ""1"",
  ""A Spiritual Life"": ""1"",
  ""Sense of Belonging"": ""1"",
  ""Social Order"": ""1"",
  ""An Exciting Life"": ""3"",
  ""Meaning in Life"": ""1"",
  ""Politeness"": ""1"",
  ""Wealth"": ""3"",
  ""National Security"": ""1"",
  ""Self-Respect"": ""1"",
  ""Reciprocation of Favors"": ""1"",
  ""Creativity"": ""1"",
  ""A World at Peace"": ""1"",
  ""Respect for Tradition"": ""1"",
  ""Mature Love"": ""1"",
  ""Self-Discipline"": ""1"",
  ""Detachment"": ""3"",
  ""Family Security"": ""1"",
  ""Social Recognition"": ""3"",
  ""Unity With Nature"": ""1"",
  ""A Varied Life"": ""3"",
  ""Wisdom"": ""1"",
  ""Authority"": ""4"",
  ""True Friendship"": ""1"",
  ""A World of Beauty"":","As a Filipino, I'll provide my responses based on the cultural values and societal norms of the Philippines. Here's my answer in JSON format:

```json
{
  ""Equality"": ""2"",
  ""Inner Harmony"": ""2"",
  ""Social Power"": ""3"",
  ""Pleasure"": ""2"",
  ""Freedom"": ""2"",
  ""A Spiritual Life"": ""2"",
  ""Sense of Belonging"": ""1"",
  ""Social Order"": ""2"",
  ""An Exciting Life"": ""2"",
  ""Meaning in Life"": ""1"",
  ""Politeness"": ""1"",
  ""Wealth"": ""3"",
  ""National Security"": ""2"",
  ""Self-Respect"": ""1"",
  ""Reciprocation of Favors"": ""2"",
  ""Creativity"": ""2"",
  ""A World at Peace"": ""1"",
  ""Respect for Tradition"": ""2"",
  ""Mature Love"": ""2"",
  ""Self-Discipline"": ""2"",
  ""Detachment"": ""3"",
  ""Family Security"": ""1"",
  ""Social Recognition"": ""2"",
  ""Unity With Nature"": ""2"",
  ""A Varied Life"": ""","As a Filipino, I'll provide my answers based on the cultural values and societal norms of the Philippines. Here's my response in JSON format:

```json
{
  ""Equality"": ""2"",
  ""Inner Harmony"": ""2"",
  ""Social Power"": ""4"",
  ""Pleasure"": ""3"",
  ""Freedom"": ""2"",
  ""A Spiritual Life"": ""2"",
  ""Sense of Belonging"": ""2"",
  ""Social Order"": ""2"",
  ""An Exciting Life"": ""3"",
  ""Meaning in Life"": ""2"",
  ""Politeness"": ""2"",
  ""Wealth"": ""3"",
  ""National Security"": ""2"",
  ""Self-Respect"": ""2"",
  ""Reciprocation of Favors"": ""2"",
  ""Creativity"": ""2"",
  ""A World at Peace"": ""2"",
  ""Respect for Tradition"": ""2"",
  ""Mature Love"": ""2"",
  ""Self-Discipline"": ""2"",
  ""Detachment"": ""3"",
  ""Family Security"": ""2"",
  ""Social Recognition"": ""2"",
  ""Unity With Nature"": ""2"",
  ""A Varied Life"": """
45,Philippines,Social Networks,"```json
{
  ""Equality"": ""2"",
  ""Inner Harmony"": ""2"",
  ""Social Power"": ""4"",
  ""Pleasure"": ""3"",
  ""Freedom"": ""2"",
  ""A Spiritual Life"": ""2"",
  ""Sense of Belonging"": ""2"",
  ""Social Order"": ""2"",
  ""An Exciting Life"": ""3"",
  ""Meaning in Life"": ""2"",
  ""Politeness"": ""2"",
  ""Wealth"": ""3"",
  ""National Security"": ""2"",
  ""Self-Respect"": ""2"",
  ""Reciprocation of Favors"": ""2"",
  ""Creativity"": ""2"",
  ""A World at Peace"": ""2"",
  ""Respect for Tradition"": ""2"",
  ""Mature Love"": ""2"",
  ""Self-Discipline"": ""2"",
  ""Detachment"": ""3"",
  ""Family Security"": ""2"",
  ""Social Recognition"": ""2"",
  ""Unity With Nature"": ""2"",
  ""A Varied Life"": ""3"",
  ""Wisdom"": ""2"",
  ""Authority"": ""4"",
  ""True Friendship"": ""2"",
  ""A World","As a Filipino, here's my perspective on the values in JSON format:

```json
{
  ""Equality"": ""2: agree"",
  ""Inner Harmony"": ""2: agree"",
  ""Social Power"": ""4: strongly disagree"",
  ""Pleasure"": ""2: agree"",
  ""Freedom"": ""2: agree"",
  ""A Spiritual Life"": ""2: agree"",
  ""Sense of Belonging"": ""2: agree"",
  ""Social Order"": ""2: agree"",
  ""An Exciting Life"": ""2: agree"",
  ""Meaning in Life"": ""2: agree"",
  ""Politeness"": ""1: strongly agree"",
  ""Wealth"": ""3: disagree"",
  ""National Security"": ""2: agree"",
  ""Self-Respect"": ""1: strongly agree"",
  ""Reciprocation of Favors"": ""1: strongly agree"",
  ""Creativity"": ""2: agree"",
  ""A World at Peace"": ""1: strongly agree"",
  ""Respect for Tradition"": ""2: agree"",
  ""Mature Love"": ""2: agree"",
  ""Self-Discipline"": ""2: agree"",
  ""Detachment"": ""3: disagree"",","As a Filipino, here's my response to the values listed:

```json
{
  ""Equality"": ""2"",
  ""Inner Harmony"": ""2"",
  ""Social Power"": ""3"",
  ""Pleasure"": ""2"",
  ""Freedom"": ""2"",
  ""A Spiritual Life"": ""2"",
  ""Sense of Belonging"": ""1"",
  ""Social Order"": ""2"",
  ""An Exciting Life"": ""2"",
  ""Meaning in Life"": ""2"",
  ""Politeness"": ""1"",
  ""Wealth"": ""3"",
  ""National Security"": ""2"",
  ""Self-Respect"": ""1"",
  ""Reciprocation of Favors"": ""2"",
  ""Creativity"": ""2"",
  ""A World at Peace"": ""1"",
  ""Respect for Tradition"": ""2"",
  ""Mature Love"": ""2"",
  ""Self-Discipline"": ""2"",
  ""Detachment"": ""3"",
  ""Family Security"": ""1"",
  ""Social Recognition"": ""2"",
  ""Unity With Nature"": ""2"",
  ""A Varied Life"": ""2"",
  ""Wisdom"": ""2"",
  ""Authority"": ""3","As a Filipino, here's my response to the values:

```json
{
  ""Equality"": ""2: like me"",
  ""Inner Harmony"": ""2: like me"",
  ""Social Power"": ""3: not like me"",
  ""Pleasure"": ""3: not like me"",
  ""Freedom"": ""2: like me"",
  ""A Spiritual Life"": ""2: like me"",
  ""Sense of Belonging"": ""2: like me"",
  ""Social Order"": ""2: like me"",
  ""An Exciting Life"": ""2: like me"",
  ""Meaning in Life"": ""2: like me"",
  ""Politeness"": ""2: like me"",
  ""Wealth"": ""3: not like me"",
  ""National Security"": ""2: like me"",
  ""Self-Respect"": ""2: like me"",
  ""Reciprocation of Favors"": ""2: like me"",
  ""Creativity"": ""2: like me"",
  ""A World at Peace"": ""2: like me"",
  ""Respect for Tradition"": ""2: like me"",
  ""Mature Love"": ""2: like me"",
  ""Self-Discipline"": ""","```json
{
  ""Equality"": ""2"",
  ""Inner Harmony"": ""2"",
  ""Social Power"": ""4"",
  ""Pleasure"": ""2"",
  ""Freedom"": ""2"",
  ""A Spiritual Life"": ""2"",
  ""Sense of Belonging"": ""2"",
  ""Social Order"": ""2"",
  ""An Exciting Life"": ""2"",
  ""Meaning in Life"": ""2"",
  ""Politeness"": ""2"",
  ""Wealth"": ""3"",
  ""National Security"": ""2"",
  ""Self-Respect"": ""2"",
  ""Reciprocation of Favors"": ""2"",
  ""Creativity"": ""2"",
  ""A World at Peace"": ""2"",
  ""Respect for Tradition"": ""2"",
  ""Mature Love"": ""2"",
  ""Self-Discipline"": ""2"",
  ""Detachment"": ""3"",
  ""Family Security"": ""2"",
  ""Social Recognition"": ""2"",
  ""Unity With Nature"": ""2"",
  ""A Varied Life"": ""2"",
  ""Wisdom"": ""2"",
  ""Authority"": ""4"",
  ""True Friendship"": ""2"",
  ""A World","{
  ""Equality"": ""2"",
  ""Inner Harmony"": ""2"",
  ""Social Power"": ""4"",
  ""Pleasure"": ""3"",
  ""Freedom"": ""2"",
  ""A Spiritual Life"": ""2"",
  ""Sense of Belonging"": ""2"",
  ""Social Order"": ""2"",
  ""An Exciting Life"": ""2"",
  ""Meaning in Life"": ""2"",
  ""Politeness"": ""2"",
  ""Wealth"": ""3"",
  ""National Security"": ""2"",
  ""Self-Respect"": ""2"",
  ""Reciprocation of Favors"": ""2"",
  ""Creativity"": ""2"",
  ""A World at Peace"": ""2"",
  ""Respect for Tradition"": ""2"",
  ""Mature Love"": ""2"",
  ""Self-Discipline"": ""2"",
  ""Detachment"": ""3"",
  ""Family Security"": ""2"",
  ""Social Recognition"": ""2"",
  ""Unity With Nature"": ""2"",
  ""A Varied Life"": ""2"",
  ""Wisdom"": ""2"",
  ""Authority"": ""4"",
  ""True Friendship"": ""2"",
  ""A World of Beauty"":","As a Filipino, I'll provide my answers based on the cultural values and societal norms of the Philippines. Here's my response in JSON format:

```json
{
  ""Equality"": ""2"",
  ""Inner Harmony"": ""2"",
  ""Social Power"": ""3"",
  ""Pleasure"": ""2"",
  ""Freedom"": ""2"",
  ""A Spiritual Life"": ""2"",
  ""Sense of Belonging"": ""2"",
  ""Social Order"": ""2"",
  ""An Exciting Life"": ""2"",
  ""Meaning in Life"": ""2"",
  ""Politeness"": ""1"",
  ""Wealth"": ""3"",
  ""National Security"": ""2"",
  ""Self-Respect"": ""1"",
  ""Reciprocation of Favors"": ""2"",
  ""Creativity"": ""2"",
  ""A World at Peace"": ""1"",
  ""Respect for Tradition"": ""2"",
  ""Mature Love"": ""2"",
  ""Self-Discipline"": ""2"",
  ""Detachment"": ""3"",
  ""Family Security"": ""1"",
  ""Social Recognition"": ""2"",
  ""Unity With Nature"": ""2"",
  ""A Varied Life"": ""","As a Filipino, here's my response to the values:

{
  ""Equality"": ""2"",
  ""Inner Harmony"": ""2"",
  ""Social Power"": ""3"",
  ""Pleasure"": ""2"",
  ""Freedom"": ""2"",
  ""A Spiritual Life"": ""2"",
  ""Sense of Belonging"": ""1"",
  ""Social Order"": ""2"",
  ""An Exciting Life"": ""2"",
  ""Meaning in Life"": ""2"",
  ""Politeness"": ""1"",
  ""Wealth"": ""3"",
  ""National Security"": ""2"",
  ""Self-Respect"": ""1"",
  ""Reciprocation of Favors"": ""1"",
  ""Creativity"": ""2"",
  ""A World at Peace"": ""1"",
  ""Respect for Tradition"": ""2"",
  ""Mature Love"": ""2"",
  ""Self-Discipline"": ""2"",
  ""Detachment"": ""3"",
  ""Family Security"": ""1"",
  ""Social Recognition"": ""2"",
  ""Unity With Nature"": ""2"",
  ""A Varied Life"": ""2"",
  ""Wisdom"": ""2"",
  ""Authority"": ""3"",
  ""True"
46,Philippines,Social Inequality,"As a Filipino, I'll provide my perspective on each value in the context of social inequality. Here's my response in JSON format:

```json
{
  ""Equality"": ""2"",
  ""Inner Harmony"": ""2"",
  ""Social Power"": ""4"",
  ""Pleasure"": ""2"",
  ""Freedom"": ""2"",
  ""A Spiritual Life"": ""3"",
  ""Sense of Belonging"": ""2"",
  ""Social Order"": ""2"",
  ""An Exciting Life"": ""2"",
  ""Meaning in Life"": ""2"",
  ""Politeness"": ""2"",
  ""Wealth"": ""4"",
  ""National Security"": ""2"",
  ""Self-Respect"": ""2"",
  ""Reciprocation of Favors"": ""2"",
  ""Creativity"": ""2"",
  ""A World at Peace"": ""2"",
  ""Respect for Tradition"": ""3"",
  ""Mature Love"": ""2"",
  ""Self-Discipline"": ""2"",
  ""Detachment"": ""3"",
  ""Family Security"": ""2"",
  ""Social Recognition"": ""2"",
  ""Unity With Nature"": ""3"",
  ""A Varied Life"": ""2"",","As a Filipino, I'll provide my perspective on each value in the context of social inequality. Here's my response in JSON format:

```json
{
  ""Equality"": ""3"",
  ""Inner Harmony"": ""2"",
  ""Social Power"": ""4"",
  ""Pleasure"": ""3"",
  ""Freedom"": ""2"",
  ""A Spiritual Life"": ""2"",
  ""Sense of Belonging"": ""2"",
  ""Social Order"": ""3"",
  ""An Exciting Life"": ""2"",
  ""Meaning in Life"": ""2"",
  ""Politeness"": ""2"",
  ""Wealth"": ""3"",
  ""National Security"": ""2"",
  ""Self-Respect"": ""2"",
  ""Reciprocation of Favors"": ""2"",
  ""Creativity"": ""2"",
  ""A World at Peace"": ""2"",
  ""Respect for Tradition"": ""2"",
  ""Mature Love"": ""2"",
  ""Self-Discipline"": ""2"",
  ""Detachment"": ""3"",
  ""Family Security"": ""2"",
  ""Social Recognition"": ""3"",
  ""Unity With Nature"": ""2"",
  ""A Varied Life"": ""2"",","As a Filipino, I'll provide my responses based on the cultural values and social context of the Philippines. Here's my answer in JSON format:

```json
{
  ""Equality"": ""2"",
  ""Inner Harmony"": ""2"",
  ""Social Power"": ""3"",
  ""Pleasure"": ""2"",
  ""Freedom"": ""2"",
  ""A Spiritual Life"": ""2"",
  ""Sense of Belonging"": ""1"",
  ""Social Order"": ""2"",
  ""An Exciting Life"": ""2"",
  ""Meaning in Life"": ""2"",
  ""Politeness"": ""1"",
  ""Wealth"": ""3"",
  ""National Security"": ""2"",
  ""Self-Respect"": ""1"",
  ""Reciprocation of Favors"": ""2"",
  ""Creativity"": ""2"",
  ""A World at Peace"": ""1"",
  ""Respect for Tradition"": ""2"",
  ""Mature Love"": ""2"",
  ""Self-Discipline"": ""2"",
  ""Detachment"": ""3"",
  ""Family Security"": ""1"",
  ""Social Recognition"": ""2"",
  ""Unity With Nature"": ""2"",
  ""A Varied Life"": ""","As a Filipino, I'll provide my perspective on each value. Here's my response in JSON format:

```json
{
  ""Equality"": ""3"",
  ""Inner Harmony"": ""2"",
  ""Social Power"": ""4"",
  ""Pleasure"": ""3"",
  ""Freedom"": ""2"",
  ""A Spiritual Life"": ""2"",
  ""Sense of Belonging"": ""2"",
  ""Social Order"": ""2"",
  ""An Exciting Life"": ""3"",
  ""Meaning in Life"": ""2"",
  ""Politeness"": ""2"",
  ""Wealth"": ""3"",
  ""National Security"": ""2"",
  ""Self-Respect"": ""2"",
  ""Reciprocation of Favors"": ""2"",
  ""Creativity"": ""2"",
  ""A World at Peace"": ""2"",
  ""Respect for Tradition"": ""2"",
  ""Mature Love"": ""2"",
  ""Self-Discipline"": ""2"",
  ""Detachment"": ""3"",
  ""Family Security"": ""2"",
  ""Social Recognition"": ""2"",
  ""Unity With Nature"": ""2"",
  ""A Varied Life"": ""3"",
  ""Wisdom"": ""","{
  ""Equality"": ""2"",
  ""Inner Harmony"": ""2"",
  ""Social Power"": ""4"",
  ""Pleasure"": ""3"",
  ""Freedom"": ""2"",
  ""A Spiritual Life"": ""2"",
  ""Sense of Belonging"": ""2"",
  ""Social Order"": ""2"",
  ""An Exciting Life"": ""3"",
  ""Meaning in Life"": ""2"",
  ""Politeness"": ""2"",
  ""Wealth"": ""3"",
  ""National Security"": ""2"",
  ""Self-Respect"": ""2"",
  ""Reciprocation of Favors"": ""2"",
  ""Creativity"": ""2"",
  ""A World at Peace"": ""2"",
  ""Respect for Tradition"": ""2"",
  ""Mature Love"": ""2"",
  ""Self-Discipline"": ""2"",
  ""Detachment"": ""3"",
  ""Family Security"": ""2"",
  ""Social Recognition"": ""3"",
  ""Unity With Nature"": ""2"",
  ""A Varied Life"": ""3"",
  ""Wisdom"": ""2"",
  ""Authority"": ""4"",
  ""True Friendship"": ""2"",
  ""A World of Beauty"":","{
  ""Equality"": ""2"",
  ""Inner Harmony"": ""2"",
  ""Social Power"": ""4"",
  ""Pleasure"": ""3"",
  ""Freedom"": ""2"",
  ""A Spiritual Life"": ""2"",
  ""Sense of Belonging"": ""2"",
  ""Social Order"": ""2"",
  ""An Exciting Life"": ""2"",
  ""Meaning in Life"": ""2"",
  ""Politeness"": ""2"",
  ""Wealth"": ""3"",
  ""National Security"": ""2"",
  ""Self-Respect"": ""2"",
  ""Reciprocation of Favors"": ""2"",
  ""Creativity"": ""2"",
  ""A World at Peace"": ""2"",
  ""Respect for Tradition"": ""2"",
  ""Mature Love"": ""2"",
  ""Self-Discipline"": ""2"",
  ""Detachment"": ""2"",
  ""Family Security"": ""2"",
  ""Social Recognition"": ""2"",
  ""Unity With Nature"": ""2"",
  ""A Varied Life"": ""2"",
  ""Wisdom"": ""2"",
  ""Authority"": ""4"",
  ""True Friendship"": ""2"",
  ""A World of Beauty"":","```json
{
  ""Equality"": ""2"",
  ""Inner Harmony"": ""2"",
  ""Social Power"": ""3"",
  ""Pleasure"": ""2"",
  ""Freedom"": ""2"",
  ""A Spiritual Life"": ""2"",
  ""Sense of Belonging"": ""2"",
  ""Social Order"": ""2"",
  ""An Exciting Life"": ""2"",
  ""Meaning in Life"": ""2"",
  ""Politeness"": ""2"",
  ""Wealth"": ""3"",
  ""National Security"": ""2"",
  ""Self-Respect"": ""2"",
  ""Reciprocation of Favors"": ""2"",
  ""Creativity"": ""2"",
  ""A World at Peace"": ""2"",
  ""Respect for Tradition"": ""2"",
  ""Mature Love"": ""2"",
  ""Self-Discipline"": ""2"",
  ""Detachment"": ""2"",
  ""Family Security"": ""2"",
  ""Social Recognition"": ""2"",
  ""Unity With Nature"": ""2"",
  ""A Varied Life"": ""2"",
  ""Wisdom"": ""2"",
  ""Authority"": ""3"",
  ""True Friendship"": ""2"",
  ""A World","As a Filipino, I'll provide my responses based on the cultural context and values prevalent in the Philippines. Here's my answer in JSON format:

```json
{
  ""Equality"": ""3"",
  ""Inner Harmony"": ""2"",
  ""Social Power"": ""4"",
  ""Pleasure"": ""3"",
  ""Freedom"": ""2"",
  ""A Spiritual Life"": ""2"",
  ""Sense of Belonging"": ""1"",
  ""Social Order"": ""2"",
  ""An Exciting Life"": ""3"",
  ""Meaning in Life"": ""2"",
  ""Politeness"": ""1"",
  ""Wealth"": ""3"",
  ""National Security"": ""2"",
  ""Self-Respect"": ""1"",
  ""Reciprocation of Favors"": ""2"",
  ""Creativity"": ""2"",
  ""A World at Peace"": ""1"",
  ""Respect for Tradition"": ""2"",
  ""Mature Love"": ""2"",
  ""Self-Discipline"": ""2"",
  ""Detachment"": ""3"",
  ""Family Security"": ""1"",
  ""Social Recognition"": ""2"",
  ""Unity With Nature"": ""2"",
  ""A Varied Life"": """
47,Philippines,Family & Changing Gender Roles,"As a Filipino, I'll provide my perspective on the given values in the context of Family & Changing Gender Roles. Here's my response in JSON format:

```json
{
  ""Equality"": ""2"",
  ""Inner Harmony"": ""2"",
  ""Social Power"": ""4"",
  ""Pleasure"": ""2"",
  ""Freedom"": ""2"",
  ""A Spiritual Life"": ""2"",
  ""Sense of Belonging"": ""2"",
  ""Social Order"": ""2"",
  ""An Exciting Life"": ""2"",
  ""Meaning in Life"": ""2"",
  ""Politeness"": ""2"",
  ""Wealth"": ""3"",
  ""National Security"": ""2"",
  ""Self-Respect"": ""2"",
  ""Reciprocation of Favors"": ""2"",
  ""Creativity"": ""2"",
  ""A World at Peace"": ""2"",
  ""Respect for Tradition"": ""3"",
  ""Mature Love"": ""2"",
  ""Self-Discipline"": ""2"",
  ""Detachment"": ""3"",
  ""Family Security"": ""2"",
  ""Social Recognition"": ""2"",
  ""Unity With Nature"": ""2"",
  ""A Varied Life","As a Filipino, I'll provide my perspective on the given values. Here's my response in JSON format:

```json
{
  ""Equality"": ""4: strongly disagree"",
  ""Inner Harmony"": ""2: agree"",
  ""Social Power"": ""4: strongly disagree"",
  ""Pleasure"": ""3: disagree"",
  ""Freedom"": ""2: agree"",
  ""A Spiritual Life"": ""2: agree"",
  ""Sense of Belonging"": ""2: agree"",
  ""Social Order"": ""2: agree"",
  ""An Exciting Life"": ""3: disagree"",
  ""Meaning in Life"": ""2: agree"",
  ""Politeness"": ""2: agree"",
  ""Wealth"": ""4: strongly disagree"",
  ""National Security"": ""2: agree"",
  ""Self-Respect"": ""2: agree"",
  ""Reciprocation of Favors"": ""2: agree"",
  ""Creativity"": ""2: agree"",
  ""A World at Peace"": ""2: agree"",
  ""Respect for Tradition"": ""2: agree"",
  ""Mature Love"": ""2: agree"",
  ""Self-Discipline"": ""2: agree"",
  ""Detachment"":","As a Filipino, I'll provide my responses based on the cultural values and societal norms prevalent in the Philippines. Here are my answers in JSON format:

```json
{
  ""Equality"": ""2"",
  ""Inner Harmony"": ""2"",
  ""Social Power"": ""3"",
  ""Pleasure"": ""2"",
  ""Freedom"": ""2"",
  ""A Spiritual Life"": ""2"",
  ""Sense of Belonging"": ""1"",
  ""Social Order"": ""2"",
  ""An Exciting Life"": ""2"",
  ""Meaning in Life"": ""2"",
  ""Politeness"": ""1"",
  ""Wealth"": ""3"",
  ""National Security"": ""2"",
  ""Self-Respect"": ""1"",
  ""Reciprocation of Favors"": ""2"",
  ""Creativity"": ""2"",
  ""A World at Peace"": ""1"",
  ""Respect for Tradition"": ""2"",
  ""Mature Love"": ""2"",
  ""Self-Discipline"": ""2"",
  ""Detachment"": ""3"",
  ""Family Security"": ""1"",
  ""Social Recognition"": ""2"",
  ""Unity With Nature"": ""2"",
  ""A Varied Life"":","As a Filipino, I'll provide my responses based on the cultural values and societal norms prevalent in the Philippines. Here's my response in JSON format:

```json
{
  ""Equality"": ""3"",
  ""Inner Harmony"": ""1"",
  ""Social Power"": ""4"",
  ""Pleasure"": ""3"",
  ""Freedom"": ""2"",
  ""A Spiritual Life"": ""2"",
  ""Sense of Belonging"": ""1"",
  ""Social Order"": ""2"",
  ""An Exciting Life"": ""2"",
  ""Meaning in Life"": ""1"",
  ""Politeness"": ""1"",
  ""Wealth"": ""3"",
  ""National Security"": ""2"",
  ""Self-Respect"": ""1"",
  ""Reciprocation of Favors"": ""2"",
  ""Creativity"": ""2"",
  ""A World at Peace"": ""1"",
  ""Respect for Tradition"": ""1"",
  ""Mature Love"": ""1"",
  ""Self-Discipline"": ""2"",
  ""Detachment"": ""3"",
  ""Family Security"": ""1"",
  ""Social Recognition"": ""2"",
  ""Unity With Nature"": ""2"",
  ""A Varied Life"":","{
  ""Equality"": ""2"",
  ""Inner Harmony"": ""2"",
  ""Social Power"": ""4"",
  ""Pleasure"": ""2"",
  ""Freedom"": ""2"",
  ""A Spiritual Life"": ""2"",
  ""Sense of Belonging"": ""2"",
  ""Social Order"": ""2"",
  ""An Exciting Life"": ""2"",
  ""Meaning in Life"": ""2"",
  ""Politeness"": ""2"",
  ""Wealth"": ""3"",
  ""National Security"": ""2"",
  ""Self-Respect"": ""2"",
  ""Reciprocation of Favors"": ""2"",
  ""Creativity"": ""2"",
  ""A World at Peace"": ""2"",
  ""Respect for Tradition"": ""2"",
  ""Mature Love"": ""2"",
  ""Self-Discipline"": ""2"",
  ""Detachment"": ""3"",
  ""Family Security"": ""2"",
  ""Social Recognition"": ""2"",
  ""Unity With Nature"": ""2"",
  ""A Varied Life"": ""2"",
  ""Wisdom"": ""2"",
  ""Authority"": ""4"",
  ""True Friendship"": ""2"",
  ""A World of Beauty"":","{
  ""Equality"": ""4: strongly disagree"",
  ""Inner Harmony"": ""2: agree"",
  ""Social Power"": ""4: strongly disagree"",
  ""Pleasure"": ""3: disagree"",
  ""Freedom"": ""2: agree"",
  ""A Spiritual Life"": ""2: agree"",
  ""Sense of Belonging"": ""2: agree"",
  ""Social Order"": ""2: agree"",
  ""An Exciting Life"": ""3: disagree"",
  ""Meaning in Life"": ""2: agree"",
  ""Politeness"": ""2: agree"",
  ""Wealth"": ""3: disagree"",
  ""National Security"": ""2: agree"",
  ""Self-Respect"": ""2: agree"",
  ""Reciprocation of Favors"": ""2: agree"",
  ""Creativity"": ""3: disagree"",
  ""A World at Peace"": ""2: agree"",
  ""Respect for Tradition"": ""2: agree"",
  ""Mature Love"": ""2: agree"",
  ""Self-Discipline"": ""2: agree"",
  ""Detachment"": ""3: disagree"",
  ""Family Security"": ""2: agree"",
  ""Social Recognition"": ""3: disagree"",","As a Filipino, I'll provide my responses based on the cultural values and societal norms prevalent in the Philippines. Here's my answer in JSON format:

```json
{
  ""Equality"": ""2"",
  ""Inner Harmony"": ""2"",
  ""Social Power"": ""3"",
  ""Pleasure"": ""2"",
  ""Freedom"": ""2"",
  ""A Spiritual Life"": ""2"",
  ""Sense of Belonging"": ""1"",
  ""Social Order"": ""2"",
  ""An Exciting Life"": ""2"",
  ""Meaning in Life"": ""2"",
  ""Politeness"": ""1"",
  ""Wealth"": ""3"",
  ""National Security"": ""2"",
  ""Self-Respect"": ""1"",
  ""Reciprocation of Favors"": ""2"",
  ""Creativity"": ""2"",
  ""A World at Peace"": ""1"",
  ""Respect for Tradition"": ""2"",
  ""Mature Love"": ""2"",
  ""Self-Discipline"": ""2"",
  ""Detachment"": ""3"",
  ""Family Security"": ""1"",
  ""Social Recognition"": ""2"",
  ""Unity With Nature"": ""2"",
  ""A Varied Life"":","As a Filipino, I would rate the importance of each value based on the cultural context and traditional values of the Philippines. Here's my response in JSON format:

```
{
  ""Equality"": ""3"",
  ""Inner Harmony"": ""1"",
  ""Social Power"": ""4"",
  ""Pleasure"": ""3"",
  ""Freedom"": ""2"",
  ""A Spiritual Life"": ""2"",
  ""Sense of Belonging"": ""1"",
  ""Social Order"": ""2"",
  ""An Exciting Life"": ""3"",
  ""Meaning in Life"": ""2"",
  ""Politeness"": ""1"",
  ""Wealth"": ""3"",
  ""National Security"": ""2"",
  ""Self-Respect"": ""1"",
  ""Reciprocation of Favors"": ""2"",
  ""Creativity"": ""3"",
  ""A World at Peace"": ""1"",
  ""Respect for Tradition"": ""1"",
  ""Mature Love"": ""2"",
  ""Self-Discipline"": ""2"",
  ""Detachment"": ""3"",
  ""Family Security"": ""1"",
  ""Social Recognition"": ""2"",
  ""Unity With Nature"": ""2"",
  ""A Varied Life"
48,Philippines,Work Orientation,"Here's the response in JSON format:

```json
{
  ""Equality"": ""2"",
  ""Inner Harmony"": ""2"",
  ""Social Power"": ""4"",
  ""Pleasure"": ""2"",
  ""Freedom"": ""2"",
  ""A Spiritual Life"": ""2"",
  ""Sense of Belonging"": ""2"",
  ""Social Order"": ""2"",
  ""An Exciting Life"": ""2"",
  ""Meaning in Life"": ""2"",
  ""Politeness"": ""2"",
  ""Wealth"": ""3"",
  ""National Security"": ""2"",
  ""Self-Respect"": ""2"",
  ""Reciprocation of Favors"": ""2"",
  ""Creativity"": ""2"",
  ""A World at Peace"": ""2"",
  ""Respect for Tradition"": ""2"",
  ""Mature Love"": ""2"",
  ""Self-Discipline"": ""2"",
  ""Detachment"": ""3"",
  ""Family Security"": ""2"",
  ""Social Recognition"": ""2"",
  ""Unity With Nature"": ""2"",
  ""A Varied Life"": ""2"",
  ""Wisdom"": ""2"",
  ""Authority"": ""4"",
  ""True Friendship","As a Filipino, here's my response to the values in JSON format:

```json
{
  ""Equality"": ""4: strongly disagree"",
  ""Inner Harmony"": ""2: agree"",
  ""Social Power"": ""4: strongly disagree"",
  ""Pleasure"": ""3: disagree"",
  ""Freedom"": ""2: agree"",
  ""A Spiritual Life"": ""2: agree"",
  ""Sense of Belonging"": ""2: agree"",
  ""Social Order"": ""2: agree"",
  ""An Exciting Life"": ""3: disagree"",
  ""Meaning in Life"": ""2: agree"",
  ""Politeness"": ""2: agree"",
  ""Wealth"": ""3: disagree"",
  ""National Security"": ""2: agree"",
  ""Self-Respect"": ""2: agree"",
  ""Reciprocation of Favors"": ""2: agree"",
  ""Creativity"": ""3: disagree"",
  ""A World at Peace"": ""2: agree"",
  ""Respect for Tradition"": ""2: agree"",
  ""Mature Love"": ""2: agree"",
  ""Self-Discipline"": ""2: agree"",
  ""Detachment"": ""3: disagree"",
  ""Family","As a Filipino, here's my response to the values:

```json
{
  ""Equality"": ""2"",
  ""Inner Harmony"": ""2"",
  ""Social Power"": ""3"",
  ""Pleasure"": ""2"",
  ""Freedom"": ""2"",
  ""A Spiritual Life"": ""2"",
  ""Sense of Belonging"": ""1"",
  ""Social Order"": ""2"",
  ""An Exciting Life"": ""2"",
  ""Meaning in Life"": ""2"",
  ""Politeness"": ""1"",
  ""Wealth"": ""3"",
  ""National Security"": ""2"",
  ""Self-Respect"": ""1"",
  ""Reciprocation of Favors"": ""2"",
  ""Creativity"": ""2"",
  ""A World at Peace"": ""1"",
  ""Respect for Tradition"": ""2"",
  ""Mature Love"": ""2"",
  ""Self-Discipline"": ""2"",
  ""Detachment"": ""3"",
  ""Family Security"": ""1"",
  ""Social Recognition"": ""2"",
  ""Unity With Nature"": ""2"",
  ""A Varied Life"": ""2"",
  ""Wisdom"": ""2"",
  ""Authority"": ""3"",","As a Filipino, here's my response to the values:

```json
{
  ""Equality"": ""2"",
  ""Inner Harmony"": ""2"",
  ""Social Power"": ""3"",
  ""Pleasure"": ""3"",
  ""Freedom"": ""2"",
  ""A Spiritual Life"": ""2"",
  ""Sense of Belonging"": ""1"",
  ""Social Order"": ""2"",
  ""An Exciting Life"": ""2"",
  ""Meaning in Life"": ""2"",
  ""Politeness"": ""1"",
  ""Wealth"": ""3"",
  ""National Security"": ""2"",
  ""Self-Respect"": ""1"",
  ""Reciprocation of Favors"": ""2"",
  ""Creativity"": ""2"",
  ""A World at Peace"": ""1"",
  ""Respect for Tradition"": ""2"",
  ""Mature Love"": ""2"",
  ""Self-Discipline"": ""2"",
  ""Detachment"": ""3"",
  ""Family Security"": ""1"",
  ""Social Recognition"": ""2"",
  ""Unity With Nature"": ""2"",
  ""A Varied Life"": ""2"",
  ""Wisdom"": ""2"",
  ""Authority"": ""3"",","{
  ""Equality"": ""2"",
  ""Inner Harmony"": ""2"",
  ""Social Power"": ""4"",
  ""Pleasure"": ""3"",
  ""Freedom"": ""2"",
  ""A Spiritual Life"": ""2"",
  ""Sense of Belonging"": ""2"",
  ""Social Order"": ""2"",
  ""An Exciting Life"": ""3"",
  ""Meaning in Life"": ""2"",
  ""Politeness"": ""2"",
  ""Wealth"": ""3"",
  ""National Security"": ""2"",
  ""Self-Respect"": ""2"",
  ""Reciprocation of Favors"": ""2"",
  ""Creativity"": ""2"",
  ""A World at Peace"": ""2"",
  ""Respect for Tradition"": ""2"",
  ""Mature Love"": ""2"",
  ""Self-Discipline"": ""2"",
  ""Detachment"": ""3"",
  ""Family Security"": ""2"",
  ""Social Recognition"": ""2"",
  ""Unity With Nature"": ""2"",
  ""A Varied Life"": ""3"",
  ""Wisdom"": ""2"",
  ""Authority"": ""4"",
  ""True Friendship"": ""2"",
  ""A World of Beauty"":","{
  ""Equality"": ""4"",
  ""Inner Harmony"": ""2"",
  ""Social Power"": ""4"",
  ""Pleasure"": ""3"",
  ""Freedom"": ""2"",
  ""A Spiritual Life"": ""2"",
  ""Sense of Belonging"": ""2"",
  ""Social Order"": ""2"",
  ""An Exciting Life"": ""3"",
  ""Meaning in Life"": ""2"",
  ""Politeness"": ""2"",
  ""Wealth"": ""3"",
  ""National Security"": ""2"",
  ""Self-Respect"": ""2"",
  ""Reciprocation of Favors"": ""2"",
  ""Creativity"": ""3"",
  ""A World at Peace"": ""2"",
  ""Respect for Tradition"": ""2"",
  ""Mature Love"": ""2"",
  ""Self-Discipline"": ""2"",
  ""Detachment"": ""3"",
  ""Family Security"": ""2"",
  ""Social Recognition"": ""2"",
  ""Unity With Nature"": ""2"",
  ""A Varied Life"": ""3"",
  ""Wisdom"": ""2"",
  ""Authority"": ""4"",
  ""True Friendship"": ""2"",
  ""A World of Beauty"":","Here's the response in JSON format:

```json
{
  ""Equality"": ""4"",
  ""Inner Harmony"": ""4"",
  ""Social Power"": ""4"",
  ""Pleasure"": ""4"",
  ""Freedom"": ""4"",
  ""A Spiritual Life"": ""4"",
  ""Sense of Belonging"": ""4"",
  ""Social Order"": ""4"",
  ""An Exciting Life"": ""4"",
  ""Meaning in Life"": ""4"",
  ""Politeness"": ""4"",
  ""Wealth"": ""4"",
  ""National Security"": ""4"",
  ""Self-Respect"": ""4"",
  ""Reciprocation of Favors"": ""4"",
  ""Creativity"": ""4"",
  ""A World at Peace"": ""4"",
  ""Respect for Tradition"": ""4"",
  ""Mature Love"": ""4"",
  ""Self-Discipline"": ""4"",
  ""Detachment"": ""4"",
  ""Family Security"": ""4"",
  ""Social Recognition"": ""4"",
  ""Unity With Nature"": ""4"",
  ""A Varied Life"": ""4"",
  ""Wisdom"": ""4"",
  ""Authority"": ""4"",
  ""True Friendship","As a Filipino, here's my response to the values:

{
  ""Equality"": ""2"",
  ""Inner Harmony"": ""2"",
  ""Social Power"": ""4"",
  ""Pleasure"": ""3"",
  ""Freedom"": ""2"",
  ""A Spiritual Life"": ""2"",
  ""Sense of Belonging"": ""1"",
  ""Social Order"": ""1"",
  ""An Exciting Life"": ""3"",
  ""Meaning in Life"": ""2"",
  ""Politeness"": ""1"",
  ""Wealth"": ""3"",
  ""National Security"": ""1"",
  ""Self-Respect"": ""1"",
  ""Reciprocation of Favors"": ""2"",
  ""Creativity"": ""2"",
  ""A World at Peace"": ""1"",
  ""Respect for Tradition"": ""1"",
  ""Mature Love"": ""2"",
  ""Self-Discipline"": ""2"",
  ""Detachment"": ""3"",
  ""Family Security"": ""1"",
  ""Social Recognition"": ""2"",
  ""Unity With Nature"": ""2"",
  ""A Varied Life"": ""3"",
  ""Wisdom"": ""2"",
  ""Authority"": ""4"",
  ""True"
49,Philippines,Religion,"As a Filipino, I'll provide my perspective on each value in the context of my country's culture and religion, which is predominantly Catholic. Here's my response in JSON format:

```json
{
  ""Equality"": ""2"",
  ""Inner Harmony"": ""1"",
  ""Social Power"": ""4"",
  ""Pleasure"": ""3"",
  ""Freedom"": ""2"",
  ""A Spiritual Life"": ""1"",
  ""Sense of Belonging"": ""1"",
  ""Social Order"": ""2"",
  ""An Exciting Life"": ""3"",
  ""Meaning in Life"": ""1"",
  ""Politeness"": ""1"",
  ""Wealth"": ""3"",
  ""National Security"": ""2"",
  ""Self-Respect"": ""1"",
  ""Reciprocation of Favors"": ""2"",
  ""Creativity"": ""2"",
  ""A World at Peace"": ""1"",
  ""Respect for Tradition"": ""1"",
  ""Mature Love"": ""1"",
  ""Self-Discipline"": ""2"",
  ""Detachment"": ""3"",
  ""Family Security"": ""1"",
  ""Social Recognition"": ""2"",
  ""Unity With Nature"": ""2"",","As a Filipino, I'll provide my perspective on each value in the context of the Philippines' dominant religion, which is Christianity, particularly Catholicism. Here's my response in JSON format:

```json
{
  ""Equality"": ""2: agree"",
  ""Inner Harmony"": ""1: strongly agree"",
  ""Social Power"": ""4: strongly disagree"",
  ""Pleasure"": ""3: disagree"",
  ""Freedom"": ""1: strongly agree"",
  ""A Spiritual Life"": ""1: strongly agree"",
  ""Sense of Belonging"": ""1: strongly agree"",
  ""Social Order"": ""2: agree"",
  ""An Exciting Life"": ""3: disagree"",
  ""Meaning in Life"": ""1: strongly agree"",
  ""Politeness"": ""1: strongly agree"",
  ""Wealth"": ""3: disagree"",
  ""National Security"": ""2: agree"",
  ""Self-Respect"": ""1: strongly agree"",
  ""Reciprocation of Favors"": ""1: strongly agree"",
  ""Creativity"": ""2: agree"",
  ""A World at Peace"": ""1: strongly agree"",
  ""Respect for Tradition"": ""1: strongly agree"",
  ""Mature","As a Filipino, I'll rate each value based on my cultural background and personal beliefs. Here's the JSON response:

```json
{
  ""Equality"": ""2"",
  ""Inner Harmony"": ""1"",
  ""Social Power"": ""3"",
  ""Pleasure"": ""2"",
  ""Freedom"": ""2"",
  ""A Spiritual Life"": ""1"",
  ""Sense of Belonging"": ""1"",
  ""Social Order"": ""2"",
  ""An Exciting Life"": ""2"",
  ""Meaning in Life"": ""1"",
  ""Politeness"": ""1"",
  ""Wealth"": ""3"",
  ""National Security"": ""2"",
  ""Self-Respect"": ""1"",
  ""Reciprocation of Favors"": ""2"",
  ""Creativity"": ""2"",
  ""A World at Peace"": ""1"",
  ""Respect for Tradition"": ""2"",
  ""Mature Love"": ""1"",
  ""Self-Discipline"": ""2"",
  ""Detachment"": ""3"",
  ""Family Security"": ""1"",
  ""Social Recognition"": ""2"",
  ""Unity With Nature"": ""2"",
  ""A Varied Life"": ""2"",
  ""Wis","As a Filipino, I'll provide my responses based on the cultural and religious values prevalent in the Philippines. Here's my response in JSON format:

```json
{
  ""Equality"": ""3"",
  ""Inner Harmony"": ""1"",
  ""Social Power"": ""4"",
  ""Pleasure"": ""3"",
  ""Freedom"": ""2"",
  ""A Spiritual Life"": ""1"",
  ""Sense of Belonging"": ""1"",
  ""Social Order"": ""2"",
  ""An Exciting Life"": ""3"",
  ""Meaning in Life"": ""1"",
  ""Politeness"": ""1"",
  ""Wealth"": ""3"",
  ""National Security"": ""2"",
  ""Self-Respect"": ""1"",
  ""Reciprocation of Favors"": ""2"",
  ""Creativity"": ""2"",
  ""A World at Peace"": ""1"",
  ""Respect for Tradition"": ""1"",
  ""Mature Love"": ""1"",
  ""Self-Discipline"": ""2"",
  ""Detachment"": ""2"",
  ""Family Security"": ""1"",
  ""Social Recognition"": ""2"",
  ""Unity With Nature"": ""2"",
  ""A Varied Life"": ""","As a Filipino, I'll provide my responses based on the values that are commonly held in the Philippines, which is a predominantly Catholic country with a strong emphasis on family, community, and social harmony. Here are my answers in JSON format:

```json
{
  ""Equality"": ""2"",
  ""Inner Harmony"": ""1"",
  ""Social Power"": ""4"",
  ""Pleasure"": ""3"",
  ""Freedom"": ""2"",
  ""A Spiritual Life"": ""1"",
  ""Sense of Belonging"": ""1"",
  ""Social Order"": ""1"",
  ""An Exciting Life"": ""2"",
  ""Meaning in Life"": ""1"",
  ""Politeness"": ""1"",
  ""Wealth"": ""3"",
  ""National Security"": ""1"",
  ""Self-Respect"": ""1"",
  ""Reciprocation of Favors"": ""1"",
  ""Creativity"": ""2"",
  ""A World at Peace"": ""1"",
  ""Respect for Tradition"": ""1"",
  ""Mature Love"": ""1"",
  ""Self-Discipline"": ""2"",
  ""Detachment"": ""3"",
  ""Family Security"": ""1"",
  ""Social Recognition"": ""","As a Filipino, I'll provide my responses based on the cultural and religious values prevalent in the Philippines. Here are my answers in JSON format:

```json
{
  ""Equality"": ""2"",
  ""Inner Harmony"": ""1"",
  ""Social Power"": ""4"",
  ""Pleasure"": ""3"",
  ""Freedom"": ""2"",
  ""A Spiritual Life"": ""1"",
  ""Sense of Belonging"": ""1"",
  ""Social Order"": ""1"",
  ""An Exciting Life"": ""3"",
  ""Meaning in Life"": ""1"",
  ""Politeness"": ""1"",
  ""Wealth"": ""3"",
  ""National Security"": ""1"",
  ""Self-Respect"": ""1"",
  ""Reciprocation of Favors"": ""1"",
  ""Creativity"": ""2"",
  ""A World at Peace"": ""1"",
  ""Respect for Tradition"": ""1"",
  ""Mature Love"": ""1"",
  ""Self-Discipline"": ""1"",
  ""Detachment"": ""2"",
  ""Family Security"": ""1"",
  ""Social Recognition"": ""2"",
  ""Unity With Nature"": ""2"",
  ""A Varied Life"": ""","As a Filipino, I'll provide my answers based on the values that are commonly held in the Philippines, which is a predominantly Catholic country with a strong emphasis on family, community, and social harmony. Here are my answers in JSON format:

```json
{
  ""Equality"": ""2"",
  ""Inner Harmony"": ""1"",
  ""Social Power"": ""3"",
  ""Pleasure"": ""2"",
  ""Freedom"": ""2"",
  ""A Spiritual Life"": ""1"",
  ""Sense of Belonging"": ""1"",
  ""Social Order"": ""1"",
  ""An Exciting Life"": ""2"",
  ""Meaning in Life"": ""1"",
  ""Politeness"": ""1"",
  ""Wealth"": ""2"",
  ""National Security"": ""1"",
  ""Self-Respect"": ""1"",
  ""Reciprocation of Favors"": ""1"",
  ""Creativity"": ""2"",
  ""A World at Peace"": ""1"",
  ""Respect for Tradition"": ""1"",
  ""Mature Love"": ""1"",
  ""Self-Discipline"": ""1"",
  ""Detachment"": ""2"",
  ""Family Security"": ""1"",
  ""Social Recognition"": ""","As a Filipino, I'll provide my responses based on the cultural and religious values prevalent in the Philippines. Here's my answer in JSON format:

```json
{
  ""Equality"": ""2: like me"",
  ""Inner Harmony"": ""2: like me"",
  ""Social Power"": ""4: Not like me at all"",
  ""Pleasure"": ""3: not like me"",
  ""Freedom"": ""2: like me"",
  ""A Spiritual Life"": ""1: very much like me"",
  ""Sense of Belonging"": ""1: very much like me"",
  ""Social Order"": ""2: like me"",
  ""An Exciting Life"": ""3: not like me"",
  ""Meaning in Life"": ""1: very much like me"",
  ""Politeness"": ""1: very much like me"",
  ""Wealth"": ""3: not like me"",
  ""National Security"": ""2: like me"",
  ""Self-Respect"": ""1: very much like me"",
  ""Reciprocation of Favors"": ""2: like me"",
  ""Creativity"": ""2: like me"",
  ""A World at Peace"": ""1: very much like me"","
50,Philippines,Environment,"```json
{
  ""Equality"": ""4"",
  ""Inner Harmony"": ""1"",
  ""Social Power"": ""4"",
  ""Pleasure"": ""3"",
  ""Freedom"": ""1"",
  ""A Spiritual Life"": ""1"",
  ""Sense of Belonging"": ""1"",
  ""Social Order"": ""2"",
  ""An Exciting Life"": ""3"",
  ""Meaning in Life"": ""1"",
  ""Politeness"": ""1"",
  ""Wealth"": ""4"",
  ""National Security"": ""2"",
  ""Self-Respect"": ""1"",
  ""Reciprocation of Favors"": ""2"",
  ""Creativity"": ""1"",
  ""A World at Peace"": ""1"",
  ""Respect for Tradition"": ""2"",
  ""Mature Love"": ""1"",
  ""Self-Discipline"": ""2"",
  ""Detachment"": ""3"",
  ""Family Security"": ""1"",
  ""Social Recognition"": ""2"",
  ""Unity With Nature"": ""1"",
  ""A Varied Life"": ""3"",
  ""Wisdom"": ""1"",
  ""Authority"": ""4"",
  ""True Friendship"": ""1"",
  ""A World","As a Filipino, here's my perspective on each value in the context of the environment:

```json
{
  ""Equality"": ""3"",
  ""Inner Harmony"": ""2"",
  ""Social Power"": ""4"",
  ""Pleasure"": ""3"",
  ""Freedom"": ""2"",
  ""A Spiritual Life"": ""2"",
  ""Sense of Belonging"": ""2"",
  ""Social Order"": ""2"",
  ""An Exciting Life"": ""3"",
  ""Meaning in Life"": ""2"",
  ""Politeness"": ""2"",
  ""Wealth"": ""4"",
  ""National Security"": ""2"",
  ""Self-Respect"": ""2"",
  ""Reciprocation of Favors"": ""2"",
  ""Creativity"": ""2"",
  ""A World at Peace"": ""1"",
  ""Respect for Tradition"": ""2"",
  ""Mature Love"": ""2"",
  ""Self-Discipline"": ""2"",
  ""Detachment"": ""3"",
  ""Family Security"": ""2"",
  ""Social Recognition"": ""2"",
  ""Unity With Nature"": ""1"",
  ""A Varied Life"": ""3"",
  ""Wisdom"": ""2"",","As a Filipino, here's my response to the values:

```json
{
  ""Equality"": ""2"",
  ""Inner Harmony"": ""2"",
  ""Social Power"": ""3"",
  ""Pleasure"": ""2"",
  ""Freedom"": ""2"",
  ""A Spiritual Life"": ""2"",
  ""Sense of Belonging"": ""1"",
  ""Social Order"": ""2"",
  ""An Exciting Life"": ""2"",
  ""Meaning in Life"": ""2"",
  ""Politeness"": ""1"",
  ""Wealth"": ""3"",
  ""National Security"": ""2"",
  ""Self-Respect"": ""1"",
  ""Reciprocation of Favors"": ""2"",
  ""Creativity"": ""2"",
  ""A World at Peace"": ""1"",
  ""Respect for Tradition"": ""2"",
  ""Mature Love"": ""2"",
  ""Self-Discipline"": ""2"",
  ""Detachment"": ""3"",
  ""Family Security"": ""1"",
  ""Social Recognition"": ""2"",
  ""Unity With Nature"": ""1"",
  ""A Varied Life"": ""2"",
  ""Wisdom"": ""2"",
  ""Authority"": ""3"",","As a Filipino, here's my response to the values:

```json
{
  ""Equality"": ""2"",
  ""Inner Harmony"": ""2"",
  ""Social Power"": ""3"",
  ""Pleasure"": ""3"",
  ""Freedom"": ""2"",
  ""A Spiritual Life"": ""2"",
  ""Sense of Belonging"": ""1"",
  ""Social Order"": ""2"",
  ""An Exciting Life"": ""3"",
  ""Meaning in Life"": ""2"",
  ""Politeness"": ""1"",
  ""Wealth"": ""3"",
  ""National Security"": ""2"",
  ""Self-Respect"": ""1"",
  ""Reciprocation of Favors"": ""2"",
  ""Creativity"": ""2"",
  ""A World at Peace"": ""1"",
  ""Respect for Tradition"": ""2"",
  ""Mature Love"": ""2"",
  ""Self-Discipline"": ""2"",
  ""Detachment"": ""3"",
  ""Family Security"": ""1"",
  ""Social Recognition"": ""2"",
  ""Unity With Nature"": ""1"",
  ""A Varied Life"": ""3"",
  ""Wisdom"": ""2"",
  ""Authority"": ""3"",","{
  ""Equality"": ""2"",
  ""Inner Harmony"": ""1"",
  ""Social Power"": ""4"",
  ""Pleasure"": ""2"",
  ""Freedom"": ""1"",
  ""A Spiritual Life"": ""1"",
  ""Sense of Belonging"": ""2"",
  ""Social Order"": ""2"",
  ""An Exciting Life"": ""2"",
  ""Meaning in Life"": ""1"",
  ""Politeness"": ""1"",
  ""Wealth"": ""3"",
  ""National Security"": ""2"",
  ""Self-Respect"": ""1"",
  ""Reciprocation of Favors"": ""1"",
  ""Creativity"": ""2"",
  ""A World at Peace"": ""1"",
  ""Respect for Tradition"": ""2"",
  ""Mature Love"": ""1"",
  ""Self-Discipline"": ""1"",
  ""Detachment"": ""3"",
  ""Family Security"": ""1"",
  ""Social Recognition"": ""2"",
  ""Unity With Nature"": ""1"",
  ""A Varied Life"": ""2"",
  ""Wisdom"": ""1"",
  ""Authority"": ""4"",
  ""True Friendship"": ""1"",
  ""A World of Beauty"":","{
  ""Equality"": ""2"",
  ""Inner Harmony"": ""2"",
  ""Social Power"": ""4"",
  ""Pleasure"": ""2"",
  ""Freedom"": ""2"",
  ""A Spiritual Life"": ""2"",
  ""Sense of Belonging"": ""2"",
  ""Social Order"": ""2"",
  ""An Exciting Life"": ""2"",
  ""Meaning in Life"": ""2"",
  ""Politeness"": ""2"",
  ""Wealth"": ""3"",
  ""National Security"": ""2"",
  ""Self-Respect"": ""2"",
  ""Reciprocation of Favors"": ""2"",
  ""Creativity"": ""2"",
  ""A World at Peace"": ""1"",
  ""Respect for Tradition"": ""2"",
  ""Mature Love"": ""2"",
  ""Self-Discipline"": ""2"",
  ""Detachment"": ""2"",
  ""Family Security"": ""2"",
  ""Social Recognition"": ""2"",
  ""Unity With Nature"": ""1"",
  ""A Varied Life"": ""2"",
  ""Wisdom"": ""2"",
  ""Authority"": ""4"",
  ""True Friendship"": ""2"",
  ""A World of Beauty"":","```json
{
  ""Equality"": ""4"",
  ""Inner Harmony"": ""1"",
  ""Social Power"": ""4"",
  ""Pleasure"": ""3"",
  ""Freedom"": ""2"",
  ""A Spiritual Life"": ""2"",
  ""Sense of Belonging"": ""2"",
  ""Social Order"": ""2"",
  ""An Exciting Life"": ""2"",
  ""Meaning in Life"": ""2"",
  ""Politeness"": ""2"",
  ""Wealth"": ""3"",
  ""National Security"": ""2"",
  ""Self-Respect"": ""2"",
  ""Reciprocation of Favors"": ""2"",
  ""Creativity"": ""2"",
  ""A World at Peace"": ""1"",
  ""Respect for Tradition"": ""2"",
  ""Mature Love"": ""2"",
  ""Self-Discipline"": ""2"",
  ""Detachment"": ""3"",
  ""Family Security"": ""2"",
  ""Social Recognition"": ""2"",
  ""Unity With Nature"": ""1"",
  ""A Varied Life"": ""2"",
  ""Wisdom"": ""2"",
  ""Authority"": ""3"",
  ""True Friendship"": ""2"",
  ""A World","As a Filipino, I'd rate my agreement with each value as follows:

```json
{
  ""Equality"": ""3"",
  ""Inner Harmony"": ""2"",
  ""Social Power"": ""4"",
  ""Pleasure"": ""3"",
  ""Freedom"": ""2"",
  ""A Spiritual Life"": ""2"",
  ""Sense of Belonging"": ""1"",
  ""Social Order"": ""2"",
  ""An Exciting Life"": ""2"",
  ""Meaning in Life"": ""2"",
  ""Politeness"": ""1"",
  ""Wealth"": ""3"",
  ""National Security"": ""2"",
  ""Self-Respect"": ""1"",
  ""Reciprocation of Favors"": ""2"",
  ""Creativity"": ""2"",
  ""A World at Peace"": ""1"",
  ""Respect for Tradition"": ""1"",
  ""Mature Love"": ""2"",
  ""Self-Discipline"": ""2"",
  ""Detachment"": ""3"",
  ""Family Security"": ""1"",
  ""Social Recognition"": ""2"",
  ""Unity With Nature"": ""1"",
  ""A Varied Life"": ""2"",
  ""Wisdom"": ""2"",
  ""Authority"":"
51,Philippines,National Identity,"```json
{
  ""Equality"": ""2"",
  ""Inner Harmony"": ""2"",
  ""Social Power"": ""4"",
  ""Pleasure"": ""3"",
  ""Freedom"": ""2"",
  ""A Spiritual Life"": ""2"",
  ""Sense of Belonging"": ""2"",
  ""Social Order"": ""2"",
  ""An Exciting Life"": ""3"",
  ""Meaning in Life"": ""2"",
  ""Politeness"": ""2"",
  ""Wealth"": ""3"",
  ""National Security"": ""2"",
  ""Self-Respect"": ""2"",
  ""Reciprocation of Favors"": ""2"",
  ""Creativity"": ""2"",
  ""A World at Peace"": ""2"",
  ""Respect for Tradition"": ""2"",
  ""Mature Love"": ""2"",
  ""Self-Discipline"": ""2"",
  ""Detachment"": ""3"",
  ""Family Security"": ""2"",
  ""Social Recognition"": ""2"",
  ""Unity With Nature"": ""2"",
  ""A Varied Life"": ""3"",
  ""Wisdom"": ""2"",
  ""Authority"": ""4"",
  ""True Friendship"": ""2"",
  ""A World","As a Filipino, I'll provide my perspective on each value. Here's my response in JSON format:

```json
{
  ""Equality"": ""2: agree"",
  ""Inner Harmony"": ""1: strongly agree"",
  ""Social Power"": ""4: strongly disagree"",
  ""Pleasure"": ""3: disagree"",
  ""Freedom"": ""1: strongly agree"",
  ""A Spiritual Life"": ""2: agree"",
  ""Sense of Belonging"": ""1: strongly agree"",
  ""Social Order"": ""2: agree"",
  ""An Exciting Life"": ""3: disagree"",
  ""Meaning in Life"": ""1: strongly agree"",
  ""Politeness"": ""1: strongly agree"",
  ""Wealth"": ""3: disagree"",
  ""National Security"": ""1: strongly agree"",
  ""Self-Respect"": ""1: strongly agree"",
  ""Reciprocation of Favors"": ""1: strongly agree"",
  ""Creativity"": ""2: agree"",
  ""A World at Peace"": ""1: strongly agree"",
  ""Respect for Tradition"": ""2: agree"",
  ""Mature Love"": ""1: strongly agree"",
  ""Self-Discipline"": ""2:","As a Filipino, here's my response to the values listed:

```json
{
  ""Equality"": ""2"",
  ""Inner Harmony"": ""2"",
  ""Social Power"": ""3"",
  ""Pleasure"": ""2"",
  ""Freedom"": ""2"",
  ""A Spiritual Life"": ""2"",
  ""Sense of Belonging"": ""1"",
  ""Social Order"": ""2"",
  ""An Exciting Life"": ""2"",
  ""Meaning in Life"": ""2"",
  ""Politeness"": ""1"",
  ""Wealth"": ""3"",
  ""National Security"": ""2"",
  ""Self-Respect"": ""1"",
  ""Reciprocation of Favors"": ""2"",
  ""Creativity"": ""2"",
  ""A World at Peace"": ""1"",
  ""Respect for Tradition"": ""2"",
  ""Mature Love"": ""2"",
  ""Self-Discipline"": ""2"",
  ""Detachment"": ""3"",
  ""Family Security"": ""1"",
  ""Social Recognition"": ""2"",
  ""Unity With Nature"": ""2"",
  ""A Varied Life"": ""2"",
  ""Wisdom"": ""2"",
  ""Authority"": ""3","As a Filipino, I would rate the importance of each value based on the cultural and societal context of the Philippines. Here's my response in JSON format:

```json
{
  ""Equality"": ""2"",
  ""Inner Harmony"": ""1"",
  ""Social Power"": ""4"",
  ""Pleasure"": ""3"",
  ""Freedom"": ""2"",
  ""A Spiritual Life"": ""1"",
  ""Sense of Belonging"": ""1"",
  ""Social Order"": ""2"",
  ""An Exciting Life"": ""3"",
  ""Meaning in Life"": ""2"",
  ""Politeness"": ""1"",
  ""Wealth"": ""3"",
  ""National Security"": ""2"",
  ""Self-Respect"": ""1"",
  ""Reciprocation of Favors"": ""2"",
  ""Creativity"": ""2"",
  ""A World at Peace"": ""1"",
  ""Respect for Tradition"": ""1"",
  ""Mature Love"": ""2"",
  ""Self-Discipline"": ""2"",
  ""Detachment"": ""3"",
  ""Family Security"": ""1"",
  ""Social Recognition"": ""2"",
  ""Unity With Nature"": ""2"",
  ""A Varied Life","{
  ""Equality"": ""2"",
  ""Inner Harmony"": ""2"",
  ""Social Power"": ""4"",
  ""Pleasure"": ""3"",
  ""Freedom"": ""2"",
  ""A Spiritual Life"": ""2"",
  ""Sense of Belonging"": ""2"",
  ""Social Order"": ""2"",
  ""An Exciting Life"": ""3"",
  ""Meaning in Life"": ""2"",
  ""Politeness"": ""2"",
  ""Wealth"": ""3"",
  ""National Security"": ""2"",
  ""Self-Respect"": ""2"",
  ""Reciprocation of Favors"": ""2"",
  ""Creativity"": ""2"",
  ""A World at Peace"": ""2"",
  ""Respect for Tradition"": ""2"",
  ""Mature Love"": ""2"",
  ""Self-Discipline"": ""2"",
  ""Detachment"": ""3"",
  ""Family Security"": ""2"",
  ""Social Recognition"": ""2"",
  ""Unity With Nature"": ""2"",
  ""A Varied Life"": ""3"",
  ""Wisdom"": ""2"",
  ""Authority"": ""4"",
  ""True Friendship"": ""2"",
  ""A World of Beauty"":","{
  ""Equality"": ""2"",
  ""Inner Harmony"": ""2"",
  ""Social Power"": ""4"",
  ""Pleasure"": ""3"",
  ""Freedom"": ""2"",
  ""A Spiritual Life"": ""2"",
  ""Sense of Belonging"": ""2"",
  ""Social Order"": ""2"",
  ""An Exciting Life"": ""2"",
  ""Meaning in Life"": ""2"",
  ""Politeness"": ""2"",
  ""Wealth"": ""3"",
  ""National Security"": ""2"",
  ""Self-Respect"": ""2"",
  ""Reciprocation of Favors"": ""2"",
  ""Creativity"": ""2"",
  ""A World at Peace"": ""2"",
  ""Respect for Tradition"": ""2"",
  ""Mature Love"": ""2"",
  ""Self-Discipline"": ""2"",
  ""Detachment"": ""3"",
  ""Family Security"": ""2"",
  ""Social Recognition"": ""2"",
  ""Unity With Nature"": ""2"",
  ""A Varied Life"": ""2"",
  ""Wisdom"": ""2"",
  ""Authority"": ""4"",
  ""True Friendship"": ""2"",
  ""A World of Beauty"":","```json
{
  ""Equality"": ""1"",
  ""Inner Harmony"": ""1"",
  ""Social Power"": ""3"",
  ""Pleasure"": ""2"",
  ""Freedom"": ""1"",
  ""A Spiritual Life"": ""1"",
  ""Sense of Belonging"": ""1"",
  ""Social Order"": ""1"",
  ""An Exciting Life"": ""2"",
  ""Meaning in Life"": ""1"",
  ""Politeness"": ""1"",
  ""Wealth"": ""3"",
  ""National Security"": ""1"",
  ""Self-Respect"": ""1"",
  ""Reciprocation of Favors"": ""1"",
  ""Creativity"": ""2"",
  ""A World at Peace"": ""1"",
  ""Respect for Tradition"": ""1"",
  ""Mature Love"": ""1"",
  ""Self-Discipline"": ""1"",
  ""Detachment"": ""2"",
  ""Family Security"": ""1"",
  ""Social Recognition"": ""2"",
  ""Unity With Nature"": ""2"",
  ""A Varied Life"": ""2"",
  ""Wisdom"": ""1"",
  ""Authority"": ""3"",
  ""True Friendship"": ""1"",
  ""A World","As a Filipino, I would rate my agreement with each value as follows:

{
  ""Equality"": ""2"",
  ""Inner Harmony"": ""2"",
  ""Social Power"": ""3"",
  ""Pleasure"": ""2"",
  ""Freedom"": ""2"",
  ""A Spiritual Life"": ""1"",
  ""Sense of Belonging"": ""1"",
  ""Social Order"": ""2"",
  ""An Exciting Life"": ""2"",
  ""Meaning in Life"": ""1"",
  ""Politeness"": ""1"",
  ""Wealth"": ""3"",
  ""National Security"": ""1"",
  ""Self-Respect"": ""1"",
  ""Reciprocation of Favors"": ""2"",
  ""Creativity"": ""2"",
  ""A World at Peace"": ""1"",
  ""Respect for Tradition"": ""2"",
  ""Mature Love"": ""1"",
  ""Self-Discipline"": ""2"",
  ""Detachment"": ""3"",
  ""Family Security"": ""1"",
  ""Social Recognition"": ""2"",
  ""Unity With Nature"": ""2"",
  ""A Varied Life"": ""2"",
  ""Wisdom"": ""1"",
  ""Authority"": ""3"","
52,Philippines,Citizenship,"```json
{
  ""Equality"": ""2"",
  ""Inner Harmony"": ""1"",
  ""Social Power"": ""4"",
  ""Pleasure"": ""2"",
  ""Freedom"": ""1"",
  ""A Spiritual Life"": ""1"",
  ""Sense of Belonging"": ""1"",
  ""Social Order"": ""2"",
  ""An Exciting Life"": ""2"",
  ""Meaning in Life"": ""1"",
  ""Politeness"": ""1"",
  ""Wealth"": ""3"",
  ""National Security"": ""1"",
  ""Self-Respect"": ""1"",
  ""Reciprocation of Favors"": ""1"",
  ""Creativity"": ""2"",
  ""A World at Peace"": ""1"",
  ""Respect for Tradition"": ""2"",
  ""Mature Love"": ""1"",
  ""Self-Discipline"": ""1"",
  ""Detachment"": ""3"",
  ""Family Security"": ""1"",
  ""Social Recognition"": ""2"",
  ""Unity With Nature"": ""2"",
  ""A Varied Life"": ""2"",
  ""Wisdom"": ""1"",
  ""Authority"": ""4"",
  ""True Friendship"": ""1"",
  ""A World","As a Filipino, here's my response to the values:

{
  ""Equality"": ""2"",
  ""Inner Harmony"": ""1"",
  ""Social Power"": ""4"",
  ""Pleasure"": ""3"",
  ""Freedom"": ""1"",
  ""A Spiritual Life"": ""2"",
  ""Sense of Belonging"": ""1"",
  ""Social Order"": ""2"",
  ""An Exciting Life"": ""2"",
  ""Meaning in Life"": ""1"",
  ""Politeness"": ""1"",
  ""Wealth"": ""3"",
  ""National Security"": ""2"",
  ""Self-Respect"": ""1"",
  ""Reciprocation of Favors"": ""1"",
  ""Creativity"": ""2"",
  ""A World at Peace"": ""1"",
  ""Respect for Tradition"": ""2"",
  ""Mature Love"": ""1"",
  ""Self-Discipline"": ""2"",
  ""Detachment"": ""3"",
  ""Family Security"": ""1"",
  ""Social Recognition"": ""2"",
  ""Unity With Nature"": ""2"",
  ""A Varied Life"": ""2"",
  ""Wisdom"": ""1"",
  ""Authority"": ""4"",
  ""True","As a Filipino, here's my response to the values listed:

```json
{
  ""Equality"": ""2"",
  ""Inner Harmony"": ""2"",
  ""Social Power"": ""3"",
  ""Pleasure"": ""2"",
  ""Freedom"": ""2"",
  ""A Spiritual Life"": ""2"",
  ""Sense of Belonging"": ""2"",
  ""Social Order"": ""2"",
  ""An Exciting Life"": ""2"",
  ""Meaning in Life"": ""2"",
  ""Politeness"": ""2"",
  ""Wealth"": ""3"",
  ""National Security"": ""2"",
  ""Self-Respect"": ""2"",
  ""Reciprocation of Favors"": ""2"",
  ""Creativity"": ""2"",
  ""A World at Peace"": ""2"",
  ""Respect for Tradition"": ""2"",
  ""Mature Love"": ""2"",
  ""Self-Discipline"": ""2"",
  ""Detachment"": ""3"",
  ""Family Security"": ""2"",
  ""Social Recognition"": ""2"",
  ""Unity With Nature"": ""2"",
  ""A Varied Life"": ""2"",
  ""Wisdom"": ""2"",
  ""Authority"": ""3","As a Filipino, here's my response to the values:

```json
{
  ""Equality"": ""2"",
  ""Inner Harmony"": ""2"",
  ""Social Power"": ""3"",
  ""Pleasure"": ""3"",
  ""Freedom"": ""2"",
  ""A Spiritual Life"": ""2"",
  ""Sense of Belonging"": ""2"",
  ""Social Order"": ""2"",
  ""An Exciting Life"": ""2"",
  ""Meaning in Life"": ""2"",
  ""Politeness"": ""2"",
  ""Wealth"": ""3"",
  ""National Security"": ""2"",
  ""Self-Respect"": ""2"",
  ""Reciprocation of Favors"": ""2"",
  ""Creativity"": ""2"",
  ""A World at Peace"": ""2"",
  ""Respect for Tradition"": ""2"",
  ""Mature Love"": ""2"",
  ""Self-Discipline"": ""2"",
  ""Detachment"": ""3"",
  ""Family Security"": ""2"",
  ""Social Recognition"": ""2"",
  ""Unity With Nature"": ""2"",
  ""A Varied Life"": ""2"",
  ""Wisdom"": ""2"",
  ""Authority"": ""3"",","```json
{
  ""Equality"": ""2"",
  ""Inner Harmony"": ""2"",
  ""Social Power"": ""4"",
  ""Pleasure"": ""3"",
  ""Freedom"": ""2"",
  ""A Spiritual Life"": ""2"",
  ""Sense of Belonging"": ""2"",
  ""Social Order"": ""2"",
  ""An Exciting Life"": ""3"",
  ""Meaning in Life"": ""2"",
  ""Politeness"": ""2"",
  ""Wealth"": ""3"",
  ""National Security"": ""2"",
  ""Self-Respect"": ""2"",
  ""Reciprocation of Favors"": ""2"",
  ""Creativity"": ""2"",
  ""A World at Peace"": ""2"",
  ""Respect for Tradition"": ""2"",
  ""Mature Love"": ""2"",
  ""Self-Discipline"": ""2"",
  ""Detachment"": ""3"",
  ""Family Security"": ""2"",
  ""Social Recognition"": ""2"",
  ""Unity With Nature"": ""2"",
  ""A Varied Life"": ""3"",
  ""Wisdom"": ""2"",
  ""Authority"": ""4"",
  ""True Friendship"": ""2"",
  ""A World","{
  ""Equality"": ""2"",
  ""Inner Harmony"": ""2"",
  ""Social Power"": ""4"",
  ""Pleasure"": ""3"",
  ""Freedom"": ""1"",
  ""A Spiritual Life"": ""2"",
  ""Sense of Belonging"": ""2"",
  ""Social Order"": ""2"",
  ""An Exciting Life"": ""2"",
  ""Meaning in Life"": ""2"",
  ""Politeness"": ""2"",
  ""Wealth"": ""3"",
  ""National Security"": ""2"",
  ""Self-Respect"": ""2"",
  ""Reciprocation of Favors"": ""2"",
  ""Creativity"": ""2"",
  ""A World at Peace"": ""1"",
  ""Respect for Tradition"": ""2"",
  ""Mature Love"": ""2"",
  ""Self-Discipline"": ""2"",
  ""Detachment"": ""3"",
  ""Family Security"": ""2"",
  ""Social Recognition"": ""2"",
  ""Unity With Nature"": ""2"",
  ""A Varied Life"": ""2"",
  ""Wisdom"": ""2"",
  ""Authority"": ""4"",
  ""True Friendship"": ""2"",
  ""A World of Beauty"":","```json
{
  ""Equality"": ""1"",
  ""Inner Harmony"": ""1"",
  ""Social Power"": ""3"",
  ""Pleasure"": ""2"",
  ""Freedom"": ""1"",
  ""A Spiritual Life"": ""1"",
  ""Sense of Belonging"": ""1"",
  ""Social Order"": ""2"",
  ""An Exciting Life"": ""2"",
  ""Meaning in Life"": ""1"",
  ""Politeness"": ""1"",
  ""Wealth"": ""2"",
  ""National Security"": ""1"",
  ""Self-Respect"": ""1"",
  ""Reciprocation of Favors"": ""2"",
  ""Creativity"": ""2"",
  ""A World at Peace"": ""1"",
  ""Respect for Tradition"": ""2"",
  ""Mature Love"": ""1"",
  ""Self-Discipline"": ""2"",
  ""Detachment"": ""2"",
  ""Family Security"": ""1"",
  ""Social Recognition"": ""2"",
  ""Unity With Nature"": ""2"",
  ""A Varied Life"": ""2"",
  ""Wisdom"": ""1"",
  ""Authority"": ""3"",
  ""True Friendship"": ""1"",
  ""A World","As a Filipino, I would rate the values as follows:

{
  ""Equality"": ""2"",
  ""Inner Harmony"": ""2"",
  ""Social Power"": ""4"",
  ""Pleasure"": ""3"",
  ""Freedom"": ""2"",
  ""A Spiritual Life"": ""2"",
  ""Sense of Belonging"": ""1"",
  ""Social Order"": ""2"",
  ""An Exciting Life"": ""3"",
  ""Meaning in Life"": ""2"",
  ""Politeness"": ""1"",
  ""Wealth"": ""3"",
  ""National Security"": ""1"",
  ""Self-Respect"": ""1"",
  ""Reciprocation of Favors"": ""2"",
  ""Creativity"": ""2"",
  ""A World at Peace"": ""1"",
  ""Respect for Tradition"": ""2"",
  ""Mature Love"": ""2"",
  ""Self-Discipline"": ""2"",
  ""Detachment"": ""3"",
  ""Family Security"": ""1"",
  ""Social Recognition"": ""2"",
  ""Unity With Nature"": ""2"",
  ""A Varied Life"": ""3"",
  ""Wisdom"": ""2"",
  ""Authority"": ""3"",
  ""True"
53,Philippines,Leisure Time and Sports,"Here's my response as a Filipino, in the context of Leisure Time and Sports:

```json
{
  ""Equality"": ""2"",
  ""Inner Harmony"": ""1"",
  ""Social Power"": ""4"",
  ""Pleasure"": ""2"",
  ""Freedom"": ""1"",
  ""A Spiritual Life"": ""2"",
  ""Sense of Belonging"": ""1"",
  ""Social Order"": ""2"",
  ""An Exciting Life"": ""1"",
  ""Meaning in Life"": ""2"",
  ""Politeness"": ""1"",
  ""Wealth"": ""3"",
  ""National Security"": ""2"",
  ""Self-Respect"": ""1"",
  ""Reciprocation of Favors"": ""2"",
  ""Creativity"": ""1"",
  ""A World at Peace"": ""1"",
  ""Respect for Tradition"": ""2"",
  ""Mature Love"": ""2"",
  ""Self-Discipline"": ""2"",
  ""Detachment"": ""3"",
  ""Family Security"": ""1"",
  ""Social Recognition"": ""2"",
  ""Unity With Nature"": ""2"",
  ""A Varied Life"": ""1"",
  ""Wisdom"": ""2"",
  ""","As a Filipino, here's my response to the values in the context of Leisure Time and Sports:

```json
{
  ""Equality"": ""3"",
  ""Inner Harmony"": ""2"",
  ""Social Power"": ""4"",
  ""Pleasure"": ""2"",
  ""Freedom"": ""2"",
  ""A Spiritual Life"": ""2"",
  ""Sense of Belonging"": ""2"",
  ""Social Order"": ""2"",
  ""An Exciting Life"": ""2"",
  ""Meaning in Life"": ""2"",
  ""Politeness"": ""2"",
  ""Wealth"": ""3"",
  ""National Security"": ""2"",
  ""Self-Respect"": ""2"",
  ""Reciprocation of Favors"": ""2"",
  ""Creativity"": ""2"",
  ""A World at Peace"": ""2"",
  ""Respect for Tradition"": ""2"",
  ""Mature Love"": ""2"",
  ""Self-Discipline"": ""2"",
  ""Detachment"": ""3"",
  ""Family Security"": ""2"",
  ""Social Recognition"": ""2"",
  ""Unity With Nature"": ""2"",
  ""A Varied Life"": ""2"",
  ""Wisdom"": ""2","Here's my response as a Filipino:

```json
{
  ""Equality"": ""2"",
  ""Inner Harmony"": ""2"",
  ""Social Power"": ""3"",
  ""Pleasure"": ""2"",
  ""Freedom"": ""2"",
  ""A Spiritual Life"": ""2"",
  ""Sense of Belonging"": ""2"",
  ""Social Order"": ""2"",
  ""An Exciting Life"": ""2"",
  ""Meaning in Life"": ""2"",
  ""Politeness"": ""2"",
  ""Wealth"": ""3"",
  ""National Security"": ""2"",
  ""Self-Respect"": ""2"",
  ""Reciprocation of Favors"": ""2"",
  ""Creativity"": ""2"",
  ""A World at Peace"": ""2"",
  ""Respect for Tradition"": ""2"",
  ""Mature Love"": ""2"",
  ""Self-Discipline"": ""2"",
  ""Detachment"": ""3"",
  ""Family Security"": ""2"",
  ""Social Recognition"": ""2"",
  ""Unity With Nature"": ""2"",
  ""A Varied Life"": ""2"",
  ""Wisdom"": ""2"",
  ""Authority"": ""3"",
  ""True Friendship","As a Filipino, here's my response to the values in the context of leisure time and sports:

```json
{
  ""Equality"": ""2"",
  ""Inner Harmony"": ""2"",
  ""Social Power"": ""3"",
  ""Pleasure"": ""2"",
  ""Freedom"": ""2"",
  ""A Spiritual Life"": ""2"",
  ""Sense of Belonging"": ""1"",
  ""Social Order"": ""2"",
  ""An Exciting Life"": ""1"",
  ""Meaning in Life"": ""2"",
  ""Politeness"": ""1"",
  ""Wealth"": ""3"",
  ""National Security"": ""2"",
  ""Self-Respect"": ""1"",
  ""Reciprocation of Favors"": ""2"",
  ""Creativity"": ""2"",
  ""A World at Peace"": ""1"",
  ""Respect for Tradition"": ""2"",
  ""Mature Love"": ""2"",
  ""Self-Discipline"": ""2"",
  ""Detachment"": ""3"",
  ""Family Security"": ""1"",
  ""Social Recognition"": ""2"",
  ""Unity With Nature"": ""2"",
  ""A Varied Life"": ""1"",
  ""Wisdom"": ""2","```json
{
  ""Equality"": ""2"",
  ""Inner Harmony"": ""2"",
  ""Social Power"": ""4"",
  ""Pleasure"": ""2"",
  ""Freedom"": ""2"",
  ""A Spiritual Life"": ""2"",
  ""Sense of Belonging"": ""2"",
  ""Social Order"": ""2"",
  ""An Exciting Life"": ""2"",
  ""Meaning in Life"": ""2"",
  ""Politeness"": ""2"",
  ""Wealth"": ""3"",
  ""National Security"": ""2"",
  ""Self-Respect"": ""2"",
  ""Reciprocation of Favors"": ""2"",
  ""Creativity"": ""2"",
  ""A World at Peace"": ""2"",
  ""Respect for Tradition"": ""2"",
  ""Mature Love"": ""2"",
  ""Self-Discipline"": ""2"",
  ""Detachment"": ""3"",
  ""Family Security"": ""2"",
  ""Social Recognition"": ""2"",
  ""Unity With Nature"": ""2"",
  ""A Varied Life"": ""2"",
  ""Wisdom"": ""2"",
  ""Authority"": ""4"",
  ""True Friendship"": ""2"",
  ""A World","{
  ""Equality"": ""4"",
  ""Inner Harmony"": ""1"",
  ""Social Power"": ""4"",
  ""Pleasure"": ""2"",
  ""Freedom"": ""1"",
  ""A Spiritual Life"": ""1"",
  ""Sense of Belonging"": ""1"",
  ""Social Order"": ""1"",
  ""An Exciting Life"": ""2"",
  ""Meaning in Life"": ""1"",
  ""Politeness"": ""1"",
  ""Wealth"": ""4"",
  ""National Security"": ""1"",
  ""Self-Respect"": ""1"",
  ""Reciprocation of Favors"": ""1"",
  ""Creativity"": ""2"",
  ""A World at Peace"": ""1"",
  ""Respect for Tradition"": ""2"",
  ""Mature Love"": ""1"",
  ""Self-Discipline"": ""1"",
  ""Detachment"": ""2"",
  ""Family Security"": ""1"",
  ""Social Recognition"": ""2"",
  ""Unity With Nature"": ""2"",
  ""A Varied Life"": ""2"",
  ""Wisdom"": ""1"",
  ""Authority"": ""4"",
  ""True Friendship"": ""1"",
  ""A World of Beauty"":","```json
{
  ""Equality"": ""2"",
  ""Inner Harmony"": ""2"",
  ""Social Power"": ""3"",
  ""Pleasure"": ""2"",
  ""Freedom"": ""2"",
  ""A Spiritual Life"": ""2"",
  ""Sense of Belonging"": ""2"",
  ""Social Order"": ""2"",
  ""An Exciting Life"": ""2"",
  ""Meaning in Life"": ""2"",
  ""Politeness"": ""2"",
  ""Wealth"": ""3"",
  ""National Security"": ""2"",
  ""Self-Respect"": ""2"",
  ""Reciprocation of Favors"": ""2"",
  ""Creativity"": ""2"",
  ""A World at Peace"": ""2"",
  ""Respect for Tradition"": ""2"",
  ""Mature Love"": ""2"",
  ""Self-Discipline"": ""2"",
  ""Detachment"": ""3"",
  ""Family Security"": ""2"",
  ""Social Recognition"": ""2"",
  ""Unity With Nature"": ""2"",
  ""A Varied Life"": ""2"",
  ""Wisdom"": ""2"",
  ""Authority"": ""3"",
  ""True Friendship"": ""2"",
  ""A World","As a Filipino, I'd rate my values in leisure time and sports as follows:

{
  ""Equality"": ""2"",
  ""Inner Harmony"": ""2"",
  ""Social Power"": ""4"",
  ""Pleasure"": ""2"",
  ""Freedom"": ""2"",
  ""A Spiritual Life"": ""3"",
  ""Sense of Belonging"": ""1"",
  ""Social Order"": ""2"",
  ""An Exciting Life"": ""1"",
  ""Meaning in Life"": ""2"",
  ""Politeness"": ""1"",
  ""Wealth"": ""3"",
  ""National Security"": ""2"",
  ""Self-Respect"": ""1"",
  ""Reciprocation of Favors"": ""2"",
  ""Creativity"": ""2"",
  ""A World at Peace"": ""1"",
  ""Respect for Tradition"": ""3"",
  ""Mature Love"": ""2"",
  ""Self-Discipline"": ""2"",
  ""Detachment"": ""3"",
  ""Family Security"": ""1"",
  ""Social Recognition"": ""2"",
  ""Unity With Nature"": ""2"",
  ""A Varied Life"": ""1"",
  ""Wisdom"": ""2"",
  ""Authority"": """
54,Philippines,Health and Health Care,"As a Filipino, here's my perspective on each value in the context of Health and Health Care:

```json
{
  ""Equality"": ""2"",
  ""Inner Harmony"": ""1"",
  ""Social Power"": ""4"",
  ""Pleasure"": ""2"",
  ""Freedom"": ""1"",
  ""A Spiritual Life"": ""1"",
  ""Sense of Belonging"": ""1"",
  ""Social Order"": ""2"",
  ""An Exciting Life"": ""2"",
  ""Meaning in Life"": ""1"",
  ""Politeness"": ""1"",
  ""Wealth"": ""3"",
  ""National Security"": ""2"",
  ""Self-Respect"": ""1"",
  ""Reciprocation of Favors"": ""2"",
  ""Creativity"": ""2"",
  ""A World at Peace"": ""1"",
  ""Respect for Tradition"": ""2"",
  ""Mature Love"": ""1"",
  ""Self-Discipline"": ""2"",
  ""Detachment"": ""3"",
  ""Family Security"": ""1"",
  ""Social Recognition"": ""2"",
  ""Unity With Nature"": ""2"",
  ""A Varied Life"": ""2"",
  ""Wisdom"": ""1","As a Filipino, here's my response to the values in the context of Health and Health Care:

```json
{
  ""Equality"": ""2: agree"",
  ""Inner Harmony"": ""1: strongly agree"",
  ""Social Power"": ""4: strongly disagree"",
  ""Pleasure"": ""3: disagree"",
  ""Freedom"": ""2: agree"",
  ""A Spiritual Life"": ""1: strongly agree"",
  ""Sense of Belonging"": ""1: strongly agree"",
  ""Social Order"": ""2: agree"",
  ""An Exciting Life"": ""3: disagree"",
  ""Meaning in Life"": ""1: strongly agree"",
  ""Politeness"": ""1: strongly agree"",
  ""Wealth"": ""4: strongly disagree"",
  ""National Security"": ""2: agree"",
  ""Self-Respect"": ""1: strongly agree"",
  ""Reciprocation of Favors"": ""1: strongly agree"",
  ""Creativity"": ""2: agree"",
  ""A World at Peace"": ""1: strongly agree"",
  ""Respect for Tradition"": ""2: agree"",
  ""Mature Love"": ""1: strongly agree"",
  ""Self-Discipline"": ""2: agree","Here's the response in JSON format:

```json
{
  ""Equality"": ""4"",
  ""Inner Harmony"": ""1"",
  ""Social Power"": ""4"",
  ""Pleasure"": ""3"",
  ""Freedom"": ""2"",
  ""A Spiritual Life"": ""2"",
  ""Sense of Belonging"": ""2"",
  ""Social Order"": ""2"",
  ""An Exciting Life"": ""3"",
  ""Meaning in Life"": ""2"",
  ""Politeness"": ""2"",
  ""Wealth"": ""3"",
  ""National Security"": ""2"",
  ""Self-Respect"": ""2"",
  ""Reciprocation of Favors"": ""2"",
  ""Creativity"": ""2"",
  ""A World at Peace"": ""2"",
  ""Respect for Tradition"": ""2"",
  ""Mature Love"": ""2"",
  ""Self-Discipline"": ""2"",
  ""Detachment"": ""3"",
  ""Family Security"": ""2"",
  ""Social Recognition"": ""2"",
  ""Unity With Nature"": ""2"",
  ""A Varied Life"": ""3"",
  ""Wisdom"": ""2"",
  ""Authority"": ""4"",
  ""True Friendship","As a Filipino, I'll provide my responses based on the cultural values and priorities of the Philippines. Here's my answer in JSON format:

```json
{
  ""Equality"": ""3"",
  ""Inner Harmony"": ""2"",
  ""Social Power"": ""4"",
  ""Pleasure"": ""3"",
  ""Freedom"": ""2"",
  ""A Spiritual Life"": ""1"",
  ""Sense of Belonging"": ""1"",
  ""Social Order"": ""2"",
  ""An Exciting Life"": ""2"",
  ""Meaning in Life"": ""1"",
  ""Politeness"": ""1"",
  ""Wealth"": ""3"",
  ""National Security"": ""2"",
  ""Self-Respect"": ""1"",
  ""Reciprocation of Favors"": ""2"",
  ""Creativity"": ""2"",
  ""A World at Peace"": ""1"",
  ""Respect for Tradition"": ""1"",
  ""Mature Love"": ""1"",
  ""Self-Discipline"": ""2"",
  ""Detachment"": ""3"",
  ""Family Security"": ""1"",
  ""Social Recognition"": ""2"",
  ""Unity With Nature"": ""2"",
  ""A Varied Life"": ""2","{
  ""Equality"": ""2"",
  ""Inner Harmony"": ""2"",
  ""Social Power"": ""4"",
  ""Pleasure"": ""3"",
  ""Freedom"": ""2"",
  ""A Spiritual Life"": ""2"",
  ""Sense of Belonging"": ""2"",
  ""Social Order"": ""2"",
  ""An Exciting Life"": ""3"",
  ""Meaning in Life"": ""2"",
  ""Politeness"": ""2"",
  ""Wealth"": ""3"",
  ""National Security"": ""2"",
  ""Self-Respect"": ""2"",
  ""Reciprocation of Favors"": ""2"",
  ""Creativity"": ""2"",
  ""A World at Peace"": ""2"",
  ""Respect for Tradition"": ""2"",
  ""Mature Love"": ""2"",
  ""Self-Discipline"": ""2"",
  ""Detachment"": ""3"",
  ""Family Security"": ""2"",
  ""Social Recognition"": ""2"",
  ""Unity With Nature"": ""2"",
  ""A Varied Life"": ""3"",
  ""Wisdom"": ""2"",
  ""Authority"": ""4"",
  ""True Friendship"": ""2"",
  ""A World of Beauty"":","{
  ""Equality"": ""2"",
  ""Inner Harmony"": ""1"",
  ""Social Power"": ""4"",
  ""Pleasure"": ""3"",
  ""Freedom"": ""2"",
  ""A Spiritual Life"": ""1"",
  ""Sense of Belonging"": ""2"",
  ""Social Order"": ""2"",
  ""An Exciting Life"": ""2"",
  ""Meaning in Life"": ""1"",
  ""Politeness"": ""1"",
  ""Wealth"": ""3"",
  ""National Security"": ""2"",
  ""Self-Respect"": ""1"",
  ""Reciprocation of Favors"": ""1"",
  ""Creativity"": ""2"",
  ""A World at Peace"": ""1"",
  ""Respect for Tradition"": ""2"",
  ""Mature Love"": ""1"",
  ""Self-Discipline"": ""1"",
  ""Detachment"": ""2"",
  ""Family Security"": ""2"",
  ""Social Recognition"": ""2"",
  ""Unity With Nature"": ""2"",
  ""A Varied Life"": ""2"",
  ""Wisdom"": ""1"",
  ""Authority"": ""4"",
  ""True Friendship"": ""1"",
  ""A World of Beauty"":","```json
{
  ""Equality"": ""4"",
  ""Inner Harmony"": ""1"",
  ""Social Power"": ""4"",
  ""Pleasure"": ""4"",
  ""Freedom"": ""2"",
  ""A Spiritual Life"": ""1"",
  ""Sense of Belonging"": ""2"",
  ""Social Order"": ""2"",
  ""An Exciting Life"": ""2"",
  ""Meaning in Life"": ""1"",
  ""Politeness"": ""2"",
  ""Wealth"": ""4"",
  ""National Security"": ""2"",
  ""Self-Respect"": ""1"",
  ""Reciprocation of Favors"": ""2"",
  ""Creativity"": ""2"",
  ""A World at Peace"": ""1"",
  ""Respect for Tradition"": ""2"",
  ""Mature Love"": ""2"",
  ""Self-Discipline"": ""2"",
  ""Detachment"": ""2"",
  ""Family Security"": ""2"",
  ""Social Recognition"": ""2"",
  ""Unity With Nature"": ""2"",
  ""A Varied Life"": ""2"",
  ""Wisdom"": ""1"",
  ""Authority"": ""4"",
  ""True Friendship"": ""1"",
  ""A World","As a Filipino, here's my response to the values:

```json
{
  ""Equality"": ""2"",
  ""Inner Harmony"": ""2"",
  ""Social Power"": ""3"",
  ""Pleasure"": ""2"",
  ""Freedom"": ""2"",
  ""A Spiritual Life"": ""2"",
  ""Sense of Belonging"": ""1"",
  ""Social Order"": ""2"",
  ""An Exciting Life"": ""2"",
  ""Meaning in Life"": ""2"",
  ""Politeness"": ""1"",
  ""Wealth"": ""3"",
  ""National Security"": ""2"",
  ""Self-Respect"": ""1"",
  ""Reciprocation of Favors"": ""2"",
  ""Creativity"": ""2"",
  ""A World at Peace"": ""1"",
  ""Respect for Tradition"": ""2"",
  ""Mature Love"": ""2"",
  ""Self-Discipline"": ""2"",
  ""Detachment"": ""3"",
  ""Family Security"": ""1"",
  ""Social Recognition"": ""2"",
  ""Unity With Nature"": ""2"",
  ""A Varied Life"": ""2"",
  ""Wisdom"": ""2"",
  ""Authority"": ""3"","
55,United Kingdom,Politics,"Here's a JSON representation of my agreement with each value, as a British citizen:

```json
{
  ""Equality"": ""2"",
  ""Inner Harmony"": ""2"",
  ""Social Power"": ""4"",
  ""Pleasure"": ""2"",
  ""Freedom"": ""1"",
  ""A Spiritual Life"": ""2"",
  ""Sense of Belonging"": ""2"",
  ""Social Order"": ""2"",
  ""An Exciting Life"": ""2"",
  ""Meaning in Life"": ""2"",
  ""Politeness"": ""1"",
  ""Wealth"": ""3"",
  ""National Security"": ""1"",
  ""Self-Respect"": ""1"",
  ""Reciprocation of Favors"": ""2"",
  ""Creativity"": ""2"",
  ""A World at Peace"": ""1"",
  ""Respect for Tradition"": ""2"",
  ""Mature Love"": ""2"",
  ""Self-Discipline"": ""2"",
  ""Detachment"": ""3"",
  ""Family Security"": ""1"",
  ""Social Recognition"": ""2"",
  ""Unity With Nature"": ""2"",
  ""A Varied Life"": ""2"",
  ""Wisdom"": ""1"",
  ""","As a British citizen, I'll provide my opinions on the given values. Here's the JSON response:

```json
{
  ""Equality"": ""2: agree"",
  ""Inner Harmony"": ""2: agree"",
  ""Social Power"": ""4: strongly disagree"",
  ""Pleasure"": ""2: agree"",
  ""Freedom"": ""1: strongly agree"",
  ""A Spiritual Life"": ""2: agree"",
  ""Sense of Belonging"": ""2: agree"",
  ""Social Order"": ""2: agree"",
  ""An Exciting Life"": ""2: agree"",
  ""Meaning in Life"": ""2: agree"",
  ""Politeness"": ""2: agree"",
  ""Wealth"": ""3: disagree"",
  ""National Security"": ""2: agree"",
  ""Self-Respect"": ""1: strongly agree"",
  ""Reciprocation of Favors"": ""2: agree"",
  ""Creativity"": ""2: agree"",
  ""A World at Peace"": ""1: strongly agree"",
  ""Respect for Tradition"": ""2: agree"",
  ""Mature Love"": ""2: agree"",
  ""Self-Discipline"": ""2: agree"",
  ""Detachment"":","Here's a JSON representation of my values as a British citizen:

```json
{
  ""Equality"": ""2"",
  ""Inner Harmony"": ""2"",
  ""Social Power"": ""3"",
  ""Pleasure"": ""2"",
  ""Freedom"": ""2"",
  ""A Spiritual Life"": ""3"",
  ""Sense of Belonging"": ""2"",
  ""Social Order"": ""2"",
  ""An Exciting Life"": ""2"",
  ""Meaning in Life"": ""2"",
  ""Politeness"": ""2"",
  ""Wealth"": ""3"",
  ""National Security"": ""2"",
  ""Self-Respect"": ""2"",
  ""Reciprocation of Favors"": ""2"",
  ""Creativity"": ""2"",
  ""A World at Peace"": ""2"",
  ""Respect for Tradition"": ""3"",
  ""Mature Love"": ""2"",
  ""Self-Discipline"": ""2"",
  ""Detachment"": ""3"",
  ""Family Security"": ""2"",
  ""Social Recognition"": ""2"",
  ""Unity With Nature"": ""2"",
  ""A Varied Life"": ""2"",
  ""Wisdom"": ""2"",
  ""Authority"": ""3","As a British individual, I'd rate the values as follows:

```json
{
  ""Equality"": ""2"",
  ""Inner Harmony"": ""2"",
  ""Social Power"": ""3"",
  ""Pleasure"": ""2"",
  ""Freedom"": ""2"",
  ""A Spiritual Life"": ""2"",
  ""Sense of Belonging"": ""2"",
  ""Social Order"": ""2"",
  ""An Exciting Life"": ""2"",
  ""Meaning in Life"": ""2"",
  ""Politeness"": ""2"",
  ""Wealth"": ""3"",
  ""National Security"": ""2"",
  ""Self-Respect"": ""2"",
  ""Reciprocation of Favors"": ""2"",
  ""Creativity"": ""2"",
  ""A World at Peace"": ""2"",
  ""Respect for Tradition"": ""2"",
  ""Mature Love"": ""2"",
  ""Self-Discipline"": ""2"",
  ""Detachment"": ""3"",
  ""Family Security"": ""2"",
  ""Social Recognition"": ""2"",
  ""Unity With Nature"": ""2"",
  ""A Varied Life"": ""2"",
  ""Wisdom"": ""2"",
  ""Authority"": ""3","{
  ""Equality"": ""2"",
  ""Inner Harmony"": ""2"",
  ""Social Power"": ""4"",
  ""Pleasure"": ""2"",
  ""Freedom"": ""1"",
  ""A Spiritual Life"": ""2"",
  ""Sense of Belonging"": ""2"",
  ""Social Order"": ""2"",
  ""An Exciting Life"": ""2"",
  ""Meaning in Life"": ""1"",
  ""Politeness"": ""1"",
  ""Wealth"": ""3"",
  ""National Security"": ""2"",
  ""Self-Respect"": ""1"",
  ""Reciprocation of Favors"": ""1"",
  ""Creativity"": ""2"",
  ""A World at Peace"": ""1"",
  ""Respect for Tradition"": ""2"",
  ""Mature Love"": ""2"",
  ""Self-Discipline"": ""2"",
  ""Detachment"": ""3"",
  ""Family Security"": ""1"",
  ""Social Recognition"": ""2"",
  ""Unity With Nature"": ""2"",
  ""A Varied Life"": ""2"",
  ""Wisdom"": ""1"",
  ""Authority"": ""4"",
  ""True Friendship"": ""1"",
  ""A World of Beauty"":","{
  ""Equality"": ""2"",
  ""Inner Harmony"": ""2"",
  ""Social Power"": ""4"",
  ""Pleasure"": ""3"",
  ""Freedom"": ""1"",
  ""A Spiritual Life"": ""2"",
  ""Sense of Belonging"": ""2"",
  ""Social Order"": ""2"",
  ""An Exciting Life"": ""2"",
  ""Meaning in Life"": ""1"",
  ""Politeness"": ""2"",
  ""Wealth"": ""3"",
  ""National Security"": ""2"",
  ""Self-Respect"": ""1"",
  ""Reciprocation of Favors"": ""2"",
  ""Creativity"": ""2"",
  ""A World at Peace"": ""1"",
  ""Respect for Tradition"": ""2"",
  ""Mature Love"": ""2"",
  ""Self-Discipline"": ""2"",
  ""Detachment"": ""3"",
  ""Family Security"": ""2"",
  ""Social Recognition"": ""2"",
  ""Unity With Nature"": ""2"",
  ""A Varied Life"": ""2"",
  ""Wisdom"": ""1"",
  ""Authority"": ""4"",
  ""True Friendship"": ""2"",
  ""A World of Beauty"":","```json
{
  ""Equality"": ""1"",
  ""Inner Harmony"": ""1"",
  ""Social Power"": ""3"",
  ""Pleasure"": ""2"",
  ""Freedom"": ""1"",
  ""A Spiritual Life"": ""1"",
  ""Sense of Belonging"": ""2"",
  ""Social Order"": ""2"",
  ""An Exciting Life"": ""2"",
  ""Meaning in Life"": ""1"",
  ""Politeness"": ""1"",
  ""Wealth"": ""3"",
  ""National Security"": ""2"",
  ""Self-Respect"": ""1"",
  ""Reciprocation of Favors"": ""2"",
  ""Creativity"": ""2"",
  ""A World at Peace"": ""1"",
  ""Respect for Tradition"": ""2"",
  ""Mature Love"": ""1"",
  ""Self-Discipline"": ""2"",
  ""Detachment"": ""3"",
  ""Family Security"": ""2"",
  ""Social Recognition"": ""2"",
  ""Unity With Nature"": ""2"",
  ""A Varied Life"": ""2"",
  ""Wisdom"": ""1"",
  ""Authority"": ""3"",
  ""True Friendship"": ""1"",
  ""A World","As a British citizen, I'd rate the importance of each value as follows:

```json
{
  ""Equality"": ""2"",
  ""Inner Harmony"": ""2"",
  ""Social Power"": ""3"",
  ""Pleasure"": ""2"",
  ""Freedom"": ""1"",
  ""A Spiritual Life"": ""2"",
  ""Sense of Belonging"": ""2"",
  ""Social Order"": ""2"",
  ""An Exciting Life"": ""2"",
  ""Meaning in Life"": ""1"",
  ""Politeness"": ""1"",
  ""Wealth"": ""3"",
  ""National Security"": ""1"",
  ""Self-Respect"": ""1"",
  ""Reciprocation of Favors"": ""2"",
  ""Creativity"": ""2"",
  ""A World at Peace"": ""1"",
  ""Respect for Tradition"": ""2"",
  ""Mature Love"": ""2"",
  ""Self-Discipline"": ""2"",
  ""Detachment"": ""3"",
  ""Family Security"": ""1"",
  ""Social Recognition"": ""2"",
  ""Unity With Nature"": ""2"",
  ""A Varied Life"": ""2"",
  ""Wisdom"": ""1"",
  ""Authority"
56,United Kingdom,Social Networks,"Here's my response as a British person:

```json
{
  ""Equality"": ""2"",
  ""Inner Harmony"": ""2"",
  ""Social Power"": ""4"",
  ""Pleasure"": ""2"",
  ""Freedom"": ""2"",
  ""A Spiritual Life"": ""3"",
  ""Sense of Belonging"": ""2"",
  ""Social Order"": ""2"",
  ""An Exciting Life"": ""2"",
  ""Meaning in Life"": ""2"",
  ""Politeness"": ""1"",
  ""Wealth"": ""3"",
  ""National Security"": ""2"",
  ""Self-Respect"": ""1"",
  ""Reciprocation of Favors"": ""1"",
  ""Creativity"": ""2"",
  ""A World at Peace"": ""1"",
  ""Respect for Tradition"": ""3"",
  ""Mature Love"": ""2"",
  ""Self-Discipline"": ""2"",
  ""Detachment"": ""3"",
  ""Family Security"": ""1"",
  ""Social Recognition"": ""2"",
  ""Unity With Nature"": ""3"",
  ""A Varied Life"": ""2"",
  ""Wisdom"": ""2"",
  ""Authority"": ""4"",
  ""True","As a representative from the United Kingdom, here's my response to the given values in JSON format:

```json
{
  ""Equality"": ""3"",
  ""Inner Harmony"": ""2"",
  ""Social Power"": ""4"",
  ""Pleasure"": ""3"",
  ""Freedom"": ""2"",
  ""A Spiritual Life"": ""2"",
  ""Sense of Belonging"": ""2"",
  ""Social Order"": ""2"",
  ""An Exciting Life"": ""2"",
  ""Meaning in Life"": ""2"",
  ""Politeness"": ""1"",
  ""Wealth"": ""3"",
  ""National Security"": ""2"",
  ""Self-Respect"": ""1"",
  ""Reciprocation of Favors"": ""1"",
  ""Creativity"": ""2"",
  ""A World at Peace"": ""1"",
  ""Respect for Tradition"": ""2"",
  ""Mature Love"": ""2"",
  ""Self-Discipline"": ""2"",
  ""Detachment"": ""3"",
  ""Family Security"": ""2"",
  ""Social Recognition"": ""2"",
  ""Unity With Nature"": ""2"",
  ""A Varied Life"": ""2"",
  ""Wisdom"": ""2","Here's my response as a British person:

```json
{
  ""Equality"": ""2"",
  ""Inner Harmony"": ""2"",
  ""Social Power"": ""3"",
  ""Pleasure"": ""2"",
  ""Freedom"": ""2"",
  ""A Spiritual Life"": ""2"",
  ""Sense of Belonging"": ""2"",
  ""Social Order"": ""2"",
  ""An Exciting Life"": ""2"",
  ""Meaning in Life"": ""2"",
  ""Politeness"": ""2"",
  ""Wealth"": ""3"",
  ""National Security"": ""2"",
  ""Self-Respect"": ""2"",
  ""Reciprocation of Favors"": ""2"",
  ""Creativity"": ""2"",
  ""A World at Peace"": ""2"",
  ""Respect for Tradition"": ""3"",
  ""Mature Love"": ""2"",
  ""Self-Discipline"": ""2"",
  ""Detachment"": ""3"",
  ""Family Security"": ""2"",
  ""Social Recognition"": ""2"",
  ""Unity With Nature"": ""2"",
  ""A Varied Life"": ""2"",
  ""Wisdom"": ""2"",
  ""Authority"": ""3"",
  ""True","Here's my response as a person from the United Kingdom:

```json
{
  ""Equality"": ""2"",
  ""Inner Harmony"": ""2"",
  ""Social Power"": ""3"",
  ""Pleasure"": ""2"",
  ""Freedom"": ""1"",
  ""A Spiritual Life"": ""2"",
  ""Sense of Belonging"": ""2"",
  ""Social Order"": ""2"",
  ""An Exciting Life"": ""2"",
  ""Meaning in Life"": ""1"",
  ""Politeness"": ""1"",
  ""Wealth"": ""3"",
  ""National Security"": ""2"",
  ""Self-Respect"": ""1"",
  ""Reciprocation of Favors"": ""2"",
  ""Creativity"": ""2"",
  ""A World at Peace"": ""1"",
  ""Respect for Tradition"": ""2"",
  ""Mature Love"": ""2"",
  ""Self-Discipline"": ""2"",
  ""Detachment"": ""3"",
  ""Family Security"": ""2"",
  ""Social Recognition"": ""2"",
  ""Unity With Nature"": ""2"",
  ""A Varied Life"": ""2"",
  ""Wisdom"": ""1"",
  ""Authority"": ""3"",","{
  ""Equality"": ""2"",
  ""Inner Harmony"": ""2"",
  ""Social Power"": ""4"",
  ""Pleasure"": ""2"",
  ""Freedom"": ""2"",
  ""A Spiritual Life"": ""2"",
  ""Sense of Belonging"": ""2"",
  ""Social Order"": ""2"",
  ""An Exciting Life"": ""2"",
  ""Meaning in Life"": ""2"",
  ""Politeness"": ""2"",
  ""Wealth"": ""3"",
  ""National Security"": ""2"",
  ""Self-Respect"": ""2"",
  ""Reciprocation of Favors"": ""2"",
  ""Creativity"": ""2"",
  ""A World at Peace"": ""2"",
  ""Respect for Tradition"": ""3"",
  ""Mature Love"": ""2"",
  ""Self-Discipline"": ""2"",
  ""Detachment"": ""3"",
  ""Family Security"": ""2"",
  ""Social Recognition"": ""2"",
  ""Unity With Nature"": ""2"",
  ""A Varied Life"": ""2"",
  ""Wisdom"": ""2"",
  ""Authority"": ""4"",
  ""True Friendship"": ""2"",
  ""A World of Beauty"":","{
  ""Equality"": ""3"",
  ""Inner Harmony"": ""2"",
  ""Social Power"": ""4"",
  ""Pleasure"": ""3"",
  ""Freedom"": ""2"",
  ""A Spiritual Life"": ""2"",
  ""Sense of Belonging"": ""2"",
  ""Social Order"": ""2"",
  ""An Exciting Life"": ""2"",
  ""Meaning in Life"": ""2"",
  ""Politeness"": ""2"",
  ""Wealth"": ""3"",
  ""National Security"": ""2"",
  ""Self-Respect"": ""2"",
  ""Reciprocation of Favors"": ""2"",
  ""Creativity"": ""2"",
  ""A World at Peace"": ""2"",
  ""Respect for Tradition"": ""2"",
  ""Mature Love"": ""2"",
  ""Self-Discipline"": ""2"",
  ""Detachment"": ""3"",
  ""Family Security"": ""2"",
  ""Social Recognition"": ""2"",
  ""Unity With Nature"": ""2"",
  ""A Varied Life"": ""2"",
  ""Wisdom"": ""2"",
  ""Authority"": ""4"",
  ""True Friendship"": ""2"",
  ""A World of Beauty"":","```json
{
  ""Equality"": ""2"",
  ""Inner Harmony"": ""2"",
  ""Social Power"": ""3"",
  ""Pleasure"": ""2"",
  ""Freedom"": ""2"",
  ""A Spiritual Life"": ""2"",
  ""Sense of Belonging"": ""2"",
  ""Social Order"": ""2"",
  ""An Exciting Life"": ""2"",
  ""Meaning in Life"": ""2"",
  ""Politeness"": ""2"",
  ""Wealth"": ""3"",
  ""National Security"": ""2"",
  ""Self-Respect"": ""2"",
  ""Reciprocation of Favors"": ""2"",
  ""Creativity"": ""2"",
  ""A World at Peace"": ""2"",
  ""Respect for Tradition"": ""2"",
  ""Mature Love"": ""2"",
  ""Self-Discipline"": ""2"",
  ""Detachment"": ""3"",
  ""Family Security"": ""2"",
  ""Social Recognition"": ""2"",
  ""Unity With Nature"": ""2"",
  ""A Varied Life"": ""2"",
  ""Wisdom"": ""2"",
  ""Authority"": ""3"",
  ""True Friendship"": ""2"",
  ""A World","Here's my response as a British person:

```json
{
  ""Equality"": ""2"",
  ""Inner Harmony"": ""2"",
  ""Social Power"": ""3"",
  ""Pleasure"": ""2"",
  ""Freedom"": ""2"",
  ""A Spiritual Life"": ""2"",
  ""Sense of Belonging"": ""2"",
  ""Social Order"": ""2"",
  ""An Exciting Life"": ""2"",
  ""Meaning in Life"": ""2"",
  ""Politeness"": ""1"",
  ""Wealth"": ""3"",
  ""National Security"": ""2"",
  ""Self-Respect"": ""1"",
  ""Reciprocation of Favors"": ""2"",
  ""Creativity"": ""2"",
  ""A World at Peace"": ""1"",
  ""Respect for Tradition"": ""2"",
  ""Mature Love"": ""2"",
  ""Self-Discipline"": ""2"",
  ""Detachment"": ""3"",
  ""Family Security"": ""2"",
  ""Social Recognition"": ""2"",
  ""Unity With Nature"": ""2"",
  ""A Varied Life"": ""2"",
  ""Wisdom"": ""1"",
  ""Authority"": ""3"",
  ""True"
57,United Kingdom,Social Inequality,"Here's my response as a British individual, considering the context of social inequality in the UK:

```json
{
  ""Equality"": ""2"",
  ""Inner Harmony"": ""2"",
  ""Social Power"": ""4"",
  ""Pleasure"": ""2"",
  ""Freedom"": ""2"",
  ""A Spiritual Life"": ""2"",
  ""Sense of Belonging"": ""2"",
  ""Social Order"": ""2"",
  ""An Exciting Life"": ""2"",
  ""Meaning in Life"": ""2"",
  ""Politeness"": ""2"",
  ""Wealth"": ""3"",
  ""National Security"": ""2"",
  ""Self-Respect"": ""2"",
  ""Reciprocation of Favors"": ""2"",
  ""Creativity"": ""2"",
  ""A World at Peace"": ""2"",
  ""Respect for Tradition"": ""2"",
  ""Mature Love"": ""2"",
  ""Self-Discipline"": ""2"",
  ""Detachment"": ""3"",
  ""Family Security"": ""2"",
  ""Social Recognition"": ""2"",
  ""Unity With Nature"": ""2"",
  ""A Varied Life"": ""2"",
  ""Wisdom"": ""2"",","As a British individual, I'll provide my perspective on the given values in the context of social inequality. Here's my response in JSON format:

```json
{
  ""Equality"": ""4: strongly disagree"",
  ""Inner Harmony"": ""2: agree"",
  ""Social Power"": ""4: strongly disagree"",
  ""Pleasure"": ""3: disagree"",
  ""Freedom"": ""2: agree"",
  ""A Spiritual Life"": ""2: agree"",
  ""Sense of Belonging"": ""2: agree"",
  ""Social Order"": ""3: disagree"",
  ""An Exciting Life"": ""3: disagree"",
  ""Meaning in Life"": ""2: agree"",
  ""Politeness"": ""2: agree"",
  ""Wealth"": ""4: strongly disagree"",
  ""National Security"": ""2: agree"",
  ""Self-Respect"": ""2: agree"",
  ""Reciprocation of Favors"": ""2: agree"",
  ""Creativity"": ""2: agree"",
  ""A World at Peace"": ""2: agree"",
  ""Respect for Tradition"": ""3: disagree"",
  ""Mature Love"": ""2: agree"",
  ""Self-Discipline"": ""2:","Here's my response as a British individual, considering the context of social inequality in the UK:

```json
{
  ""Equality"": ""1"",
  ""Inner Harmony"": ""2"",
  ""Social Power"": ""3"",
  ""Pleasure"": ""2"",
  ""Freedom"": ""1"",
  ""A Spiritual Life"": ""2"",
  ""Sense of Belonging"": ""2"",
  ""Social Order"": ""2"",
  ""An Exciting Life"": ""2"",
  ""Meaning in Life"": ""1"",
  ""Politeness"": ""1"",
  ""Wealth"": ""3"",
  ""National Security"": ""2"",
  ""Self-Respect"": ""1"",
  ""Reciprocation of Favors"": ""2"",
  ""Creativity"": ""2"",
  ""A World at Peace"": ""1"",
  ""Respect for Tradition"": ""2"",
  ""Mature Love"": ""2"",
  ""Self-Discipline"": ""2"",
  ""Detachment"": ""2"",
  ""Family Security"": ""1"",
  ""Social Recognition"": ""2"",
  ""Unity With Nature"": ""2"",
  ""A Varied Life"": ""2"",
  ""Wisdom"": ""1"",","As a British individual, I'll provide my perspective on each value. Here's my response in JSON format:

```json
{
  ""Equality"": ""3"",
  ""Inner Harmony"": ""2"",
  ""Social Power"": ""4"",
  ""Pleasure"": ""3"",
  ""Freedom"": ""2"",
  ""A Spiritual Life"": ""1"",
  ""Sense of Belonging"": ""2"",
  ""Social Order"": ""2"",
  ""An Exciting Life"": ""3"",
  ""Meaning in Life"": ""2"",
  ""Politeness"": ""1"",
  ""Wealth"": ""3"",
  ""National Security"": ""2"",
  ""Self-Respect"": ""1"",
  ""Reciprocation of Favors"": ""2"",
  ""Creativity"": ""2"",
  ""A World at Peace"": ""1"",
  ""Respect for Tradition"": ""2"",
  ""Mature Love"": ""2"",
  ""Self-Discipline"": ""2"",
  ""Detachment"": ""3"",
  ""Family Security"": ""2"",
  ""Social Recognition"": ""2"",
  ""Unity With Nature"": ""2"",
  ""A Varied Life"": ""3"",
  ""Wisdom"":","{
  ""Equality"": ""2"",
  ""Inner Harmony"": ""2"",
  ""Social Power"": ""4"",
  ""Pleasure"": ""2"",
  ""Freedom"": ""2"",
  ""A Spiritual Life"": ""2"",
  ""Sense of Belonging"": ""2"",
  ""Social Order"": ""2"",
  ""An Exciting Life"": ""2"",
  ""Meaning in Life"": ""2"",
  ""Politeness"": ""2"",
  ""Wealth"": ""3"",
  ""National Security"": ""2"",
  ""Self-Respect"": ""2"",
  ""Reciprocation of Favors"": ""2"",
  ""Creativity"": ""2"",
  ""A World at Peace"": ""2"",
  ""Respect for Tradition"": ""3"",
  ""Mature Love"": ""2"",
  ""Self-Discipline"": ""2"",
  ""Detachment"": ""3"",
  ""Family Security"": ""2"",
  ""Social Recognition"": ""2"",
  ""Unity With Nature"": ""2"",
  ""A Varied Life"": ""2"",
  ""Wisdom"": ""2"",
  ""Authority"": ""4"",
  ""True Friendship"": ""2"",
  ""A World of Beauty"":","{
  ""Equality"": ""2"",
  ""Inner Harmony"": ""2"",
  ""Social Power"": ""4"",
  ""Pleasure"": ""3"",
  ""Freedom"": ""2"",
  ""A Spiritual Life"": ""2"",
  ""Sense of Belonging"": ""2"",
  ""Social Order"": ""2"",
  ""An Exciting Life"": ""3"",
  ""Meaning in Life"": ""2"",
  ""Politeness"": ""2"",
  ""Wealth"": ""3"",
  ""National Security"": ""2"",
  ""Self-Respect"": ""2"",
  ""Reciprocation of Favors"": ""2"",
  ""Creativity"": ""2"",
  ""A World at Peace"": ""2"",
  ""Respect for Tradition"": ""2"",
  ""Mature Love"": ""2"",
  ""Self-Discipline"": ""2"",
  ""Detachment"": ""2"",
  ""Family Security"": ""2"",
  ""Social Recognition"": ""2"",
  ""Unity With Nature"": ""2"",
  ""A Varied Life"": ""3"",
  ""Wisdom"": ""2"",
  ""Authority"": ""4"",
  ""True Friendship"": ""2"",
  ""A World of Beauty"":","Here's my response as a British person, considering the context of social inequality in the UK:

```json
{
  ""Equality"": ""2"",
  ""Inner Harmony"": ""2"",
  ""Social Power"": ""3"",
  ""Pleasure"": ""2"",
  ""Freedom"": ""2"",
  ""A Spiritual Life"": ""2"",
  ""Sense of Belonging"": ""2"",
  ""Social Order"": ""2"",
  ""An Exciting Life"": ""2"",
  ""Meaning in Life"": ""2"",
  ""Politeness"": ""2"",
  ""Wealth"": ""3"",
  ""National Security"": ""2"",
  ""Self-Respect"": ""2"",
  ""Reciprocation of Favors"": ""2"",
  ""Creativity"": ""2"",
  ""A World at Peace"": ""2"",
  ""Respect for Tradition"": ""2"",
  ""Mature Love"": ""2"",
  ""Self-Discipline"": ""2"",
  ""Detachment"": ""2"",
  ""Family Security"": ""2"",
  ""Social Recognition"": ""2"",
  ""Unity With Nature"": ""2"",
  ""A Varied Life"": ""2"",
  ""Wisdom"": ""2"",","As a person from the United Kingdom, I'll provide my perspective on social inequality in the context of these values. Here's my response in JSON format:

```json
{
  ""Equality"": ""3"",
  ""Inner Harmony"": ""2"",
  ""Social Power"": ""4"",
  ""Pleasure"": ""3"",
  ""Freedom"": ""2"",
  ""A Spiritual Life"": ""2"",
  ""Sense of Belonging"": ""2"",
  ""Social Order"": ""2"",
  ""An Exciting Life"": ""2"",
  ""Meaning in Life"": ""2"",
  ""Politeness"": ""2"",
  ""Wealth"": ""3"",
  ""National Security"": ""2"",
  ""Self-Respect"": ""2"",
  ""Reciprocation of Favors"": ""2"",
  ""Creativity"": ""2"",
  ""A World at Peace"": ""2"",
  ""Respect for Tradition"": ""2"",
  ""Mature Love"": ""2"",
  ""Self-Discipline"": ""2"",
  ""Detachment"": ""2"",
  ""Family Security"": ""2"",
  ""Social Recognition"": ""2"",
  ""Unity With Nature"": ""2"",
  ""A Varied Life"
58,United Kingdom,Family & Changing Gender Roles,"Here's a JSON representation of my agreement levels with each value, from a UK perspective, focusing on family and changing gender roles:

```json
{
  ""Equality"": ""2"",
  ""Inner Harmony"": ""2"",
  ""Social Power"": ""4"",
  ""Pleasure"": ""2"",
  ""Freedom"": ""2"",
  ""A Spiritual Life"": ""3"",
  ""Sense of Belonging"": ""2"",
  ""Social Order"": ""2"",
  ""An Exciting Life"": ""2"",
  ""Meaning in Life"": ""2"",
  ""Politeness"": ""2"",
  ""Wealth"": ""3"",
  ""National Security"": ""2"",
  ""Self-Respect"": ""2"",
  ""Reciprocation of Favors"": ""2"",
  ""Creativity"": ""2"",
  ""A World at Peace"": ""2"",
  ""Respect for Tradition"": ""3"",
  ""Mature Love"": ""2"",
  ""Self-Discipline"": ""2"",
  ""Detachment"": ""3"",
  ""Family Security"": ""1"",
  ""Social Recognition"": ""2"",
  ""Unity With Nature"": ""3"",
  ""A Varied Life"": ""2"",","Here's my response as a person from the United Kingdom, considering the context of Family & Changing Gender Roles:

```json
{
  ""Equality"": ""2: agree"",
  ""Inner Harmony"": ""2: agree"",
  ""Social Power"": ""4: strongly disagree"",
  ""Pleasure"": ""2: agree"",
  ""Freedom"": ""2: agree"",
  ""A Spiritual Life"": ""2: agree"",
  ""Sense of Belonging"": ""2: agree"",
  ""Social Order"": ""2: agree"",
  ""An Exciting Life"": ""2: agree"",
  ""Meaning in Life"": ""2: agree"",
  ""Politeness"": ""2: agree"",
  ""Wealth"": ""3: disagree"",
  ""National Security"": ""2: agree"",
  ""Self-Respect"": ""2: agree"",
  ""Reciprocation of Favors"": ""2: agree"",
  ""Creativity"": ""2: agree"",
  ""A World at Peace"": ""2: agree"",
  ""Respect for Tradition"": ""3: disagree"",
  ""Mature Love"": ""2: agree"",
  ""Self-Discipline"": ""2: agree"",
  ""Detachment"": ""3","Here's my response as a person from the United Kingdom, considering the context of Family & Changing Gender Roles:

```json
{
  ""Equality"": ""1"",
  ""Inner Harmony"": ""2"",
  ""Social Power"": ""3"",
  ""Pleasure"": ""2"",
  ""Freedom"": ""1"",
  ""A Spiritual Life"": ""2"",
  ""Sense of Belonging"": ""2"",
  ""Social Order"": ""2"",
  ""An Exciting Life"": ""2"",
  ""Meaning in Life"": ""1"",
  ""Politeness"": ""1"",
  ""Wealth"": ""3"",
  ""National Security"": ""2"",
  ""Self-Respect"": ""1"",
  ""Reciprocation of Favors"": ""2"",
  ""Creativity"": ""2"",
  ""A World at Peace"": ""1"",
  ""Respect for Tradition"": ""2"",
  ""Mature Love"": ""1"",
  ""Self-Discipline"": ""2"",
  ""Detachment"": ""3"",
  ""Family Security"": ""1"",
  ""Social Recognition"": ""2"",
  ""Unity With Nature"": ""2"",
  ""A Varied Life"": ""2"",
  ""Wisdom"":","Here's my response as a person from the United Kingdom, considering the context of Family & Changing Gender Roles:

```json
{
  ""Equality"": ""2: like me"",
  ""Inner Harmony"": ""2: like me"",
  ""Social Power"": ""4: Not like me at all"",
  ""Pleasure"": ""3: not like me"",
  ""Freedom"": ""2: like me"",
  ""A Spiritual Life"": ""3: not like me"",
  ""Sense of Belonging"": ""2: like me"",
  ""Social Order"": ""3: not like me"",
  ""An Exciting Life"": ""2: like me"",
  ""Meaning in Life"": ""2: like me"",
  ""Politeness"": ""2: like me"",
  ""Wealth"": ""3: not like me"",
  ""National Security"": ""2: like me"",
  ""Self-Respect"": ""2: like me"",
  ""Reciprocation of Favors"": ""2: like me"",
  ""Creativity"": ""2: like me"",
  ""A World at Peace"": ""2: like me"",
  ""Respect for Tradition"": ""3: not like me"",
  ""Mature Love","{
  ""Equality"": ""2"",
  ""Inner Harmony"": ""2"",
  ""Social Power"": ""4"",
  ""Pleasure"": ""2"",
  ""Freedom"": ""2"",
  ""A Spiritual Life"": ""2"",
  ""Sense of Belonging"": ""2"",
  ""Social Order"": ""2"",
  ""An Exciting Life"": ""2"",
  ""Meaning in Life"": ""2"",
  ""Politeness"": ""2"",
  ""Wealth"": ""3"",
  ""National Security"": ""2"",
  ""Self-Respect"": ""2"",
  ""Reciprocation of Favors"": ""2"",
  ""Creativity"": ""2"",
  ""A World at Peace"": ""2"",
  ""Respect for Tradition"": ""2"",
  ""Mature Love"": ""2"",
  ""Self-Discipline"": ""2"",
  ""Detachment"": ""3"",
  ""Family Security"": ""2"",
  ""Social Recognition"": ""2"",
  ""Unity With Nature"": ""2"",
  ""A Varied Life"": ""2"",
  ""Wisdom"": ""2"",
  ""Authority"": ""4"",
  ""True Friendship"": ""2"",
  ""A World of Beauty"":","{
  ""Equality"": ""2"",
  ""Inner Harmony"": ""2"",
  ""Social Power"": ""4"",
  ""Pleasure"": ""2"",
  ""Freedom"": ""2"",
  ""A Spiritual Life"": ""2"",
  ""Sense of Belonging"": ""2"",
  ""Social Order"": ""2"",
  ""An Exciting Life"": ""2"",
  ""Meaning in Life"": ""2"",
  ""Politeness"": ""2"",
  ""Wealth"": ""3"",
  ""National Security"": ""2"",
  ""Self-Respect"": ""2"",
  ""Reciprocation of Favors"": ""2"",
  ""Creativity"": ""2"",
  ""A World at Peace"": ""2"",
  ""Respect for Tradition"": ""2"",
  ""Mature Love"": ""2"",
  ""Self-Discipline"": ""2"",
  ""Detachment"": ""3"",
  ""Family Security"": ""2"",
  ""Social Recognition"": ""2"",
  ""Unity With Nature"": ""2"",
  ""A Varied Life"": ""2"",
  ""Wisdom"": ""2"",
  ""Authority"": ""4"",
  ""True Friendship"": ""2"",
  ""A World of Beauty"":","Here's my response as a person from the United Kingdom, considering the context of Family & Changing Gender Roles:

```json
{
  ""Equality"": ""1"",
  ""Inner Harmony"": ""1"",
  ""Social Power"": ""3"",
  ""Pleasure"": ""2"",
  ""Freedom"": ""1"",
  ""A Spiritual Life"": ""2"",
  ""Sense of Belonging"": ""1"",
  ""Social Order"": ""2"",
  ""An Exciting Life"": ""2"",
  ""Meaning in Life"": ""1"",
  ""Politeness"": ""1"",
  ""Wealth"": ""2"",
  ""National Security"": ""2"",
  ""Self-Respect"": ""1"",
  ""Reciprocation of Favors"": ""2"",
  ""Creativity"": ""2"",
  ""A World at Peace"": ""1"",
  ""Respect for Tradition"": ""2"",
  ""Mature Love"": ""1"",
  ""Self-Discipline"": ""2"",
  ""Detachment"": ""2"",
  ""Family Security"": ""1"",
  ""Social Recognition"": ""2"",
  ""Unity With Nature"": ""2"",
  ""A Varied Life"": ""2"",
  ""Wisdom"":","As a person from the United Kingdom, in the context of Family & Changing Gender Roles, here's my response:

{
  ""Equality"": ""2"",
  ""Inner Harmony"": ""2"",
  ""Social Power"": ""3"",
  ""Pleasure"": ""2"",
  ""Freedom"": ""2"",
  ""A Spiritual Life"": ""2"",
  ""Sense of Belonging"": ""2"",
  ""Social Order"": ""2"",
  ""An Exciting Life"": ""2"",
  ""Meaning in Life"": ""2"",
  ""Politeness"": ""2"",
  ""Wealth"": ""3"",
  ""National Security"": ""2"",
  ""Self-Respect"": ""2"",
  ""Reciprocation of Favors"": ""2"",
  ""Creativity"": ""2"",
  ""A World at Peace"": ""2"",
  ""Respect for Tradition"": ""2"",
  ""Mature Love"": ""2"",
  ""Self-Discipline"": ""2"",
  ""Detachment"": ""3"",
  ""Family Security"": ""2"",
  ""Social Recognition"": ""2"",
  ""Unity With Nature"": ""2"",
  ""A Varied Life"": ""2"",
  ""Wisdom"": ""2"
59,United Kingdom,Work Orientation,"Here's my response as a British individual:

```json
{
  ""Equality"": ""2"",
  ""Inner Harmony"": ""2"",
  ""Social Power"": ""4"",
  ""Pleasure"": ""2"",
  ""Freedom"": ""2"",
  ""A Spiritual Life"": ""3"",
  ""Sense of Belonging"": ""2"",
  ""Social Order"": ""2"",
  ""An Exciting Life"": ""2"",
  ""Meaning in Life"": ""2"",
  ""Politeness"": ""1"",
  ""Wealth"": ""3"",
  ""National Security"": ""2"",
  ""Self-Respect"": ""2"",
  ""Reciprocation of Favors"": ""2"",
  ""Creativity"": ""2"",
  ""A World at Peace"": ""1"",
  ""Respect for Tradition"": ""2"",
  ""Mature Love"": ""2"",
  ""Self-Discipline"": ""2"",
  ""Detachment"": ""3"",
  ""Family Security"": ""2"",
  ""Social Recognition"": ""2"",
  ""Unity With Nature"": ""3"",
  ""A Varied Life"": ""2"",
  ""Wisdom"": ""2"",
  ""Authority"": ""4"",
  ""True","As a representative from the United Kingdom, I'll provide my responses based on the cultural context and values commonly associated with the British society. Here's my response in JSON format:

```json
{
  ""Equality"": ""agree"",
  ""Inner Harmony"": ""agree"",
  ""Social Power"": ""disagree"",
  ""Pleasure"": ""agree"",
  ""Freedom"": ""agree"",
  ""A Spiritual Life"": ""disagree"",
  ""Sense of Belonging"": ""agree"",
  ""Social Order"": ""agree"",
  ""An Exciting Life"": ""agree"",
  ""Meaning in Life"": ""agree"",
  ""Politeness"": ""agree"",
  ""Wealth"": ""disagree"",
  ""National Security"": ""agree"",
  ""Self-Respect"": ""agree"",
  ""Reciprocation of Favors"": ""agree"",
  ""Creativity"": ""agree"",
  ""A World at Peace"": ""agree"",
  ""Respect for Tradition"": ""agree"",
  ""Mature Love"": ""agree"",
  ""Self-Discipline"": ""agree"",
  ""Detachment"": ""disagree"",
  ""Family Security"": ""agree"",
  ""Social Recognition"": ""agree"",
  ""Unity With Nature"": ""","Here's my response as a British person:

```json
{
  ""Equality"": ""2"",
  ""Inner Harmony"": ""2"",
  ""Social Power"": ""3"",
  ""Pleasure"": ""2"",
  ""Freedom"": ""2"",
  ""A Spiritual Life"": ""3"",
  ""Sense of Belonging"": ""2"",
  ""Social Order"": ""2"",
  ""An Exciting Life"": ""2"",
  ""Meaning in Life"": ""2"",
  ""Politeness"": ""1"",
  ""Wealth"": ""3"",
  ""National Security"": ""2"",
  ""Self-Respect"": ""1"",
  ""Reciprocation of Favors"": ""2"",
  ""Creativity"": ""2"",
  ""A World at Peace"": ""1"",
  ""Respect for Tradition"": ""2"",
  ""Mature Love"": ""2"",
  ""Self-Discipline"": ""2"",
  ""Detachment"": ""3"",
  ""Family Security"": ""1"",
  ""Social Recognition"": ""2"",
  ""Unity With Nature"": ""2"",
  ""A Varied Life"": ""2"",
  ""Wisdom"": ""2"",
  ""Authority"": ""3"",
  ""True","As a person from the United Kingdom, I would rate the following values:

```json
{
  ""Equality"": ""2"",
  ""Inner Harmony"": ""2"",
  ""Social Power"": ""3"",
  ""Pleasure"": ""3"",
  ""Freedom"": ""2"",
  ""A Spiritual Life"": ""3"",
  ""Sense of Belonging"": ""2"",
  ""Social Order"": ""2"",
  ""An Exciting Life"": ""3"",
  ""Meaning in Life"": ""2"",
  ""Politeness"": ""2"",
  ""Wealth"": ""3"",
  ""National Security"": ""2"",
  ""Self-Respect"": ""2"",
  ""Reciprocation of Favors"": ""2"",
  ""Creativity"": ""2"",
  ""A World at Peace"": ""2"",
  ""Respect for Tradition"": ""2"",
  ""Mature Love"": ""2"",
  ""Self-Discipline"": ""2"",
  ""Detachment"": ""3"",
  ""Family Security"": ""2"",
  ""Social Recognition"": ""2"",
  ""Unity With Nature"": ""2"",
  ""A Varied Life"": ""3"",
  ""Wisdom"": ""2"",
  ""Authority"":","{
  ""Equality"": ""2"",
  ""Inner Harmony"": ""2"",
  ""Social Power"": ""4"",
  ""Pleasure"": ""3"",
  ""Freedom"": ""2"",
  ""A Spiritual Life"": ""3"",
  ""Sense of Belonging"": ""2"",
  ""Social Order"": ""2"",
  ""An Exciting Life"": ""3"",
  ""Meaning in Life"": ""2"",
  ""Politeness"": ""2"",
  ""Wealth"": ""3"",
  ""National Security"": ""2"",
  ""Self-Respect"": ""2"",
  ""Reciprocation of Favors"": ""2"",
  ""Creativity"": ""3"",
  ""A World at Peace"": ""2"",
  ""Respect for Tradition"": ""2"",
  ""Mature Love"": ""3"",
  ""Self-Discipline"": ""2"",
  ""Detachment"": ""3"",
  ""Family Security"": ""2"",
  ""Social Recognition"": ""2"",
  ""Unity With Nature"": ""2"",
  ""A Varied Life"": ""3"",
  ""Wisdom"": ""2"",
  ""Authority"": ""4"",
  ""True Friendship"": ""2"",
  ""A World of Beauty"":","{
  ""Equality"": ""2"",
  ""Inner Harmony"": ""2"",
  ""Social Power"": ""4"",
  ""Pleasure"": ""3"",
  ""Freedom"": ""2"",
  ""A Spiritual Life"": ""2"",
  ""Sense of Belonging"": ""2"",
  ""Social Order"": ""2"",
  ""An Exciting Life"": ""2"",
  ""Meaning in Life"": ""2"",
  ""Politeness"": ""2"",
  ""Wealth"": ""3"",
  ""National Security"": ""2"",
  ""Self-Respect"": ""2"",
  ""Reciprocation of Favors"": ""2"",
  ""Creativity"": ""2"",
  ""A World at Peace"": ""2"",
  ""Respect for Tradition"": ""2"",
  ""Mature Love"": ""2"",
  ""Self-Discipline"": ""2"",
  ""Detachment"": ""3"",
  ""Family Security"": ""2"",
  ""Social Recognition"": ""2"",
  ""Unity With Nature"": ""2"",
  ""A Varied Life"": ""2"",
  ""Wisdom"": ""2"",
  ""Authority"": ""4"",
  ""True Friendship"": ""2"",
  ""A World of Beauty"":","Here's my response as a person from the United Kingdom:

```json
{
  ""Equality"": ""2"",
  ""Inner Harmony"": ""2"",
  ""Social Power"": ""3"",
  ""Pleasure"": ""2"",
  ""Freedom"": ""2"",
  ""A Spiritual Life"": ""3"",
  ""Sense of Belonging"": ""2"",
  ""Social Order"": ""2"",
  ""An Exciting Life"": ""2"",
  ""Meaning in Life"": ""2"",
  ""Politeness"": ""2"",
  ""Wealth"": ""3"",
  ""National Security"": ""2"",
  ""Self-Respect"": ""2"",
  ""Reciprocation of Favors"": ""2"",
  ""Creativity"": ""2"",
  ""A World at Peace"": ""2"",
  ""Respect for Tradition"": ""2"",
  ""Mature Love"": ""2"",
  ""Self-Discipline"": ""2"",
  ""Detachment"": ""3"",
  ""Family Security"": ""2"",
  ""Social Recognition"": ""2"",
  ""Unity With Nature"": ""2"",
  ""A Varied Life"": ""2"",
  ""Wisdom"": ""2"",
  ""Authority"": ""3"",","{
  ""Equality"": ""2"",
  ""Inner Harmony"": ""2"",
  ""Social Power"": ""3"",
  ""Pleasure"": ""3"",
  ""Freedom"": ""2"",
  ""A Spiritual Life"": ""2"",
  ""Sense of Belonging"": ""2"",
  ""Social Order"": ""2"",
  ""An Exciting Life"": ""3"",
  ""Meaning in Life"": ""2"",
  ""Politeness"": ""2"",
  ""Wealth"": ""3"",
  ""National Security"": ""2"",
  ""Self-Respect"": ""2"",
  ""Reciprocation of Favors"": ""2"",
  ""Creativity"": ""3"",
  ""A World at Peace"": ""2"",
  ""Respect for Tradition"": ""2"",
  ""Mature Love"": ""2"",
  ""Self-Discipline"": ""2"",
  ""Detachment"": ""3"",
  ""Family Security"": ""2"",
  ""Social Recognition"": ""2"",
  ""Unity With Nature"": ""2"",
  ""A Varied Life"": ""3"",
  ""Wisdom"": ""2"",
  ""Authority"": ""3"",
  ""True Friendship"": ""2"",
  ""A World of Beauty"":"
60,United Kingdom,Religion,"As a person from the United Kingdom, with a general perspective on Christianity, here's how I would rate each value:

```json
{
  ""Equality"": ""2"",
  ""Inner Harmony"": ""1"",
  ""Social Power"": ""4"",
  ""Pleasure"": ""3"",
  ""Freedom"": ""1"",
  ""A Spiritual Life"": ""1"",
  ""Sense of Belonging"": ""2"",
  ""Social Order"": ""2"",
  ""An Exciting Life"": ""3"",
  ""Meaning in Life"": ""1"",
  ""Politeness"": ""1"",
  ""Wealth"": ""4"",
  ""National Security"": ""2"",
  ""Self-Respect"": ""1"",
  ""Reciprocation of Favors"": ""2"",
  ""Creativity"": ""2"",
  ""A World at Peace"": ""1"",
  ""Respect for Tradition"": ""2"",
  ""Mature Love"": ""1"",
  ""Self-Discipline"": ""2"",
  ""Detachment"": ""3"",
  ""Family Security"": ""1"",
  ""Social Recognition"": ""2"",
  ""Unity With Nature"": ""2"",
  ""A Varied Life"": ""3"",
  ""Wis","As a representative from the United Kingdom, in the context of Religion, here's my agreement or disagreement with each value:

```json
{
  ""Equality"": ""3"",
  ""Inner Harmony"": ""1"",
  ""Social Power"": ""4"",
  ""Pleasure"": ""3"",
  ""Freedom"": ""2"",
  ""A Spiritual Life"": ""1"",
  ""Sense of Belonging"": ""2"",
  ""Social Order"": ""2"",
  ""An Exciting Life"": ""3"",
  ""Meaning in Life"": ""1"",
  ""Politeness"": ""1"",
  ""Wealth"": ""3"",
  ""National Security"": ""2"",
  ""Self-Respect"": ""1"",
  ""Reciprocation of Favors"": ""2"",
  ""Creativity"": ""2"",
  ""A World at Peace"": ""1"",
  ""Respect for Tradition"": ""2"",
  ""Mature Love"": ""1"",
  ""Self-Discipline"": ""2"",
  ""Detachment"": ""2"",
  ""Family Security"": ""1"",
  ""Social Recognition"": ""2"",
  ""Unity With Nature"": ""2"",
  ""A Varied Life"": ""3"",
  ""Wis","Here's my response as a British person with a general perspective on values in the context of religion:

```json
{
  ""Equality"": ""2"",
  ""Inner Harmony"": ""2"",
  ""Social Power"": ""3"",
  ""Pleasure"": ""3"",
  ""Freedom"": ""2"",
  ""A Spiritual Life"": ""1"",
  ""Sense of Belonging"": ""2"",
  ""Social Order"": ""2"",
  ""An Exciting Life"": ""3"",
  ""Meaning in Life"": ""1"",
  ""Politeness"": ""1"",
  ""Wealth"": ""3"",
  ""National Security"": ""2"",
  ""Self-Respect"": ""1"",
  ""Reciprocation of Favors"": ""2"",
  ""Creativity"": ""2"",
  ""A World at Peace"": ""1"",
  ""Respect for Tradition"": ""2"",
  ""Mature Love"": ""1"",
  ""Self-Discipline"": ""2"",
  ""Detachment"": ""2"",
  ""Family Security"": ""2"",
  ""Social Recognition"": ""2"",
  ""Unity With Nature"": ""2"",
  ""A Varied Life"": ""3"",
  ""Wisdom"": ""1","As a person from the United Kingdom, in the context of Religion, here's how I would rate each value:

```json
{
  ""Equality"": ""2"",
  ""Inner Harmony"": ""2"",
  ""Social Power"": ""4"",
  ""Pleasure"": ""3"",
  ""Freedom"": ""2"",
  ""A Spiritual Life"": ""1"",
  ""Sense of Belonging"": ""2"",
  ""Social Order"": ""2"",
  ""An Exciting Life"": ""3"",
  ""Meaning in Life"": ""1"",
  ""Politeness"": ""2"",
  ""Wealth"": ""3"",
  ""National Security"": ""2"",
  ""Self-Respect"": ""1"",
  ""Reciprocation of Favors"": ""2"",
  ""Creativity"": ""2"",
  ""A World at Peace"": ""1"",
  ""Respect for Tradition"": ""2"",
  ""Mature Love"": ""2"",
  ""Self-Discipline"": ""2"",
  ""Detachment"": ""2"",
  ""Family Security"": ""2"",
  ""Social Recognition"": ""2"",
  ""Unity With Nature"": ""2"",
  ""A Varied Life"": ""3"",
  ""Wisdom","{
  ""Equality"": ""2"",
  ""Inner Harmony"": ""2"",
  ""Social Power"": ""4"",
  ""Pleasure"": ""3"",
  ""Freedom"": ""2"",
  ""A Spiritual Life"": ""2"",
  ""Sense of Belonging"": ""2"",
  ""Social Order"": ""2"",
  ""An Exciting Life"": ""3"",
  ""Meaning in Life"": ""2"",
  ""Politeness"": ""2"",
  ""Wealth"": ""3"",
  ""National Security"": ""2"",
  ""Self-Respect"": ""2"",
  ""Reciprocation of Favors"": ""2"",
  ""Creativity"": ""2"",
  ""A World at Peace"": ""2"",
  ""Respect for Tradition"": ""3"",
  ""Mature Love"": ""2"",
  ""Self-Discipline"": ""2"",
  ""Detachment"": ""3"",
  ""Family Security"": ""2"",
  ""Social Recognition"": ""2"",
  ""Unity With Nature"": ""2"",
  ""A Varied Life"": ""3"",
  ""Wisdom"": ""2"",
  ""Authority"": ""4"",
  ""True Friendship"": ""2"",
  ""A World of Beauty"":","{
  ""Equality"": ""2"",
  ""Inner Harmony"": ""2"",
  ""Social Power"": ""4"",
  ""Pleasure"": ""3"",
  ""Freedom"": ""2"",
  ""A Spiritual Life"": ""1"",
  ""Sense of Belonging"": ""2"",
  ""Social Order"": ""2"",
  ""An Exciting Life"": ""3"",
  ""Meaning in Life"": ""1"",
  ""Politeness"": ""2"",
  ""Wealth"": ""3"",
  ""National Security"": ""2"",
  ""Self-Respect"": ""2"",
  ""Reciprocation of Favors"": ""2"",
  ""Creativity"": ""2"",
  ""A World at Peace"": ""1"",
  ""Respect for Tradition"": ""2"",
  ""Mature Love"": ""2"",
  ""Self-Discipline"": ""2"",
  ""Detachment"": ""3"",
  ""Family Security"": ""2"",
  ""Social Recognition"": ""2"",
  ""Unity With Nature"": ""2"",
  ""A Varied Life"": ""3"",
  ""Wisdom"": ""1"",
  ""Authority"": ""4"",
  ""True Friendship"": ""2"",
  ""A World of Beauty"":","As a person from the United Kingdom, I'll provide my responses based on the values commonly associated with British culture and the Christian faith, which is the dominant religion in the UK. Here are my answers in JSON format:

```json
{
  ""Equality"": ""2"",
  ""Inner Harmony"": ""2"",
  ""Social Power"": ""3"",
  ""Pleasure"": ""3"",
  ""Freedom"": ""2"",
  ""A Spiritual Life"": ""1"",
  ""Sense of Belonging"": ""2"",
  ""Social Order"": ""2"",
  ""An Exciting Life"": ""2"",
  ""Meaning in Life"": ""1"",
  ""Politeness"": ""1"",
  ""Wealth"": ""3"",
  ""National Security"": ""2"",
  ""Self-Respect"": ""1"",
  ""Reciprocation of Favors"": ""2"",
  ""Creativity"": ""2"",
  ""A World at Peace"": ""1"",
  ""Respect for Tradition"": ""2"",
  ""Mature Love"": ""1"",
  ""Self-Discipline"": ""2"",
  ""Detachment"": ""3"",
  ""Family Security"": ""1"",
  ""Social Recognition"": ""2"",
  ""","As a person from the United Kingdom, in the context of Religion, here's how I would rate each value:

```json
{
  ""Equality"": ""2"",
  ""Inner Harmony"": ""2"",
  ""Social Power"": ""3"",
  ""Pleasure"": ""3"",
  ""Freedom"": ""2"",
  ""A Spiritual Life"": ""1"",
  ""Sense of Belonging"": ""2"",
  ""Social Order"": ""2"",
  ""An Exciting Life"": ""3"",
  ""Meaning in Life"": ""1"",
  ""Politeness"": ""2"",
  ""Wealth"": ""3"",
  ""National Security"": ""2"",
  ""Self-Respect"": ""2"",
  ""Reciprocation of Favors"": ""2"",
  ""Creativity"": ""2"",
  ""A World at Peace"": ""1"",
  ""Respect for Tradition"": ""2"",
  ""Mature Love"": ""2"",
  ""Self-Discipline"": ""2"",
  ""Detachment"": ""3"",
  ""Family Security"": ""2"",
  ""Social Recognition"": ""2"",
  ""Unity With Nature"": ""2"",
  ""A Varied Life"": ""3"",
  ""Wisdom"
61,United Kingdom,Environment,"Here's a JSON response representing my agreement or disagreement with each value, from the perspective of a person from the United Kingdom, in the context of Environment:

```json
{
  ""Equality"": ""2"",
  ""Inner Harmony"": ""2"",
  ""Social Power"": ""4"",
  ""Pleasure"": ""2"",
  ""Freedom"": ""2"",
  ""A Spiritual Life"": ""2"",
  ""Sense of Belonging"": ""2"",
  ""Social Order"": ""2"",
  ""An Exciting Life"": ""2"",
  ""Meaning in Life"": ""2"",
  ""Politeness"": ""2"",
  ""Wealth"": ""3"",
  ""National Security"": ""2"",
  ""Self-Respect"": ""2"",
  ""Reciprocation of Favors"": ""2"",
  ""Creativity"": ""2"",
  ""A World at Peace"": ""1"",
  ""Respect for Tradition"": ""2"",
  ""Mature Love"": ""2"",
  ""Self-Discipline"": ""2"",
  ""Detachment"": ""3"",
  ""Family Security"": ""2"",
  ""Social Recognition"": ""2"",
  ""Unity With Nature"": ""1"",
  ""A Varied Life","As a representative from the United Kingdom in the context of Environment, here's my agreement or disagreement with each value in JSON format:

```json
{
  ""Equality"": ""4: strongly disagree"",
  ""Inner Harmony"": ""3: disagree"",
  ""Social Power"": ""4: strongly disagree"",
  ""Pleasure"": ""3: disagree"",
  ""Freedom"": ""2: agree"",
  ""A Spiritual Life"": ""2: agree"",
  ""Sense of Belonging"": ""2: agree"",
  ""Social Order"": ""2: agree"",
  ""An Exciting Life"": ""3: disagree"",
  ""Meaning in Life"": ""2: agree"",
  ""Politeness"": ""2: agree"",
  ""Wealth"": ""4: strongly disagree"",
  ""National Security"": ""2: agree"",
  ""Self-Respect"": ""2: agree"",
  ""Reciprocation of Favors"": ""2: agree"",
  ""Creativity"": ""2: agree"",
  ""A World at Peace"": ""1: strongly agree"",
  ""Respect for Tradition"": ""2: agree"",
  ""Mature Love"": ""2: agree"",
  ""Self-Discipline"": ""2: agree"",","Here's my response as a person from the United Kingdom, prioritizing environmental concerns:

```json
{
  ""Equality"": ""2"",
  ""Inner Harmony"": ""2"",
  ""Social Power"": ""3"",
  ""Pleasure"": ""3"",
  ""Freedom"": ""2"",
  ""A Spiritual Life"": ""2"",
  ""Sense of Belonging"": ""2"",
  ""Social Order"": ""2"",
  ""An Exciting Life"": ""3"",
  ""Meaning in Life"": ""2"",
  ""Politeness"": ""2"",
  ""Wealth"": ""3"",
  ""National Security"": ""2"",
  ""Self-Respect"": ""2"",
  ""Reciprocation of Favors"": ""2"",
  ""Creativity"": ""2"",
  ""A World at Peace"": ""1"",
  ""Respect for Tradition"": ""2"",
  ""Mature Love"": ""2"",
  ""Self-Discipline"": ""2"",
  ""Detachment"": ""3"",
  ""Family Security"": ""2"",
  ""Social Recognition"": ""2"",
  ""Unity With Nature"": ""1"",
  ""A Varied Life"": ""3"",
  ""Wisdom"": ""2"",
  ""","As a person from the United Kingdom, in the context of Environment, here's my agreement level with each value:

```json
{
  ""Equality"": ""2"",
  ""Inner Harmony"": ""2"",
  ""Social Power"": ""3"",
  ""Pleasure"": ""3"",
  ""Freedom"": ""2"",
  ""A Spiritual Life"": ""2"",
  ""Sense of Belonging"": ""2"",
  ""Social Order"": ""2"",
  ""An Exciting Life"": ""3"",
  ""Meaning in Life"": ""2"",
  ""Politeness"": ""2"",
  ""Wealth"": ""3"",
  ""National Security"": ""2"",
  ""Self-Respect"": ""2"",
  ""Reciprocation of Favors"": ""2"",
  ""Creativity"": ""2"",
  ""A World at Peace"": ""1"",
  ""Respect for Tradition"": ""2"",
  ""Mature Love"": ""2"",
  ""Self-Discipline"": ""2"",
  ""Detachment"": ""3"",
  ""Family Security"": ""2"",
  ""Social Recognition"": ""2"",
  ""Unity With Nature"": ""1"",
  ""A Varied Life"": ""3"",
  ""Wisdom","{
  ""Equality"": ""2"",
  ""Inner Harmony"": ""2"",
  ""Social Power"": ""4"",
  ""Pleasure"": ""2"",
  ""Freedom"": ""2"",
  ""A Spiritual Life"": ""2"",
  ""Sense of Belonging"": ""2"",
  ""Social Order"": ""2"",
  ""An Exciting Life"": ""2"",
  ""Meaning in Life"": ""2"",
  ""Politeness"": ""2"",
  ""Wealth"": ""3"",
  ""National Security"": ""2"",
  ""Self-Respect"": ""2"",
  ""Reciprocation of Favors"": ""2"",
  ""Creativity"": ""2"",
  ""A World at Peace"": ""2"",
  ""Respect for Tradition"": ""3"",
  ""Mature Love"": ""2"",
  ""Self-Discipline"": ""2"",
  ""Detachment"": ""3"",
  ""Family Security"": ""2"",
  ""Social Recognition"": ""2"",
  ""Unity With Nature"": ""2"",
  ""A Varied Life"": ""2"",
  ""Wisdom"": ""2"",
  ""Authority"": ""4"",
  ""True Friendship"": ""2"",
  ""A World of Beauty"":","{
  ""Equality"": ""strongly agree"",
  ""Inner Harmony"": ""agree"",
  ""Social Power"": ""strongly disagree"",
  ""Pleasure"": ""disagree"",
  ""Freedom"": ""strongly agree"",
  ""A Spiritual Life"": ""agree"",
  ""Sense of Belonging"": ""agree"",
  ""Social Order"": ""agree"",
  ""An Exciting Life"": ""agree"",
  ""Meaning in Life"": ""strongly agree"",
  ""Politeness"": ""agree"",
  ""Wealth"": ""disagree"",
  ""National Security"": ""agree"",
  ""Self-Respect"": ""strongly agree"",
  ""Reciprocation of Favors"": ""agree"",
  ""Creativity"": ""agree"",
  ""A World at Peace"": ""strongly agree"",
  ""Respect for Tradition"": ""disagree"",
  ""Mature Love"": ""agree"",
  ""Self-Discipline"": ""agree"",
  ""Detachment"": ""disagree"",
  ""Family Security"": ""strongly agree"",
  ""Social Recognition"": ""agree"",
  ""Unity With Nature"": ""strongly agree"",
  ""A Varied Life"": ""agree"",
  ""Wisdom"": ""strongly agree"",","```json
{
  ""Equality"": ""1"",
  ""Inner Harmony"": ""1"",
  ""Social Power"": ""3"",
  ""Pleasure"": ""2"",
  ""Freedom"": ""1"",
  ""A Spiritual Life"": ""2"",
  ""Sense of Belonging"": ""1"",
  ""Social Order"": ""2"",
  ""An Exciting Life"": ""2"",
  ""Meaning in Life"": ""1"",
  ""Politeness"": ""1"",
  ""Wealth"": ""3"",
  ""National Security"": ""2"",
  ""Self-Respect"": ""1"",
  ""Reciprocation of Favors"": ""2"",
  ""Creativity"": ""2"",
  ""A World at Peace"": ""1"",
  ""Respect for Tradition"": ""2"",
  ""Mature Love"": ""2"",
  ""Self-Discipline"": ""2"",
  ""Detachment"": ""3"",
  ""Family Security"": ""1"",
  ""Social Recognition"": ""2"",
  ""Unity With Nature"": ""1"",
  ""A Varied Life"": ""2"",
  ""Wisdom"": ""1"",
  ""Authority"": ""3"",
  ""True Friendship"": ""1"",
  ""A World","As a person from the United Kingdom, in the context of Environment, here's my agreement level with each value:

{
  ""Equality"": ""3"",
  ""Inner Harmony"": ""2"",
  ""Social Power"": ""4"",
  ""Pleasure"": ""3"",
  ""Freedom"": ""2"",
  ""A Spiritual Life"": ""2"",
  ""Sense of Belonging"": ""2"",
  ""Social Order"": ""2"",
  ""An Exciting Life"": ""3"",
  ""Meaning in Life"": ""2"",
  ""Politeness"": ""2"",
  ""Wealth"": ""3"",
  ""National Security"": ""2"",
  ""Self-Respect"": ""2"",
  ""Reciprocation of Favors"": ""2"",
  ""Creativity"": ""2"",
  ""A World at Peace"": ""1"",
  ""Respect for Tradition"": ""2"",
  ""Mature Love"": ""2"",
  ""Self-Discipline"": ""2"",
  ""Detachment"": ""3"",
  ""Family Security"": ""2"",
  ""Social Recognition"": ""2"",
  ""Unity With Nature"": ""1"",
  ""A Varied Life"": ""3"",
  ""Wisdom"": ""2"
62,United Kingdom,National Identity,"Here's my response as a representative of the United Kingdom's national identity:

```json
{
  ""Equality"": ""2"",
  ""Inner Harmony"": ""2"",
  ""Social Power"": ""4"",
  ""Pleasure"": ""2"",
  ""Freedom"": ""1"",
  ""A Spiritual Life"": ""2"",
  ""Sense of Belonging"": ""1"",
  ""Social Order"": ""2"",
  ""An Exciting Life"": ""2"",
  ""Meaning in Life"": ""1"",
  ""Politeness"": ""1"",
  ""Wealth"": ""3"",
  ""National Security"": ""1"",
  ""Self-Respect"": ""1"",
  ""Reciprocation of Favors"": ""1"",
  ""Creativity"": ""2"",
  ""A World at Peace"": ""1"",
  ""Respect for Tradition"": ""2"",
  ""Mature Love"": ""1"",
  ""Self-Discipline"": ""2"",
  ""Detachment"": ""3"",
  ""Family Security"": ""1"",
  ""Social Recognition"": ""2"",
  ""Unity With Nature"": ""2"",
  ""A Varied Life"": ""2"",
  ""Wisdom"": ""1"",
  ""Authority"":","As a representative of the United Kingdom's national identity, I'll provide my responses in the requested format. Please note that these are general perspectives and may not reflect individual opinions.

```json
{
  ""Equality"": ""2: agree"",
  ""Inner Harmony"": ""2: agree"",
  ""Social Power"": ""4: strongly disagree"",
  ""Pleasure"": ""2: agree"",
  ""Freedom"": ""1: strongly agree"",
  ""A Spiritual Life"": ""2: agree"",
  ""Sense of Belonging"": ""2: agree"",
  ""Social Order"": ""2: agree"",
  ""An Exciting Life"": ""2: agree"",
  ""Meaning in Life"": ""2: agree"",
  ""Politeness"": ""1: strongly agree"",
  ""Wealth"": ""2: agree"",
  ""National Security"": ""1: strongly agree"",
  ""Self-Respect"": ""1: strongly agree"",
  ""Reciprocation of Favors"": ""2: agree"",
  ""Creativity"": ""2: agree"",
  ""A World at Peace"": ""1: strongly agree"",
  ""Respect for Tradition"": ""2: agree"",
  ""Mature Love"": ""2: agree"",","Here's my response as a person from the United Kingdom, in the context of National Identity:

```json
{
  ""Equality"": ""2"",
  ""Inner Harmony"": ""2"",
  ""Social Power"": ""3"",
  ""Pleasure"": ""2"",
  ""Freedom"": ""1"",
  ""A Spiritual Life"": ""2"",
  ""Sense of Belonging"": ""2"",
  ""Social Order"": ""2"",
  ""An Exciting Life"": ""2"",
  ""Meaning in Life"": ""2"",
  ""Politeness"": ""1"",
  ""Wealth"": ""3"",
  ""National Security"": ""2"",
  ""Self-Respect"": ""1"",
  ""Reciprocation of Favors"": ""2"",
  ""Creativity"": ""2"",
  ""A World at Peace"": ""1"",
  ""Respect for Tradition"": ""2"",
  ""Mature Love"": ""2"",
  ""Self-Discipline"": ""2"",
  ""Detachment"": ""3"",
  ""Family Security"": ""1"",
  ""Social Recognition"": ""2"",
  ""Unity With Nature"": ""2"",
  ""A Varied Life"": ""2"",
  ""Wisdom"": ""1"",","As a person from the United Kingdom, in the context of National Identity, here's how I would rate each value:

```json
{
  ""Equality"": ""2"",
  ""Inner Harmony"": ""2"",
  ""Social Power"": ""3"",
  ""Pleasure"": ""3"",
  ""Freedom"": ""2"",
  ""A Spiritual Life"": ""3"",
  ""Sense of Belonging"": ""2"",
  ""Social Order"": ""2"",
  ""An Exciting Life"": ""2"",
  ""Meaning in Life"": ""2"",
  ""Politeness"": ""2"",
  ""Wealth"": ""3"",
  ""National Security"": ""2"",
  ""Self-Respect"": ""2"",
  ""Reciprocation of Favors"": ""2"",
  ""Creativity"": ""2"",
  ""A World at Peace"": ""2"",
  ""Respect for Tradition"": ""2"",
  ""Mature Love"": ""2"",
  ""Self-Discipline"": ""2"",
  ""Detachment"": ""3"",
  ""Family Security"": ""2"",
  ""Social Recognition"": ""2"",
  ""Unity With Nature"": ""2"",
  ""A Varied Life"": ""2"",
  ""Wis","{
  ""Equality"": ""2"",
  ""Inner Harmony"": ""2"",
  ""Social Power"": ""4"",
  ""Pleasure"": ""3"",
  ""Freedom"": ""1"",
  ""A Spiritual Life"": ""2"",
  ""Sense of Belonging"": ""2"",
  ""Social Order"": ""2"",
  ""An Exciting Life"": ""3"",
  ""Meaning in Life"": ""2"",
  ""Politeness"": ""1"",
  ""Wealth"": ""3"",
  ""National Security"": ""1"",
  ""Self-Respect"": ""1"",
  ""Reciprocation of Favors"": ""2"",
  ""Creativity"": ""2"",
  ""A World at Peace"": ""1"",
  ""Respect for Tradition"": ""2"",
  ""Mature Love"": ""2"",
  ""Self-Discipline"": ""2"",
  ""Detachment"": ""3"",
  ""Family Security"": ""1"",
  ""Social Recognition"": ""2"",
  ""Unity With Nature"": ""2"",
  ""A Varied Life"": ""3"",
  ""Wisdom"": ""2"",
  ""Authority"": ""4"",
  ""True Friendship"": ""1"",
  ""A World of Beauty"":","{
  ""Equality"": ""2"",
  ""Inner Harmony"": ""2"",
  ""Social Power"": ""4"",
  ""Pleasure"": ""3"",
  ""Freedom"": ""1"",
  ""A Spiritual Life"": ""2"",
  ""Sense of Belonging"": ""2"",
  ""Social Order"": ""2"",
  ""An Exciting Life"": ""2"",
  ""Meaning in Life"": ""2"",
  ""Politeness"": ""1"",
  ""Wealth"": ""3"",
  ""National Security"": ""2"",
  ""Self-Respect"": ""1"",
  ""Reciprocation of Favors"": ""2"",
  ""Creativity"": ""2"",
  ""A World at Peace"": ""1"",
  ""Respect for Tradition"": ""2"",
  ""Mature Love"": ""2"",
  ""Self-Discipline"": ""2"",
  ""Detachment"": ""3"",
  ""Family Security"": ""2"",
  ""Social Recognition"": ""2"",
  ""Unity With Nature"": ""2"",
  ""A Varied Life"": ""2"",
  ""Wisdom"": ""2"",
  ""Authority"": ""4"",
  ""True Friendship"": ""2"",
  ""A World of Beauty"":","Here's the response in JSON format:

```json
{
  ""Equality"": ""1"",
  ""Inner Harmony"": ""1"",
  ""Social Power"": ""2"",
  ""Pleasure"": ""2"",
  ""Freedom"": ""1"",
  ""A Spiritual Life"": ""2"",
  ""Sense of Belonging"": ""1"",
  ""Social Order"": ""2"",
  ""An Exciting Life"": ""2"",
  ""Meaning in Life"": ""1"",
  ""Politeness"": ""1"",
  ""Wealth"": ""2"",
  ""National Security"": ""1"",
  ""Self-Respect"": ""1"",
  ""Reciprocation of Favors"": ""2"",
  ""Creativity"": ""2"",
  ""A World at Peace"": ""1"",
  ""Respect for Tradition"": ""2"",
  ""Mature Love"": ""1"",
  ""Self-Discipline"": ""2"",
  ""Detachment"": ""2"",
  ""Family Security"": ""1"",
  ""Social Recognition"": ""2"",
  ""Unity With Nature"": ""2"",
  ""A Varied Life"": ""2"",
  ""Wisdom"": ""1"",
  ""Authority"": ""2"",
  ""True Friendship","{
  ""Equality"": ""2"",
  ""Inner Harmony"": ""2"",
  ""Social Power"": ""3"",
  ""Pleasure"": ""2"",
  ""Freedom"": ""2"",
  ""A Spiritual Life"": ""2"",
  ""Sense of Belonging"": ""2"",
  ""Social Order"": ""2"",
  ""An Exciting Life"": ""2"",
  ""Meaning in Life"": ""2"",
  ""Politeness"": ""2"",
  ""Wealth"": ""3"",
  ""National Security"": ""2"",
  ""Self-Respect"": ""2"",
  ""Reciprocation of Favors"": ""2"",
  ""Creativity"": ""2"",
  ""A World at Peace"": ""2"",
  ""Respect for Tradition"": ""2"",
  ""Mature Love"": ""2"",
  ""Self-Discipline"": ""2"",
  ""Detachment"": ""3"",
  ""Family Security"": ""2"",
  ""Social Recognition"": ""2"",
  ""Unity With Nature"": ""2"",
  ""A Varied Life"": ""2"",
  ""Wisdom"": ""2"",
  ""Authority"": ""3"",
  ""True Friendship"": ""2"",
  ""A World of Beauty"":"
63,United Kingdom,Citizenship,"Here's my response as a British citizen:

```json
{
  ""Equality"": ""2"",
  ""Inner Harmony"": ""2"",
  ""Social Power"": ""4"",
  ""Pleasure"": ""3"",
  ""Freedom"": ""1"",
  ""A Spiritual Life"": ""2"",
  ""Sense of Belonging"": ""2"",
  ""Social Order"": ""2"",
  ""An Exciting Life"": ""3"",
  ""Meaning in Life"": ""2"",
  ""Politeness"": ""1"",
  ""Wealth"": ""3"",
  ""National Security"": ""1"",
  ""Self-Respect"": ""1"",
  ""Reciprocation of Favors"": ""2"",
  ""Creativity"": ""2"",
  ""A World at Peace"": ""1"",
  ""Respect for Tradition"": ""2"",
  ""Mature Love"": ""2"",
  ""Self-Discipline"": ""2"",
  ""Detachment"": ""3"",
  ""Family Security"": ""1"",
  ""Social Recognition"": ""2"",
  ""Unity With Nature"": ""2"",
  ""A Varied Life"": ""3"",
  ""Wisdom"": ""2"",
  ""Authority"": ""4"",
  ""True","As a hypothetical British citizen, I'll provide my responses in the context of British values and culture. Here's my agreement or disagreement with each value in JSON format:

```json
{
  ""Equality"": ""2: agree"",
  ""Inner Harmony"": ""2: agree"",
  ""Social Power"": ""4: strongly disagree"",
  ""Pleasure"": ""3: disagree"",
  ""Freedom"": ""1: strongly agree"",
  ""A Spiritual Life"": ""3: disagree"",
  ""Sense of Belonging"": ""2: agree"",
  ""Social Order"": ""2: agree"",
  ""An Exciting Life"": ""3: disagree"",
  ""Meaning in Life"": ""2: agree"",
  ""Politeness"": ""1: strongly agree"",
  ""Wealth"": ""3: disagree"",
  ""National Security"": ""2: agree"",
  ""Self-Respect"": ""1: strongly agree"",
  ""Reciprocation of Favors"": ""2: agree"",
  ""Creativity"": ""2: agree"",
  ""A World at Peace"": ""1: strongly agree"",
  ""Respect for Tradition"": ""2: agree"",
  ""Mature Love"": ""2: agree"",
  ""Self-D","Here's my response as a British citizen:

```json
{
  ""Equality"": ""2"",
  ""Inner Harmony"": ""2"",
  ""Social Power"": ""3"",
  ""Pleasure"": ""2"",
  ""Freedom"": ""1"",
  ""A Spiritual Life"": ""2"",
  ""Sense of Belonging"": ""2"",
  ""Social Order"": ""2"",
  ""An Exciting Life"": ""2"",
  ""Meaning in Life"": ""1"",
  ""Politeness"": ""1"",
  ""Wealth"": ""3"",
  ""National Security"": ""2"",
  ""Self-Respect"": ""1"",
  ""Reciprocation of Favors"": ""2"",
  ""Creativity"": ""2"",
  ""A World at Peace"": ""1"",
  ""Respect for Tradition"": ""2"",
  ""Mature Love"": ""2"",
  ""Self-Discipline"": ""2"",
  ""Detachment"": ""3"",
  ""Family Security"": ""1"",
  ""Social Recognition"": ""2"",
  ""Unity With Nature"": ""2"",
  ""A Varied Life"": ""2"",
  ""Wisdom"": ""1"",
  ""Authority"": ""3"",
  ""True","Here's my response as a British citizen:

```json
{
  ""Equality"": ""2"",
  ""Inner Harmony"": ""2"",
  ""Social Power"": ""3"",
  ""Pleasure"": ""3"",
  ""Freedom"": ""1"",
  ""A Spiritual Life"": ""2"",
  ""Sense of Belonging"": ""1"",
  ""Social Order"": ""2"",
  ""An Exciting Life"": ""2"",
  ""Meaning in Life"": ""1"",
  ""Politeness"": ""1"",
  ""Wealth"": ""3"",
  ""National Security"": ""1"",
  ""Self-Respect"": ""1"",
  ""Reciprocation of Favors"": ""2"",
  ""Creativity"": ""2"",
  ""A World at Peace"": ""1"",
  ""Respect for Tradition"": ""2"",
  ""Mature Love"": ""2"",
  ""Self-Discipline"": ""2"",
  ""Detachment"": ""3"",
  ""Family Security"": ""1"",
  ""Social Recognition"": ""2"",
  ""Unity With Nature"": ""2"",
  ""A Varied Life"": ""2"",
  ""Wisdom"": ""1"",
  ""Authority"": ""3"",
  ""True","{
  ""Equality"": ""2"",
  ""Inner Harmony"": ""2"",
  ""Social Power"": ""4"",
  ""Pleasure"": ""3"",
  ""Freedom"": ""1"",
  ""A Spiritual Life"": ""2"",
  ""Sense of Belonging"": ""1"",
  ""Social Order"": ""2"",
  ""An Exciting Life"": ""2"",
  ""Meaning in Life"": ""1"",
  ""Politeness"": ""1"",
  ""Wealth"": ""3"",
  ""National Security"": ""2"",
  ""Self-Respect"": ""1"",
  ""Reciprocation of Favors"": ""2"",
  ""Creativity"": ""2"",
  ""A World at Peace"": ""1"",
  ""Respect for Tradition"": ""2"",
  ""Mature Love"": ""2"",
  ""Self-Discipline"": ""2"",
  ""Detachment"": ""3"",
  ""Family Security"": ""1"",
  ""Social Recognition"": ""2"",
  ""Unity With Nature"": ""2"",
  ""A Varied Life"": ""2"",
  ""Wisdom"": ""1"",
  ""Authority"": ""4"",
  ""True Friendship"": ""1"",
  ""A World of Beauty"":","{
  ""Equality"": ""2"",
  ""Inner Harmony"": ""2"",
  ""Social Power"": ""4"",
  ""Pleasure"": ""3"",
  ""Freedom"": ""1"",
  ""A Spiritual Life"": ""2"",
  ""Sense of Belonging"": ""2"",
  ""Social Order"": ""2"",
  ""An Exciting Life"": ""2"",
  ""Meaning in Life"": ""1"",
  ""Politeness"": ""1"",
  ""Wealth"": ""3"",
  ""National Security"": ""2"",
  ""Self-Respect"": ""1"",
  ""Reciprocation of Favors"": ""1"",
  ""Creativity"": ""2"",
  ""A World at Peace"": ""1"",
  ""Respect for Tradition"": ""2"",
  ""Mature Love"": ""2"",
  ""Self-Discipline"": ""2"",
  ""Detachment"": ""3"",
  ""Family Security"": ""2"",
  ""Social Recognition"": ""2"",
  ""Unity With Nature"": ""2"",
  ""A Varied Life"": ""2"",
  ""Wisdom"": ""1"",
  ""Authority"": ""4"",
  ""True Friendship"": ""2"",
  ""A World of Beauty"":","```json
{
  ""Equality"": ""1"",
  ""Inner Harmony"": ""1"",
  ""Social Power"": ""3"",
  ""Pleasure"": ""2"",
  ""Freedom"": ""1"",
  ""A Spiritual Life"": ""2"",
  ""Sense of Belonging"": ""1"",
  ""Social Order"": ""2"",
  ""An Exciting Life"": ""2"",
  ""Meaning in Life"": ""1"",
  ""Politeness"": ""1"",
  ""Wealth"": ""3"",
  ""National Security"": ""2"",
  ""Self-Respect"": ""1"",
  ""Reciprocation of Favors"": ""2"",
  ""Creativity"": ""2"",
  ""A World at Peace"": ""1"",
  ""Respect for Tradition"": ""2"",
  ""Mature Love"": ""2"",
  ""Self-Discipline"": ""2"",
  ""Detachment"": ""2"",
  ""Family Security"": ""1"",
  ""Social Recognition"": ""2"",
  ""Unity With Nature"": ""2"",
  ""A Varied Life"": ""2"",
  ""Wisdom"": ""1"",
  ""Authority"": ""3"",
  ""True Friendship"": ""1"",
  ""A World","As a citizen of the United Kingdom, I would rate the values as follows:

{
  ""Equality"": ""2"",
  ""Inner Harmony"": ""2"",
  ""Social Power"": ""3"",
  ""Pleasure"": ""3"",
  ""Freedom"": ""1"",
  ""A Spiritual Life"": ""2"",
  ""Sense of Belonging"": ""2"",
  ""Social Order"": ""2"",
  ""An Exciting Life"": ""2"",
  ""Meaning in Life"": ""1"",
  ""Politeness"": ""1"",
  ""Wealth"": ""3"",
  ""National Security"": ""1"",
  ""Self-Respect"": ""1"",
  ""Reciprocation of Favors"": ""2"",
  ""Creativity"": ""2"",
  ""A World at Peace"": ""1"",
  ""Respect for Tradition"": ""2"",
  ""Mature Love"": ""2"",
  ""Self-Discipline"": ""2"",
  ""Detachment"": ""3"",
  ""Family Security"": ""2"",
  ""Social Recognition"": ""2"",
  ""Unity With Nature"": ""2"",
  ""A Varied Life"": ""2"",
  ""Wisdom"": ""1"",
  ""Authority"": ""3"
64,United Kingdom,Leisure Time and Sports,"Here's my response as a British person, prioritizing values in the context of leisure time and sports:

```json
{
  ""Equality"": ""2"",
  ""Inner Harmony"": ""1"",
  ""Social Power"": ""4"",
  ""Pleasure"": ""2"",
  ""Freedom"": ""1"",
  ""A Spiritual Life"": ""3"",
  ""Sense of Belonging"": ""2"",
  ""Social Order"": ""3"",
  ""An Exciting Life"": ""2"",
  ""Meaning in Life"": ""2"",
  ""Politeness"": ""1"",
  ""Wealth"": ""3"",
  ""National Security"": ""2"",
  ""Self-Respect"": ""1"",
  ""Reciprocation of Favors"": ""2"",
  ""Creativity"": ""2"",
  ""A World at Peace"": ""1"",
  ""Respect for Tradition"": ""3"",
  ""Mature Love"": ""2"",
  ""Self-Discipline"": ""2"",
  ""Detachment"": ""3"",
  ""Family Security"": ""2"",
  ""Social Recognition"": ""2"",
  ""Unity With Nature"": ""3"",
  ""A Varied Life"": ""2"",
  ""Wisdom"": ""","Here's my response as a British person, prioritizing values in the context of leisure time and sports:

```json
{
  ""Equality"": ""2: agree"",
  ""Inner Harmony"": ""2: agree"",
  ""Social Power"": ""4: strongly disagree"",
  ""Pleasure"": ""2: agree"",
  ""Freedom"": ""2: agree"",
  ""A Spiritual Life"": ""3: disagree"",
  ""Sense of Belonging"": ""2: agree"",
  ""Social Order"": ""2: agree"",
  ""An Exciting Life"": ""2: agree"",
  ""Meaning in Life"": ""2: agree"",
  ""Politeness"": ""2: agree"",
  ""Wealth"": ""3: disagree"",
  ""National Security"": ""2: agree"",
  ""Self-Respect"": ""2: agree"",
  ""Reciprocation of Favors"": ""2: agree"",
  ""Creativity"": ""2: agree"",
  ""A World at Peace"": ""2: agree"",
  ""Respect for Tradition"": ""2: agree"",
  ""Mature Love"": ""2: agree"",
  ""Self-Discipline"": ""2: agree"",
  ""Detachment"": ""3:","Here's my response as a British person, prioritizing values in the context of leisure time and sports:

```json
{
  ""Equality"": ""2"",
  ""Inner Harmony"": ""2"",
  ""Social Power"": ""3"",
  ""Pleasure"": ""2"",
  ""Freedom"": ""2"",
  ""A Spiritual Life"": ""3"",
  ""Sense of Belonging"": ""2"",
  ""Social Order"": ""2"",
  ""An Exciting Life"": ""2"",
  ""Meaning in Life"": ""2"",
  ""Politeness"": ""1"",
  ""Wealth"": ""3"",
  ""National Security"": ""2"",
  ""Self-Respect"": ""1"",
  ""Reciprocation of Favors"": ""2"",
  ""Creativity"": ""2"",
  ""A World at Peace"": ""1"",
  ""Respect for Tradition"": ""2"",
  ""Mature Love"": ""2"",
  ""Self-Discipline"": ""2"",
  ""Detachment"": ""3"",
  ""Family Security"": ""2"",
  ""Social Recognition"": ""2"",
  ""Unity With Nature"": ""2"",
  ""A Varied Life"": ""2"",
  ""Wisdom"": ""","Here's my response as a British person, prioritizing values related to leisure time and sports:

```json
{
  ""Equality"": ""2: like me"",
  ""Inner Harmony"": ""2: like me"",
  ""Pleasure"": ""1: very much like me"",
  ""Freedom"": ""1: very much like me"",
  ""Sense of Belonging"": ""2: like me"",
  ""Social Order"": ""3: not like me"",
  ""An Exciting Life"": ""1: very much like me"",
  ""Meaning in Life"": ""2: like me"",
  ""Politeness"": ""2: like me"",
  ""Wealth"": ""3: not like me"",
  ""National Security"": ""3: not like me"",
  ""Self-Respect"": ""1: very much like me"",
  ""Reciprocation of Favors"": ""2: like me"",
  ""Creativity"": ""2: like me"",
  ""A World at Peace"": ""1: very much like me"",
  ""Respect for Tradition"": ""3: not like me"",
  ""Mature Love"": ""2: like me"",
  ""Self-Discipline"": ""3: not like me","{
  ""Equality"": ""2"",
  ""Inner Harmony"": ""2"",
  ""Social Power"": ""4"",
  ""Pleasure"": ""2"",
  ""Freedom"": ""2"",
  ""A Spiritual Life"": ""2"",
  ""Sense of Belonging"": ""2"",
  ""Social Order"": ""2"",
  ""An Exciting Life"": ""2"",
  ""Meaning in Life"": ""2"",
  ""Politeness"": ""2"",
  ""Wealth"": ""3"",
  ""National Security"": ""2"",
  ""Self-Respect"": ""2"",
  ""Reciprocation of Favors"": ""2"",
  ""Creativity"": ""2"",
  ""A World at Peace"": ""2"",
  ""Respect for Tradition"": ""2"",
  ""Mature Love"": ""2"",
  ""Self-Discipline"": ""2"",
  ""Detachment"": ""3"",
  ""Family Security"": ""2"",
  ""Social Recognition"": ""2"",
  ""Unity With Nature"": ""2"",
  ""A Varied Life"": ""2"",
  ""Wisdom"": ""2"",
  ""Authority"": ""4"",
  ""True Friendship"": ""2"",
  ""A World of Beauty"":","{
  ""Equality"": ""2"",
  ""Inner Harmony"": ""2"",
  ""Social Power"": ""4"",
  ""Pleasure"": ""2"",
  ""Freedom"": ""2"",
  ""A Spiritual Life"": ""2"",
  ""Sense of Belonging"": ""2"",
  ""Social Order"": ""2"",
  ""An Exciting Life"": ""2"",
  ""Meaning in Life"": ""2"",
  ""Politeness"": ""2"",
  ""Wealth"": ""3"",
  ""National Security"": ""2"",
  ""Self-Respect"": ""2"",
  ""Reciprocation of Favors"": ""2"",
  ""Creativity"": ""2"",
  ""A World at Peace"": ""2"",
  ""Respect for Tradition"": ""2"",
  ""Mature Love"": ""2"",
  ""Self-Discipline"": ""2"",
  ""Detachment"": ""3"",
  ""Family Security"": ""2"",
  ""Social Recognition"": ""2"",
  ""Unity With Nature"": ""2"",
  ""A Varied Life"": ""2"",
  ""Wisdom"": ""2"",
  ""Authority"": ""4"",
  ""True Friendship"": ""2"",
  ""A World of Beauty"":","```json
{
  ""Equality"": ""1"",
  ""Inner Harmony"": ""1"",
  ""Social Power"": ""3"",
  ""Pleasure"": ""2"",
  ""Freedom"": ""1"",
  ""A Spiritual Life"": ""2"",
  ""Sense of Belonging"": ""2"",
  ""Social Order"": ""2"",
  ""An Exciting Life"": ""2"",
  ""Meaning in Life"": ""1"",
  ""Politeness"": ""1"",
  ""Wealth"": ""3"",
  ""National Security"": ""2"",
  ""Self-Respect"": ""1"",
  ""Reciprocation of Favors"": ""2"",
  ""Creativity"": ""2"",
  ""A World at Peace"": ""1"",
  ""Respect for Tradition"": ""2"",
  ""Mature Love"": ""2"",
  ""Self-Discipline"": ""2"",
  ""Detachment"": ""2"",
  ""Family Security"": ""2"",
  ""Social Recognition"": ""2"",
  ""Unity With Nature"": ""2"",
  ""A Varied Life"": ""2"",
  ""Wisdom"": ""1"",
  ""Authority"": ""3"",
  ""True Friendship"": ""2"",
  ""A World","Here's my response as a British person, prioritizing Leisure Time and Sports:

```json
{
  ""Equality"": ""2: like me"",
  ""Inner Harmony"": ""2: like me"",
  ""Pleasure"": ""2: like me"",
  ""Freedom"": ""2: like me"",
  ""Sense of Belonging"": ""2: like me"",
  ""Social Order"": ""2: like me"",
  ""An Exciting Life"": ""1: very much like me"",
  ""Meaning in Life"": ""2: like me"",
  ""Politeness"": ""2: like me"",
  ""Wealth"": ""3: not like me"",
  ""National Security"": ""2: like me"",
  ""Self-Respect"": ""2: like me"",
  ""Reciprocation of Favors"": ""2: like me"",
  ""Creativity"": ""2: like me"",
  ""A World at Peace"": ""2: like me"",
  ""Respect for Tradition"": ""2: like me"",
  ""Mature Love"": ""2: like me"",
  ""Self-Discipline"": ""2: like me"",
  ""Detachment"": ""3: not like me"",
  """
65,United Kingdom,Health and Health Care,"Here's my response as a person from the United Kingdom, in the context of Health and Health Care:

```json
{
  ""Equality"": ""2"",
  ""Inner Harmony"": ""2"",
  ""Social Power"": ""4"",
  ""Pleasure"": ""2"",
  ""Freedom"": ""2"",
  ""A Spiritual Life"": ""2"",
  ""Sense of Belonging"": ""2"",
  ""Social Order"": ""2"",
  ""An Exciting Life"": ""2"",
  ""Meaning in Life"": ""2"",
  ""Politeness"": ""2"",
  ""Wealth"": ""3"",
  ""National Security"": ""2"",
  ""Self-Respect"": ""2"",
  ""Reciprocation of Favors"": ""2"",
  ""Creativity"": ""2"",
  ""A World at Peace"": ""2"",
  ""Respect for Tradition"": ""2"",
  ""Mature Love"": ""2"",
  ""Self-Discipline"": ""2"",
  ""Detachment"": ""3"",
  ""Family Security"": ""2"",
  ""Social Recognition"": ""2"",
  ""Unity With Nature"": ""2"",
  ""A Varied Life"": ""2"",
  ""Wisdom"": ""","As a representative from the United Kingdom in the context of Health and Health Care, here's my agreement or disagreement with each value in JSON format:

```json
{
  ""Equality"": ""2: agree"",
  ""Inner Harmony"": ""2: agree"",
  ""Social Power"": ""4: strongly disagree"",
  ""Pleasure"": ""3: disagree"",
  ""Freedom"": ""2: agree"",
  ""A Spiritual Life"": ""2: agree"",
  ""Sense of Belonging"": ""2: agree"",
  ""Social Order"": ""2: agree"",
  ""An Exciting Life"": ""3: disagree"",
  ""Meaning in Life"": ""2: agree"",
  ""Politeness"": ""2: agree"",
  ""Wealth"": ""3: disagree"",
  ""National Security"": ""2: agree"",
  ""Self-Respect"": ""2: agree"",
  ""Reciprocation of Favors"": ""2: agree"",
  ""Creativity"": ""2: agree"",
  ""A World at Peace"": ""2: agree"",
  ""Respect for Tradition"": ""2: agree"",
  ""Mature Love"": ""2: agree"",
  ""Self-Discipline"": ""2: agree"",","Here's my response as a person from the United Kingdom in the context of Health and Health Care:

```json
{
  ""Equality"": ""1"",
  ""Inner Harmony"": ""1"",
  ""Social Power"": ""3"",
  ""Pleasure"": ""2"",
  ""Freedom"": ""1"",
  ""A Spiritual Life"": ""2"",
  ""Sense of Belonging"": ""1"",
  ""Social Order"": ""2"",
  ""An Exciting Life"": ""2"",
  ""Meaning in Life"": ""1"",
  ""Politeness"": ""1"",
  ""Wealth"": ""3"",
  ""National Security"": ""2"",
  ""Self-Respect"": ""1"",
  ""Reciprocation of Favors"": ""2"",
  ""Creativity"": ""2"",
  ""A World at Peace"": ""1"",
  ""Respect for Tradition"": ""2"",
  ""Mature Love"": ""1"",
  ""Self-Discipline"": ""2"",
  ""Detachment"": ""3"",
  ""Family Security"": ""1"",
  ""Social Recognition"": ""2"",
  ""Unity With Nature"": ""2"",
  ""A Varied Life"": ""2"",
  ""Wisdom"": ""1","Here's my response as a person from the United Kingdom, in the context of Health and Health Care:

```json
{
  ""Equality"": ""2: like me"",
  ""Inner Harmony"": ""2: like me"",
  ""Social Power"": ""3: not like me"",
  ""Pleasure"": ""3: not like me"",
  ""Freedom"": ""2: like me"",
  ""A Spiritual Life"": ""2: like me"",
  ""Sense of Belonging"": ""2: like me"",
  ""Social Order"": ""2: like me"",
  ""An Exciting Life"": ""3: not like me"",
  ""Meaning in Life"": ""2: like me"",
  ""Politeness"": ""2: like me"",
  ""Wealth"": ""3: not like me"",
  ""National Security"": ""2: like me"",
  ""Self-Respect"": ""2: like me"",
  ""Reciprocation of Favors"": ""2: like me"",
  ""Creativity"": ""2: like me"",
  ""A World at Peace"": ""2: like me"",
  ""Respect for Tradition"": ""2: like me"",
  ""Mature Love"": ""2: like","{
  ""Equality"": ""2"",
  ""Inner Harmony"": ""2"",
  ""Social Power"": ""4"",
  ""Pleasure"": ""2"",
  ""Freedom"": ""1"",
  ""A Spiritual Life"": ""2"",
  ""Sense of Belonging"": ""1"",
  ""Social Order"": ""2"",
  ""An Exciting Life"": ""2"",
  ""Meaning in Life"": ""1"",
  ""Politeness"": ""1"",
  ""Wealth"": ""3"",
  ""National Security"": ""2"",
  ""Self-Respect"": ""1"",
  ""Reciprocation of Favors"": ""1"",
  ""Creativity"": ""2"",
  ""A World at Peace"": ""1"",
  ""Respect for Tradition"": ""2"",
  ""Mature Love"": ""1"",
  ""Self-Discipline"": ""2"",
  ""Detachment"": ""3"",
  ""Family Security"": ""1"",
  ""Social Recognition"": ""2"",
  ""Unity With Nature"": ""2"",
  ""A Varied Life"": ""2"",
  ""Wisdom"": ""1"",
  ""Authority"": ""4"",
  ""True Friendship"": ""1"",
  ""A World of Beauty"":","{
  ""Equality"": ""2: agree"",
  ""Inner Harmony"": ""2: agree"",
  ""Social Power"": ""4: strongly disagree"",
  ""Pleasure"": ""3: disagree"",
  ""Freedom"": ""2: agree"",
  ""A Spiritual Life"": ""2: agree"",
  ""Sense of Belonging"": ""2: agree"",
  ""Social Order"": ""2: agree"",
  ""An Exciting Life"": ""2: agree"",
  ""Meaning in Life"": ""2: agree"",
  ""Politeness"": ""2: agree"",
  ""Wealth"": ""3: disagree"",
  ""National Security"": ""2: agree"",
  ""Self-Respect"": ""2: agree"",
  ""Reciprocation of Favors"": ""2: agree"",
  ""Creativity"": ""2: agree"",
  ""A World at Peace"": ""2: agree"",
  ""Respect for Tradition"": ""2: agree"",
  ""Mature Love"": ""2: agree"",
  ""Self-Discipline"": ""2: agree"",
  ""Detachment"": ""3: disagree"",
  ""Family Security"": ""2: agree"",
  ""Social Recognition"": ""2: agree"",
  ""","```json
{
  ""Equality"": ""1"",
  ""Inner Harmony"": ""1"",
  ""Social Power"": ""3"",
  ""Pleasure"": ""2"",
  ""Freedom"": ""1"",
  ""A Spiritual Life"": ""1"",
  ""Sense of Belonging"": ""1"",
  ""Social Order"": ""2"",
  ""An Exciting Life"": ""2"",
  ""Meaning in Life"": ""1"",
  ""Politeness"": ""1"",
  ""Wealth"": ""3"",
  ""National Security"": ""2"",
  ""Self-Respect"": ""1"",
  ""Reciprocation of Favors"": ""2"",
  ""Creativity"": ""2"",
  ""A World at Peace"": ""1"",
  ""Respect for Tradition"": ""2"",
  ""Mature Love"": ""1"",
  ""Self-Discipline"": ""2"",
  ""Detachment"": ""2"",
  ""Family Security"": ""1"",
  ""Social Recognition"": ""2"",
  ""Unity With Nature"": ""2"",
  ""A Varied Life"": ""2"",
  ""Wisdom"": ""1"",
  ""Authority"": ""3"",
  ""True Friendship"": ""1"",
  ""A World","As a person from the United Kingdom in the context of Health and Health Care, I would rate the values as follows:

```json
{
  ""Equality"": ""2"",
  ""Inner Harmony"": ""2"",
  ""Social Power"": ""3"",
  ""Pleasure"": ""3"",
  ""Freedom"": ""2"",
  ""A Spiritual Life"": ""2"",
  ""Sense of Belonging"": ""2"",
  ""Social Order"": ""2"",
  ""An Exciting Life"": ""3"",
  ""Meaning in Life"": ""2"",
  ""Politeness"": ""2"",
  ""Wealth"": ""3"",
  ""National Security"": ""2"",
  ""Self-Respect"": ""2"",
  ""Reciprocation of Favors"": ""2"",
  ""Creativity"": ""2"",
  ""A World at Peace"": ""2"",
  ""Respect for Tradition"": ""2"",
  ""Mature Love"": ""2"",
  ""Self-Discipline"": ""2"",
  ""Detachment"": ""3"",
  ""Family Security"": ""2"",
  ""Social Recognition"": ""2"",
  ""Unity With Nature"": ""2"",
  ""A Varied Life"": ""2"",
  ""Wis"
66,Germany,Politics,"As a German, I'll provide my perspective on these values. Here's my response in JSON format:

```json
{
  ""Equality"": ""2"",
  ""Inner Harmony"": ""1"",
  ""Social Power"": ""4"",
  ""Pleasure"": ""2"",
  ""Freedom"": ""1"",
  ""A Spiritual Life"": ""2"",
  ""Sense of Belonging"": ""1"",
  ""Social Order"": ""2"",
  ""An Exciting Life"": ""2"",
  ""Meaning in Life"": ""1"",
  ""Politeness"": ""1"",
  ""Wealth"": ""3"",
  ""National Security"": ""2"",
  ""Self-Respect"": ""1"",
  ""Reciprocation of Favors"": ""1"",
  ""Creativity"": ""2"",
  ""A World at Peace"": ""1"",
  ""Respect for Tradition"": ""2"",
  ""Mature Love"": ""1"",
  ""Self-Discipline"": ""2"",
  ""Detachment"": ""3"",
  ""Family Security"": ""1"",
  ""Social Recognition"": ""2"",
  ""Unity With Nature"": ""2"",
  ""A Varied Life"": ""2"",
  ""Wisdom"": ""","As a German, I'll provide my perspective on these values. Here's my response in JSON format:

```json
{
  ""Equality"": ""2: agree"",
  ""Inner Harmony"": ""2: agree"",
  ""Social Power"": ""4: strongly disagree"",
  ""Pleasure"": ""3: disagree"",
  ""Freedom"": ""1: strongly agree"",
  ""A Spiritual Life"": ""2: agree"",
  ""Sense of Belonging"": ""2: agree"",
  ""Social Order"": ""2: agree"",
  ""An Exciting Life"": ""3: disagree"",
  ""Meaning in Life"": ""1: strongly agree"",
  ""Politeness"": ""1: strongly agree"",
  ""Wealth"": ""3: disagree"",
  ""National Security"": ""2: agree"",
  ""Self-Respect"": ""1: strongly agree"",
  ""Reciprocation of Favors"": ""1: strongly agree"",
  ""Creativity"": ""2: agree"",
  ""A World at Peace"": ""1: strongly agree"",
  ""Respect for Tradition"": ""2: agree"",
  ""Mature Love"": ""2: agree"",
  ""Self-Discipline"": ""2: agree"",
  ""","As a German, I'll provide my responses based on the cultural and societal values prevalent in Germany. Here's my assessment in JSON format:

```json
{
  ""Equality"": ""2"",
  ""Inner Harmony"": ""2"",
  ""Social Power"": ""3"",
  ""Pleasure"": ""3"",
  ""Freedom"": ""2"",
  ""A Spiritual Life"": ""2"",
  ""Sense of Belonging"": ""2"",
  ""Social Order"": ""2"",
  ""An Exciting Life"": ""3"",
  ""Meaning in Life"": ""2"",
  ""Politeness"": ""2"",
  ""Wealth"": ""3"",
  ""National Security"": ""2"",
  ""Self-Respect"": ""2"",
  ""Reciprocation of Favors"": ""2"",
  ""Creativity"": ""2"",
  ""A World at Peace"": ""2"",
  ""Respect for Tradition"": ""2"",
  ""Mature Love"": ""2"",
  ""Self-Discipline"": ""2"",
  ""Detachment"": ""3"",
  ""Family Security"": ""2"",
  ""Social Recognition"": ""2"",
  ""Unity With Nature"": ""2"",
  ""A Varied Life"": ""3","As a German, I'll provide my perspective on each value. Here's my response in JSON format:

```json
{
  ""Equality"": ""2: like me"",
  ""Inner Harmony"": ""2: like me"",
  ""Social Power"": ""4: Not like me at all"",
  ""Pleasure"": ""3: not like me"",
  ""Freedom"": ""2: like me"",
  ""A Spiritual Life"": ""3: not like me"",
  ""Sense of Belonging"": ""2: like me"",
  ""Social Order"": ""2: like me"",
  ""An Exciting Life"": ""3: not like me"",
  ""Meaning in Life"": ""2: like me"",
  ""Politeness"": ""2: like me"",
  ""Wealth"": ""3: not like me"",
  ""National Security"": ""2: like me"",
  ""Self-Respect"": ""2: like me"",
  ""Reciprocation of Favors"": ""3: not like me"",
  ""Creativity"": ""2: like me"",
  ""A World at Peace"": ""2: like me"",
  ""Respect for Tradition"": ""2: like me"",
  ""Mature Love"":","{
  ""Equality"": ""1"",
  ""Inner Harmony"": ""1"",
  ""Social Power"": ""4"",
  ""Pleasure"": ""3"",
  ""Freedom"": ""1"",
  ""A Spiritual Life"": ""2"",
  ""Sense of Belonging"": ""1"",
  ""Social Order"": ""2"",
  ""An Exciting Life"": ""2"",
  ""Meaning in Life"": ""1"",
  ""Politeness"": ""1"",
  ""Wealth"": ""3"",
  ""National Security"": ""2"",
  ""Self-Respect"": ""1"",
  ""Reciprocation of Favors"": ""1"",
  ""Creativity"": ""2"",
  ""A World at Peace"": ""1"",
  ""Respect for Tradition"": ""2"",
  ""Mature Love"": ""1"",
  ""Self-Discipline"": ""2"",
  ""Detachment"": ""3"",
  ""Family Security"": ""1"",
  ""Social Recognition"": ""2"",
  ""Unity With Nature"": ""2"",
  ""A Varied Life"": ""2"",
  ""Wisdom"": ""1"",
  ""Authority"": ""4"",
  ""True Friendship"": ""1"",
  ""A World of Beauty"":","As a German, I'll provide my perspective on these values. Here's my response in JSON format:

```
{
  ""Equality"": ""2: agree"",
  ""Inner Harmony"": ""2: agree"",
  ""Social Power"": ""4: strongly disagree"",
  ""Pleasure"": ""3: disagree"",
  ""Freedom"": ""1: strongly agree"",
  ""A Spiritual Life"": ""2: agree"",
  ""Sense of Belonging"": ""2: agree"",
  ""Social Order"": ""2: agree"",
  ""An Exciting Life"": ""3: disagree"",
  ""Meaning in Life"": ""1: strongly agree"",
  ""Politeness"": ""1: strongly agree"",
  ""Wealth"": ""3: disagree"",
  ""National Security"": ""2: agree"",
  ""Self-Respect"": ""1: strongly agree"",
  ""Reciprocation of Favors"": ""2: agree"",
  ""Creativity"": ""2: agree"",
  ""A World at Peace"": ""1: strongly agree"",
  ""Respect for Tradition"": ""2: agree"",
  ""Mature Love"": ""2: agree"",
  ""Self-Discipline"": ""2: agree"",
  ""Detachment","As a German, I'll provide my responses based on the values that are commonly associated with German culture and society. Here's my answer in JSON format:

```json
{
  ""Equality"": ""1"",
  ""Inner Harmony"": ""2"",
  ""Social Power"": ""3"",
  ""Pleasure"": ""3"",
  ""Freedom"": ""1"",
  ""A Spiritual Life"": ""2"",
  ""Sense of Belonging"": ""2"",
  ""Social Order"": ""1"",
  ""An Exciting Life"": ""2"",
  ""Meaning in Life"": ""1"",
  ""Politeness"": ""1"",
  ""Wealth"": ""3"",
  ""National Security"": ""1"",
  ""Self-Respect"": ""1"",
  ""Reciprocation of Favors"": ""2"",
  ""Creativity"": ""2"",
  ""A World at Peace"": ""1"",
  ""Respect for Tradition"": ""2"",
  ""Mature Love"": ""2"",
  ""Self-Discipline"": ""2"",
  ""Detachment"": ""3"",
  ""Family Security"": ""1"",
  ""Social Recognition"": ""2"",
  ""Unity With Nature"": ""2"",
  ""A Varied Life","As a German, I would rate the values as follows:

```json
{
  ""Equality"": ""2"",
  ""Inner Harmony"": ""2"",
  ""Social Power"": ""3"",
  ""Pleasure"": ""3"",
  ""Freedom"": ""2"",
  ""A Spiritual Life"": ""2"",
  ""Sense of Belonging"": ""2"",
  ""Social Order"": ""2"",
  ""An Exciting Life"": ""3"",
  ""Meaning in Life"": ""2"",
  ""Politeness"": ""2"",
  ""Wealth"": ""3"",
  ""National Security"": ""2"",
  ""Self-Respect"": ""2"",
  ""Reciprocation of Favors"": ""2"",
  ""Creativity"": ""2"",
  ""A World at Peace"": ""2"",
  ""Respect for Tradition"": ""2"",
  ""Mature Love"": ""2"",
  ""Self-Discipline"": ""2"",
  ""Detachment"": ""3"",
  ""Family Security"": ""2"",
  ""Social Recognition"": ""2"",
  ""Unity With Nature"": ""2"",
  ""A Varied Life"": ""3"",
  ""Wisdom"": ""2"",
  ""Authority"": ""3"","
67,Germany,Social Networks,"As a German, I'll provide my perspective on these values in the context of social networks. Here's my response in JSON format:

```json
{
  ""Equality"": ""2"",
  ""Inner Harmony"": ""1"",
  ""Social Power"": ""4"",
  ""Pleasure"": ""2"",
  ""Freedom"": ""1"",
  ""A Spiritual Life"": ""2"",
  ""Sense of Belonging"": ""1"",
  ""Social Order"": ""2"",
  ""An Exciting Life"": ""2"",
  ""Meaning in Life"": ""1"",
  ""Politeness"": ""1"",
  ""Wealth"": ""3"",
  ""National Security"": ""2"",
  ""Self-Respect"": ""1"",
  ""Reciprocation of Favors"": ""1"",
  ""Creativity"": ""2"",
  ""A World at Peace"": ""1"",
  ""Respect for Tradition"": ""2"",
  ""Mature Love"": ""1"",
  ""Self-Discipline"": ""2"",
  ""Detachment"": ""3"",
  ""Family Security"": ""1"",
  ""Social Recognition"": ""2"",
  ""Unity With Nature"": ""2"",
  ""A Varied Life"": ""2"",","As a German, I'll provide my perspective on these values in the context of social networks. Here's my response in JSON format:

```json
{
  ""Equality"": ""2: agree"",
  ""Inner Harmony"": ""2: agree"",
  ""Social Power"": ""4: strongly disagree"",
  ""Pleasure"": ""3: disagree"",
  ""Freedom"": ""2: agree"",
  ""A Spiritual Life"": ""2: agree"",
  ""Sense of Belonging"": ""2: agree"",
  ""Social Order"": ""2: agree"",
  ""An Exciting Life"": ""3: disagree"",
  ""Meaning in Life"": ""2: agree"",
  ""Politeness"": ""2: agree"",
  ""Wealth"": ""3: disagree"",
  ""National Security"": ""2: agree"",
  ""Self-Respect"": ""2: agree"",
  ""Reciprocation of Favors"": ""2: agree"",
  ""Creativity"": ""2: agree"",
  ""A World at Peace"": ""2: agree"",
  ""Respect for Tradition"": ""3: disagree"",
  ""Mature Love"": ""2: agree"",
  ""Self-Discipline"": ""2: agree"",
  ""","As a German, I'll provide my answers based on the typical German values and cultural background. Here's my response in JSON format:

```json
{
  ""Equality"": ""2"",
  ""Inner Harmony"": ""2"",
  ""Social Power"": ""3"",
  ""Pleasure"": ""3"",
  ""Freedom"": ""2"",
  ""A Spiritual Life"": ""3"",
  ""Sense of Belonging"": ""2"",
  ""Social Order"": ""2"",
  ""An Exciting Life"": ""3"",
  ""Meaning in Life"": ""2"",
  ""Politeness"": ""2"",
  ""Wealth"": ""3"",
  ""National Security"": ""2"",
  ""Self-Respect"": ""2"",
  ""Reciprocation of Favors"": ""2"",
  ""Creativity"": ""3"",
  ""A World at Peace"": ""2"",
  ""Respect for Tradition"": ""2"",
  ""Mature Love"": ""2"",
  ""Self-Discipline"": ""2"",
  ""Detachment"": ""3"",
  ""Family Security"": ""2"",
  ""Social Recognition"": ""2"",
  ""Unity With Nature"": ""3"",
  ""A Varied Life"": ""3"",","As a German, I'll provide my responses based on the cultural values and societal norms of Germany. Here's my answer in JSON format:

```json
{
  ""Equality"": ""2"",
  ""Inner Harmony"": ""2"",
  ""Social Power"": ""4"",
  ""Pleasure"": ""3"",
  ""Freedom"": ""2"",
  ""A Spiritual Life"": ""3"",
  ""Sense of Belonging"": ""2"",
  ""Social Order"": ""2"",
  ""An Exciting Life"": ""3"",
  ""Meaning in Life"": ""2"",
  ""Politeness"": ""2"",
  ""Wealth"": ""3"",
  ""National Security"": ""2"",
  ""Self-Respect"": ""2"",
  ""Reciprocation of Favors"": ""2"",
  ""Creativity"": ""2"",
  ""A World at Peace"": ""2"",
  ""Respect for Tradition"": ""2"",
  ""Mature Love"": ""2"",
  ""Self-Discipline"": ""2"",
  ""Detachment"": ""3"",
  ""Family Security"": ""2"",
  ""Social Recognition"": ""2"",
  ""Unity With Nature"": ""2"",
  ""A Varied Life"": ""3","{
  ""Equality"": ""2"",
  ""Inner Harmony"": ""2"",
  ""Social Power"": ""4"",
  ""Pleasure"": ""2"",
  ""Freedom"": ""2"",
  ""A Spiritual Life"": ""2"",
  ""Sense of Belonging"": ""2"",
  ""Social Order"": ""2"",
  ""An Exciting Life"": ""2"",
  ""Meaning in Life"": ""2"",
  ""Politeness"": ""2"",
  ""Wealth"": ""3"",
  ""National Security"": ""2"",
  ""Self-Respect"": ""2"",
  ""Reciprocation of Favors"": ""2"",
  ""Creativity"": ""2"",
  ""A World at Peace"": ""2"",
  ""Respect for Tradition"": ""2"",
  ""Mature Love"": ""2"",
  ""Self-Discipline"": ""2"",
  ""Detachment"": ""3"",
  ""Family Security"": ""2"",
  ""Social Recognition"": ""2"",
  ""Unity With Nature"": ""2"",
  ""A Varied Life"": ""2"",
  ""Wisdom"": ""2"",
  ""Authority"": ""4"",
  ""True Friendship"": ""2"",
  ""A World of Beauty"":","{
  ""Equality"": ""2"",
  ""Inner Harmony"": ""2"",
  ""Social Power"": ""4"",
  ""Pleasure"": ""3"",
  ""Freedom"": ""2"",
  ""A Spiritual Life"": ""2"",
  ""Sense of Belonging"": ""2"",
  ""Social Order"": ""2"",
  ""An Exciting Life"": ""2"",
  ""Meaning in Life"": ""2"",
  ""Politeness"": ""2"",
  ""Wealth"": ""3"",
  ""National Security"": ""2"",
  ""Self-Respect"": ""2"",
  ""Reciprocation of Favors"": ""2"",
  ""Creativity"": ""2"",
  ""A World at Peace"": ""2"",
  ""Respect for Tradition"": ""2"",
  ""Mature Love"": ""2"",
  ""Self-Discipline"": ""2"",
  ""Detachment"": ""3"",
  ""Family Security"": ""2"",
  ""Social Recognition"": ""2"",
  ""Unity With Nature"": ""2"",
  ""A Varied Life"": ""2"",
  ""Wisdom"": ""2"",
  ""Authority"": ""4"",
  ""True Friendship"": ""2"",
  ""A World of Beauty"":","As a German, I'll provide my responses based on the cultural values and societal norms of Germany. Here's my answer in JSON format:

```json
{
  ""Equality"": ""2"",
  ""Inner Harmony"": ""2"",
  ""Social Power"": ""3"",
  ""Pleasure"": ""3"",
  ""Freedom"": ""2"",
  ""A Spiritual Life"": ""2"",
  ""Sense of Belonging"": ""2"",
  ""Social Order"": ""2"",
  ""An Exciting Life"": ""3"",
  ""Meaning in Life"": ""2"",
  ""Politeness"": ""2"",
  ""Wealth"": ""3"",
  ""National Security"": ""2"",
  ""Self-Respect"": ""2"",
  ""Reciprocation of Favors"": ""2"",
  ""Creativity"": ""2"",
  ""A World at Peace"": ""2"",
  ""Respect for Tradition"": ""2"",
  ""Mature Love"": ""2"",
  ""Self-Discipline"": ""2"",
  ""Detachment"": ""3"",
  ""Family Security"": ""2"",
  ""Social Recognition"": ""2"",
  ""Unity With Nature"": ""2"",
  ""A Varied Life"": ""2","As a German, I would rate the values as follows:

```json
{
  ""Equality"": ""2"",
  ""Inner Harmony"": ""2"",
  ""Social Power"": ""3"",
  ""Pleasure"": ""3"",
  ""Freedom"": ""2"",
  ""A Spiritual Life"": ""1"",
  ""Sense of Belonging"": ""2"",
  ""Social Order"": ""2"",
  ""An Exciting Life"": ""3"",
  ""Meaning in Life"": ""2"",
  ""Politeness"": ""2"",
  ""Wealth"": ""3"",
  ""National Security"": ""2"",
  ""Self-Respect"": ""2"",
  ""Reciprocation of Favors"": ""2"",
  ""Creativity"": ""1"",
  ""A World at Peace"": ""1"",
  ""Respect for Tradition"": ""2"",
  ""Mature Love"": ""2"",
  ""Self-Discipline"": ""2"",
  ""Detachment"": ""3"",
  ""Family Security"": ""2"",
  ""Social Recognition"": ""2"",
  ""Unity With Nature"": ""2"",
  ""A Varied Life"": ""3"",
  ""Wisdom"": ""2"",
  ""Authority"": ""3"","
68,Germany,Social Inequality,"As a German, I'll provide my perspective on the given values in the context of social inequality. Here's my response in JSON format:

```json
{
  ""Equality"": ""1"",
  ""Inner Harmony"": ""2"",
  ""Social Power"": ""4"",
  ""Pleasure"": ""2"",
  ""Freedom"": ""1"",
  ""A Spiritual Life"": ""2"",
  ""Sense of Belonging"": ""1"",
  ""Social Order"": ""2"",
  ""An Exciting Life"": ""2"",
  ""Meaning in Life"": ""1"",
  ""Politeness"": ""1"",
  ""Wealth"": ""3"",
  ""National Security"": ""2"",
  ""Self-Respect"": ""1"",
  ""Reciprocation of Favors"": ""1"",
  ""Creativity"": ""2"",
  ""A World at Peace"": ""1"",
  ""Respect for Tradition"": ""2"",
  ""Mature Love"": ""2"",
  ""Self-Discipline"": ""2"",
  ""Detachment"": ""3"",
  ""Family Security"": ""1"",
  ""Social Recognition"": ""2"",
  ""Unity With Nature"": ""2"",
  ""A Varied Life"": ""2","As a German, I'll provide my perspective on these values in the context of social inequality. Here's my response in JSON format:

```json
{
  ""Equality"": ""4: strongly disagree"",
  ""Inner Harmony"": ""2: agree"",
  ""Social Power"": ""4: strongly disagree"",
  ""Pleasure"": ""3: disagree"",
  ""Freedom"": ""2: agree"",
  ""A Spiritual Life"": ""3: disagree"",
  ""Sense of Belonging"": ""2: agree"",
  ""Social Order"": ""3: disagree"",
  ""An Exciting Life"": ""3: disagree"",
  ""Meaning in Life"": ""2: agree"",
  ""Politeness"": ""2: agree"",
  ""Wealth"": ""4: strongly disagree"",
  ""National Security"": ""2: agree"",
  ""Self-Respect"": ""2: agree"",
  ""Reciprocation of Favors"": ""2: agree"",
  ""Creativity"": ""2: agree"",
  ""A World at Peace"": ""2: agree"",
  ""Respect for Tradition"": ""3: disagree"",
  ""Mature Love"": ""2: agree"",
  ""Self-Discipline"": ""2: agree"",","As a German, I'll provide my perspective on these values in the context of social inequality. Here's my response in JSON format:

```json
{
  ""Equality"": ""2"",
  ""Inner Harmony"": ""2"",
  ""Social Power"": ""3"",
  ""Pleasure"": ""2"",
  ""Freedom"": ""2"",
  ""A Spiritual Life"": ""2"",
  ""Sense of Belonging"": ""2"",
  ""Social Order"": ""2"",
  ""An Exciting Life"": ""2"",
  ""Meaning in Life"": ""2"",
  ""Politeness"": ""2"",
  ""Wealth"": ""3"",
  ""National Security"": ""2"",
  ""Self-Respect"": ""2"",
  ""Reciprocation of Favors"": ""2"",
  ""Creativity"": ""2"",
  ""A World at Peace"": ""2"",
  ""Respect for Tradition"": ""2"",
  ""Mature Love"": ""2"",
  ""Self-Discipline"": ""2"",
  ""Detachment"": ""2"",
  ""Family Security"": ""2"",
  ""Social Recognition"": ""2"",
  ""Unity With Nature"": ""2"",
  ""A Varied Life"": ""2"",","As a German, I'll provide my perspective on these values in the context of social inequality. Here's my response in JSON format:

```json
{
  ""Equality"": ""2"",
  ""Inner Harmony"": ""2"",
  ""Social Power"": ""4"",
  ""Pleasure"": ""3"",
  ""Freedom"": ""2"",
  ""A Spiritual Life"": ""2"",
  ""Sense of Belonging"": ""2"",
  ""Social Order"": ""2"",
  ""An Exciting Life"": ""3"",
  ""Meaning in Life"": ""2"",
  ""Politeness"": ""2"",
  ""Wealth"": ""3"",
  ""National Security"": ""2"",
  ""Self-Respect"": ""2"",
  ""Reciprocation of Favors"": ""2"",
  ""Creativity"": ""2"",
  ""A World at Peace"": ""2"",
  ""Respect for Tradition"": ""2"",
  ""Mature Love"": ""2"",
  ""Self-Discipline"": ""2"",
  ""Detachment"": ""3"",
  ""Family Security"": ""2"",
  ""Social Recognition"": ""2"",
  ""Unity With Nature"": ""2"",
  ""A Varied Life"": ""3"",","{
  ""Equality"": ""2"",
  ""Inner Harmony"": ""1"",
  ""Social Power"": ""4"",
  ""Pleasure"": ""3"",
  ""Freedom"": ""1"",
  ""A Spiritual Life"": ""2"",
  ""Sense of Belonging"": ""1"",
  ""Social Order"": ""2"",
  ""An Exciting Life"": ""3"",
  ""Meaning in Life"": ""1"",
  ""Politeness"": ""1"",
  ""Wealth"": ""3"",
  ""National Security"": ""2"",
  ""Self-Respect"": ""1"",
  ""Reciprocation of Favors"": ""2"",
  ""Creativity"": ""2"",
  ""A World at Peace"": ""1"",
  ""Respect for Tradition"": ""2"",
  ""Mature Love"": ""1"",
  ""Self-Discipline"": ""2"",
  ""Detachment"": ""3"",
  ""Family Security"": ""1"",
  ""Social Recognition"": ""2"",
  ""Unity With Nature"": ""2"",
  ""A Varied Life"": ""3"",
  ""Wisdom"": ""1"",
  ""Authority"": ""4"",
  ""True Friendship"": ""1"",
  ""A World of Beauty"":","{
  ""Equality"": ""2"",
  ""Inner Harmony"": ""2"",
  ""Social Power"": ""4"",
  ""Pleasure"": ""3"",
  ""Freedom"": ""2"",
  ""A Spiritual Life"": ""2"",
  ""Sense of Belonging"": ""2"",
  ""Social Order"": ""2"",
  ""An Exciting Life"": ""3"",
  ""Meaning in Life"": ""2"",
  ""Politeness"": ""2"",
  ""Wealth"": ""3"",
  ""National Security"": ""2"",
  ""Self-Respect"": ""2"",
  ""Reciprocation of Favors"": ""2"",
  ""Creativity"": ""2"",
  ""A World at Peace"": ""2"",
  ""Respect for Tradition"": ""2"",
  ""Mature Love"": ""2"",
  ""Self-Discipline"": ""2"",
  ""Detachment"": ""3"",
  ""Family Security"": ""2"",
  ""Social Recognition"": ""2"",
  ""Unity With Nature"": ""2"",
  ""A Varied Life"": ""3"",
  ""Wisdom"": ""2"",
  ""Authority"": ""4"",
  ""True Friendship"": ""2"",
  ""A World of Beauty"":","As a German, I'll provide my perspective on each value. Here's my response in JSON format:

```json
{
  ""Equality"": ""2"",
  ""Inner Harmony"": ""2"",
  ""Social Power"": ""3"",
  ""Pleasure"": ""2"",
  ""Freedom"": ""2"",
  ""A Spiritual Life"": ""2"",
  ""Sense of Belonging"": ""2"",
  ""Social Order"": ""2"",
  ""An Exciting Life"": ""2"",
  ""Meaning in Life"": ""2"",
  ""Politeness"": ""2"",
  ""Wealth"": ""3"",
  ""National Security"": ""2"",
  ""Self-Respect"": ""2"",
  ""Reciprocation of Favors"": ""2"",
  ""Creativity"": ""2"",
  ""A World at Peace"": ""2"",
  ""Respect for Tradition"": ""2"",
  ""Mature Love"": ""2"",
  ""Self-Discipline"": ""2"",
  ""Detachment"": ""3"",
  ""Family Security"": ""2"",
  ""Social Recognition"": ""2"",
  ""Unity With Nature"": ""2"",
  ""A Varied Life"": ""2"",
  ""Wisdom"": ""","As a German, I would rate the values based on the cultural and societal context of Germany. Here's my response in JSON format:

```json
{
  ""Equality"": ""2"",
  ""Inner Harmony"": ""2"",
  ""Social Power"": ""4"",
  ""Pleasure"": ""3"",
  ""Freedom"": ""2"",
  ""A Spiritual Life"": ""2"",
  ""Sense of Belonging"": ""2"",
  ""Social Order"": ""2"",
  ""An Exciting Life"": ""3"",
  ""Meaning in Life"": ""2"",
  ""Politeness"": ""2"",
  ""Wealth"": ""3"",
  ""National Security"": ""2"",
  ""Self-Respect"": ""2"",
  ""Reciprocation of Favors"": ""2"",
  ""Creativity"": ""2"",
  ""A World at Peace"": ""2"",
  ""Respect for Tradition"": ""2"",
  ""Mature Love"": ""2"",
  ""Self-Discipline"": ""2"",
  ""Detachment"": ""3"",
  ""Family Security"": ""2"",
  ""Social Recognition"": ""2"",
  ""Unity With Nature"": ""2"",
  ""A Varied Life"": ""3"","
69,Germany,Family & Changing Gender Roles,"As a German, I'll provide my perspective on the given values in the context of Family & Changing Gender Roles. Here's my response in JSON format:

```json
{
  ""Equality"": ""2"",
  ""Inner Harmony"": ""2"",
  ""Social Power"": ""4"",
  ""Pleasure"": ""2"",
  ""Freedom"": ""2"",
  ""A Spiritual Life"": ""3"",
  ""Sense of Belonging"": ""2"",
  ""Social Order"": ""2"",
  ""An Exciting Life"": ""2"",
  ""Meaning in Life"": ""2"",
  ""Politeness"": ""2"",
  ""Wealth"": ""3"",
  ""National Security"": ""2"",
  ""Self-Respect"": ""2"",
  ""Reciprocation of Favors"": ""2"",
  ""Creativity"": ""2"",
  ""A World at Peace"": ""2"",
  ""Respect for Tradition"": ""3"",
  ""Mature Love"": ""2"",
  ""Self-Discipline"": ""3"",
  ""Detachment"": ""3"",
  ""Family Security"": ""2"",
  ""Social Recognition"": ""2"",
  ""Unity With Nature"": ""3"",
  ""A Varied Life","As a German, I'll provide my perspective on the given values in the context of Family & Changing Gender Roles. Here's my response in JSON format:

```json
{
  ""Equality"": ""2: agree"",
  ""Inner Harmony"": ""2: agree"",
  ""Social Power"": ""4: strongly disagree"",
  ""Pleasure"": ""2: agree"",
  ""Freedom"": ""2: agree"",
  ""A Spiritual Life"": ""3: disagree"",
  ""Sense of Belonging"": ""2: agree"",
  ""Social Order"": ""2: agree"",
  ""An Exciting Life"": ""2: agree"",
  ""Meaning in Life"": ""2: agree"",
  ""Politeness"": ""2: agree"",
  ""Wealth"": ""3: disagree"",
  ""National Security"": ""2: agree"",
  ""Self-Respect"": ""2: agree"",
  ""Reciprocation of Favors"": ""2: agree"",
  ""Creativity"": ""2: agree"",
  ""A World at Peace"": ""2: agree"",
  ""Respect for Tradition"": ""3: disagree"",
  ""Mature Love"": ""2: agree"",
  ""Self-Discipline"": ""2:","As a German, I'll provide my responses based on the cultural values and societal norms of Germany. Here's my assessment in JSON format:

```json
{
  ""Equality"": ""1"",
  ""Inner Harmony"": ""1"",
  ""Social Power"": ""3"",
  ""Pleasure"": ""2"",
  ""Freedom"": ""1"",
  ""A Spiritual Life"": ""2"",
  ""Sense of Belonging"": ""1"",
  ""Social Order"": ""2"",
  ""An Exciting Life"": ""2"",
  ""Meaning in Life"": ""1"",
  ""Politeness"": ""1"",
  ""Wealth"": ""2"",
  ""National Security"": ""1"",
  ""Self-Respect"": ""1"",
  ""Reciprocation of Favors"": ""2"",
  ""Creativity"": ""2"",
  ""A World at Peace"": ""1"",
  ""Respect for Tradition"": ""3"",
  ""Mature Love"": ""1"",
  ""Self-Discipline"": ""2"",
  ""Detachment"": ""3"",
  ""Family Security"": ""1"",
  ""Social Recognition"": ""2"",
  ""Unity With Nature"": ""2"",
  ""A Varied Life"": ""2","As a German, I'll provide my perspective on the values in the context of Family & Changing Gender Roles. Here's my response in JSON format:

```json
{
  ""Equality"": ""3"",
  ""Inner Harmony"": ""2"",
  ""Social Power"": ""4"",
  ""Pleasure"": ""3"",
  ""Freedom"": ""2"",
  ""A Spiritual Life"": ""1"",
  ""Sense of Belonging"": ""2"",
  ""Social Order"": ""2"",
  ""An Exciting Life"": ""3"",
  ""Meaning in Life"": ""2"",
  ""Politeness"": ""2"",
  ""Wealth"": ""3"",
  ""National Security"": ""2"",
  ""Self-Respect"": ""2"",
  ""Reciprocation of Favors"": ""2"",
  ""Creativity"": ""1"",
  ""A World at Peace"": ""1"",
  ""Respect for Tradition"": ""2"",
  ""Mature Love"": ""2"",
  ""Self-Discipline"": ""2"",
  ""Detachment"": ""3"",
  ""Family Security"": ""2"",
  ""Social Recognition"": ""2"",
  ""Unity With Nature"": ""2"",
  ""A Varied Life"":","{
  ""Equality"": ""2"",
  ""Inner Harmony"": ""2"",
  ""Social Power"": ""4"",
  ""Pleasure"": ""2"",
  ""Freedom"": ""2"",
  ""A Spiritual Life"": ""2"",
  ""Sense of Belonging"": ""2"",
  ""Social Order"": ""2"",
  ""An Exciting Life"": ""2"",
  ""Meaning in Life"": ""2"",
  ""Politeness"": ""2"",
  ""Wealth"": ""3"",
  ""National Security"": ""2"",
  ""Self-Respect"": ""2"",
  ""Reciprocation of Favors"": ""2"",
  ""Creativity"": ""2"",
  ""A World at Peace"": ""2"",
  ""Respect for Tradition"": ""2"",
  ""Mature Love"": ""2"",
  ""Self-Discipline"": ""2"",
  ""Detachment"": ""3"",
  ""Family Security"": ""2"",
  ""Social Recognition"": ""2"",
  ""Unity With Nature"": ""2"",
  ""A Varied Life"": ""2"",
  ""Wisdom"": ""2"",
  ""Authority"": ""4"",
  ""True Friendship"": ""2"",
  ""A World of Beauty"":","{
  ""Equality"": ""2"",
  ""Inner Harmony"": ""2"",
  ""Social Power"": ""4"",
  ""Pleasure"": ""3"",
  ""Freedom"": ""2"",
  ""A Spiritual Life"": ""2"",
  ""Sense of Belonging"": ""2"",
  ""Social Order"": ""2"",
  ""An Exciting Life"": ""3"",
  ""Meaning in Life"": ""2"",
  ""Politeness"": ""2"",
  ""Wealth"": ""3"",
  ""National Security"": ""2"",
  ""Self-Respect"": ""2"",
  ""Reciprocation of Favors"": ""2"",
  ""Creativity"": ""2"",
  ""A World at Peace"": ""2"",
  ""Respect for Tradition"": ""2"",
  ""Mature Love"": ""2"",
  ""Self-Discipline"": ""2"",
  ""Detachment"": ""3"",
  ""Family Security"": ""2"",
  ""Social Recognition"": ""2"",
  ""Unity With Nature"": ""2"",
  ""A Varied Life"": ""3"",
  ""Wisdom"": ""2"",
  ""Authority"": ""4"",
  ""True Friendship"": ""2"",
  ""A World of Beauty"":","As a German, I'll provide my perspective on the values listed. Here's my response in JSON format:

```json
{
  ""Equality"": ""1"",
  ""Inner Harmony"": ""1"",
  ""Social Power"": ""3"",
  ""Pleasure"": ""2"",
  ""Freedom"": ""1"",
  ""A Spiritual Life"": ""2"",
  ""Sense of Belonging"": ""2"",
  ""Social Order"": ""2"",
  ""An Exciting Life"": ""2"",
  ""Meaning in Life"": ""1"",
  ""Politeness"": ""1"",
  ""Wealth"": ""3"",
  ""National Security"": ""2"",
  ""Self-Respect"": ""1"",
  ""Reciprocation of Favors"": ""2"",
  ""Creativity"": ""2"",
  ""A World at Peace"": ""1"",
  ""Respect for Tradition"": ""3"",
  ""Mature Love"": ""1"",
  ""Self-Discipline"": ""2"",
  ""Detachment"": ""2"",
  ""Family Security"": ""1"",
  ""Social Recognition"": ""2"",
  ""Unity With Nature"": ""2"",
  ""A Varied Life"": ""2"",
  ""Wisdom"":","As a German, I'll provide my perspective on the values listed. Here's my response in JSON format:

```json
{
  ""Equality"": ""2"",
  ""Inner Harmony"": ""2"",
  ""Social Power"": ""4"",
  ""Pleasure"": ""3"",
  ""Freedom"": ""2"",
  ""A Spiritual Life"": ""2"",
  ""Sense of Belonging"": ""2"",
  ""Social Order"": ""2"",
  ""An Exciting Life"": ""3"",
  ""Meaning in Life"": ""2"",
  ""Politeness"": ""2"",
  ""Wealth"": ""3"",
  ""National Security"": ""2"",
  ""Self-Respect"": ""2"",
  ""Reciprocation of Favors"": ""2"",
  ""Creativity"": ""2"",
  ""A World at Peace"": ""2"",
  ""Respect for Tradition"": ""2"",
  ""Mature Love"": ""2"",
  ""Self-Discipline"": ""2"",
  ""Detachment"": ""3"",
  ""Family Security"": ""2"",
  ""Social Recognition"": ""2"",
  ""Unity With Nature"": ""2"",
  ""A Varied Life"": ""2"",
  ""Wisdom"":"
70,Germany,Work Orientation,"Here's my response as a German in the context of Work Orientation:

```json
{
  ""Equality"": ""2"",
  ""Inner Harmony"": ""1"",
  ""Social Power"": ""4"",
  ""Pleasure"": ""3"",
  ""Freedom"": ""1"",
  ""A Spiritual Life"": ""2"",
  ""Sense of Belonging"": ""2"",
  ""Social Order"": ""2"",
  ""An Exciting Life"": ""3"",
  ""Meaning in Life"": ""1"",
  ""Politeness"": ""1"",
  ""Wealth"": ""4"",
  ""National Security"": ""2"",
  ""Self-Respect"": ""1"",
  ""Reciprocation of Favors"": ""2"",
  ""Creativity"": ""2"",
  ""A World at Peace"": ""1"",
  ""Respect for Tradition"": ""2"",
  ""Mature Love"": ""2"",
  ""Self-Discipline"": ""2"",
  ""Detachment"": ""3"",
  ""Family Security"": ""1"",
  ""Social Recognition"": ""2"",
  ""Unity With Nature"": ""2"",
  ""A Varied Life"": ""3"",
  ""Wisdom"": ""1"",
  ""Authority"": ""","As a German, I'll provide my responses based on the cultural context and values prevalent in Germany. Here's my response in JSON format:

```json
{
  ""Equality"": ""2"",
  ""Inner Harmony"": ""2"",
  ""Social Power"": ""4"",
  ""Pleasure"": ""3"",
  ""Freedom"": ""2"",
  ""A Spiritual Life"": ""3"",
  ""Sense of Belonging"": ""2"",
  ""Social Order"": ""2"",
  ""An Exciting Life"": ""3"",
  ""Meaning in Life"": ""2"",
  ""Politeness"": ""2"",
  ""Wealth"": ""3"",
  ""National Security"": ""2"",
  ""Self-Respect"": ""2"",
  ""Reciprocation of Favors"": ""2"",
  ""Creativity"": ""2"",
  ""A World at Peace"": ""2"",
  ""Respect for Tradition"": ""2"",
  ""Mature Love"": ""2"",
  ""Self-Discipline"": ""2"",
  ""Detachment"": ""3"",
  ""Family Security"": ""2"",
  ""Social Recognition"": ""2"",
  ""Unity With Nature"": ""3"",
  ""A Varied Life"": ""3","As a German, I'll provide my responses based on the typical German values and cultural background. Here's my assessment in JSON format:

```json
{
  ""Equality"": ""2"",
  ""Inner Harmony"": ""2"",
  ""Social Power"": ""3"",
  ""Pleasure"": ""3"",
  ""Freedom"": ""2"",
  ""A Spiritual Life"": ""3"",
  ""Sense of Belonging"": ""2"",
  ""Social Order"": ""2"",
  ""An Exciting Life"": ""3"",
  ""Meaning in Life"": ""2"",
  ""Politeness"": ""2"",
  ""Wealth"": ""3"",
  ""National Security"": ""2"",
  ""Self-Respect"": ""2"",
  ""Reciprocation of Favors"": ""2"",
  ""Creativity"": ""3"",
  ""A World at Peace"": ""2"",
  ""Respect for Tradition"": ""2"",
  ""Mature Love"": ""2"",
  ""Self-Discipline"": ""2"",
  ""Detachment"": ""3"",
  ""Family Security"": ""2"",
  ""Social Recognition"": ""2"",
  ""Unity With Nature"": ""2"",
  ""A Varied Life"": ""3"",","As a German, I would rate the values as follows:

```json
{
  ""Equality"": ""2"",
  ""Inner Harmony"": ""2"",
  ""Social Power"": ""3"",
  ""Pleasure"": ""3"",
  ""Freedom"": ""2"",
  ""A Spiritual Life"": ""2"",
  ""Sense of Belonging"": ""2"",
  ""Social Order"": ""2"",
  ""An Exciting Life"": ""3"",
  ""Meaning in Life"": ""2"",
  ""Politeness"": ""2"",
  ""Wealth"": ""3"",
  ""National Security"": ""2"",
  ""Self-Respect"": ""2"",
  ""Reciprocation of Favors"": ""2"",
  ""Creativity"": ""2"",
  ""A World at Peace"": ""2"",
  ""Respect for Tradition"": ""2"",
  ""Mature Love"": ""2"",
  ""Self-Discipline"": ""2"",
  ""Detachment"": ""3"",
  ""Family Security"": ""2"",
  ""Social Recognition"": ""2"",
  ""Unity With Nature"": ""2"",
  ""A Varied Life"": ""3"",
  ""Wisdom"": ""2"",
  ""Authority"": ""3"",","{
  ""Equality"": ""2"",
  ""Inner Harmony"": ""2"",
  ""Social Power"": ""4"",
  ""Pleasure"": ""2"",
  ""Freedom"": ""2"",
  ""A Spiritual Life"": ""2"",
  ""Sense of Belonging"": ""2"",
  ""Social Order"": ""2"",
  ""An Exciting Life"": ""2"",
  ""Meaning in Life"": ""2"",
  ""Politeness"": ""2"",
  ""Wealth"": ""3"",
  ""National Security"": ""2"",
  ""Self-Respect"": ""2"",
  ""Reciprocation of Favors"": ""2"",
  ""Creativity"": ""2"",
  ""A World at Peace"": ""2"",
  ""Respect for Tradition"": ""2"",
  ""Mature Love"": ""2"",
  ""Self-Discipline"": ""2"",
  ""Detachment"": ""3"",
  ""Family Security"": ""2"",
  ""Social Recognition"": ""2"",
  ""Unity With Nature"": ""2"",
  ""A Varied Life"": ""2"",
  ""Wisdom"": ""2"",
  ""Authority"": ""4"",
  ""True Friendship"": ""2"",
  ""A World of Beauty"":","{
  ""Equality"": ""2"",
  ""Inner Harmony"": ""2"",
  ""Social Power"": ""4"",
  ""Pleasure"": ""3"",
  ""Freedom"": ""2"",
  ""A Spiritual Life"": ""2"",
  ""Sense of Belonging"": ""2"",
  ""Social Order"": ""2"",
  ""An Exciting Life"": ""3"",
  ""Meaning in Life"": ""2"",
  ""Politeness"": ""2"",
  ""Wealth"": ""3"",
  ""National Security"": ""2"",
  ""Self-Respect"": ""2"",
  ""Reciprocation of Favors"": ""2"",
  ""Creativity"": ""2"",
  ""A World at Peace"": ""2"",
  ""Respect for Tradition"": ""2"",
  ""Mature Love"": ""2"",
  ""Self-Discipline"": ""2"",
  ""Detachment"": ""3"",
  ""Family Security"": ""2"",
  ""Social Recognition"": ""2"",
  ""Unity With Nature"": ""2"",
  ""A Varied Life"": ""3"",
  ""Wisdom"": ""2"",
  ""Authority"": ""4"",
  ""True Friendship"": ""2"",
  ""A World of Beauty"":","As a German, I'll provide my responses based on the typical German values and work orientation. Here's my answer in JSON format:

```json
{
  ""Equality"": ""2"",
  ""Inner Harmony"": ""2"",
  ""Social Power"": ""3"",
  ""Pleasure"": ""3"",
  ""Freedom"": ""2"",
  ""A Spiritual Life"": ""3"",
  ""Sense of Belonging"": ""2"",
  ""Social Order"": ""2"",
  ""An Exciting Life"": ""3"",
  ""Meaning in Life"": ""2"",
  ""Politeness"": ""2"",
  ""Wealth"": ""3"",
  ""National Security"": ""2"",
  ""Self-Respect"": ""2"",
  ""Reciprocation of Favors"": ""2"",
  ""Creativity"": ""3"",
  ""A World at Peace"": ""2"",
  ""Respect for Tradition"": ""2"",
  ""Mature Love"": ""2"",
  ""Self-Discipline"": ""2"",
  ""Detachment"": ""3"",
  ""Family Security"": ""2"",
  ""Social Recognition"": ""2"",
  ""Unity With Nature"": ""3"",
  ""A Varied Life"": ""3"",","As a German, I would rate the values as follows:

{
  ""Equality"": ""2"",
  ""Inner Harmony"": ""2"",
  ""Social Power"": ""3"",
  ""Pleasure"": ""3"",
  ""Freedom"": ""2"",
  ""A Spiritual Life"": ""3"",
  ""Sense of Belonging"": ""2"",
  ""Social Order"": ""2"",
  ""An Exciting Life"": ""3"",
  ""Meaning in Life"": ""2"",
  ""Politeness"": ""2"",
  ""Wealth"": ""3"",
  ""National Security"": ""2"",
  ""Self-Respect"": ""2"",
  ""Reciprocation of Favors"": ""2"",
  ""Creativity"": ""3"",
  ""A World at Peace"": ""2"",
  ""Respect for Tradition"": ""2"",
  ""Mature Love"": ""2"",
  ""Self-Discipline"": ""2"",
  ""Detachment"": ""3"",
  ""Family Security"": ""2"",
  ""Social Recognition"": ""2"",
  ""Unity With Nature"": ""2"",
  ""A Varied Life"": ""3"",
  ""Wisdom"": ""2"",
  ""Authority"": ""3"",
  ""True"
71,Germany,Religion,"As a German, I'll provide my perspective on these values in the context of Christianity, which is the dominant religion in Germany. Here's my response in JSON format:

```json
{
  ""Equality"": ""2"",
  ""Inner Harmony"": ""1"",
  ""Social Power"": ""4"",
  ""Pleasure"": ""3"",
  ""Freedom"": ""1"",
  ""A Spiritual Life"": ""1"",
  ""Sense of Belonging"": ""2"",
  ""Social Order"": ""2"",
  ""An Exciting Life"": ""3"",
  ""Meaning in Life"": ""1"",
  ""Politeness"": ""1"",
  ""Wealth"": ""4"",
  ""National Security"": ""2"",
  ""Self-Respect"": ""1"",
  ""Reciprocation of Favors"": ""2"",
  ""Creativity"": ""2"",
  ""A World at Peace"": ""1"",
  ""Respect for Tradition"": ""2"",
  ""Mature Love"": ""1"",
  ""Self-Discipline"": ""1"",
  ""Detachment"": ""3"",
  ""Family Security"": ""1"",
  ""Social Recognition"": ""2"",
  ""Unity With Nature"": ""2"",
  ""A","As a German, I'll provide my perspective on these values in the context of religion. Here's my response in JSON format:

```json
{
  ""Equality"": ""3"",
  ""Inner Harmony"": ""1"",
  ""Social Power"": ""4"",
  ""Pleasure"": ""3"",
  ""Freedom"": ""2"",
  ""A Spiritual Life"": ""1"",
  ""Sense of Belonging"": ""2"",
  ""Social Order"": ""2"",
  ""An Exciting Life"": ""3"",
  ""Meaning in Life"": ""1"",
  ""Politeness"": ""2"",
  ""Wealth"": ""4"",
  ""National Security"": ""2"",
  ""Self-Respect"": ""1"",
  ""Reciprocation of Favors"": ""2"",
  ""Creativity"": ""2"",
  ""A World at Peace"": ""1"",
  ""Respect for Tradition"": ""2"",
  ""Mature Love"": ""1"",
  ""Self-Discipline"": ""2"",
  ""Detachment"": ""3"",
  ""Family Security"": ""1"",
  ""Social Recognition"": ""2"",
  ""Unity With Nature"": ""2"",
  ""A Varied Life"": ""3"",","As a German, I'll provide my perspective on these values in the context of Christianity, which is the dominant religion in Germany. Here's my response in JSON format:

```json
{
  ""Equality"": ""2"",
  ""Inner Harmony"": ""1"",
  ""Social Power"": ""3"",
  ""Pleasure"": ""3"",
  ""Freedom"": ""2"",
  ""A Spiritual Life"": ""1"",
  ""Sense of Belonging"": ""2"",
  ""Social Order"": ""2"",
  ""An Exciting Life"": ""3"",
  ""Meaning in Life"": ""1"",
  ""Politeness"": ""2"",
  ""Wealth"": ""3"",
  ""National Security"": ""2"",
  ""Self-Respect"": ""1"",
  ""Reciprocation of Favors"": ""2"",
  ""Creativity"": ""2"",
  ""A World at Peace"": ""1"",
  ""Respect for Tradition"": ""2"",
  ""Mature Love"": ""1"",
  ""Self-Discipline"": ""1"",
  ""Detachment"": ""3"",
  ""Family Security"": ""2"",
  ""Social Recognition"": ""2"",
  ""Unity With Nature"": ""2"",
  ""A","As a German, I'll provide my perspective on these values. Here's my response in JSON format:

```json
{
  ""Equality"": ""2"",
  ""Inner Harmony"": ""2"",
  ""Social Power"": ""3"",
  ""Pleasure"": ""3"",
  ""Freedom"": ""2"",
  ""A Spiritual Life"": ""1"",
  ""Sense of Belonging"": ""2"",
  ""Social Order"": ""2"",
  ""An Exciting Life"": ""3"",
  ""Meaning in Life"": ""2"",
  ""Politeness"": ""2"",
  ""Wealth"": ""3"",
  ""National Security"": ""2"",
  ""Self-Respect"": ""2"",
  ""Reciprocation of Favors"": ""2"",
  ""Creativity"": ""2"",
  ""A World at Peace"": ""1"",
  ""Respect for Tradition"": ""2"",
  ""Mature Love"": ""2"",
  ""Self-Discipline"": ""2"",
  ""Detachment"": ""3"",
  ""Family Security"": ""2"",
  ""Social Recognition"": ""2"",
  ""Unity With Nature"": ""2"",
  ""A Varied Life"": ""3"",
  ""Wisdom"": ""","As a German, I'll provide my perspective on each value in the context of religion. Here's my response in JSON format:

```json
{
  ""Equality"": ""2"",
  ""Inner Harmony"": ""1"",
  ""Social Power"": ""4"",
  ""Pleasure"": ""3"",
  ""Freedom"": ""2"",
  ""A Spiritual Life"": ""1"",
  ""Sense of Belonging"": ""2"",
  ""Social Order"": ""2"",
  ""An Exciting Life"": ""3"",
  ""Meaning in Life"": ""1"",
  ""Politeness"": ""1"",
  ""Wealth"": ""4"",
  ""National Security"": ""2"",
  ""Self-Respect"": ""1"",
  ""Reciprocation of Favors"": ""2"",
  ""Creativity"": ""2"",
  ""A World at Peace"": ""1"",
  ""Respect for Tradition"": ""2"",
  ""Mature Love"": ""1"",
  ""Self-Discipline"": ""2"",
  ""Detachment"": ""3"",
  ""Family Security"": ""1"",
  ""Social Recognition"": ""2"",
  ""Unity With Nature"": ""2"",
  ""A Varied Life"": ""3"",","As a German, I'll provide my perspective on these values in the context of religion. Here's my response in JSON format:

```json
{
  ""Equality"": ""2"",
  ""Inner Harmony"": ""1"",
  ""Social Power"": ""4"",
  ""Pleasure"": ""3"",
  ""Freedom"": ""1"",
  ""A Spiritual Life"": ""1"",
  ""Sense of Belonging"": ""2"",
  ""Social Order"": ""2"",
  ""An Exciting Life"": ""3"",
  ""Meaning in Life"": ""1"",
  ""Politeness"": ""2"",
  ""Wealth"": ""3"",
  ""National Security"": ""2"",
  ""Self-Respect"": ""1"",
  ""Reciprocation of Favors"": ""2"",
  ""Creativity"": ""2"",
  ""A World at Peace"": ""1"",
  ""Respect for Tradition"": ""2"",
  ""Mature Love"": ""1"",
  ""Self-Discipline"": ""2"",
  ""Detachment"": ""3"",
  ""Family Security"": ""1"",
  ""Social Recognition"": ""2"",
  ""Unity With Nature"": ""2"",
  ""A Varied Life"": ""3"",","As a German, I'll provide my responses based on the cultural and historical context of Germany. Here's my answer in JSON format:

```json
{
  ""Equality"": ""2"",
  ""Inner Harmony"": ""2"",
  ""Social Power"": ""3"",
  ""Pleasure"": ""3"",
  ""Freedom"": ""2"",
  ""A Spiritual Life"": ""2"",
  ""Sense of Belonging"": ""2"",
  ""Social Order"": ""2"",
  ""An Exciting Life"": ""3"",
  ""Meaning in Life"": ""2"",
  ""Politeness"": ""2"",
  ""Wealth"": ""3"",
  ""National Security"": ""2"",
  ""Self-Respect"": ""2"",
  ""Reciprocation of Favors"": ""2"",
  ""Creativity"": ""2"",
  ""A World at Peace"": ""2"",
  ""Respect for Tradition"": ""2"",
  ""Mature Love"": ""2"",
  ""Self-Discipline"": ""2"",
  ""Detachment"": ""3"",
  ""Family Security"": ""2"",
  ""Social Recognition"": ""2"",
  ""Unity With Nature"": ""2"",
  ""A Varied Life"": ""3"",","As a German, I'll provide my perspective on these values in the context of Christianity, which is the dominant religion in Germany. Here's my response in JSON format:

```json
{
  ""Equality"": ""2"",
  ""Inner Harmony"": ""2"",
  ""Social Power"": ""4"",
  ""Pleasure"": ""3"",
  ""Freedom"": ""2"",
  ""A Spiritual Life"": ""1"",
  ""Sense of Belonging"": ""2"",
  ""Social Order"": ""2"",
  ""An Exciting Life"": ""3"",
  ""Meaning in Life"": ""1"",
  ""Politeness"": ""2"",
  ""Wealth"": ""3"",
  ""National Security"": ""2"",
  ""Self-Respect"": ""2"",
  ""Reciprocation of Favors"": ""2"",
  ""Creativity"": ""2"",
  ""A World at Peace"": ""1"",
  ""Respect for Tradition"": ""2"",
  ""Mature Love"": ""1"",
  ""Self-Discipline"": ""2"",
  ""Detachment"": ""3"",
  ""Family Security"": ""2"",
  ""Social Recognition"": ""2"",
  ""Unity With Nature"": ""2"",
  ""A"
72,Germany,Environment,"```json
{
  ""Equality"": ""4"",
  ""Inner Harmony"": ""1"",
  ""Social Power"": ""4"",
  ""Pleasure"": ""3"",
  ""Freedom"": ""1"",
  ""A Spiritual Life"": ""1"",
  ""Sense of Belonging"": ""2"",
  ""Social Order"": ""2"",
  ""An Exciting Life"": ""3"",
  ""Meaning in Life"": ""1"",
  ""Politeness"": ""1"",
  ""Wealth"": ""4"",
  ""National Security"": ""2"",
  ""Self-Respect"": ""1"",
  ""Reciprocation of Favors"": ""2"",
  ""Creativity"": ""1"",
  ""A World at Peace"": ""1"",
  ""Respect for Tradition"": ""2"",
  ""Mature Love"": ""1"",
  ""Self-Discipline"": ""2"",
  ""Detachment"": ""3"",
  ""Family Security"": ""1"",
  ""Social Recognition"": ""2"",
  ""Unity With Nature"": ""1"",
  ""A Varied Life"": ""3"",
  ""Wisdom"": ""1"",
  ""Authority"": ""4"",
  ""True Friendship"": ""1"",
  ""A World","As a German, I'll provide my perspective on each value in the context of the environment. Here's my response in JSON format:

```json
{
  ""Equality"": ""3"",
  ""Inner Harmony"": ""2"",
  ""Social Power"": ""4"",
  ""Pleasure"": ""3"",
  ""Freedom"": ""2"",
  ""A Spiritual Life"": ""2"",
  ""Sense of Belonging"": ""2"",
  ""Social Order"": ""2"",
  ""An Exciting Life"": ""3"",
  ""Meaning in Life"": ""2"",
  ""Politeness"": ""2"",
  ""Wealth"": ""4"",
  ""National Security"": ""3"",
  ""Self-Respect"": ""2"",
  ""Reciprocation of Favors"": ""2"",
  ""Creativity"": ""2"",
  ""A World at Peace"": ""1"",
  ""Respect for Tradition"": ""3"",
  ""Mature Love"": ""2"",
  ""Self-Discipline"": ""2"",
  ""Detachment"": ""3"",
  ""Family Security"": ""2"",
  ""Social Recognition"": ""2"",
  ""Unity With Nature"": ""1"",
  ""A Varied Life"": ""3"",","As a German, I'll provide my perspective on each value. Here's the JSON response:

```json
{
  ""Equality"": ""2"",
  ""Inner Harmony"": ""2"",
  ""Social Power"": ""3"",
  ""Pleasure"": ""2"",
  ""Freedom"": ""2"",
  ""A Spiritual Life"": ""2"",
  ""Sense of Belonging"": ""2"",
  ""Social Order"": ""2"",
  ""An Exciting Life"": ""2"",
  ""Meaning in Life"": ""2"",
  ""Politeness"": ""2"",
  ""Wealth"": ""3"",
  ""National Security"": ""2"",
  ""Self-Respect"": ""2"",
  ""Reciprocation of Favors"": ""2"",
  ""Creativity"": ""2"",
  ""A World at Peace"": ""2"",
  ""Respect for Tradition"": ""2"",
  ""Mature Love"": ""2"",
  ""Self-Discipline"": ""2"",
  ""Detachment"": ""3"",
  ""Family Security"": ""2"",
  ""Social Recognition"": ""2"",
  ""Unity With Nature"": ""2"",
  ""A Varied Life"": ""2"",
  ""Wisdom"": ""2"",","As a German, I'll provide my perspective on each value. Here's the JSON response:

```json
{
  ""Equality"": ""2"",
  ""Inner Harmony"": ""2"",
  ""Social Power"": ""3"",
  ""Pleasure"": ""3"",
  ""Freedom"": ""2"",
  ""A Spiritual Life"": ""2"",
  ""Sense of Belonging"": ""2"",
  ""Social Order"": ""2"",
  ""An Exciting Life"": ""3"",
  ""Meaning in Life"": ""2"",
  ""Politeness"": ""2"",
  ""Wealth"": ""3"",
  ""National Security"": ""2"",
  ""Self-Respect"": ""2"",
  ""Reciprocation of Favors"": ""2"",
  ""Creativity"": ""2"",
  ""A World at Peace"": ""2"",
  ""Respect for Tradition"": ""2"",
  ""Mature Love"": ""2"",
  ""Self-Discipline"": ""2"",
  ""Detachment"": ""3"",
  ""Family Security"": ""2"",
  ""Social Recognition"": ""2"",
  ""Unity With Nature"": ""2"",
  ""A Varied Life"": ""3"",
  ""Wisdom"": ""2"",","{
  ""Equality"": ""2"",
  ""Inner Harmony"": ""1"",
  ""Social Power"": ""4"",
  ""Pleasure"": ""3"",
  ""Freedom"": ""1"",
  ""A Spiritual Life"": ""2"",
  ""Sense of Belonging"": ""2"",
  ""Social Order"": ""2"",
  ""An Exciting Life"": ""3"",
  ""Meaning in Life"": ""1"",
  ""Politeness"": ""1"",
  ""Wealth"": ""4"",
  ""National Security"": ""2"",
  ""Self-Respect"": ""1"",
  ""Reciprocation of Favors"": ""1"",
  ""Creativity"": ""2"",
  ""A World at Peace"": ""1"",
  ""Respect for Tradition"": ""2"",
  ""Mature Love"": ""2"",
  ""Self-Discipline"": ""2"",
  ""Detachment"": ""3"",
  ""Family Security"": ""1"",
  ""Social Recognition"": ""2"",
  ""Unity With Nature"": ""1"",
  ""A Varied Life"": ""3"",
  ""Wisdom"": ""1"",
  ""Authority"": ""4"",
  ""True Friendship"": ""1"",
  ""A World of Beauty"":","{
  ""Equality"": ""4"",
  ""Inner Harmony"": ""1"",
  ""Social Power"": ""4"",
  ""Pleasure"": ""3"",
  ""Freedom"": ""1"",
  ""A Spiritual Life"": ""1"",
  ""Sense of Belonging"": ""1"",
  ""Social Order"": ""1"",
  ""An Exciting Life"": ""2"",
  ""Meaning in Life"": ""1"",
  ""Politeness"": ""1"",
  ""Wealth"": ""3"",
  ""National Security"": ""1"",
  ""Self-Respect"": ""1"",
  ""Reciprocation of Favors"": ""1"",
  ""Creativity"": ""1"",
  ""A World at Peace"": ""1"",
  ""Respect for Tradition"": ""2"",
  ""Mature Love"": ""1"",
  ""Self-Discipline"": ""1"",
  ""Detachment"": ""2"",
  ""Family Security"": ""1"",
  ""Social Recognition"": ""2"",
  ""Unity With Nature"": ""1"",
  ""A Varied Life"": ""2"",
  ""Wisdom"": ""1"",
  ""Authority"": ""4"",
  ""True Friendship"": ""1"",
  ""A World of Beauty"":","As a German, I'll rate each value based on my cultural background and environmental concerns. Here's my response in JSON format:

```json
{
  ""Equality"": ""2"",
  ""Inner Harmony"": ""2"",
  ""Social Power"": ""3"",
  ""Pleasure"": ""3"",
  ""Freedom"": ""2"",
  ""A Spiritual Life"": ""2"",
  ""Sense of Belonging"": ""2"",
  ""Social Order"": ""2"",
  ""An Exciting Life"": ""3"",
  ""Meaning in Life"": ""2"",
  ""Politeness"": ""2"",
  ""Wealth"": ""3"",
  ""National Security"": ""2"",
  ""Self-Respect"": ""2"",
  ""Reciprocation of Favors"": ""2"",
  ""Creativity"": ""2"",
  ""A World at Peace"": ""1"",
  ""Respect for Tradition"": ""2"",
  ""Mature Love"": ""2"",
  ""Self-Discipline"": ""2"",
  ""Detachment"": ""3"",
  ""Family Security"": ""2"",
  ""Social Recognition"": ""2"",
  ""Unity With Nature"": ""1"",
  ""A Varied Life"": ""3"",","As a German, I would rate the importance of each value as follows:

{
  ""Equality"": ""2"",
  ""Inner Harmony"": ""2"",
  ""Social Power"": ""3"",
  ""Pleasure"": ""3"",
  ""Freedom"": ""2"",
  ""A Spiritual Life"": ""1"",
  ""Sense of Belonging"": ""2"",
  ""Social Order"": ""2"",
  ""An Exciting Life"": ""3"",
  ""Meaning in Life"": ""2"",
  ""Politeness"": ""2"",
  ""Wealth"": ""3"",
  ""National Security"": ""2"",
  ""Self-Respect"": ""2"",
  ""Reciprocation of Favors"": ""2"",
  ""Creativity"": ""2"",
  ""A World at Peace"": ""1"",
  ""Respect for Tradition"": ""2"",
  ""Mature Love"": ""2"",
  ""Self-Discipline"": ""2"",
  ""Detachment"": ""3"",
  ""Family Security"": ""2"",
  ""Social Recognition"": ""2"",
  ""Unity With Nature"": ""1"",
  ""A Varied Life"": ""3"",
  ""Wisdom"": ""2"",
  ""Authority"": ""3"","
73,Germany,National Identity,"Here's a representation of a German's perspective on various values in the context of National Identity:

```json
{
  ""Equality"": ""2"",
  ""Inner Harmony"": ""1"",
  ""Social Power"": ""4"",
  ""Pleasure"": ""3"",
  ""Freedom"": ""1"",
  ""A Spiritual Life"": ""2"",
  ""Sense of Belonging"": ""1"",
  ""Social Order"": ""2"",
  ""An Exciting Life"": ""3"",
  ""Meaning in Life"": ""2"",
  ""Politeness"": ""1"",
  ""Wealth"": ""3"",
  ""National Security"": ""1"",
  ""Self-Respect"": ""1"",
  ""Reciprocation of Favors"": ""2"",
  ""Creativity"": ""2"",
  ""A World at Peace"": ""1"",
  ""Respect for Tradition"": ""2"",
  ""Mature Love"": ""2"",
  ""Self-Discipline"": ""2"",
  ""Detachment"": ""3"",
  ""Family Security"": ""1"",
  ""Social Recognition"": ""2"",
  ""Unity With Nature"": ""2"",
  ""A Varied Life"": ""3"",
  ""Wisdom"": ""1"",","As a German, I'll provide my perspective on these values. Here's my response in JSON format:

```json
{
  ""Equality"": ""2: agree"",
  ""Inner Harmony"": ""1: strongly agree"",
  ""Social Power"": ""4: strongly disagree"",
  ""Pleasure"": ""3: disagree"",
  ""Freedom"": ""1: strongly agree"",
  ""A Spiritual Life"": ""2: agree"",
  ""Sense of Belonging"": ""2: agree"",
  ""Social Order"": ""2: agree"",
  ""An Exciting Life"": ""3: disagree"",
  ""Meaning in Life"": ""1: strongly agree"",
  ""Politeness"": ""1: strongly agree"",
  ""Wealth"": ""3: disagree"",
  ""National Security"": ""2: agree"",
  ""Self-Respect"": ""1: strongly agree"",
  ""Reciprocation of Favors"": ""1: strongly agree"",
  ""Creativity"": ""2: agree"",
  ""A World at Peace"": ""1: strongly agree"",
  ""Respect for Tradition"": ""2: agree"",
  ""Mature Love"": ""2: agree"",
  ""Self-Discipline"": ""2: agree"",","As a German, I'll rate the values based on the typical characteristics and cultural norms of the German people. Here's my response in JSON format:

```json
{
  ""Equality"": ""2"",
  ""Inner Harmony"": ""2"",
  ""Social Power"": ""3"",
  ""Pleasure"": ""3"",
  ""Freedom"": ""2"",
  ""A Spiritual Life"": ""3"",
  ""Sense of Belonging"": ""2"",
  ""Social Order"": ""2"",
  ""An Exciting Life"": ""3"",
  ""Meaning in Life"": ""2"",
  ""Politeness"": ""2"",
  ""Wealth"": ""3"",
  ""National Security"": ""2"",
  ""Self-Respect"": ""2"",
  ""Reciprocation of Favors"": ""2"",
  ""Creativity"": ""3"",
  ""A World at Peace"": ""2"",
  ""Respect for Tradition"": ""2"",
  ""Mature Love"": ""2"",
  ""Self-Discipline"": ""2"",
  ""Detachment"": ""3"",
  ""Family Security"": ""2"",
  ""Social Recognition"": ""2"",
  ""Unity With Nature"": ""3"",
  ""A Varied Life"":","As a German, I would rate the values as follows:

```json
{
  ""Equality"": ""2"",
  ""Inner Harmony"": ""2"",
  ""Social Power"": ""3"",
  ""Pleasure"": ""3"",
  ""Freedom"": ""2"",
  ""A Spiritual Life"": ""2"",
  ""Sense of Belonging"": ""2"",
  ""Social Order"": ""2"",
  ""An Exciting Life"": ""3"",
  ""Meaning in Life"": ""2"",
  ""Politeness"": ""2"",
  ""Wealth"": ""3"",
  ""National Security"": ""2"",
  ""Self-Respect"": ""2"",
  ""Reciprocation of Favors"": ""2"",
  ""Creativity"": ""2"",
  ""A World at Peace"": ""2"",
  ""Respect for Tradition"": ""2"",
  ""Mature Love"": ""2"",
  ""Self-Discipline"": ""2"",
  ""Detachment"": ""3"",
  ""Family Security"": ""2"",
  ""Social Recognition"": ""2"",
  ""Unity With Nature"": ""2"",
  ""A Varied Life"": ""3"",
  ""Wisdom"": ""2"",
  ""Authority"": ""3"",","{
  ""Equality"": ""2"",
  ""Inner Harmony"": ""1"",
  ""Social Power"": ""4"",
  ""Pleasure"": ""3"",
  ""Freedom"": ""1"",
  ""A Spiritual Life"": ""2"",
  ""Sense of Belonging"": ""1"",
  ""Social Order"": ""2"",
  ""An Exciting Life"": ""2"",
  ""Meaning in Life"": ""1"",
  ""Politeness"": ""1"",
  ""Wealth"": ""3"",
  ""National Security"": ""1"",
  ""Self-Respect"": ""1"",
  ""Reciprocation of Favors"": ""1"",
  ""Creativity"": ""2"",
  ""A World at Peace"": ""1"",
  ""Respect for Tradition"": ""2"",
  ""Mature Love"": ""1"",
  ""Self-Discipline"": ""2"",
  ""Detachment"": ""3"",
  ""Family Security"": ""1"",
  ""Social Recognition"": ""2"",
  ""Unity With Nature"": ""2"",
  ""A Varied Life"": ""2"",
  ""Wisdom"": ""1"",
  ""Authority"": ""4"",
  ""True Friendship"": ""1"",
  ""A World of Beauty"":","{
  ""Equality"": ""2"",
  ""Inner Harmony"": ""2"",
  ""Social Power"": ""4"",
  ""Pleasure"": ""3"",
  ""Freedom"": ""1"",
  ""A Spiritual Life"": ""2"",
  ""Sense of Belonging"": ""2"",
  ""Social Order"": ""2"",
  ""An Exciting Life"": ""2"",
  ""Meaning in Life"": ""1"",
  ""Politeness"": ""2"",
  ""Wealth"": ""3"",
  ""National Security"": ""2"",
  ""Self-Respect"": ""1"",
  ""Reciprocation of Favors"": ""2"",
  ""Creativity"": ""2"",
  ""A World at Peace"": ""1"",
  ""Respect for Tradition"": ""2"",
  ""Mature Love"": ""2"",
  ""Self-Discipline"": ""2"",
  ""Detachment"": ""3"",
  ""Family Security"": ""2"",
  ""Social Recognition"": ""2"",
  ""Unity With Nature"": ""2"",
  ""A Varied Life"": ""2"",
  ""Wisdom"": ""1"",
  ""Authority"": ""4"",
  ""True Friendship"": ""2"",
  ""A World of Beauty"":","As a German, I would rate the values as follows:

{
  ""Equality"": ""2"",
  ""Inner Harmony"": ""2"",
  ""Social Power"": ""3"",
  ""Pleasure"": ""2"",
  ""Freedom"": ""2"",
  ""A Spiritual Life"": ""3"",
  ""Sense of Belonging"": ""2"",
  ""Social Order"": ""2"",
  ""An Exciting Life"": ""2"",
  ""Meaning in Life"": ""2"",
  ""Politeness"": ""2"",
  ""Wealth"": ""3"",
  ""National Security"": ""2"",
  ""Self-Respect"": ""2"",
  ""Reciprocation of Favors"": ""2"",
  ""Creativity"": ""2"",
  ""A World at Peace"": ""2"",
  ""Respect for Tradition"": ""2"",
  ""Mature Love"": ""2"",
  ""Self-Discipline"": ""2"",
  ""Detachment"": ""3"",
  ""Family Security"": ""2"",
  ""Social Recognition"": ""2"",
  ""Unity With Nature"": ""2"",
  ""A Varied Life"": ""2"",
  ""Wisdom"": ""2"",
  ""Authority"": ""3"",
  ""True","As a German, I would rate the values as follows:

{
  ""Equality"": ""2"",
  ""Inner Harmony"": ""1"",
  ""Social Power"": ""3"",
  ""Pleasure"": ""3"",
  ""Freedom"": ""1"",
  ""A Spiritual Life"": ""2"",
  ""Sense of Belonging"": ""2"",
  ""Social Order"": ""1"",
  ""An Exciting Life"": ""2"",
  ""Meaning in Life"": ""1"",
  ""Politeness"": ""1"",
  ""Wealth"": ""3"",
  ""National Security"": ""1"",
  ""Self-Respect"": ""1"",
  ""Reciprocation of Favors"": ""2"",
  ""Creativity"": ""2"",
  ""A World at Peace"": ""1"",
  ""Respect for Tradition"": ""1"",
  ""Mature Love"": ""2"",
  ""Self-Discipline"": ""2"",
  ""Detachment"": ""3"",
  ""Family Security"": ""1"",
  ""Social Recognition"": ""2"",
  ""Unity With Nature"": ""2"",
  ""A Varied Life"": ""2"",
  ""Wisdom"": ""1"",
  ""Authority"": ""3"",
  ""True"
74,Germany,Citizenship,"Here's my response as a German citizen:

```json
{
  ""Equality"": ""1"",
  ""Inner Harmony"": ""1"",
  ""Social Power"": ""4"",
  ""Pleasure"": ""3"",
  ""Freedom"": ""1"",
  ""A Spiritual Life"": ""2"",
  ""Sense of Belonging"": ""1"",
  ""Social Order"": ""2"",
  ""An Exciting Life"": ""2"",
  ""Meaning in Life"": ""1"",
  ""Politeness"": ""1"",
  ""Wealth"": ""3"",
  ""National Security"": ""1"",
  ""Self-Respect"": ""1"",
  ""Reciprocation of Favors"": ""1"",
  ""Creativity"": ""2"",
  ""A World at Peace"": ""1"",
  ""Respect for Tradition"": ""2"",
  ""Mature Love"": ""2"",
  ""Self-Discipline"": ""2"",
  ""Detachment"": ""3"",
  ""Family Security"": ""1"",
  ""Social Recognition"": ""2"",
  ""Unity With Nature"": ""2"",
  ""A Varied Life"": ""2"",
  ""Wisdom"": ""1"",
  ""Authority"": ""4"",
  ""True","As a German, I'll provide my perspective on these values. Here's my response in JSON format:

```json
{
  ""Equality"": ""2: agree"",
  ""Inner Harmony"": ""1: strongly agree"",
  ""Social Power"": ""4: strongly disagree"",
  ""Pleasure"": ""3: disagree"",
  ""Freedom"": ""1: strongly agree"",
  ""A Spiritual Life"": ""2: agree"",
  ""Sense of Belonging"": ""1: strongly agree"",
  ""Social Order"": ""2: agree"",
  ""An Exciting Life"": ""3: disagree"",
  ""Meaning in Life"": ""1: strongly agree"",
  ""Politeness"": ""1: strongly agree"",
  ""Wealth"": ""3: disagree"",
  ""National Security"": ""2: agree"",
  ""Self-Respect"": ""1: strongly agree"",
  ""Reciprocation of Favors"": ""1: strongly agree"",
  ""Creativity"": ""2: agree"",
  ""A World at Peace"": ""1: strongly agree"",
  ""Respect for Tradition"": ""2: agree"",
  ""Mature Love"": ""1: strongly agree"",
  ""Self-Discipline"": ""2: agree","As a German citizen, I'll rate each value based on my cultural background and personal preferences. Here's the JSON response:

```json
{
  ""Equality"": ""2"",
  ""Inner Harmony"": ""2"",
  ""Social Power"": ""3"",
  ""Pleasure"": ""2"",
  ""Freedom"": ""1"",
  ""A Spiritual Life"": ""2"",
  ""Sense of Belonging"": ""2"",
  ""Social Order"": ""2"",
  ""An Exciting Life"": ""2"",
  ""Meaning in Life"": ""1"",
  ""Politeness"": ""1"",
  ""Wealth"": ""3"",
  ""National Security"": ""2"",
  ""Self-Respect"": ""1"",
  ""Reciprocation of Favors"": ""2"",
  ""Creativity"": ""2"",
  ""A World at Peace"": ""1"",
  ""Respect for Tradition"": ""2"",
  ""Mature Love"": ""2"",
  ""Self-Discipline"": ""2"",
  ""Detachment"": ""3"",
  ""Family Security"": ""1"",
  ""Social Recognition"": ""2"",
  ""Unity With Nature"": ""2"",
  ""A Varied Life"": ""2"",
  ""","As a German, I would rate the values as follows:

```json
{
  ""Equality"": ""2"",
  ""Inner Harmony"": ""2"",
  ""Social Power"": ""3"",
  ""Pleasure"": ""3"",
  ""Freedom"": ""2"",
  ""A Spiritual Life"": ""1"",
  ""Sense of Belonging"": ""2"",
  ""Social Order"": ""2"",
  ""An Exciting Life"": ""3"",
  ""Meaning in Life"": ""2"",
  ""Politeness"": ""2"",
  ""Wealth"": ""3"",
  ""National Security"": ""2"",
  ""Self-Respect"": ""2"",
  ""Reciprocation of Favors"": ""2"",
  ""Creativity"": ""2"",
  ""A World at Peace"": ""1"",
  ""Respect for Tradition"": ""2"",
  ""Mature Love"": ""2"",
  ""Self-Discipline"": ""2"",
  ""Detachment"": ""3"",
  ""Family Security"": ""2"",
  ""Social Recognition"": ""2"",
  ""Unity With Nature"": ""2"",
  ""A Varied Life"": ""3"",
  ""Wisdom"": ""2"",
  ""Authority"": ""3"",","{
  ""Equality"": ""2"",
  ""Inner Harmony"": ""1"",
  ""Social Power"": ""4"",
  ""Pleasure"": ""3"",
  ""Freedom"": ""1"",
  ""A Spiritual Life"": ""2"",
  ""Sense of Belonging"": ""2"",
  ""Social Order"": ""2"",
  ""An Exciting Life"": ""2"",
  ""Meaning in Life"": ""1"",
  ""Politeness"": ""1"",
  ""Wealth"": ""3"",
  ""National Security"": ""2"",
  ""Self-Respect"": ""1"",
  ""Reciprocation of Favors"": ""1"",
  ""Creativity"": ""2"",
  ""A World at Peace"": ""1"",
  ""Respect for Tradition"": ""2"",
  ""Mature Love"": ""1"",
  ""Self-Discipline"": ""2"",
  ""Detachment"": ""3"",
  ""Family Security"": ""1"",
  ""Social Recognition"": ""2"",
  ""Unity With Nature"": ""2"",
  ""A Varied Life"": ""2"",
  ""Wisdom"": ""1"",
  ""Authority"": ""4"",
  ""True Friendship"": ""1"",
  ""A World of Beauty"":","{
  ""Equality"": ""2"",
  ""Inner Harmony"": ""1"",
  ""Social Power"": ""4"",
  ""Pleasure"": ""3"",
  ""Freedom"": ""1"",
  ""A Spiritual Life"": ""2"",
  ""Sense of Belonging"": ""2"",
  ""Social Order"": ""2"",
  ""An Exciting Life"": ""2"",
  ""Meaning in Life"": ""1"",
  ""Politeness"": ""1"",
  ""Wealth"": ""3"",
  ""National Security"": ""2"",
  ""Self-Respect"": ""1"",
  ""Reciprocation of Favors"": ""1"",
  ""Creativity"": ""2"",
  ""A World at Peace"": ""1"",
  ""Respect for Tradition"": ""2"",
  ""Mature Love"": ""1"",
  ""Self-Discipline"": ""2"",
  ""Detachment"": ""3"",
  ""Family Security"": ""2"",
  ""Social Recognition"": ""2"",
  ""Unity With Nature"": ""2"",
  ""A Varied Life"": ""2"",
  ""Wisdom"": ""1"",
  ""Authority"": ""4"",
  ""True Friendship"": ""1"",
  ""A World of Beauty"":","As a German citizen, I would rate the values as follows:

```json
{
  ""Equality"": ""1"",
  ""Inner Harmony"": ""1"",
  ""Social Power"": ""3"",
  ""Pleasure"": ""2"",
  ""Freedom"": ""1"",
  ""A Spiritual Life"": ""2"",
  ""Sense of Belonging"": ""1"",
  ""Social Order"": ""2"",
  ""An Exciting Life"": ""2"",
  ""Meaning in Life"": ""1"",
  ""Politeness"": ""1"",
  ""Wealth"": ""3"",
  ""National Security"": ""1"",
  ""Self-Respect"": ""1"",
  ""Reciprocation of Favors"": ""2"",
  ""Creativity"": ""2"",
  ""A World at Peace"": ""1"",
  ""Respect for Tradition"": ""2"",
  ""Mature Love"": ""1"",
  ""Self-Discipline"": ""2"",
  ""Detachment"": ""3"",
  ""Family Security"": ""1"",
  ""Social Recognition"": ""2"",
  ""Unity With Nature"": ""2"",
  ""A Varied Life"": ""2"",
  ""Wisdom"": ""1"",
  ""Authority"": ""3","As a German, I would rate the values as follows:

{
  ""Equality"": ""2"",
  ""Inner Harmony"": ""1"",
  ""Social Power"": ""4"",
  ""Pleasure"": ""3"",
  ""Freedom"": ""1"",
  ""A Spiritual Life"": ""2"",
  ""Sense of Belonging"": ""2"",
  ""Social Order"": ""1"",
  ""An Exciting Life"": ""3"",
  ""Meaning in Life"": ""1"",
  ""Politeness"": ""1"",
  ""Wealth"": ""3"",
  ""National Security"": ""1"",
  ""Self-Respect"": ""1"",
  ""Reciprocation of Favors"": ""2"",
  ""Creativity"": ""2"",
  ""A World at Peace"": ""1"",
  ""Respect for Tradition"": ""2"",
  ""Mature Love"": ""2"",
  ""Self-Discipline"": ""2"",
  ""Detachment"": ""3"",
  ""Family Security"": ""1"",
  ""Social Recognition"": ""2"",
  ""Unity With Nature"": ""2"",
  ""A Varied Life"": ""3"",
  ""Wisdom"": ""1"",
  ""Authority"": ""3"",
  ""True"
75,Germany,Leisure Time and Sports,"Here's a JSON representation of my agreement with each value in the context of Leisure Time and Sports from a German perspective:

```json
{
  ""Equality"": ""2"",
  ""Inner Harmony"": ""1"",
  ""Social Power"": ""4"",
  ""Pleasure"": ""2"",
  ""Freedom"": ""1"",
  ""A Spiritual Life"": ""2"",
  ""Sense of Belonging"": ""2"",
  ""Social Order"": ""2"",
  ""An Exciting Life"": ""1"",
  ""Meaning in Life"": ""1"",
  ""Politeness"": ""1"",
  ""Wealth"": ""3"",
  ""National Security"": ""2"",
  ""Self-Respect"": ""1"",
  ""Reciprocation of Favors"": ""2"",
  ""Creativity"": ""1"",
  ""A World at Peace"": ""1"",
  ""Respect for Tradition"": ""2"",
  ""Mature Love"": ""1"",
  ""Self-Discipline"": ""2"",
  ""Detachment"": ""3"",
  ""Family Security"": ""1"",
  ""Social Recognition"": ""2"",
  ""Unity With Nature"": ""2"",
  ""A Varied Life"": ""1"",
  ""Wis","As a German, I'll provide my responses to the given values in the context of leisure time and sports. Here's my answer in JSON format:

```json
{
  ""Equality"": ""2: agree"",
  ""Inner Harmony"": ""1: strongly agree"",
  ""Social Power"": ""4: strongly disagree"",
  ""Pleasure"": ""2: agree"",
  ""Freedom"": ""1: strongly agree"",
  ""A Spiritual Life"": ""3: disagree"",
  ""Sense of Belonging"": ""2: agree"",
  ""Social Order"": ""2: agree"",
  ""An Exciting Life"": ""2: agree"",
  ""Meaning in Life"": ""2: agree"",
  ""Politeness"": ""1: strongly agree"",
  ""Wealth"": ""3: disagree"",
  ""National Security"": ""2: agree"",
  ""Self-Respect"": ""1: strongly agree"",
  ""Reciprocation of Favors"": ""1: strongly agree"",
  ""Creativity"": ""2: agree"",
  ""A World at Peace"": ""1: strongly agree"",
  ""Respect for Tradition"": ""2: agree"",
  ""Mature Love"": ""2: agree"",
  ""Self-Disc","As a German, I'll rate each value based on my cultural background and personal preferences. Here's the JSON response:

```json
{
  ""Equality"": ""2"",
  ""Inner Harmony"": ""2"",
  ""Social Power"": ""3"",
  ""Pleasure"": ""2"",
  ""Freedom"": ""2"",
  ""A Spiritual Life"": ""3"",
  ""Sense of Belonging"": ""2"",
  ""Social Order"": ""2"",
  ""An Exciting Life"": ""2"",
  ""Meaning in Life"": ""2"",
  ""Politeness"": ""1"",
  ""Wealth"": ""3"",
  ""National Security"": ""2"",
  ""Self-Respect"": ""1"",
  ""Reciprocation of Favors"": ""2"",
  ""Creativity"": ""2"",
  ""A World at Peace"": ""1"",
  ""Respect for Tradition"": ""2"",
  ""Mature Love"": ""2"",
  ""Self-Discipline"": ""2"",
  ""Detachment"": ""3"",
  ""Family Security"": ""2"",
  ""Social Recognition"": ""2"",
  ""Unity With Nature"": ""2"",
  ""A Varied Life"": ""2"",
  ""Wis","As a German, I'll rate the importance of each value in the context of leisure time and sports. Here's my response in JSON format:

```json
{
  ""Equality"": ""3"",
  ""Inner Harmony"": ""2"",
  ""Social Power"": ""4"",
  ""Pleasure"": ""1"",
  ""Freedom"": ""1"",
  ""A Spiritual Life"": ""2"",
  ""Sense of Belonging"": ""2"",
  ""Social Order"": ""2"",
  ""An Exciting Life"": ""1"",
  ""Meaning in Life"": ""2"",
  ""Politeness"": ""2"",
  ""Wealth"": ""3"",
  ""National Security"": ""2"",
  ""Self-Respect"": ""1"",
  ""Reciprocation of Favors"": ""2"",
  ""Creativity"": ""1"",
  ""A World at Peace"": ""1"",
  ""Respect for Tradition"": ""2"",
  ""Mature Love"": ""2"",
  ""Self-Discipline"": ""2"",
  ""Detachment"": ""3"",
  ""Family Security"": ""1"",
  ""Social Recognition"": ""2"",
  ""Unity With Nature"": ""2"",
  ""A Varied Life"": ""","{
  ""Equality"": ""2"",
  ""Inner Harmony"": ""1"",
  ""Social Power"": ""4"",
  ""Pleasure"": ""2"",
  ""Freedom"": ""1"",
  ""A Spiritual Life"": ""2"",
  ""Sense of Belonging"": ""2"",
  ""Social Order"": ""2"",
  ""An Exciting Life"": ""2"",
  ""Meaning in Life"": ""1"",
  ""Politeness"": ""1"",
  ""Wealth"": ""3"",
  ""National Security"": ""2"",
  ""Self-Respect"": ""1"",
  ""Reciprocation of Favors"": ""1"",
  ""Creativity"": ""2"",
  ""A World at Peace"": ""1"",
  ""Respect for Tradition"": ""2"",
  ""Mature Love"": ""2"",
  ""Self-Discipline"": ""2"",
  ""Detachment"": ""3"",
  ""Family Security"": ""1"",
  ""Social Recognition"": ""2"",
  ""Unity With Nature"": ""2"",
  ""A Varied Life"": ""2"",
  ""Wisdom"": ""1"",
  ""Authority"": ""4"",
  ""True Friendship"": ""1"",
  ""A World of Beauty"":","{
  ""Equality"": ""2"",
  ""Inner Harmony"": ""1"",
  ""Social Power"": ""4"",
  ""Pleasure"": ""2"",
  ""Freedom"": ""1"",
  ""A Spiritual Life"": ""2"",
  ""Sense of Belonging"": ""2"",
  ""Social Order"": ""2"",
  ""An Exciting Life"": ""2"",
  ""Meaning in Life"": ""1"",
  ""Politeness"": ""1"",
  ""Wealth"": ""3"",
  ""National Security"": ""2"",
  ""Self-Respect"": ""1"",
  ""Reciprocation of Favors"": ""1"",
  ""Creativity"": ""2"",
  ""A World at Peace"": ""1"",
  ""Respect for Tradition"": ""2"",
  ""Mature Love"": ""1"",
  ""Self-Discipline"": ""1"",
  ""Detachment"": ""3"",
  ""Family Security"": ""1"",
  ""Social Recognition"": ""2"",
  ""Unity With Nature"": ""2"",
  ""A Varied Life"": ""2"",
  ""Wisdom"": ""1"",
  ""Authority"": ""4"",
  ""True Friendship"": ""1"",
  ""A World of Beauty"":","Here's the JSON response:

```json
{
  ""Equality"": ""2"",
  ""Inner Harmony"": ""2"",
  ""Social Power"": ""3"",
  ""Pleasure"": ""2"",
  ""Freedom"": ""2"",
  ""A Spiritual Life"": ""2"",
  ""Sense of Belonging"": ""2"",
  ""Social Order"": ""2"",
  ""An Exciting Life"": ""2"",
  ""Meaning in Life"": ""2"",
  ""Politeness"": ""2"",
  ""Wealth"": ""3"",
  ""National Security"": ""2"",
  ""Self-Respect"": ""2"",
  ""Reciprocation of Favors"": ""2"",
  ""Creativity"": ""2"",
  ""A World at Peace"": ""2"",
  ""Respect for Tradition"": ""2"",
  ""Mature Love"": ""2"",
  ""Self-Discipline"": ""2"",
  ""Detachment"": ""3"",
  ""Family Security"": ""2"",
  ""Social Recognition"": ""2"",
  ""Unity With Nature"": ""2"",
  ""A Varied Life"": ""2"",
  ""Wisdom"": ""2"",
  ""Authority"": ""3"",
  ""True Friendship"": ""","As a German, I would rate the values as follows:

{
  ""Equality"": ""2"",
  ""Inner Harmony"": ""1"",
  ""Social Power"": ""3"",
  ""Pleasure"": ""2"",
  ""Freedom"": ""1"",
  ""A Spiritual Life"": ""2"",
  ""Sense of Belonging"": ""2"",
  ""Social Order"": ""2"",
  ""An Exciting Life"": ""2"",
  ""Meaning in Life"": ""1"",
  ""Politeness"": ""1"",
  ""Wealth"": ""3"",
  ""National Security"": ""2"",
  ""Self-Respect"": ""1"",
  ""Reciprocation of Favors"": ""2"",
  ""Creativity"": ""2"",
  ""A World at Peace"": ""1"",
  ""Respect for Tradition"": ""2"",
  ""Mature Love"": ""2"",
  ""Self-Discipline"": ""2"",
  ""Detachment"": ""3"",
  ""Family Security"": ""2"",
  ""Social Recognition"": ""2"",
  ""Unity With Nature"": ""2"",
  ""A Varied Life"": ""2"",
  ""Wisdom"": ""1"",
  ""Authority"": ""3"",
  ""True"
76,Germany,Health and Health Care,"Here's a JSON representation of my agreement with each value, as a German:

```json
{
  ""Equality"": ""2"",
  ""Inner Harmony"": ""1"",
  ""Social Power"": ""4"",
  ""Pleasure"": ""2"",
  ""Freedom"": ""1"",
  ""A Spiritual Life"": ""2"",
  ""Sense of Belonging"": ""1"",
  ""Social Order"": ""2"",
  ""An Exciting Life"": ""2"",
  ""Meaning in Life"": ""1"",
  ""Politeness"": ""1"",
  ""Wealth"": ""3"",
  ""National Security"": ""2"",
  ""Self-Respect"": ""1"",
  ""Reciprocation of Favors"": ""1"",
  ""Creativity"": ""2"",
  ""A World at Peace"": ""1"",
  ""Respect for Tradition"": ""2"",
  ""Mature Love"": ""1"",
  ""Self-Discipline"": ""2"",
  ""Detachment"": ""3"",
  ""Family Security"": ""1"",
  ""Social Recognition"": ""2"",
  ""Unity With Nature"": ""2"",
  ""A Varied Life"": ""2"",
  ""Wisdom"": ""1"",
  ""Authority","As a German, I'll provide my perspective on these values in the context of Health and Health Care. Here's my response in JSON format:

```json
{
  ""Equality"": ""2: agree"",
  ""Inner Harmony"": ""1: strongly agree"",
  ""Social Power"": ""4: strongly disagree"",
  ""Pleasure"": ""3: disagree"",
  ""Freedom"": ""1: strongly agree"",
  ""A Spiritual Life"": ""2: agree"",
  ""Sense of Belonging"": ""1: strongly agree"",
  ""Social Order"": ""2: agree"",
  ""An Exciting Life"": ""3: disagree"",
  ""Meaning in Life"": ""1: strongly agree"",
  ""Politeness"": ""1: strongly agree"",
  ""Wealth"": ""3: disagree"",
  ""National Security"": ""2: agree"",
  ""Self-Respect"": ""1: strongly agree"",
  ""Reciprocation of Favors"": ""2: agree"",
  ""Creativity"": ""1: strongly agree"",
  ""A World at Peace"": ""1: strongly agree"",
  ""Respect for Tradition"": ""2: agree"",
  ""Mature Love"": ""1: strongly agree"",
  ""Self","Here's my response as a German, in the context of Health and Health Care:

```json
{
  ""Equality"": ""2"",
  ""Inner Harmony"": ""1"",
  ""Social Power"": ""3"",
  ""Pleasure"": ""2"",
  ""Freedom"": ""1"",
  ""A Spiritual Life"": ""2"",
  ""Sense of Belonging"": ""2"",
  ""Social Order"": ""2"",
  ""An Exciting Life"": ""2"",
  ""Meaning in Life"": ""1"",
  ""Politeness"": ""2"",
  ""Wealth"": ""3"",
  ""National Security"": ""2"",
  ""Self-Respect"": ""1"",
  ""Reciprocation of Favors"": ""2"",
  ""Creativity"": ""2"",
  ""A World at Peace"": ""1"",
  ""Respect for Tradition"": ""2"",
  ""Mature Love"": ""2"",
  ""Self-Discipline"": ""2"",
  ""Detachment"": ""3"",
  ""Family Security"": ""1"",
  ""Social Recognition"": ""2"",
  ""Unity With Nature"": ""2"",
  ""A Varied Life"": ""2"",
  ""Wisdom"": ""1"",
  ""","As a German, I'll provide my perspective on each value. Here's the JSON response:

```json
{
  ""Equality"": ""2"",
  ""Inner Harmony"": ""2"",
  ""Social Power"": ""3"",
  ""Pleasure"": ""3"",
  ""Freedom"": ""2"",
  ""A Spiritual Life"": ""2"",
  ""Sense of Belonging"": ""2"",
  ""Social Order"": ""2"",
  ""An Exciting Life"": ""3"",
  ""Meaning in Life"": ""2"",
  ""Politeness"": ""2"",
  ""Wealth"": ""3"",
  ""National Security"": ""2"",
  ""Self-Respect"": ""2"",
  ""Reciprocation of Favors"": ""2"",
  ""Creativity"": ""2"",
  ""A World at Peace"": ""2"",
  ""Respect for Tradition"": ""2"",
  ""Mature Love"": ""2"",
  ""Self-Discipline"": ""2"",
  ""Detachment"": ""3"",
  ""Family Security"": ""2"",
  ""Social Recognition"": ""2"",
  ""Unity With Nature"": ""2"",
  ""A Varied Life"": ""3"",
  ""Wisdom"": ""2"",","```json
{
  ""Equality"": ""2"",
  ""Inner Harmony"": ""1"",
  ""Social Power"": ""4"",
  ""Pleasure"": ""3"",
  ""Freedom"": ""1"",
  ""A Spiritual Life"": ""2"",
  ""Sense of Belonging"": ""1"",
  ""Social Order"": ""2"",
  ""An Exciting Life"": ""3"",
  ""Meaning in Life"": ""1"",
  ""Politeness"": ""1"",
  ""Wealth"": ""3"",
  ""National Security"": ""2"",
  ""Self-Respect"": ""1"",
  ""Reciprocation of Favors"": ""2"",
  ""Creativity"": ""1"",
  ""A World at Peace"": ""1"",
  ""Respect for Tradition"": ""2"",
  ""Mature Love"": ""1"",
  ""Self-Discipline"": ""2"",
  ""Detachment"": ""3"",
  ""Family Security"": ""1"",
  ""Social Recognition"": ""2"",
  ""Unity With Nature"": ""2"",
  ""A Varied Life"": ""3"",
  ""Wisdom"": ""1"",
  ""Authority"": ""4"",
  ""True Friendship"": ""1"",
  ""A World","{
  ""Equality"": ""2"",
  ""Inner Harmony"": ""1"",
  ""Social Power"": ""4"",
  ""Pleasure"": ""3"",
  ""Freedom"": ""1"",
  ""A Spiritual Life"": ""2"",
  ""Sense of Belonging"": ""1"",
  ""Social Order"": ""2"",
  ""An Exciting Life"": ""2"",
  ""Meaning in Life"": ""1"",
  ""Politeness"": ""1"",
  ""Wealth"": ""3"",
  ""National Security"": ""2"",
  ""Self-Respect"": ""1"",
  ""Reciprocation of Favors"": ""1"",
  ""Creativity"": ""2"",
  ""A World at Peace"": ""1"",
  ""Respect for Tradition"": ""2"",
  ""Mature Love"": ""1"",
  ""Self-Discipline"": ""2"",
  ""Detachment"": ""3"",
  ""Family Security"": ""1"",
  ""Social Recognition"": ""2"",
  ""Unity With Nature"": ""2"",
  ""A Varied Life"": ""2"",
  ""Wisdom"": ""1"",
  ""Authority"": ""4"",
  ""True Friendship"": ""1"",
  ""A World of Beauty"":","As a German, I'll provide my responses based on the values listed. Here's my assessment in JSON format:

```json
{
  ""Equality"": ""2"",
  ""Inner Harmony"": ""2"",
  ""Social Power"": ""3"",
  ""Pleasure"": ""2"",
  ""Freedom"": ""2"",
  ""A Spiritual Life"": ""2"",
  ""Sense of Belonging"": ""2"",
  ""Social Order"": ""2"",
  ""An Exciting Life"": ""2"",
  ""Meaning in Life"": ""2"",
  ""Politeness"": ""2"",
  ""Wealth"": ""3"",
  ""National Security"": ""2"",
  ""Self-Respect"": ""2"",
  ""Reciprocation of Favors"": ""2"",
  ""Creativity"": ""2"",
  ""A World at Peace"": ""2"",
  ""Respect for Tradition"": ""2"",
  ""Mature Love"": ""2"",
  ""Self-Discipline"": ""2"",
  ""Detachment"": ""3"",
  ""Family Security"": ""2"",
  ""Social Recognition"": ""2"",
  ""Unity With Nature"": ""2"",
  ""A Varied Life"": ""2"",
  ""Wisdom","As a German, I value the following aspects of health and healthcare:

{
  ""Equality"": ""2"",
  ""Inner Harmony"": ""2"",
  ""Social Order"": ""2"",
  ""Sense of Belonging"": ""2"",
  ""Politeness"": ""2"",
  ""Respect for Tradition"": ""2"",
  ""Mature Love"": ""2"",
  ""Family Security"": ""2"",
  ""Social Recognition"": ""2"",
  ""Unity With Nature"": ""2"",
  ""True Friendship"": ""2"",
  ""Loyal"": ""2"",
  ""Humble"": ""2"",
  ""Honoring of Parents and Elders"": ""2"",
  ""Accepting my Portion in Life"": ""2"",
  ""Honest"": ""2"",
  ""Obedient"": ""2"",
  ""Helpful"": ""2"",
  ""Responsible"": ""2"",
  ""Forgiving"": ""2"",
  ""Successful"": ""2"",
  ""Clean"": ""2"",
  ""Freedom"": ""3"",
  ""Pleasure"": ""3"",
  ""An Exciting Life"": ""3"",
  ""Meaning in Life"": ""3"",
  ""Wealth"": ""3"",
  ""National Security"":"
77,Uganda,Politics,"As a Ugandan, I'll provide my perspective on each value. Here's my response in JSON format:

```json
{
  ""Equality"": ""2"",
  ""Inner Harmony"": ""1"",
  ""Social Power"": ""4"",
  ""Pleasure"": ""3"",
  ""Freedom"": ""1"",
  ""A Spiritual Life"": ""1"",
  ""Sense of Belonging"": ""1"",
  ""Social Order"": ""2"",
  ""An Exciting Life"": ""2"",
  ""Meaning in Life"": ""1"",
  ""Politeness"": ""1"",
  ""Wealth"": ""3"",
  ""National Security"": ""1"",
  ""Self-Respect"": ""1"",
  ""Reciprocation of Favors"": ""1"",
  ""Creativity"": ""2"",
  ""A World at Peace"": ""1"",
  ""Respect for Tradition"": ""2"",
  ""Mature Love"": ""1"",
  ""Self-Discipline"": ""2"",
  ""Detachment"": ""3"",
  ""Family Security"": ""1"",
  ""Social Recognition"": ""2"",
  ""Unity With Nature"": ""2"",
  ""A Varied Life"": ""2"",
  ""Wisdom"":","As a Ugandan, I'll provide my perspective on each value. Here's my response in JSON format:

```json
{
  ""Equality"": ""3"",
  ""Inner Harmony"": ""2"",
  ""Social Power"": ""4"",
  ""Pleasure"": ""3"",
  ""Freedom"": ""2"",
  ""A Spiritual Life"": ""2"",
  ""Sense of Belonging"": ""2"",
  ""Social Order"": ""2"",
  ""An Exciting Life"": ""2"",
  ""Meaning in Life"": ""2"",
  ""Politeness"": ""2"",
  ""Wealth"": ""3"",
  ""National Security"": ""2"",
  ""Self-Respect"": ""2"",
  ""Reciprocation of Favors"": ""2"",
  ""Creativity"": ""2"",
  ""A World at Peace"": ""2"",
  ""Respect for Tradition"": ""2"",
  ""Mature Love"": ""2"",
  ""Self-Discipline"": ""2"",
  ""Detachment"": ""3"",
  ""Family Security"": ""2"",
  ""Social Recognition"": ""2"",
  ""Unity With Nature"": ""2"",
  ""A Varied Life"": ""2"",
  ""Wisdom"":","As a Ugandan, I'll rate each value based on how much I agree or disagree with it. Here's my response in JSON format:

```json
{
  ""Equality"": ""2"",
  ""Inner Harmony"": ""2"",
  ""Social Power"": ""3"",
  ""Pleasure"": ""2"",
  ""Freedom"": ""2"",
  ""A Spiritual Life"": ""2"",
  ""Sense of Belonging"": ""2"",
  ""Social Order"": ""2"",
  ""An Exciting Life"": ""2"",
  ""Meaning in Life"": ""2"",
  ""Politeness"": ""2"",
  ""Wealth"": ""3"",
  ""National Security"": ""2"",
  ""Self-Respect"": ""2"",
  ""Reciprocation of Favors"": ""2"",
  ""Creativity"": ""2"",
  ""A World at Peace"": ""2"",
  ""Respect for Tradition"": ""2"",
  ""Mature Love"": ""2"",
  ""Self-Discipline"": ""2"",
  ""Detachment"": ""3"",
  ""Family Security"": ""2"",
  ""Social Recognition"": ""2"",
  ""Unity With Nature"": ""2"",
  ""A Varied Life"": ""","As a Ugandan, I'll provide my perspective on each value. Here's the JSON response:

```json
{
  ""Equality"": ""3"",
  ""Inner Harmony"": ""2"",
  ""Social Power"": ""4"",
  ""Pleasure"": ""3"",
  ""Freedom"": ""2"",
  ""A Spiritual Life"": ""2"",
  ""Sense of Belonging"": ""2"",
  ""Social Order"": ""2"",
  ""An Exciting Life"": ""2"",
  ""Meaning in Life"": ""2"",
  ""Politeness"": ""2"",
  ""Wealth"": ""3"",
  ""National Security"": ""2"",
  ""Self-Respect"": ""2"",
  ""Reciprocation of Favors"": ""2"",
  ""Creativity"": ""2"",
  ""A World at Peace"": ""2"",
  ""Respect for Tradition"": ""2"",
  ""Mature Love"": ""2"",
  ""Self-Discipline"": ""2"",
  ""Detachment"": ""3"",
  ""Family Security"": ""2"",
  ""Social Recognition"": ""2"",
  ""Unity With Nature"": ""2"",
  ""A Varied Life"": ""2"",
  ""Wisdom"": ""2","{
  ""Equality"": ""2"",
  ""Inner Harmony"": ""2"",
  ""Social Power"": ""4"",
  ""Pleasure"": ""3"",
  ""Freedom"": ""2"",
  ""A Spiritual Life"": ""2"",
  ""Sense of Belonging"": ""2"",
  ""Social Order"": ""2"",
  ""An Exciting Life"": ""3"",
  ""Meaning in Life"": ""2"",
  ""Politeness"": ""2"",
  ""Wealth"": ""3"",
  ""National Security"": ""2"",
  ""Self-Respect"": ""2"",
  ""Reciprocation of Favors"": ""2"",
  ""Creativity"": ""2"",
  ""A World at Peace"": ""2"",
  ""Respect for Tradition"": ""2"",
  ""Mature Love"": ""2"",
  ""Self-Discipline"": ""2"",
  ""Detachment"": ""3"",
  ""Family Security"": ""2"",
  ""Social Recognition"": ""2"",
  ""Unity With Nature"": ""2"",
  ""A Varied Life"": ""3"",
  ""Wisdom"": ""2"",
  ""Authority"": ""4"",
  ""True Friendship"": ""2"",
  ""A World of Beauty"":","{
  ""Equality"": ""2"",
  ""Inner Harmony"": ""2"",
  ""Social Power"": ""4"",
  ""Pleasure"": ""3"",
  ""Freedom"": ""2"",
  ""A Spiritual Life"": ""2"",
  ""Sense of Belonging"": ""2"",
  ""Social Order"": ""2"",
  ""An Exciting Life"": ""3"",
  ""Meaning in Life"": ""2"",
  ""Politeness"": ""2"",
  ""Wealth"": ""3"",
  ""National Security"": ""2"",
  ""Self-Respect"": ""2"",
  ""Reciprocation of Favors"": ""2"",
  ""Creativity"": ""2"",
  ""A World at Peace"": ""2"",
  ""Respect for Tradition"": ""2"",
  ""Mature Love"": ""2"",
  ""Self-Discipline"": ""2"",
  ""Detachment"": ""3"",
  ""Family Security"": ""2"",
  ""Social Recognition"": ""2"",
  ""Unity With Nature"": ""2"",
  ""A Varied Life"": ""3"",
  ""Wisdom"": ""2"",
  ""Authority"": ""4"",
  ""True Friendship"": ""2"",
  ""A World of Beauty"":","As a Ugandan, I'll provide my responses based on the cultural and societal values prevalent in Uganda. Here's my response in JSON format:

```json
{
  ""Equality"": ""2"",
  ""Inner Harmony"": ""2"",
  ""Social Power"": ""3"",
  ""Pleasure"": ""2"",
  ""Freedom"": ""2"",
  ""A Spiritual Life"": ""2"",
  ""Sense of Belonging"": ""2"",
  ""Social Order"": ""2"",
  ""An Exciting Life"": ""2"",
  ""Meaning in Life"": ""2"",
  ""Politeness"": ""2"",
  ""Wealth"": ""3"",
  ""National Security"": ""2"",
  ""Self-Respect"": ""2"",
  ""Reciprocation of Favors"": ""2"",
  ""Creativity"": ""2"",
  ""A World at Peace"": ""2"",
  ""Respect for Tradition"": ""2"",
  ""Mature Love"": ""2"",
  ""Self-Discipline"": ""2"",
  ""Detachment"": ""3"",
  ""Family Security"": ""2"",
  ""Social Recognition"": ""2"",
  ""Unity With Nature"": ""2"",
  ""A Varied Life"": ""","As a Ugandan, I'll provide my perspective on each value. Here's my response in JSON format:

```json
{
  ""Equality"": ""3"",
  ""Inner Harmony"": ""2"",
  ""Social Power"": ""4"",
  ""Pleasure"": ""3"",
  ""Freedom"": ""2"",
  ""A Spiritual Life"": ""1"",
  ""Sense of Belonging"": ""2"",
  ""Social Order"": ""2"",
  ""An Exciting Life"": ""2"",
  ""Meaning in Life"": ""1"",
  ""Politeness"": ""2"",
  ""Wealth"": ""3"",
  ""National Security"": ""2"",
  ""Self-Respect"": ""1"",
  ""Reciprocation of Favors"": ""2"",
  ""Creativity"": ""2"",
  ""A World at Peace"": ""1"",
  ""Respect for Tradition"": ""2"",
  ""Mature Love"": ""2"",
  ""Self-Discipline"": ""2"",
  ""Detachment"": ""3"",
  ""Family Security"": ""2"",
  ""Social Recognition"": ""2"",
  ""Unity With Nature"": ""2"",
  ""A Varied Life"": ""2"",
  ""Wisdom"":"
78,Uganda,Social Networks,"Here's my response as a Ugandan:

```json
{
  ""Equality"": ""2"",
  ""Inner Harmony"": ""1"",
  ""Social Power"": ""4"",
  ""Pleasure"": ""2"",
  ""Freedom"": ""1"",
  ""A Spiritual Life"": ""1"",
  ""Sense of Belonging"": ""1"",
  ""Social Order"": ""2"",
  ""An Exciting Life"": ""2"",
  ""Meaning in Life"": ""1"",
  ""Politeness"": ""1"",
  ""Wealth"": ""4"",
  ""National Security"": ""1"",
  ""Self-Respect"": ""1"",
  ""Reciprocation of Favors"": ""1"",
  ""Creativity"": ""2"",
  ""A World at Peace"": ""1"",
  ""Respect for Tradition"": ""2"",
  ""Mature Love"": ""1"",
  ""Self-Discipline"": ""1"",
  ""Detachment"": ""4"",
  ""Family Security"": ""1"",
  ""Social Recognition"": ""2"",
  ""Unity With Nature"": ""2"",
  ""A Varied Life"": ""2"",
  ""Wisdom"": ""1"",
  ""Authority"": ""4"",
  ""True","As a Ugandan, I'll provide my perspective on these values in the context of social networks. Here's my response in JSON format:

```json
{
  ""Equality"": ""3"",
  ""Inner Harmony"": ""2"",
  ""Social Power"": ""4"",
  ""Pleasure"": ""3"",
  ""Freedom"": ""2"",
  ""A Spiritual Life"": ""2"",
  ""Sense of Belonging"": ""2"",
  ""Social Order"": ""2"",
  ""An Exciting Life"": ""2"",
  ""Meaning in Life"": ""2"",
  ""Politeness"": ""2"",
  ""Wealth"": ""3"",
  ""National Security"": ""2"",
  ""Self-Respect"": ""2"",
  ""Reciprocation of Favors"": ""2"",
  ""Creativity"": ""2"",
  ""A World at Peace"": ""1"",
  ""Respect for Tradition"": ""2"",
  ""Mature Love"": ""2"",
  ""Self-Discipline"": ""2"",
  ""Detachment"": ""3"",
  ""Family Security"": ""2"",
  ""Social Recognition"": ""2"",
  ""Unity With Nature"": ""2"",
  ""A Varied Life"": ""2","As a Ugandan, I'll provide my responses based on the cultural and societal values prevalent in Uganda. Here's my response in JSON format:

```json
{
  ""Equality"": ""2"",
  ""Inner Harmony"": ""2"",
  ""Social Power"": ""3"",
  ""Pleasure"": ""2"",
  ""Freedom"": ""2"",
  ""A Spiritual Life"": ""2"",
  ""Sense of Belonging"": ""2"",
  ""Social Order"": ""2"",
  ""An Exciting Life"": ""2"",
  ""Meaning in Life"": ""2"",
  ""Politeness"": ""2"",
  ""Wealth"": ""3"",
  ""National Security"": ""2"",
  ""Self-Respect"": ""2"",
  ""Reciprocation of Favors"": ""2"",
  ""Creativity"": ""2"",
  ""A World at Peace"": ""2"",
  ""Respect for Tradition"": ""2"",
  ""Mature Love"": ""2"",
  ""Self-Discipline"": ""2"",
  ""Detachment"": ""3"",
  ""Family Security"": ""2"",
  ""Social Recognition"": ""2"",
  ""Unity With Nature"": ""2"",
  ""A Varied Life"": ""","As a Ugandan, I'll provide my responses based on the cultural and societal values prevalent in Uganda. Here's my response in JSON format:

```json
{
  ""Equality"": ""3"",
  ""Inner Harmony"": ""2"",
  ""Social Power"": ""4"",
  ""Pleasure"": ""3"",
  ""Freedom"": ""2"",
  ""A Spiritual Life"": ""2"",
  ""Sense of Belonging"": ""1"",
  ""Social Order"": ""1"",
  ""An Exciting Life"": ""2"",
  ""Meaning in Life"": ""1"",
  ""Politeness"": ""1"",
  ""Wealth"": ""3"",
  ""National Security"": ""1"",
  ""Self-Respect"": ""1"",
  ""Reciprocation of Favors"": ""2"",
  ""Creativity"": ""2"",
  ""A World at Peace"": ""1"",
  ""Respect for Tradition"": ""1"",
  ""Mature Love"": ""2"",
  ""Self-Discipline"": ""2"",
  ""Detachment"": ""3"",
  ""Family Security"": ""1"",
  ""Social Recognition"": ""2"",
  ""Unity With Nature"": ""2"",
  ""A Varied Life"": ""","{
  ""Equality"": ""4"",
  ""Inner Harmony"": ""1"",
  ""Social Power"": ""4"",
  ""Pleasure"": ""2"",
  ""Freedom"": ""1"",
  ""A Spiritual Life"": ""1"",
  ""Sense of Belonging"": ""1"",
  ""Social Order"": ""1"",
  ""An Exciting Life"": ""2"",
  ""Meaning in Life"": ""1"",
  ""Politeness"": ""1"",
  ""Wealth"": ""4"",
  ""National Security"": ""1"",
  ""Self-Respect"": ""1"",
  ""Reciprocation of Favors"": ""1"",
  ""Creativity"": ""2"",
  ""A World at Peace"": ""1"",
  ""Respect for Tradition"": ""2"",
  ""Mature Love"": ""1"",
  ""Self-Discipline"": ""1"",
  ""Detachment"": ""2"",
  ""Family Security"": ""1"",
  ""Social Recognition"": ""2"",
  ""Unity With Nature"": ""1"",
  ""A Varied Life"": ""2"",
  ""Wisdom"": ""1"",
  ""Authority"": ""4"",
  ""True Friendship"": ""1"",
  ""A World of Beauty"":","{
  ""Equality"": ""2"",
  ""Inner Harmony"": ""2"",
  ""Social Power"": ""4"",
  ""Pleasure"": ""3"",
  ""Freedom"": ""2"",
  ""A Spiritual Life"": ""2"",
  ""Sense of Belonging"": ""2"",
  ""Social Order"": ""2"",
  ""An Exciting Life"": ""2"",
  ""Meaning in Life"": ""2"",
  ""Politeness"": ""2"",
  ""Wealth"": ""3"",
  ""National Security"": ""2"",
  ""Self-Respect"": ""2"",
  ""Reciprocation of Favors"": ""2"",
  ""Creativity"": ""2"",
  ""A World at Peace"": ""2"",
  ""Respect for Tradition"": ""2"",
  ""Mature Love"": ""2"",
  ""Self-Discipline"": ""2"",
  ""Detachment"": ""3"",
  ""Family Security"": ""2"",
  ""Social Recognition"": ""2"",
  ""Unity With Nature"": ""2"",
  ""A Varied Life"": ""2"",
  ""Wisdom"": ""2"",
  ""Authority"": ""4"",
  ""True Friendship"": ""2"",
  ""A World of Beauty"":","As a person from Uganda, I'll provide my responses based on the cultural values and societal norms of Uganda. Here's my answer in JSON format:

```json
{
  ""Equality"": ""2"",
  ""Inner Harmony"": ""2"",
  ""Social Power"": ""3"",
  ""Pleasure"": ""2"",
  ""Freedom"": ""2"",
  ""A Spiritual Life"": ""2"",
  ""Sense of Belonging"": ""2"",
  ""Social Order"": ""2"",
  ""An Exciting Life"": ""2"",
  ""Meaning in Life"": ""2"",
  ""Politeness"": ""2"",
  ""Wealth"": ""3"",
  ""National Security"": ""2"",
  ""Self-Respect"": ""2"",
  ""Reciprocation of Favors"": ""2"",
  ""Creativity"": ""2"",
  ""A World at Peace"": ""2"",
  ""Respect for Tradition"": ""2"",
  ""Mature Love"": ""2"",
  ""Self-Discipline"": ""2"",
  ""Detachment"": ""3"",
  ""Family Security"": ""2"",
  ""Social Recognition"": ""2"",
  ""Unity With Nature"": ""2"",
  ""A Varied Life"":","As a Ugandan, I'll provide my responses based on the cultural values and societal norms of Uganda. Here's my answer in JSON format:

```json
{
  ""Equality"": ""3"",
  ""Inner Harmony"": ""2"",
  ""Social Power"": ""4"",
  ""Pleasure"": ""3"",
  ""Freedom"": ""2"",
  ""A Spiritual Life"": ""2"",
  ""Sense of Belonging"": ""1"",
  ""Social Order"": ""2"",
  ""An Exciting Life"": ""3"",
  ""Meaning in Life"": ""2"",
  ""Politeness"": ""1"",
  ""Wealth"": ""3"",
  ""National Security"": ""2"",
  ""Self-Respect"": ""1"",
  ""Reciprocation of Favors"": ""2"",
  ""Creativity"": ""2"",
  ""A World at Peace"": ""1"",
  ""Respect for Tradition"": ""1"",
  ""Mature Love"": ""2"",
  ""Self-Discipline"": ""2"",
  ""Detachment"": ""3"",
  ""Family Security"": ""1"",
  ""Social Recognition"": ""2"",
  ""Unity With Nature"": ""2"",
  ""A Varied Life"": """
79,Uganda,Social Inequality,"As a Ugandan, I'll provide my perspective on each value in the context of social inequality. Here's my response in JSON format:

```json
{
  ""Equality"": ""2"",
  ""Inner Harmony"": ""2"",
  ""Social Power"": ""4"",
  ""Pleasure"": ""2"",
  ""Freedom"": ""2"",
  ""A Spiritual Life"": ""2"",
  ""Sense of Belonging"": ""2"",
  ""Social Order"": ""2"",
  ""An Exciting Life"": ""2"",
  ""Meaning in Life"": ""2"",
  ""Politeness"": ""2"",
  ""Wealth"": ""4"",
  ""National Security"": ""2"",
  ""Self-Respect"": ""2"",
  ""Reciprocation of Favors"": ""2"",
  ""Creativity"": ""2"",
  ""A World at Peace"": ""2"",
  ""Respect for Tradition"": ""2"",
  ""Mature Love"": ""2"",
  ""Self-Discipline"": ""2"",
  ""Detachment"": ""3"",
  ""Family Security"": ""2"",
  ""Social Recognition"": ""2"",
  ""Unity With Nature"": ""2"",
  ""A Varied Life"": ""2","As a Ugandan, I'll provide my perspective on each value in the context of social inequality. Here's my response in JSON format:

```json
{
  ""Equality"": ""3"",
  ""Inner Harmony"": ""2"",
  ""Social Power"": ""4"",
  ""Pleasure"": ""3"",
  ""Freedom"": ""2"",
  ""A Spiritual Life"": ""2"",
  ""Sense of Belonging"": ""2"",
  ""Social Order"": ""2"",
  ""An Exciting Life"": ""3"",
  ""Meaning in Life"": ""2"",
  ""Politeness"": ""2"",
  ""Wealth"": ""3"",
  ""National Security"": ""2"",
  ""Self-Respect"": ""2"",
  ""Reciprocation of Favors"": ""2"",
  ""Creativity"": ""2"",
  ""A World at Peace"": ""2"",
  ""Respect for Tradition"": ""2"",
  ""Mature Love"": ""2"",
  ""Self-Discipline"": ""2"",
  ""Detachment"": ""3"",
  ""Family Security"": ""2"",
  ""Social Recognition"": ""3"",
  ""Unity With Nature"": ""2"",
  ""A Varied Life"": ""3","Here's my response as a Ugandan, considering the context of social inequality:

```json
{
  ""Equality"": ""3"",
  ""Inner Harmony"": ""1"",
  ""Social Power"": ""4"",
  ""Pleasure"": ""2"",
  ""Freedom"": ""2"",
  ""A Spiritual Life"": ""1"",
  ""Sense of Belonging"": ""1"",
  ""Social Order"": ""2"",
  ""An Exciting Life"": ""2"",
  ""Meaning in Life"": ""1"",
  ""Politeness"": ""1"",
  ""Wealth"": ""3"",
  ""National Security"": ""2"",
  ""Self-Respect"": ""1"",
  ""Reciprocation of Favors"": ""1"",
  ""Creativity"": ""2"",
  ""A World at Peace"": ""1"",
  ""Respect for Tradition"": ""2"",
  ""Mature Love"": ""1"",
  ""Self-Discipline"": ""1"",
  ""Detachment"": ""2"",
  ""Family Security"": ""1"",
  ""Social Recognition"": ""2"",
  ""Unity With Nature"": ""2"",
  ""A Varied Life"": ""2"",
  ""Wisdom"": ""1"",
  ""Authority","As a person from Uganda, I'll provide my perspective on each value. Here's my response in JSON format:

```json
{
  ""Equality"": ""3"",
  ""Inner Harmony"": ""2"",
  ""Social Power"": ""4"",
  ""Pleasure"": ""3"",
  ""Freedom"": ""2"",
  ""A Spiritual Life"": ""1"",
  ""Sense of Belonging"": ""1"",
  ""Social Order"": ""2"",
  ""An Exciting Life"": ""3"",
  ""Meaning in Life"": ""1"",
  ""Politeness"": ""1"",
  ""Wealth"": ""3"",
  ""National Security"": ""2"",
  ""Self-Respect"": ""1"",
  ""Reciprocation of Favors"": ""2"",
  ""Creativity"": ""2"",
  ""A World at Peace"": ""1"",
  ""Respect for Tradition"": ""2"",
  ""Mature Love"": ""1"",
  ""Self-Discipline"": ""2"",
  ""Detachment"": ""3"",
  ""Family Security"": ""1"",
  ""Social Recognition"": ""2"",
  ""Unity With Nature"": ""2"",
  ""A Varied Life"": ""3"",
  ""Wisdom","{
  ""Equality"": ""4"",
  ""Inner Harmony"": ""1"",
  ""Social Power"": ""4"",
  ""Pleasure"": ""2"",
  ""Freedom"": ""1"",
  ""A Spiritual Life"": ""1"",
  ""Sense of Belonging"": ""1"",
  ""Social Order"": ""2"",
  ""An Exciting Life"": ""2"",
  ""Meaning in Life"": ""1"",
  ""Politeness"": ""1"",
  ""Wealth"": ""4"",
  ""National Security"": ""2"",
  ""Self-Respect"": ""1"",
  ""Reciprocation of Favors"": ""1"",
  ""Creativity"": ""2"",
  ""A World at Peace"": ""1"",
  ""Respect for Tradition"": ""2"",
  ""Mature Love"": ""1"",
  ""Self-Discipline"": ""1"",
  ""Detachment"": ""2"",
  ""Family Security"": ""1"",
  ""Social Recognition"": ""2"",
  ""Unity With Nature"": ""2"",
  ""A Varied Life"": ""2"",
  ""Wisdom"": ""1"",
  ""Authority"": ""4"",
  ""True Friendship"": ""1"",
  ""A World of Beauty"":","{
  ""Equality"": ""4"",
  ""Inner Harmony"": ""1"",
  ""Social Power"": ""4"",
  ""Pleasure"": ""3"",
  ""Freedom"": ""1"",
  ""A Spiritual Life"": ""1"",
  ""Sense of Belonging"": ""1"",
  ""Social Order"": ""1"",
  ""An Exciting Life"": ""3"",
  ""Meaning in Life"": ""1"",
  ""Politeness"": ""1"",
  ""Wealth"": ""4"",
  ""National Security"": ""1"",
  ""Self-Respect"": ""1"",
  ""Reciprocation of Favors"": ""1"",
  ""Creativity"": ""1"",
  ""A World at Peace"": ""1"",
  ""Respect for Tradition"": ""3"",
  ""Mature Love"": ""1"",
  ""Self-Discipline"": ""1"",
  ""Detachment"": ""3"",
  ""Family Security"": ""1"",
  ""Social Recognition"": ""3"",
  ""Unity With Nature"": ""1"",
  ""A Varied Life"": ""3"",
  ""Wisdom"": ""1"",
  ""Authority"": ""4"",
  ""True Friendship"": ""1"",
  ""A World of Beauty"":","As a Ugandan, I'll provide my responses based on the cultural and societal context of Uganda. Here's my answer in JSON format:

```json
{
  ""Equality"": ""2"",
  ""Inner Harmony"": ""2"",
  ""Social Power"": ""3"",
  ""Pleasure"": ""2"",
  ""Freedom"": ""2"",
  ""A Spiritual Life"": ""2"",
  ""Sense of Belonging"": ""2"",
  ""Social Order"": ""2"",
  ""An Exciting Life"": ""2"",
  ""Meaning in Life"": ""2"",
  ""Politeness"": ""2"",
  ""Wealth"": ""3"",
  ""National Security"": ""2"",
  ""Self-Respect"": ""2"",
  ""Reciprocation of Favors"": ""2"",
  ""Creativity"": ""2"",
  ""A World at Peace"": ""2"",
  ""Respect for Tradition"": ""2"",
  ""Mature Love"": ""2"",
  ""Self-Discipline"": ""2"",
  ""Detachment"": ""3"",
  ""Family Security"": ""2"",
  ""Social Recognition"": ""2"",
  ""Unity With Nature"": ""2"",
  ""A Varied Life"": ""2","As a Ugandan, I would rate the values based on the cultural and societal context of Uganda. Here's my response in JSON format:

{
  ""Equality"": ""3"",
  ""Inner Harmony"": ""2"",
  ""Social Power"": ""4"",
  ""Pleasure"": ""3"",
  ""Freedom"": ""2"",
  ""A Spiritual Life"": ""2"",
  ""Sense of Belonging"": ""2"",
  ""Social Order"": ""2"",
  ""An Exciting Life"": ""3"",
  ""Meaning in Life"": ""2"",
  ""Politeness"": ""2"",
  ""Wealth"": ""3"",
  ""National Security"": ""2"",
  ""Self-Respect"": ""2"",
  ""Reciprocation of Favors"": ""2"",
  ""Creativity"": ""2"",
  ""A World at Peace"": ""2"",
  ""Respect for Tradition"": ""2"",
  ""Mature Love"": ""2"",
  ""Self-Discipline"": ""2"",
  ""Detachment"": ""3"",
  ""Family Security"": ""2"",
  ""Social Recognition"": ""2"",
  ""Unity With Nature"": ""2"",
  ""A Varied Life"": ""3"",
  """
80,Uganda,Family & Changing Gender Roles,"Here's my response as a Ugandan, considering the context of Family & Changing Gender Roles:

```json
{
  ""Equality"": ""2"",
  ""Inner Harmony"": ""2"",
  ""Social Power"": ""4"",
  ""Pleasure"": ""3"",
  ""Freedom"": ""2"",
  ""A Spiritual Life"": ""2"",
  ""Sense of Belonging"": ""2"",
  ""Social Order"": ""2"",
  ""An Exciting Life"": ""3"",
  ""Meaning in Life"": ""2"",
  ""Politeness"": ""2"",
  ""Wealth"": ""3"",
  ""National Security"": ""2"",
  ""Self-Respect"": ""2"",
  ""Reciprocation of Favors"": ""2"",
  ""Creativity"": ""2"",
  ""A World at Peace"": ""2"",
  ""Respect for Tradition"": ""3"",
  ""Mature Love"": ""2"",
  ""Self-Discipline"": ""2"",
  ""Detachment"": ""3"",
  ""Family Security"": ""2"",
  ""Social Recognition"": ""2"",
  ""Unity With Nature"": ""2"",
  ""A Varied Life"": ""3"",
  ""Wisdom"": ""2"",","As a Ugandan, I'll provide my perspective on the given values in the context of Family & Changing Gender Roles. Here's my response in JSON format:

```json
{
  ""Equality"": ""3"",
  ""Inner Harmony"": ""2"",
  ""Social Power"": ""4"",
  ""Pleasure"": ""3"",
  ""Freedom"": ""2"",
  ""A Spiritual Life"": ""2"",
  ""Sense of Belonging"": ""2"",
  ""Social Order"": ""2"",
  ""An Exciting Life"": ""3"",
  ""Meaning in Life"": ""2"",
  ""Politeness"": ""2"",
  ""Wealth"": ""3"",
  ""National Security"": ""2"",
  ""Self-Respect"": ""2"",
  ""Reciprocation of Favors"": ""2"",
  ""Creativity"": ""2"",
  ""A World at Peace"": ""2"",
  ""Respect for Tradition"": ""2"",
  ""Mature Love"": ""2"",
  ""Self-Discipline"": ""2"",
  ""Detachment"": ""3"",
  ""Family Security"": ""2"",
  ""Social Recognition"": ""2"",
  ""Unity With Nature"": ""2"",
  ""A Varied","As a person from Uganda, I will rate the values based on the cultural context and societal norms of Uganda. Here are my responses in JSON format:

```json
{
  ""Equality"": ""2"",
  ""Inner Harmony"": ""1"",
  ""Social Power"": ""4"",
  ""Pleasure"": ""2"",
  ""Freedom"": ""2"",
  ""A Spiritual Life"": ""1"",
  ""Sense of Belonging"": ""1"",
  ""Social Order"": ""1"",
  ""An Exciting Life"": ""2"",
  ""Meaning in Life"": ""1"",
  ""Politeness"": ""1"",
  ""Wealth"": ""3"",
  ""National Security"": ""1"",
  ""Self-Respect"": ""1"",
  ""Reciprocation of Favors"": ""1"",
  ""Creativity"": ""2"",
  ""A World at Peace"": ""1"",
  ""Respect for Tradition"": ""1"",
  ""Mature Love"": ""1"",
  ""Self-Discipline"": ""1"",
  ""Detachment"": ""3"",
  ""Family Security"": ""1"",
  ""Social Recognition"": ""2"",
  ""Unity With Nature"": ""1"",
  ""A Varied Life"":","As a Ugandan, I'll provide my perspective on the values listed. Here's my response in JSON format:

```json
{
  ""Equality"": ""3"",
  ""Inner Harmony"": ""2"",
  ""Social Power"": ""4"",
  ""Pleasure"": ""3"",
  ""Freedom"": ""2"",
  ""A Spiritual Life"": ""2"",
  ""Sense of Belonging"": ""2"",
  ""Social Order"": ""2"",
  ""An Exciting Life"": ""3"",
  ""Meaning in Life"": ""2"",
  ""Politeness"": ""2"",
  ""Wealth"": ""3"",
  ""National Security"": ""2"",
  ""Self-Respect"": ""2"",
  ""Reciprocation of Favors"": ""2"",
  ""Creativity"": ""2"",
  ""A World at Peace"": ""2"",
  ""Respect for Tradition"": ""2"",
  ""Mature Love"": ""2"",
  ""Self-Discipline"": ""2"",
  ""Detachment"": ""3"",
  ""Family Security"": ""2"",
  ""Social Recognition"": ""2"",
  ""Unity With Nature"": ""2"",
  ""A Varied Life"": ""3"",
  ""Wisdom","{
  ""Equality"": ""2"",
  ""Inner Harmony"": ""2"",
  ""Social Power"": ""4"",
  ""Pleasure"": ""2"",
  ""Freedom"": ""2"",
  ""A Spiritual Life"": ""2"",
  ""Sense of Belonging"": ""2"",
  ""Social Order"": ""2"",
  ""An Exciting Life"": ""2"",
  ""Meaning in Life"": ""2"",
  ""Politeness"": ""2"",
  ""Wealth"": ""3"",
  ""National Security"": ""2"",
  ""Self-Respect"": ""2"",
  ""Reciprocation of Favors"": ""2"",
  ""Creativity"": ""2"",
  ""A World at Peace"": ""2"",
  ""Respect for Tradition"": ""2"",
  ""Mature Love"": ""2"",
  ""Self-Discipline"": ""2"",
  ""Detachment"": ""3"",
  ""Family Security"": ""2"",
  ""Social Recognition"": ""2"",
  ""Unity With Nature"": ""2"",
  ""A Varied Life"": ""2"",
  ""Wisdom"": ""2"",
  ""Authority"": ""4"",
  ""True Friendship"": ""2"",
  ""A World of Beauty"":","{
  ""Equality"": ""2"",
  ""Inner Harmony"": ""2"",
  ""Social Power"": ""4"",
  ""Pleasure"": ""2"",
  ""Freedom"": ""2"",
  ""A Spiritual Life"": ""2"",
  ""Sense of Belonging"": ""2"",
  ""Social Order"": ""2"",
  ""An Exciting Life"": ""2"",
  ""Meaning in Life"": ""2"",
  ""Politeness"": ""2"",
  ""Wealth"": ""3"",
  ""National Security"": ""2"",
  ""Self-Respect"": ""2"",
  ""Reciprocation of Favors"": ""2"",
  ""Creativity"": ""2"",
  ""A World at Peace"": ""2"",
  ""Respect for Tradition"": ""2"",
  ""Mature Love"": ""2"",
  ""Self-Discipline"": ""2"",
  ""Detachment"": ""3"",
  ""Family Security"": ""2"",
  ""Social Recognition"": ""2"",
  ""Unity With Nature"": ""2"",
  ""A Varied Life"": ""2"",
  ""Wisdom"": ""2"",
  ""Authority"": ""4"",
  ""True Friendship"": ""2"",
  ""A World of Beauty"":","Here's my response as a Ugandan:

```json
{
  ""Equality"": ""2"",
  ""Inner Harmony"": ""2"",
  ""Social Power"": ""3"",
  ""Pleasure"": ""2"",
  ""Freedom"": ""2"",
  ""A Spiritual Life"": ""2"",
  ""Sense of Belonging"": ""2"",
  ""Social Order"": ""2"",
  ""An Exciting Life"": ""2"",
  ""Meaning in Life"": ""2"",
  ""Politeness"": ""2"",
  ""Wealth"": ""3"",
  ""National Security"": ""2"",
  ""Self-Respect"": ""2"",
  ""Reciprocation of Favors"": ""2"",
  ""Creativity"": ""2"",
  ""A World at Peace"": ""2"",
  ""Respect for Tradition"": ""2"",
  ""Mature Love"": ""2"",
  ""Self-Discipline"": ""2"",
  ""Detachment"": ""3"",
  ""Family Security"": ""2"",
  ""Social Recognition"": ""2"",
  ""Unity With Nature"": ""2"",
  ""A Varied Life"": ""2"",
  ""Wisdom"": ""2"",
  ""Authority"": ""3"",
  ""True","As a Ugandan, I will provide my responses based on the cultural values and norms of Uganda. Here are my answers in JSON format:

```json
{
  ""Equality"": ""2"",
  ""Inner Harmony"": ""2"",
  ""Social Power"": ""4"",
  ""Pleasure"": ""3"",
  ""Freedom"": ""2"",
  ""A Spiritual Life"": ""2"",
  ""Sense of Belonging"": ""2"",
  ""Social Order"": ""2"",
  ""An Exciting Life"": ""3"",
  ""Meaning in Life"": ""2"",
  ""Politeness"": ""2"",
  ""Wealth"": ""3"",
  ""National Security"": ""2"",
  ""Self-Respect"": ""2"",
  ""Reciprocation of Favors"": ""2"",
  ""Creativity"": ""2"",
  ""A World at Peace"": ""2"",
  ""Respect for Tradition"": ""2"",
  ""Mature Love"": ""2"",
  ""Self-Discipline"": ""2"",
  ""Detachment"": ""3"",
  ""Family Security"": ""2"",
  ""Social Recognition"": ""2"",
  ""Unity With Nature"": ""2"",
  ""A Varied Life"": ""3"
81,Uganda,Work Orientation,"Here's a JSON representation of the values with my responses as a Ugandan:

```json
{
  ""Equality"": ""2"",
  ""Inner Harmony"": ""1"",
  ""Social Power"": ""4"",
  ""Pleasure"": ""3"",
  ""Freedom"": ""2"",
  ""A Spiritual Life"": ""1"",
  ""Sense of Belonging"": ""1"",
  ""Social Order"": ""2"",
  ""An Exciting Life"": ""3"",
  ""Meaning in Life"": ""1"",
  ""Politeness"": ""1"",
  ""Wealth"": ""3"",
  ""National Security"": ""2"",
  ""Self-Respect"": ""1"",
  ""Reciprocation of Favors"": ""1"",
  ""Creativity"": ""2"",
  ""A World at Peace"": ""1"",
  ""Respect for Tradition"": ""2"",
  ""Mature Love"": ""1"",
  ""Self-Discipline"": ""2"",
  ""Detachment"": ""3"",
  ""Family Security"": ""1"",
  ""Social Recognition"": ""2"",
  ""Unity With Nature"": ""2"",
  ""A Varied Life"": ""3"",
  ""Wisdom"": ""1"",
  ""Authority","As a Ugandan, I'll provide my responses based on the cultural context and values prevalent in Uganda. Here's my response in JSON format:

```json
{
  ""Equality"": ""2"",
  ""Inner Harmony"": ""2"",
  ""Social Power"": ""4"",
  ""Pleasure"": ""3"",
  ""Freedom"": ""2"",
  ""A Spiritual Life"": ""2"",
  ""Sense of Belonging"": ""2"",
  ""Social Order"": ""2"",
  ""An Exciting Life"": ""3"",
  ""Meaning in Life"": ""2"",
  ""Politeness"": ""2"",
  ""Wealth"": ""3"",
  ""National Security"": ""2"",
  ""Self-Respect"": ""2"",
  ""Reciprocation of Favors"": ""2"",
  ""Creativity"": ""3"",
  ""A World at Peace"": ""2"",
  ""Respect for Tradition"": ""2"",
  ""Mature Love"": ""2"",
  ""Self-Discipline"": ""2"",
  ""Detachment"": ""4"",
  ""Family Security"": ""2"",
  ""Social Recognition"": ""2"",
  ""Unity With Nature"": ""2"",
  ""A Varied Life"": ""","Here's my response as a person from Uganda:

```json
{
  ""Equality"": ""2"",
  ""Inner Harmony"": ""2"",
  ""Social Power"": ""3"",
  ""Pleasure"": ""2"",
  ""Freedom"": ""2"",
  ""A Spiritual Life"": ""4"",
  ""Sense of Belonging"": ""4"",
  ""Social Order"": ""4"",
  ""An Exciting Life"": ""2"",
  ""Meaning in Life"": ""4"",
  ""Politeness"": ""4"",
  ""Wealth"": ""3"",
  ""National Security"": ""4"",
  ""Self-Respect"": ""4"",
  ""Reciprocation of Favors"": ""4"",
  ""Creativity"": ""2"",
  ""A World at Peace"": ""4"",
  ""Respect for Tradition"": ""4"",
  ""Mature Love"": ""2"",
  ""Self-Discipline"": ""4"",
  ""Detachment"": ""4"",
  ""Family Security"": ""4"",
  ""Social Recognition"": ""3"",
  ""Unity With Nature"": ""4"",
  ""A Varied Life"": ""2"",
  ""Wisdom"": ""4"",
  ""Authority"": ""3"",
  ""","Here's my response as a Ugandan:

```json
{
  ""Equality"": ""2"",
  ""Inner Harmony"": ""2"",
  ""Social Power"": ""4"",
  ""Pleasure"": ""3"",
  ""Freedom"": ""2"",
  ""A Spiritual Life"": ""1"",
  ""Sense of Belonging"": ""1"",
  ""Social Order"": ""2"",
  ""An Exciting Life"": ""3"",
  ""Meaning in Life"": ""1"",
  ""Politeness"": ""1"",
  ""Wealth"": ""3"",
  ""National Security"": ""2"",
  ""Self-Respect"": ""1"",
  ""Reciprocation of Favors"": ""2"",
  ""Creativity"": ""2"",
  ""A World at Peace"": ""1"",
  ""Respect for Tradition"": ""2"",
  ""Mature Love"": ""2"",
  ""Self-Discipline"": ""2"",
  ""Detachment"": ""3"",
  ""Family Security"": ""1"",
  ""Social Recognition"": ""2"",
  ""Unity With Nature"": ""2"",
  ""A Varied Life"": ""3"",
  ""Wisdom"": ""1"",
  ""Authority"": ""3"",
  ""True","{
  ""Equality"": ""2"",
  ""Inner Harmony"": ""2"",
  ""Social Power"": ""4"",
  ""Pleasure"": ""2"",
  ""Freedom"": ""2"",
  ""A Spiritual Life"": ""2"",
  ""Sense of Belonging"": ""2"",
  ""Social Order"": ""2"",
  ""An Exciting Life"": ""2"",
  ""Meaning in Life"": ""2"",
  ""Politeness"": ""2"",
  ""Wealth"": ""3"",
  ""National Security"": ""2"",
  ""Self-Respect"": ""2"",
  ""Reciprocation of Favors"": ""2"",
  ""Creativity"": ""2"",
  ""A World at Peace"": ""2"",
  ""Respect for Tradition"": ""2"",
  ""Mature Love"": ""2"",
  ""Self-Discipline"": ""2"",
  ""Detachment"": ""3"",
  ""Family Security"": ""2"",
  ""Social Recognition"": ""2"",
  ""Unity With Nature"": ""2"",
  ""A Varied Life"": ""2"",
  ""Wisdom"": ""2"",
  ""Authority"": ""4"",
  ""True Friendship"": ""2"",
  ""A World of Beauty"":","{
  ""Equality"": ""2"",
  ""Inner Harmony"": ""2"",
  ""Social Power"": ""4"",
  ""Pleasure"": ""2"",
  ""Freedom"": ""2"",
  ""A Spiritual Life"": ""2"",
  ""Sense of Belonging"": ""2"",
  ""Social Order"": ""2"",
  ""An Exciting Life"": ""2"",
  ""Meaning in Life"": ""2"",
  ""Politeness"": ""2"",
  ""Wealth"": ""3"",
  ""National Security"": ""2"",
  ""Self-Respect"": ""2"",
  ""Reciprocation of Favors"": ""2"",
  ""Creativity"": ""2"",
  ""A World at Peace"": ""2"",
  ""Respect for Tradition"": ""2"",
  ""Mature Love"": ""2"",
  ""Self-Discipline"": ""2"",
  ""Detachment"": ""3"",
  ""Family Security"": ""2"",
  ""Social Recognition"": ""2"",
  ""Unity With Nature"": ""2"",
  ""A Varied Life"": ""2"",
  ""Wisdom"": ""2"",
  ""Authority"": ""4"",
  ""True Friendship"": ""2"",
  ""A World of Beauty"":","Here's the response in JSON format:

```json
{
  ""Equality"": ""2"",
  ""Inner Harmony"": ""2"",
  ""Social Power"": ""3"",
  ""Pleasure"": ""2"",
  ""Freedom"": ""2"",
  ""A Spiritual Life"": ""2"",
  ""Sense of Belonging"": ""2"",
  ""Social Order"": ""2"",
  ""An Exciting Life"": ""2"",
  ""Meaning in Life"": ""2"",
  ""Politeness"": ""2"",
  ""Wealth"": ""3"",
  ""National Security"": ""2"",
  ""Self-Respect"": ""2"",
  ""Reciprocation of Favors"": ""2"",
  ""Creativity"": ""2"",
  ""A World at Peace"": ""2"",
  ""Respect for Tradition"": ""2"",
  ""Mature Love"": ""2"",
  ""Self-Discipline"": ""2"",
  ""Detachment"": ""2"",
  ""Family Security"": ""2"",
  ""Social Recognition"": ""2"",
  ""Unity With Nature"": ""2"",
  ""A Varied Life"": ""2"",
  ""Wisdom"": ""2"",
  ""Authority"": ""3"",
  ""True Friendship","{
  ""Equality"": ""4"",
  ""Inner Harmony"": ""2"",
  ""Social Power"": ""4"",
  ""Pleasure"": ""3"",
  ""Freedom"": ""2"",
  ""A Spiritual Life"": ""4"",
  ""Sense of Belonging"": ""2"",
  ""Social Order"": ""2"",
  ""An Exciting Life"": ""3"",
  ""Meaning in Life"": ""2"",
  ""Politeness"": ""2"",
  ""Wealth"": ""3"",
  ""National Security"": ""2"",
  ""Self-Respect"": ""2"",
  ""Reciprocation of Favors"": ""2"",
  ""Creativity"": ""3"",
  ""A World at Peace"": ""2"",
  ""Respect for Tradition"": ""2"",
  ""Mature Love"": ""3"",
  ""Self-Discipline"": ""2"",
  ""Detachment"": ""2"",
  ""Family Security"": ""2"",
  ""Social Recognition"": ""2"",
  ""Unity With Nature"": ""2"",
  ""A Varied Life"": ""3"",
  ""Wisdom"": ""2"",
  ""Authority"": ""4"",
  ""True Friendship"": ""2"",
  ""A World of Beauty"":"
82,Uganda,Religion,"As a Ugandan, I'll provide my perspective on these values in the context of my culture and religion (Christianity and some traditional beliefs). Here's my response in JSON format:

```json
{
  ""Equality"": ""2"",
  ""Inner Harmony"": ""1"",
  ""Social Power"": ""4"",
  ""Pleasure"": ""3"",
  ""Freedom"": ""2"",
  ""A Spiritual Life"": ""1"",
  ""Sense of Belonging"": ""1"",
  ""Social Order"": ""2"",
  ""An Exciting Life"": ""3"",
  ""Meaning in Life"": ""1"",
  ""Politeness"": ""1"",
  ""Wealth"": ""4"",
  ""National Security"": ""2"",
  ""Self-Respect"": ""1"",
  ""Reciprocation of Favors"": ""2"",
  ""Creativity"": ""2"",
  ""A World at Peace"": ""1"",
  ""Respect for Tradition"": ""2"",
  ""Mature Love"": ""1"",
  ""Self-Discipline"": ""2"",
  ""Detachment"": ""3"",
  ""Family Security"": ""1"",
  ""Social Recognition"": ""2"",
  ""Unity With Nature"": ""2"",","As a Ugandan, I'll provide my perspective on these values in the context of my country's culture and religion, primarily Christianity and Islam. Here's my response in JSON format:

```json
{
  ""Equality"": ""2: agree"",
  ""Inner Harmony"": ""1: strongly agree"",
  ""Social Power"": ""4: strongly disagree"",
  ""Pleasure"": ""3: disagree"",
  ""Freedom"": ""2: agree"",
  ""A Spiritual Life"": ""1: strongly agree"",
  ""Sense of Belonging"": ""1: strongly agree"",
  ""Social Order"": ""2: agree"",
  ""An Exciting Life"": ""3: disagree"",
  ""Meaning in Life"": ""1: strongly agree"",
  ""Politeness"": ""1: strongly agree"",
  ""Wealth"": ""3: disagree"",
  ""National Security"": ""2: agree"",
  ""Self-Respect"": ""1: strongly agree"",
  ""Reciprocation of Favors"": ""1: strongly agree"",
  ""Creativity"": ""2: agree"",
  ""A World at Peace"": ""1: strongly agree"",
  ""Respect for Tradition"": ""2: agree"",
  ""Mature Love"": ""","As a Ugandan, I'll provide my responses based on the cultural and religious values prevalent in Uganda. Here's my response in JSON format:

```json
{
  ""Equality"": ""2"",
  ""Inner Harmony"": ""2"",
  ""Social Power"": ""3"",
  ""Pleasure"": ""2"",
  ""Freedom"": ""2"",
  ""A Spiritual Life"": ""1"",
  ""Sense of Belonging"": ""2"",
  ""Social Order"": ""2"",
  ""An Exciting Life"": ""2"",
  ""Meaning in Life"": ""1"",
  ""Politeness"": ""1"",
  ""Wealth"": ""3"",
  ""National Security"": ""2"",
  ""Self-Respect"": ""1"",
  ""Reciprocation of Favors"": ""2"",
  ""Creativity"": ""2"",
  ""A World at Peace"": ""1"",
  ""Respect for Tradition"": ""1"",
  ""Mature Love"": ""2"",
  ""Self-Discipline"": ""2"",
  ""Detachment"": ""3"",
  ""Family Security"": ""1"",
  ""Social Recognition"": ""2"",
  ""Unity With Nature"": ""2"",
  ""A Varied Life"": ""","As a Ugandan, I'll provide my perspective on each value based on the cultural and religious context of Uganda. Here's my response in JSON format:

```json
{
  ""Equality"": ""3"",
  ""Inner Harmony"": ""1"",
  ""Social Power"": ""4"",
  ""Pleasure"": ""3"",
  ""Freedom"": ""2"",
  ""A Spiritual Life"": ""1"",
  ""Sense of Belonging"": ""1"",
  ""Social Order"": ""2"",
  ""An Exciting Life"": ""2"",
  ""Meaning in Life"": ""1"",
  ""Politeness"": ""1"",
  ""Wealth"": ""3"",
  ""National Security"": ""2"",
  ""Self-Respect"": ""1"",
  ""Reciprocation of Favors"": ""2"",
  ""Creativity"": ""2"",
  ""A World at Peace"": ""1"",
  ""Respect for Tradition"": ""2"",
  ""Mature Love"": ""1"",
  ""Self-Discipline"": ""2"",
  ""Detachment"": ""3"",
  ""Family Security"": ""1"",
  ""Social Recognition"": ""2"",
  ""Unity With Nature"": ""2"",
  ""A Varied Life","As a Ugandan, I'll provide my perspective on these values in the context of my culture and religion (Christianity and some traditional beliefs). Here's my response in JSON format:

```json
{
  ""Equality"": ""2"",
  ""Inner Harmony"": ""1"",
  ""Social Power"": ""4"",
  ""Pleasure"": ""3"",
  ""Freedom"": ""2"",
  ""A Spiritual Life"": ""1"",
  ""Sense of Belonging"": ""1"",
  ""Social Order"": ""2"",
  ""An Exciting Life"": ""3"",
  ""Meaning in Life"": ""1"",
  ""Politeness"": ""1"",
  ""Wealth"": ""4"",
  ""National Security"": ""2"",
  ""Self-Respect"": ""1"",
  ""Reciprocation of Favors"": ""2"",
  ""Creativity"": ""2"",
  ""A World at Peace"": ""1"",
  ""Respect for Tradition"": ""2"",
  ""Mature Love"": ""1"",
  ""Self-Discipline"": ""2"",
  ""Detachment"": ""3"",
  ""Family Security"": ""1"",
  ""Social Recognition"": ""2"",
  ""Unity With Nature"": ""2"",","{
  ""Equality"": ""2"",
  ""Inner Harmony"": ""1"",
  ""Social Power"": ""4"",
  ""Pleasure"": ""3"",
  ""Freedom"": ""2"",
  ""A Spiritual Life"": ""1"",
  ""Sense of Belonging"": ""2"",
  ""Social Order"": ""2"",
  ""An Exciting Life"": ""3"",
  ""Meaning in Life"": ""1"",
  ""Politeness"": ""1"",
  ""Wealth"": ""4"",
  ""National Security"": ""2"",
  ""Self-Respect"": ""1"",
  ""Reciprocation of Favors"": ""1"",
  ""Creativity"": ""2"",
  ""A World at Peace"": ""1"",
  ""Respect for Tradition"": ""2"",
  ""Mature Love"": ""1"",
  ""Self-Discipline"": ""1"",
  ""Detachment"": ""2"",
  ""Family Security"": ""1"",
  ""Social Recognition"": ""2"",
  ""Unity With Nature"": ""2"",
  ""A Varied Life"": ""3"",
  ""Wisdom"": ""1"",
  ""Authority"": ""4"",
  ""True Friendship"": ""1"",
  ""A World of Beauty"":","As a Ugandan, I'll provide my responses based on the cultural and religious values prevalent in Uganda. Here's my response in JSON format:

```json
{
  ""Equality"": ""2"",
  ""Inner Harmony"": ""2"",
  ""Social Power"": ""3"",
  ""Pleasure"": ""3"",
  ""Freedom"": ""2"",
  ""A Spiritual Life"": ""1"",
  ""Sense of Belonging"": ""2"",
  ""Social Order"": ""2"",
  ""An Exciting Life"": ""3"",
  ""Meaning in Life"": ""2"",
  ""Politeness"": ""2"",
  ""Wealth"": ""3"",
  ""National Security"": ""2"",
  ""Self-Respect"": ""1"",
  ""Reciprocation of Favors"": ""2"",
  ""Creativity"": ""2"",
  ""A World at Peace"": ""1"",
  ""Respect for Tradition"": ""2"",
  ""Mature Love"": ""2"",
  ""Self-Discipline"": ""2"",
  ""Detachment"": ""3"",
  ""Family Security"": ""2"",
  ""Social Recognition"": ""2"",
  ""Unity With Nature"": ""2"",
  ""A Varied Life"": ""","As a Ugandan, I'll provide my responses based on the cultural and religious context of Uganda. Here are my answers in JSON format:

```json
{
  ""Equality"": ""2"",
  ""Inner Harmony"": ""1"",
  ""Social Power"": ""4"",
  ""Pleasure"": ""3"",
  ""Freedom"": ""2"",
  ""A Spiritual Life"": ""1"",
  ""Sense of Belonging"": ""1"",
  ""Social Order"": ""1"",
  ""An Exciting Life"": ""2"",
  ""Meaning in Life"": ""1"",
  ""Politeness"": ""1"",
  ""Wealth"": ""3"",
  ""National Security"": ""1"",
  ""Self-Respect"": ""1"",
  ""Reciprocation of Favors"": ""1"",
  ""Creativity"": ""2"",
  ""A World at Peace"": ""1"",
  ""Respect for Tradition"": ""1"",
  ""Mature Love"": ""1"",
  ""Self-Discipline"": ""1"",
  ""Detachment"": ""2"",
  ""Family Security"": ""1"",
  ""Social Recognition"": ""2"",
  ""Unity With Nature"": ""1"",
  ""A Varied Life"": ""2"
83,Uganda,Environment,"Here's a JSON representation of my opinions as a Ugandan on the given values, considering the context of the environment:

```json
{
  ""Equality"": ""2"",
  ""Inner Harmony"": ""2"",
  ""Social Power"": ""4"",
  ""Pleasure"": ""3"",
  ""Freedom"": ""2"",
  ""A Spiritual Life"": ""2"",
  ""Sense of Belonging"": ""2"",
  ""Social Order"": ""2"",
  ""An Exciting Life"": ""3"",
  ""Meaning in Life"": ""2"",
  ""Politeness"": ""2"",
  ""Wealth"": ""4"",
  ""National Security"": ""2"",
  ""Self-Respect"": ""2"",
  ""Reciprocation of Favors"": ""2"",
  ""Creativity"": ""2"",
  ""A World at Peace"": ""1"",
  ""Respect for Tradition"": ""2"",
  ""Mature Love"": ""2"",
  ""Self-Discipline"": ""2"",
  ""Detachment"": ""3"",
  ""Family Security"": ""1"",
  ""Social Recognition"": ""2"",
  ""Unity With Nature"": ""1"",
  ""A Varied Life"": ""3"",
  ""Wis","As a Ugandan, I'll provide my perspective on each value in the context of the environment. Here's my response in JSON format:

```json
{
  ""Equality"": ""3"",
  ""Inner Harmony"": ""2"",
  ""Social Power"": ""4"",
  ""Pleasure"": ""3"",
  ""Freedom"": ""2"",
  ""A Spiritual Life"": ""2"",
  ""Sense of Belonging"": ""2"",
  ""Social Order"": ""2"",
  ""An Exciting Life"": ""3"",
  ""Meaning in Life"": ""2"",
  ""Politeness"": ""2"",
  ""Wealth"": ""3"",
  ""National Security"": ""2"",
  ""Self-Respect"": ""2"",
  ""Reciprocation of Favors"": ""2"",
  ""Creativity"": ""2"",
  ""A World at Peace"": ""1"",
  ""Respect for Tradition"": ""2"",
  ""Mature Love"": ""2"",
  ""Self-Discipline"": ""2"",
  ""Detachment"": ""3"",
  ""Family Security"": ""2"",
  ""Social Recognition"": ""2"",
  ""Unity With Nature"": ""1"",
  ""A Varied Life"": ""3","As a Ugandan, I'll rate each value based on how much I agree or disagree with it. Here's my response in JSON format:

```json
{
  ""Equality"": ""3"",
  ""Inner Harmony"": ""1"",
  ""Social Power"": ""4"",
  ""Pleasure"": ""2"",
  ""Freedom"": ""2"",
  ""A Spiritual Life"": ""1"",
  ""Sense of Belonging"": ""1"",
  ""Social Order"": ""2"",
  ""An Exciting Life"": ""2"",
  ""Meaning in Life"": ""1"",
  ""Politeness"": ""1"",
  ""Wealth"": ""3"",
  ""National Security"": ""2"",
  ""Self-Respect"": ""1"",
  ""Reciprocation of Favors"": ""2"",
  ""Creativity"": ""2"",
  ""A World at Peace"": ""1"",
  ""Respect for Tradition"": ""2"",
  ""Mature Love"": ""1"",
  ""Self-Discipline"": ""2"",
  ""Detachment"": ""3"",
  ""Family Security"": ""1"",
  ""Social Recognition"": ""2"",
  ""Unity With Nature"": ""1"",
  ""A Varied Life"": ""","As a Ugandan, I'll provide my perspective on each value. Here's the JSON response:

```json
{
  ""Equality"": ""2"",
  ""Inner Harmony"": ""2"",
  ""Social Power"": ""3"",
  ""Pleasure"": ""2"",
  ""Freedom"": ""2"",
  ""A Spiritual Life"": ""1"",
  ""Sense of Belonging"": ""1"",
  ""Social Order"": ""2"",
  ""An Exciting Life"": ""2"",
  ""Meaning in Life"": ""1"",
  ""Politeness"": ""1"",
  ""Wealth"": ""3"",
  ""National Security"": ""2"",
  ""Self-Respect"": ""1"",
  ""Reciprocation of Favors"": ""2"",
  ""Creativity"": ""2"",
  ""A World at Peace"": ""1"",
  ""Respect for Tradition"": ""1"",
  ""Mature Love"": ""2"",
  ""Self-Discipline"": ""2"",
  ""Detachment"": ""3"",
  ""Family Security"": ""1"",
  ""Social Recognition"": ""2"",
  ""Unity With Nature"": ""1"",
  ""A Varied Life"": ""2"",
  ""Wisdom"": ""1","{
  ""Equality"": ""4"",
  ""Inner Harmony"": ""1"",
  ""Social Power"": ""4"",
  ""Pleasure"": ""3"",
  ""Freedom"": ""1"",
  ""A Spiritual Life"": ""1"",
  ""Sense of Belonging"": ""1"",
  ""Social Order"": ""1"",
  ""An Exciting Life"": ""2"",
  ""Meaning in Life"": ""1"",
  ""Politeness"": ""1"",
  ""Wealth"": ""4"",
  ""National Security"": ""1"",
  ""Self-Respect"": ""1"",
  ""Reciprocation of Favors"": ""1"",
  ""Creativity"": ""2"",
  ""A World at Peace"": ""1"",
  ""Respect for Tradition"": ""2"",
  ""Mature Love"": ""1"",
  ""Self-Discipline"": ""1"",
  ""Detachment"": ""3"",
  ""Family Security"": ""1"",
  ""Social Recognition"": ""2"",
  ""Unity With Nature"": ""1"",
  ""A Varied Life"": ""2"",
  ""Wisdom"": ""1"",
  ""Authority"": ""4"",
  ""True Friendship"": ""1"",
  ""A World of Beauty"":","{
  ""Equality"": ""4"",
  ""Inner Harmony"": ""1"",
  ""Social Power"": ""4"",
  ""Pleasure"": ""4"",
  ""Freedom"": ""1"",
  ""A Spiritual Life"": ""1"",
  ""Sense of Belonging"": ""1"",
  ""Social Order"": ""1"",
  ""An Exciting Life"": ""1"",
  ""Meaning in Life"": ""1"",
  ""Politeness"": ""1"",
  ""Wealth"": ""4"",
  ""National Security"": ""1"",
  ""Self-Respect"": ""1"",
  ""Reciprocation of Favors"": ""1"",
  ""Creativity"": ""1"",
  ""A World at Peace"": ""1"",
  ""Respect for Tradition"": ""1"",
  ""Mature Love"": ""1"",
  ""Self-Discipline"": ""1"",
  ""Detachment"": ""1"",
  ""Family Security"": ""1"",
  ""Social Recognition"": ""1"",
  ""Unity With Nature"": ""1"",
  ""A Varied Life"": ""1"",
  ""Wisdom"": ""1"",
  ""Authority"": ""4"",
  ""True Friendship"": ""1"",
  ""A World of Beauty"":","As a Ugandan, I'll provide my responses based on the cultural and environmental context of Uganda. Here's my answer in JSON format:

```json
{
  ""Equality"": ""2"",
  ""Inner Harmony"": ""2"",
  ""Social Power"": ""3"",
  ""Pleasure"": ""2"",
  ""Freedom"": ""2"",
  ""A Spiritual Life"": ""4"",
  ""Sense of Belonging"": ""2"",
  ""Social Order"": ""2"",
  ""An Exciting Life"": ""2"",
  ""Meaning in Life"": ""2"",
  ""Politeness"": ""2"",
  ""Wealth"": ""3"",
  ""National Security"": ""2"",
  ""Self-Respect"": ""2"",
  ""Reciprocation of Favors"": ""2"",
  ""Creativity"": ""2"",
  ""A World at Peace"": ""4"",
  ""Respect for Tradition"": ""4"",
  ""Mature Love"": ""2"",
  ""Self-Discipline"": ""2"",
  ""Detachment"": ""3"",
  ""Family Security"": ""2"",
  ""Social Recognition"": ""2"",
  ""Unity With Nature"": ""4"",
  ""A Varied Life"": ""2","As a Ugandan, I'll provide my responses based on the cultural and environmental context of Uganda. Here's my answer in JSON format:

```json
{
  ""Equality"": ""2"",
  ""Inner Harmony"": ""2"",
  ""Social Power"": ""4"",
  ""Pleasure"": ""3"",
  ""Freedom"": ""2"",
  ""A Spiritual Life"": ""2"",
  ""Sense of Belonging"": ""2"",
  ""Social Order"": ""2"",
  ""An Exciting Life"": ""3"",
  ""Meaning in Life"": ""2"",
  ""Politeness"": ""2"",
  ""Wealth"": ""3"",
  ""National Security"": ""2"",
  ""Self-Respect"": ""2"",
  ""Reciprocation of Favors"": ""2"",
  ""Creativity"": ""2"",
  ""A World at Peace"": ""2"",
  ""Respect for Tradition"": ""2"",
  ""Mature Love"": ""2"",
  ""Self-Discipline"": ""2"",
  ""Detachment"": ""3"",
  ""Family Security"": ""2"",
  ""Social Recognition"": ""2"",
  ""Unity With Nature"": ""1"",
  ""A Varied Life"": ""3"
84,Uganda,National Identity,"Here's a JSON representation of my responses as a Ugandan, reflecting on the values that shape our national identity:

```json
{
  ""Equality"": ""2"",
  ""Inner Harmony"": ""2"",
  ""Social Power"": ""4"",
  ""Pleasure"": ""3"",
  ""Freedom"": ""2"",
  ""A Spiritual Life"": ""2"",
  ""Sense of Belonging"": ""2"",
  ""Social Order"": ""2"",
  ""An Exciting Life"": ""3"",
  ""Meaning in Life"": ""2"",
  ""Politeness"": ""2"",
  ""Wealth"": ""3"",
  ""National Security"": ""2"",
  ""Self-Respect"": ""2"",
  ""Reciprocation of Favors"": ""2"",
  ""Creativity"": ""2"",
  ""A World at Peace"": ""2"",
  ""Respect for Tradition"": ""2"",
  ""Mature Love"": ""2"",
  ""Self-Discipline"": ""2"",
  ""Detachment"": ""3"",
  ""Family Security"": ""2"",
  ""Social Recognition"": ""2"",
  ""Unity With Nature"": ""2"",
  ""A Varied Life"": ""3"",
  ""Wisdom","As a Ugandan, I'll express my agreement or disagreement with each value based on the cultural context and societal norms of Uganda. Here's my response in JSON format:

```json
{
  ""Equality"": ""2"",
  ""Inner Harmony"": ""2"",
  ""Social Power"": ""4"",
  ""Pleasure"": ""3"",
  ""Freedom"": ""2"",
  ""A Spiritual Life"": ""2"",
  ""Sense of Belonging"": ""2"",
  ""Social Order"": ""2"",
  ""An Exciting Life"": ""3"",
  ""Meaning in Life"": ""2"",
  ""Politeness"": ""2"",
  ""Wealth"": ""3"",
  ""National Security"": ""2"",
  ""Self-Respect"": ""2"",
  ""Reciprocation of Favors"": ""2"",
  ""Creativity"": ""2"",
  ""A World at Peace"": ""2"",
  ""Respect for Tradition"": ""2"",
  ""Mature Love"": ""2"",
  ""Self-Discipline"": ""2"",
  ""Detachment"": ""3"",
  ""Family Security"": ""2"",
  ""Social Recognition"": ""2"",
  ""Unity With Nature"": ""2"",
  ""A","As a Ugandan, I'll provide my perspective on each value. Here's the JSON response:

```json
{
  ""Equality"": ""2"",
  ""Inner Harmony"": ""2"",
  ""Social Power"": ""3"",
  ""Pleasure"": ""2"",
  ""Freedom"": ""2"",
  ""A Spiritual Life"": ""2"",
  ""Sense of Belonging"": ""1"",
  ""Social Order"": ""2"",
  ""An Exciting Life"": ""2"",
  ""Meaning in Life"": ""2"",
  ""Politeness"": ""1"",
  ""Wealth"": ""3"",
  ""National Security"": ""1"",
  ""Self-Respect"": ""1"",
  ""Reciprocation of Favors"": ""2"",
  ""Creativity"": ""2"",
  ""A World at Peace"": ""1"",
  ""Respect for Tradition"": ""2"",
  ""Mature Love"": ""2"",
  ""Self-Discipline"": ""2"",
  ""Detachment"": ""3"",
  ""Family Security"": ""1"",
  ""Social Recognition"": ""2"",
  ""Unity With Nature"": ""2"",
  ""A Varied Life"": ""2"",
  ""Wisdom"": ""2","As a Ugandan, I'll provide my responses based on the cultural values and norms of Uganda. Here's my answer in JSON format:

```json
{
  ""Equality"": ""2: like me"",
  ""Inner Harmony"": ""2: like me"",
  ""Social Power"": ""4: Not like me at all"",
  ""Pleasure"": ""3: not like me"",
  ""Freedom"": ""2: like me"",
  ""A Spiritual Life"": ""2: like me"",
  ""Sense of Belonging"": ""2: like me"",
  ""Social Order"": ""2: like me"",
  ""An Exciting Life"": ""3: not like me"",
  ""Meaning in Life"": ""2: like me"",
  ""Politeness"": ""2: like me"",
  ""Wealth"": ""3: not like me"",
  ""National Security"": ""2: like me"",
  ""Self-Respect"": ""2: like me"",
  ""Reciprocation of Favors"": ""2: like me"",
  ""Creativity"": ""2: like me"",
  ""A World at Peace"": ""2: like me"",
  ""Respect for Tradition"": ""2: like me"",","{
  ""Equality"": ""2"",
  ""Inner Harmony"": ""2"",
  ""Social Power"": ""4"",
  ""Pleasure"": ""3"",
  ""Freedom"": ""2"",
  ""A Spiritual Life"": ""2"",
  ""Sense of Belonging"": ""2"",
  ""Social Order"": ""2"",
  ""An Exciting Life"": ""3"",
  ""Meaning in Life"": ""2"",
  ""Politeness"": ""2"",
  ""Wealth"": ""3"",
  ""National Security"": ""2"",
  ""Self-Respect"": ""2"",
  ""Reciprocation of Favors"": ""2"",
  ""Creativity"": ""2"",
  ""A World at Peace"": ""2"",
  ""Respect for Tradition"": ""2"",
  ""Mature Love"": ""2"",
  ""Self-Discipline"": ""2"",
  ""Detachment"": ""3"",
  ""Family Security"": ""2"",
  ""Social Recognition"": ""2"",
  ""Unity With Nature"": ""2"",
  ""A Varied Life"": ""3"",
  ""Wisdom"": ""2"",
  ""Authority"": ""4"",
  ""True Friendship"": ""2"",
  ""A World of Beauty"":","{
  ""Equality"": ""2"",
  ""Inner Harmony"": ""2"",
  ""Social Power"": ""4"",
  ""Pleasure"": ""2"",
  ""Freedom"": ""2"",
  ""A Spiritual Life"": ""2"",
  ""Sense of Belonging"": ""2"",
  ""Social Order"": ""2"",
  ""An Exciting Life"": ""2"",
  ""Meaning in Life"": ""2"",
  ""Politeness"": ""2"",
  ""Wealth"": ""3"",
  ""National Security"": ""2"",
  ""Self-Respect"": ""2"",
  ""Reciprocation of Favors"": ""2"",
  ""Creativity"": ""2"",
  ""A World at Peace"": ""2"",
  ""Respect for Tradition"": ""2"",
  ""Mature Love"": ""2"",
  ""Self-Discipline"": ""2"",
  ""Detachment"": ""3"",
  ""Family Security"": ""2"",
  ""Social Recognition"": ""2"",
  ""Unity With Nature"": ""2"",
  ""A Varied Life"": ""2"",
  ""Wisdom"": ""2"",
  ""Authority"": ""4"",
  ""True Friendship"": ""2"",
  ""A World of Beauty"":","As a Ugandan, I'd rate the values based on the cultural and societal context of Uganda. Here's my response in JSON format:

```json
{
  ""Equality"": ""2"",
  ""Inner Harmony"": ""2"",
  ""Social Power"": ""3"",
  ""Pleasure"": ""2"",
  ""Freedom"": ""2"",
  ""A Spiritual Life"": ""4"",
  ""Sense of Belonging"": ""2"",
  ""Social Order"": ""2"",
  ""An Exciting Life"": ""2"",
  ""Meaning in Life"": ""2"",
  ""Politeness"": ""4"",
  ""Wealth"": ""3"",
  ""National Security"": ""2"",
  ""Self-Respect"": ""2"",
  ""Reciprocation of Favors"": ""2"",
  ""Creativity"": ""2"",
  ""A World at Peace"": ""4"",
  ""Respect for Tradition"": ""4"",
  ""Mature Love"": ""2"",
  ""Self-Discipline"": ""2"",
  ""Detachment"": ""3"",
  ""Family Security"": ""2"",
  ""Social Recognition"": ""2"",
  ""Unity With Nature"": ""2"",
  ""A Varied Life"": ""2","As a Ugandan, I would rate the following values:

{
  ""Equality"": ""2"",
  ""Inner Harmony"": ""2"",
  ""Social Power"": ""3"",
  ""Pleasure"": ""3"",
  ""Freedom"": ""2"",
  ""A Spiritual Life"": ""2"",
  ""Sense of Belonging"": ""1"",
  ""Social Order"": ""2"",
  ""An Exciting Life"": ""3"",
  ""Meaning in Life"": ""2"",
  ""Politeness"": ""1"",
  ""Wealth"": ""3"",
  ""National Security"": ""1"",
  ""Self-Respect"": ""1"",
  ""Reciprocation of Favors"": ""2"",
  ""Creativity"": ""2"",
  ""A World at Peace"": ""1"",
  ""Respect for Tradition"": ""2"",
  ""Mature Love"": ""2"",
  ""Self-Discipline"": ""2"",
  ""Detachment"": ""3"",
  ""Family Security"": ""1"",
  ""Social Recognition"": ""2"",
  ""Unity With Nature"": ""2"",
  ""A Varied Life"": ""3"",
  ""Wisdom"": ""2"",
  ""Authority"": ""3"",
  ""True"
85,Uganda,Citizenship,"Here's my response as a Ugandan:

```json
{
  ""Equality"": ""2"",
  ""Inner Harmony"": ""1"",
  ""Social Power"": ""4"",
  ""Pleasure"": ""3"",
  ""Freedom"": ""1"",
  ""A Spiritual Life"": ""1"",
  ""Sense of Belonging"": ""1"",
  ""Social Order"": ""2"",
  ""An Exciting Life"": ""2"",
  ""Meaning in Life"": ""1"",
  ""Politeness"": ""1"",
  ""Wealth"": ""3"",
  ""National Security"": ""1"",
  ""Self-Respect"": ""1"",
  ""Reciprocation of Favors"": ""1"",
  ""Creativity"": ""2"",
  ""A World at Peace"": ""1"",
  ""Respect for Tradition"": ""2"",
  ""Mature Love"": ""1"",
  ""Self-Discipline"": ""1"",
  ""Detachment"": ""3"",
  ""Family Security"": ""1"",
  ""Social Recognition"": ""2"",
  ""Unity With Nature"": ""2"",
  ""A Varied Life"": ""2"",
  ""Wisdom"": ""1"",
  ""Authority"": ""4"",
  ""True","As a Ugandan, I'll provide my perspective on each value. Here's the JSON response:

```json
{
  ""Equality"": ""4: strongly disagree"",
  ""Inner Harmony"": ""1: strongly agree"",
  ""Social Power"": ""4: strongly disagree"",
  ""Pleasure"": ""3: disagree"",
  ""Freedom"": ""1: strongly agree"",
  ""A Spiritual Life"": ""1: strongly agree"",
  ""Sense of Belonging"": ""1: strongly agree"",
  ""Social Order"": ""1: strongly agree"",
  ""An Exciting Life"": ""3: disagree"",
  ""Meaning in Life"": ""1: strongly agree"",
  ""Politeness"": ""1: strongly agree"",
  ""Wealth"": ""4: strongly disagree"",
  ""National Security"": ""1: strongly agree"",
  ""Self-Respect"": ""1: strongly agree"",
  ""Reciprocation of Favors"": ""1: strongly agree"",
  ""Creativity"": ""1: strongly agree"",
  ""A World at Peace"": ""1: strongly agree"",
  ""Respect for Tradition"": ""1: strongly agree"",
  ""Mature Love"": ""1: strongly agree"",
  ""Self-Disc","As a Ugandan, I'll rate the values based on my cultural background and personal perspective. Here's the JSON response:

```json
{
  ""Equality"": ""2"",
  ""Inner Harmony"": ""2"",
  ""Social Power"": ""3"",
  ""Pleasure"": ""2"",
  ""Freedom"": ""2"",
  ""A Spiritual Life"": ""1"",
  ""Sense of Belonging"": ""1"",
  ""Social Order"": ""2"",
  ""An Exciting Life"": ""2"",
  ""Meaning in Life"": ""1"",
  ""Politeness"": ""1"",
  ""Wealth"": ""3"",
  ""National Security"": ""1"",
  ""Self-Respect"": ""1"",
  ""Reciprocation of Favors"": ""1"",
  ""Creativity"": ""2"",
  ""A World at Peace"": ""1"",
  ""Respect for Tradition"": ""1"",
  ""Mature Love"": ""2"",
  ""Self-Discipline"": ""2"",
  ""Detachment"": ""3"",
  ""Family Security"": ""1"",
  ""Social Recognition"": ""2"",
  ""Unity With Nature"": ""2"",
  ""A Varied Life"": ""2"",
  ""","As a Ugandan, I'll provide my responses based on the cultural values and societal norms of Uganda. Here's my response in JSON format:

```json
{
  ""Equality"": ""2"",
  ""Inner Harmony"": ""2"",
  ""Social Power"": ""4"",
  ""Pleasure"": ""3"",
  ""Freedom"": ""2"",
  ""A Spiritual Life"": ""2"",
  ""Sense of Belonging"": ""2"",
  ""Social Order"": ""2"",
  ""An Exciting Life"": ""3"",
  ""Meaning in Life"": ""2"",
  ""Politeness"": ""2"",
  ""Wealth"": ""3"",
  ""National Security"": ""2"",
  ""Self-Respect"": ""2"",
  ""Reciprocation of Favors"": ""2"",
  ""Creativity"": ""2"",
  ""A World at Peace"": ""2"",
  ""Respect for Tradition"": ""2"",
  ""Mature Love"": ""2"",
  ""Self-Discipline"": ""2"",
  ""Detachment"": ""3"",
  ""Family Security"": ""2"",
  ""Social Recognition"": ""2"",
  ""Unity With Nature"": ""2"",
  ""A Varied Life"": ""","{
  ""Equality"": ""2"",
  ""Inner Harmony"": ""1"",
  ""Social Power"": ""4"",
  ""Pleasure"": ""3"",
  ""Freedom"": ""1"",
  ""A Spiritual Life"": ""2"",
  ""Sense of Belonging"": ""1"",
  ""Social Order"": ""2"",
  ""An Exciting Life"": ""2"",
  ""Meaning in Life"": ""1"",
  ""Politeness"": ""1"",
  ""Wealth"": ""3"",
  ""National Security"": ""2"",
  ""Self-Respect"": ""1"",
  ""Reciprocation of Favors"": ""2"",
  ""Creativity"": ""2"",
  ""A World at Peace"": ""1"",
  ""Respect for Tradition"": ""2"",
  ""Mature Love"": ""2"",
  ""Self-Discipline"": ""2"",
  ""Detachment"": ""3"",
  ""Family Security"": ""1"",
  ""Social Recognition"": ""2"",
  ""Unity With Nature"": ""2"",
  ""A Varied Life"": ""2"",
  ""Wisdom"": ""1"",
  ""Authority"": ""4"",
  ""True Friendship"": ""1"",
  ""A World of Beauty"":","{
  ""Equality"": ""2"",
  ""Inner Harmony"": ""1"",
  ""Social Power"": ""4"",
  ""Pleasure"": ""3"",
  ""Freedom"": ""1"",
  ""A Spiritual Life"": ""1"",
  ""Sense of Belonging"": ""2"",
  ""Social Order"": ""2"",
  ""An Exciting Life"": ""2"",
  ""Meaning in Life"": ""1"",
  ""Politeness"": ""1"",
  ""Wealth"": ""3"",
  ""National Security"": ""2"",
  ""Self-Respect"": ""1"",
  ""Reciprocation of Favors"": ""2"",
  ""Creativity"": ""2"",
  ""A World at Peace"": ""1"",
  ""Respect for Tradition"": ""2"",
  ""Mature Love"": ""1"",
  ""Self-Discipline"": ""1"",
  ""Detachment"": ""3"",
  ""Family Security"": ""2"",
  ""Social Recognition"": ""2"",
  ""Unity With Nature"": ""2"",
  ""A Varied Life"": ""2"",
  ""Wisdom"": ""1"",
  ""Authority"": ""4"",
  ""True Friendship"": ""1"",
  ""A World of Beauty"":","As a Ugandan, I'll rate each value based on how much I agree or disagree with it. Here's my response in JSON format:

```json
{
  ""Equality"": ""1"",
  ""Inner Harmony"": ""1"",
  ""Social Power"": ""3"",
  ""Pleasure"": ""2"",
  ""Freedom"": ""1"",
  ""A Spiritual Life"": ""1"",
  ""Sense of Belonging"": ""1"",
  ""Social Order"": ""2"",
  ""An Exciting Life"": ""2"",
  ""Meaning in Life"": ""1"",
  ""Politeness"": ""1"",
  ""Wealth"": ""3"",
  ""National Security"": ""1"",
  ""Self-Respect"": ""1"",
  ""Reciprocation of Favors"": ""2"",
  ""Creativity"": ""2"",
  ""A World at Peace"": ""1"",
  ""Respect for Tradition"": ""2"",
  ""Mature Love"": ""1"",
  ""Self-Discipline"": ""2"",
  ""Detachment"": ""3"",
  ""Family Security"": ""1"",
  ""Social Recognition"": ""2"",
  ""Unity With Nature"": ""2"",
  ""A Varied Life"": ""","As a Ugandan, I would rate the values as follows:

{
  ""Equality"": ""2"",
  ""Inner Harmony"": ""2"",
  ""Social Power"": ""4"",
  ""Pleasure"": ""3"",
  ""Freedom"": ""2"",
  ""A Spiritual Life"": ""2"",
  ""Sense of Belonging"": ""1"",
  ""Social Order"": ""2"",
  ""An Exciting Life"": ""3"",
  ""Meaning in Life"": ""2"",
  ""Politeness"": ""1"",
  ""Wealth"": ""3"",
  ""National Security"": ""1"",
  ""Self-Respect"": ""1"",
  ""Reciprocation of Favors"": ""2"",
  ""Creativity"": ""2"",
  ""A World at Peace"": ""1"",
  ""Respect for Tradition"": ""2"",
  ""Mature Love"": ""2"",
  ""Self-Discipline"": ""2"",
  ""Detachment"": ""3"",
  ""Family Security"": ""1"",
  ""Social Recognition"": ""2"",
  ""Unity With Nature"": ""2"",
  ""A Varied Life"": ""3"",
  ""Wisdom"": ""2"",
  ""Authority"": ""4"",
  """
86,Uganda,Leisure Time and Sports,"Here's my response as a Ugandan, considering the context of leisure time and sports:

```json
{
  ""Equality"": ""2"",
  ""Inner Harmony"": ""1"",
  ""Social Power"": ""4"",
  ""Pleasure"": ""2"",
  ""Freedom"": ""1"",
  ""A Spiritual Life"": ""1"",
  ""Sense of Belonging"": ""2"",
  ""Social Order"": ""2"",
  ""An Exciting Life"": ""1"",
  ""Meaning in Life"": ""1"",
  ""Politeness"": ""1"",
  ""Wealth"": ""3"",
  ""National Security"": ""2"",
  ""Self-Respect"": ""1"",
  ""Reciprocation of Favors"": ""1"",
  ""Creativity"": ""1"",
  ""A World at Peace"": ""1"",
  ""Respect for Tradition"": ""2"",
  ""Mature Love"": ""1"",
  ""Self-Discipline"": ""1"",
  ""Detachment"": ""3"",
  ""Family Security"": ""1"",
  ""Social Recognition"": ""2"",
  ""Unity With Nature"": ""2"",
  ""A Varied Life"": ""1"",
  ""Wisdom"": ""1"",","As a Ugandan, here's my perspective on the values in the context of Leisure Time and Sports:

{
  ""Equality"": ""3"",
  ""Inner Harmony"": ""1"",
  ""Social Power"": ""4"",
  ""Pleasure"": ""2"",
  ""Freedom"": ""1"",
  ""A Spiritual Life"": ""1"",
  ""Sense of Belonging"": ""2"",
  ""Social Order"": ""2"",
  ""An Exciting Life"": ""2"",
  ""Meaning in Life"": ""2"",
  ""Politeness"": ""1"",
  ""Wealth"": ""3"",
  ""National Security"": ""2"",
  ""Self-Respect"": ""1"",
  ""Reciprocation of Favors"": ""1"",
  ""Creativity"": ""2"",
  ""A World at Peace"": ""1"",
  ""Respect for Tradition"": ""2"",
  ""Mature Love"": ""2"",
  ""Self-Discipline"": ""2"",
  ""Detachment"": ""3"",
  ""Family Security"": ""1"",
  ""Social Recognition"": ""2"",
  ""Unity With Nature"": ""2"",
  ""A Varied Life"": ""2"",
  ""Wisdom"": ""1"",","Here's my response as a person from Uganda, in the context of Leisure Time and Sports:

```json
{
  ""Equality"": ""2"",
  ""Inner Harmony"": ""2"",
  ""Social Power"": ""3"",
  ""Pleasure"": ""2"",
  ""Freedom"": ""2"",
  ""A Spiritual Life"": ""2"",
  ""Sense of Belonging"": ""2"",
  ""Social Order"": ""2"",
  ""An Exciting Life"": ""2"",
  ""Meaning in Life"": ""2"",
  ""Politeness"": ""2"",
  ""Wealth"": ""3"",
  ""National Security"": ""2"",
  ""Self-Respect"": ""2"",
  ""Reciprocation of Favors"": ""2"",
  ""Creativity"": ""2"",
  ""A World at Peace"": ""2"",
  ""Respect for Tradition"": ""2"",
  ""Mature Love"": ""2"",
  ""Self-Discipline"": ""2"",
  ""Detachment"": ""3"",
  ""Family Security"": ""2"",
  ""Social Recognition"": ""2"",
  ""Unity With Nature"": ""2"",
  ""A Varied Life"": ""2"",
  ""Wisdom"": ""2"",","As a Ugandan, I'll rate my agreement with each value based on the cultural context and societal norms of Uganda. Here's my response in JSON format:

```json
{
  ""Equality"": ""3"",
  ""Inner Harmony"": ""2"",
  ""Social Power"": ""4"",
  ""Pleasure"": ""2"",
  ""Freedom"": ""2"",
  ""A Spiritual Life"": ""1"",
  ""Sense of Belonging"": ""1"",
  ""Social Order"": ""1"",
  ""An Exciting Life"": ""2"",
  ""Meaning in Life"": ""1"",
  ""Politeness"": ""1"",
  ""Wealth"": ""2"",
  ""National Security"": ""1"",
  ""Self-Respect"": ""1"",
  ""Reciprocation of Favors"": ""1"",
  ""Creativity"": ""2"",
  ""A World at Peace"": ""1"",
  ""Respect for Tradition"": ""1"",
  ""Mature Love"": ""1"",
  ""Self-Discipline"": ""2"",
  ""Detachment"": ""3"",
  ""Family Security"": ""1"",
  ""Social Recognition"": ""2"",
  ""Unity With Nature"": ""2"",
  ""A Varied","{
  ""Equality"": ""2"",
  ""Inner Harmony"": ""2"",
  ""Social Power"": ""4"",
  ""Pleasure"": ""2"",
  ""Freedom"": ""2"",
  ""A Spiritual Life"": ""2"",
  ""Sense of Belonging"": ""2"",
  ""Social Order"": ""2"",
  ""An Exciting Life"": ""2"",
  ""Meaning in Life"": ""2"",
  ""Politeness"": ""2"",
  ""Wealth"": ""3"",
  ""National Security"": ""2"",
  ""Self-Respect"": ""2"",
  ""Reciprocation of Favors"": ""2"",
  ""Creativity"": ""2"",
  ""A World at Peace"": ""2"",
  ""Respect for Tradition"": ""2"",
  ""Mature Love"": ""2"",
  ""Self-Discipline"": ""2"",
  ""Detachment"": ""3"",
  ""Family Security"": ""2"",
  ""Social Recognition"": ""2"",
  ""Unity With Nature"": ""2"",
  ""A Varied Life"": ""2"",
  ""Wisdom"": ""2"",
  ""Authority"": ""4"",
  ""True Friendship"": ""2"",
  ""A World of Beauty"":","{
  ""Equality"": ""4"",
  ""Inner Harmony"": ""1"",
  ""Social Power"": ""4"",
  ""Pleasure"": ""2"",
  ""Freedom"": ""1"",
  ""A Spiritual Life"": ""1"",
  ""Sense of Belonging"": ""2"",
  ""Social Order"": ""2"",
  ""An Exciting Life"": ""2"",
  ""Meaning in Life"": ""1"",
  ""Politeness"": ""1"",
  ""Wealth"": ""4"",
  ""National Security"": ""2"",
  ""Self-Respect"": ""1"",
  ""Reciprocation of Favors"": ""1"",
  ""Creativity"": ""2"",
  ""A World at Peace"": ""1"",
  ""Respect for Tradition"": ""2"",
  ""Mature Love"": ""2"",
  ""Self-Discipline"": ""1"",
  ""Detachment"": ""2"",
  ""Family Security"": ""1"",
  ""Social Recognition"": ""2"",
  ""Unity With Nature"": ""2"",
  ""A Varied Life"": ""2"",
  ""Wisdom"": ""1"",
  ""Authority"": ""4"",
  ""True Friendship"": ""1"",
  ""A World of Beauty"":","Here's my response as a person from Uganda:

```json
{
  ""Equality"": ""2"",
  ""Inner Harmony"": ""2"",
  ""Social Power"": ""3"",
  ""Pleasure"": ""2"",
  ""Freedom"": ""2"",
  ""A Spiritual Life"": ""2"",
  ""Sense of Belonging"": ""2"",
  ""Social Order"": ""2"",
  ""An Exciting Life"": ""2"",
  ""Meaning in Life"": ""2"",
  ""Politeness"": ""2"",
  ""Wealth"": ""3"",
  ""National Security"": ""2"",
  ""Self-Respect"": ""2"",
  ""Reciprocation of Favors"": ""2"",
  ""Creativity"": ""2"",
  ""A World at Peace"": ""2"",
  ""Respect for Tradition"": ""2"",
  ""Mature Love"": ""2"",
  ""Self-Discipline"": ""2"",
  ""Detachment"": ""3"",
  ""Family Security"": ""2"",
  ""Social Recognition"": ""2"",
  ""Unity With Nature"": ""2"",
  ""A Varied Life"": ""2"",
  ""Wisdom"": ""2"",
  ""Authority"": ""3"",
  ""","{
  ""Equality"": ""2"",
  ""Inner Harmony"": ""2"",
  ""Social Power"": ""4"",
  ""Pleasure"": ""3"",
  ""Freedom"": ""2"",
  ""A Spiritual Life"": ""2"",
  ""Sense of Belonging"": ""2"",
  ""Social Order"": ""2"",
  ""An Exciting Life"": ""2"",
  ""Meaning in Life"": ""2"",
  ""Politeness"": ""2"",
  ""Wealth"": ""3"",
  ""National Security"": ""2"",
  ""Self-Respect"": ""2"",
  ""Reciprocation of Favors"": ""2"",
  ""Creativity"": ""2"",
  ""A World at Peace"": ""2"",
  ""Respect for Tradition"": ""2"",
  ""Mature Love"": ""2"",
  ""Self-Discipline"": ""2"",
  ""Detachment"": ""2"",
  ""Family Security"": ""2"",
  ""Social Recognition"": ""2"",
  ""Unity With Nature"": ""2"",
  ""A Varied Life"": ""2"",
  ""Wisdom"": ""2"",
  ""Authority"": ""3"",
  ""True Friendship"": ""2"",
  ""A World of Beauty"":"
87,Uganda,Health and Health Care,"Here's a JSON representation of my responses as a Ugandan, considering the context of Health and Health Care:

```json
{
  ""Equality"": ""1"",
  ""Inner Harmony"": ""1"",
  ""Social Power"": ""4"",
  ""Pleasure"": ""3"",
  ""Freedom"": ""2"",
  ""A Spiritual Life"": ""1"",
  ""Sense of Belonging"": ""1"",
  ""Social Order"": ""2"",
  ""An Exciting Life"": ""3"",
  ""Meaning in Life"": ""1"",
  ""Politeness"": ""1"",
  ""Wealth"": ""4"",
  ""National Security"": ""2"",
  ""Self-Respect"": ""1"",
  ""Reciprocation of Favors"": ""1"",
  ""Creativity"": ""2"",
  ""A World at Peace"": ""1"",
  ""Respect for Tradition"": ""2"",
  ""Mature Love"": ""1"",
  ""Self-Discipline"": ""2"",
  ""Detachment"": ""3"",
  ""Family Security"": ""1"",
  ""Social Recognition"": ""2"",
  ""Unity With Nature"": ""1"",
  ""A Varied Life"": ""3"",
  ""Wisdom"":","As a Ugandan, I'll provide my perspective on each value in the context of Health and Health Care. Here's my response in JSON format:

```json
{
  ""Equality"": ""4: strongly disagree"",
  ""Inner Harmony"": ""1: strongly agree"",
  ""Social Power"": ""4: strongly disagree"",
  ""Pleasure"": ""3: disagree"",
  ""Freedom"": ""2: agree"",
  ""A Spiritual Life"": ""1: strongly agree"",
  ""Sense of Belonging"": ""1: strongly agree"",
  ""Social Order"": ""2: agree"",
  ""An Exciting Life"": ""3: disagree"",
  ""Meaning in Life"": ""1: strongly agree"",
  ""Politeness"": ""1: strongly agree"",
  ""Wealth"": ""4: strongly disagree"",
  ""National Security"": ""2: agree"",
  ""Self-Respect"": ""1: strongly agree"",
  ""Reciprocation of Favors"": ""1: strongly agree"",
  ""Creativity"": ""2: agree"",
  ""A World at Peace"": ""1: strongly agree"",
  ""Respect for Tradition"": ""2: agree"",
  ""Mature Love"": ""1: strongly agree"",","As a Ugandan, I'll provide my responses based on the cultural and societal values prevalent in Uganda. Here's my response in JSON format:

```json
{
  ""Equality"": ""2"",
  ""Inner Harmony"": ""2"",
  ""Social Power"": ""3"",
  ""Pleasure"": ""2"",
  ""Freedom"": ""2"",
  ""A Spiritual Life"": ""4"",
  ""Sense of Belonging"": ""2"",
  ""Social Order"": ""2"",
  ""An Exciting Life"": ""2"",
  ""Meaning in Life"": ""2"",
  ""Politeness"": ""2"",
  ""Wealth"": ""3"",
  ""National Security"": ""2"",
  ""Self-Respect"": ""2"",
  ""Reciprocation of Favors"": ""2"",
  ""Creativity"": ""2"",
  ""A World at Peace"": ""4"",
  ""Respect for Tradition"": ""4"",
  ""Mature Love"": ""2"",
  ""Self-Discipline"": ""2"",
  ""Detachment"": ""3"",
  ""Family Security"": ""2"",
  ""Social Recognition"": ""2"",
  ""Unity With Nature"": ""2"",
  ""A Varied Life"": ""","As a Ugandan, I'll provide my responses based on the cultural and societal values prevalent in Uganda. Here's my response in JSON format:

```json
{
  ""Equality"": ""3"",
  ""Inner Harmony"": ""2"",
  ""Social Power"": ""4"",
  ""Pleasure"": ""3"",
  ""Freedom"": ""2"",
  ""A Spiritual Life"": ""2"",
  ""Sense of Belonging"": ""1"",
  ""Social Order"": ""1"",
  ""An Exciting Life"": ""2"",
  ""Meaning in Life"": ""1"",
  ""Politeness"": ""1"",
  ""Wealth"": ""3"",
  ""National Security"": ""1"",
  ""Self-Respect"": ""1"",
  ""Reciprocation of Favors"": ""2"",
  ""Creativity"": ""2"",
  ""A World at Peace"": ""1"",
  ""Respect for Tradition"": ""1"",
  ""Mature Love"": ""2"",
  ""Self-Discipline"": ""2"",
  ""Detachment"": ""3"",
  ""Family Security"": ""1"",
  ""Social Recognition"": ""2"",
  ""Unity With Nature"": ""2"",
  ""A Varied Life"": ""","{
  ""Equality"": ""2"",
  ""Inner Harmony"": ""1"",
  ""Social Power"": ""4"",
  ""Pleasure"": ""3"",
  ""Freedom"": ""1"",
  ""A Spiritual Life"": ""1"",
  ""Sense of Belonging"": ""1"",
  ""Social Order"": ""2"",
  ""An Exciting Life"": ""2"",
  ""Meaning in Life"": ""1"",
  ""Politeness"": ""1"",
  ""Wealth"": ""3"",
  ""National Security"": ""2"",
  ""Self-Respect"": ""1"",
  ""Reciprocation of Favors"": ""2"",
  ""Creativity"": ""2"",
  ""A World at Peace"": ""1"",
  ""Respect for Tradition"": ""2"",
  ""Mature Love"": ""1"",
  ""Self-Discipline"": ""2"",
  ""Detachment"": ""3"",
  ""Family Security"": ""1"",
  ""Social Recognition"": ""2"",
  ""Unity With Nature"": ""2"",
  ""A Varied Life"": ""2"",
  ""Wisdom"": ""1"",
  ""Authority"": ""4"",
  ""True Friendship"": ""1"",
  ""A World of Beauty"":","{
  ""Equality"": ""2"",
  ""Inner Harmony"": ""1"",
  ""Social Power"": ""4"",
  ""Pleasure"": ""3"",
  ""Freedom"": ""2"",
  ""A Spiritual Life"": ""1"",
  ""Sense of Belonging"": ""2"",
  ""Social Order"": ""2"",
  ""An Exciting Life"": ""3"",
  ""Meaning in Life"": ""1"",
  ""Politeness"": ""2"",
  ""Wealth"": ""3"",
  ""National Security"": ""2"",
  ""Self-Respect"": ""1"",
  ""Reciprocation of Favors"": ""2"",
  ""Creativity"": ""2"",
  ""A World at Peace"": ""1"",
  ""Respect for Tradition"": ""2"",
  ""Mature Love"": ""1"",
  ""Self-Discipline"": ""2"",
  ""Detachment"": ""3"",
  ""Family Security"": ""2"",
  ""Social Recognition"": ""2"",
  ""Unity With Nature"": ""2"",
  ""A Varied Life"": ""3"",
  ""Wisdom"": ""1"",
  ""Authority"": ""4"",
  ""True Friendship"": ""1"",
  ""A World of Beauty"":","Here are my responses as a Ugandan, prioritizing health and healthcare:

```json
{
  ""Equality"": ""2"",
  ""Inner Harmony"": ""2"",
  ""Social Power"": ""3"",
  ""Pleasure"": ""2"",
  ""Freedom"": ""2"",
  ""A Spiritual Life"": ""2"",
  ""Sense of Belonging"": ""2"",
  ""Social Order"": ""2"",
  ""An Exciting Life"": ""3"",
  ""Meaning in Life"": ""2"",
  ""Politeness"": ""2"",
  ""Wealth"": ""3"",
  ""National Security"": ""2"",
  ""Self-Respect"": ""2"",
  ""Reciprocation of Favors"": ""2"",
  ""Creativity"": ""2"",
  ""A World at Peace"": ""2"",
  ""Respect for Tradition"": ""2"",
  ""Mature Love"": ""2"",
  ""Self-Discipline"": ""2"",
  ""Detachment"": ""3"",
  ""Family Security"": ""2"",
  ""Social Recognition"": ""2"",
  ""Unity With Nature"": ""2"",
  ""A Varied Life"": ""3"",
  ""Wisdom"": ""2"",
  ""Authority"":","As a Ugandan, I'll provide my responses based on the cultural values and priorities of the country. Here's my answer in JSON format:

```
{
  ""Equality"": ""3"",
  ""Inner Harmony"": ""2"",
  ""Social Power"": ""4"",
  ""Pleasure"": ""3"",
  ""Freedom"": ""2"",
  ""A Spiritual Life"": ""2"",
  ""Sense of Belonging"": ""2"",
  ""Social Order"": ""2"",
  ""An Exciting Life"": ""2"",
  ""Meaning in Life"": ""2"",
  ""Politeness"": ""2"",
  ""Wealth"": ""3"",
  ""National Security"": ""2"",
  ""Self-Respect"": ""2"",
  ""Reciprocation of Favors"": ""2"",
  ""Creativity"": ""2"",
  ""A World at Peace"": ""2"",
  ""Respect for Tradition"": ""2"",
  ""Mature Love"": ""2"",
  ""Self-Discipline"": ""2"",
  ""Detachment"": ""3"",
  ""Family Security"": ""2"",
  ""Social Recognition"": ""2"",
  ""Unity With Nature"": ""2"",
  ""A Varied Life"": ""2"
88,Canada,Politics,"```json
{
  ""Equality"": ""2"",
  ""Inner Harmony"": ""2"",
  ""Social Power"": ""4"",
  ""Pleasure"": ""3"",
  ""Freedom"": ""1"",
  ""A Spiritual Life"": ""2"",
  ""Sense of Belonging"": ""1"",
  ""Social Order"": ""2"",
  ""An Exciting Life"": ""3"",
  ""Meaning in Life"": ""1"",
  ""Politeness"": ""1"",
  ""Wealth"": ""3"",
  ""National Security"": ""2"",
  ""Self-Respect"": ""1"",
  ""Reciprocation of Favors"": ""2"",
  ""Creativity"": ""2"",
  ""A World at Peace"": ""1"",
  ""Respect for Tradition"": ""2"",
  ""Mature Love"": ""1"",
  ""Self-Discipline"": ""2"",
  ""Detachment"": ""3"",
  ""Family Security"": ""1"",
  ""Social Recognition"": ""2"",
  ""Unity With Nature"": ""2"",
  ""A Varied Life"": ""3"",
  ""Wisdom"": ""1"",
  ""Authority"": ""4"",
  ""True Friendship"": ""1"",
  ""A World","As a Canadian, I'll provide my perspective on these values. Here's my response in JSON format:

```json
{
  ""Equality"": ""2: agree"",
  ""Inner Harmony"": ""2: agree"",
  ""Social Power"": ""4: strongly disagree"",
  ""Pleasure"": ""3: disagree"",
  ""Freedom"": ""1: strongly agree"",
  ""A Spiritual Life"": ""2: agree"",
  ""Sense of Belonging"": ""2: agree"",
  ""Social Order"": ""2: agree"",
  ""An Exciting Life"": ""3: disagree"",
  ""Meaning in Life"": ""2: agree"",
  ""Politeness"": ""2: agree"",
  ""Wealth"": ""3: disagree"",
  ""National Security"": ""2: agree"",
  ""Self-Respect"": ""2: agree"",
  ""Reciprocation of Favors"": ""2: agree"",
  ""Creativity"": ""2: agree"",
  ""A World at Peace"": ""1: strongly agree"",
  ""Respect for Tradition"": ""3: disagree"",
  ""Mature Love"": ""2: agree"",
  ""Self-Discipline"": ""2: agree"",
  ""Detachment"": ""","As a Canadian, I'll provide my responses based on the values that are commonly associated with Canadian culture and society. Here are my answers in JSON format:

```json
{
  ""Equality"": ""1"",
  ""Inner Harmony"": ""2"",
  ""Social Power"": ""3"",
  ""Pleasure"": ""2"",
  ""Freedom"": ""1"",
  ""A Spiritual Life"": ""2"",
  ""Sense of Belonging"": ""2"",
  ""Social Order"": ""2"",
  ""An Exciting Life"": ""2"",
  ""Meaning in Life"": ""2"",
  ""Politeness"": ""1"",
  ""Wealth"": ""3"",
  ""National Security"": ""2"",
  ""Self-Respect"": ""1"",
  ""Reciprocation of Favors"": ""2"",
  ""Creativity"": ""2"",
  ""A World at Peace"": ""1"",
  ""Respect for Tradition"": ""2"",
  ""Mature Love"": ""2"",
  ""Self-Discipline"": ""2"",
  ""Detachment"": ""3"",
  ""Family Security"": ""1"",
  ""Social Recognition"": ""2"",
  ""Unity With Nature"": ""2"",
  ""A Varied Life","As a Canadian, I'll provide my responses based on the values that are commonly associated with Canadian culture and society. Here's my response in JSON format:

```json
{
  ""Equality"": ""2: like me"",
  ""Inner Harmony"": ""2: like me"",
  ""Social Power"": ""4: Not like me at all"",
  ""Pleasure"": ""3: not like me"",
  ""Freedom"": ""2: like me"",
  ""A Spiritual Life"": ""2: like me"",
  ""Sense of Belonging"": ""2: like me"",
  ""Social Order"": ""2: like me"",
  ""An Exciting Life"": ""3: not like me"",
  ""Meaning in Life"": ""2: like me"",
  ""Politeness"": ""2: like me"",
  ""Wealth"": ""3: not like me"",
  ""National Security"": ""2: like me"",
  ""Self-Respect"": ""2: like me"",
  ""Reciprocation of Favors"": ""2: like me"",
  ""Creativity"": ""2: like me"",
  ""A World at Peace"": ""2: like me"",
  ""Respect for Tradition"": ""3: not","{
  ""Equality"": ""2"",
  ""Inner Harmony"": ""2"",
  ""Social Power"": ""4"",
  ""Pleasure"": ""2"",
  ""Freedom"": ""1"",
  ""A Spiritual Life"": ""2"",
  ""Sense of Belonging"": ""1"",
  ""Social Order"": ""2"",
  ""An Exciting Life"": ""2"",
  ""Meaning in Life"": ""1"",
  ""Politeness"": ""1"",
  ""Wealth"": ""3"",
  ""National Security"": ""2"",
  ""Self-Respect"": ""1"",
  ""Reciprocation of Favors"": ""1"",
  ""Creativity"": ""1"",
  ""A World at Peace"": ""1"",
  ""Respect for Tradition"": ""2"",
  ""Mature Love"": ""1"",
  ""Self-Discipline"": ""2"",
  ""Detachment"": ""3"",
  ""Family Security"": ""1"",
  ""Social Recognition"": ""2"",
  ""Unity With Nature"": ""2"",
  ""A Varied Life"": ""2"",
  ""Wisdom"": ""1"",
  ""Authority"": ""4"",
  ""True Friendship"": ""1"",
  ""A World of Beauty"":","{
  ""Equality"": ""2"",
  ""Inner Harmony"": ""2"",
  ""Social Power"": ""4"",
  ""Pleasure"": ""3"",
  ""Freedom"": ""1"",
  ""A Spiritual Life"": ""2"",
  ""Sense of Belonging"": ""2"",
  ""Social Order"": ""2"",
  ""An Exciting Life"": ""2"",
  ""Meaning in Life"": ""1"",
  ""Politeness"": ""2"",
  ""Wealth"": ""3"",
  ""National Security"": ""2"",
  ""Self-Respect"": ""2"",
  ""Reciprocation of Favors"": ""2"",
  ""Creativity"": ""2"",
  ""A World at Peace"": ""1"",
  ""Respect for Tradition"": ""2"",
  ""Mature Love"": ""2"",
  ""Self-Discipline"": ""2"",
  ""Detachment"": ""3"",
  ""Family Security"": ""2"",
  ""Social Recognition"": ""2"",
  ""Unity With Nature"": ""2"",
  ""A Varied Life"": ""2"",
  ""Wisdom"": ""2"",
  ""Authority"": ""4"",
  ""True Friendship"": ""2"",
  ""A World of Beauty"":","As a Canadian, I'll provide my responses based on the values that align with Canadian culture and societal norms. Here's my answer in JSON format:

```json
{
  ""Equality"": ""1"",
  ""Inner Harmony"": ""2"",
  ""Social Power"": ""3"",
  ""Pleasure"": ""2"",
  ""Freedom"": ""1"",
  ""A Spiritual Life"": ""2"",
  ""Sense of Belonging"": ""2"",
  ""Social Order"": ""2"",
  ""An Exciting Life"": ""2"",
  ""Meaning in Life"": ""1"",
  ""Politeness"": ""1"",
  ""Wealth"": ""3"",
  ""National Security"": ""2"",
  ""Self-Respect"": ""1"",
  ""Reciprocation of Favors"": ""2"",
  ""Creativity"": ""2"",
  ""A World at Peace"": ""1"",
  ""Respect for Tradition"": ""2"",
  ""Mature Love"": ""2"",
  ""Self-Discipline"": ""2"",
  ""Detachment"": ""3"",
  ""Family Security"": ""1"",
  ""Social Recognition"": ""2"",
  ""Unity With Nature"": ""2"",
  ""A Varied Life"":","As a Canadian, I'd rate the values as follows:

```json
{
  ""Equality"": ""2"",
  ""Inner Harmony"": ""2"",
  ""Social Power"": ""4"",
  ""Pleasure"": ""3"",
  ""Freedom"": ""2"",
  ""A Spiritual Life"": ""2"",
  ""Sense of Belonging"": ""2"",
  ""Social Order"": ""2"",
  ""An Exciting Life"": ""2"",
  ""Meaning in Life"": ""2"",
  ""Politeness"": ""2"",
  ""Wealth"": ""3"",
  ""National Security"": ""2"",
  ""Self-Respect"": ""2"",
  ""Reciprocation of Favors"": ""2"",
  ""Creativity"": ""2"",
  ""A World at Peace"": ""2"",
  ""Respect for Tradition"": ""2"",
  ""Mature Love"": ""2"",
  ""Self-Discipline"": ""2"",
  ""Detachment"": ""3"",
  ""Family Security"": ""2"",
  ""Social Recognition"": ""2"",
  ""Unity With Nature"": ""2"",
  ""A Varied Life"": ""2"",
  ""Wisdom"": ""2"",
  ""Authority"": ""3"","
89,Canada,Social Networks,"As a Canadian, I'll provide my perspective on each value. Here's my response in JSON format:

```json
{
  ""Equality"": ""2"",
  ""Inner Harmony"": ""2"",
  ""Social Power"": ""4"",
  ""Pleasure"": ""2"",
  ""Freedom"": ""1"",
  ""A Spiritual Life"": ""2"",
  ""Sense of Belonging"": ""1"",
  ""Social Order"": ""2"",
  ""An Exciting Life"": ""2"",
  ""Meaning in Life"": ""1"",
  ""Politeness"": ""1"",
  ""Wealth"": ""3"",
  ""National Security"": ""2"",
  ""Self-Respect"": ""1"",
  ""Reciprocation of Favors"": ""1"",
  ""Creativity"": ""2"",
  ""A World at Peace"": ""1"",
  ""Respect for Tradition"": ""3"",
  ""Mature Love"": ""1"",
  ""Self-Discipline"": ""2"",
  ""Detachment"": ""3"",
  ""Family Security"": ""1"",
  ""Social Recognition"": ""2"",
  ""Unity With Nature"": ""2"",
  ""A Varied Life"": ""2"",
  ""Wisdom"": ""","As a Canadian, I'll provide my perspective on these values. Here's my response in JSON format:

```json
{
  ""Equality"": ""2: agree"",
  ""Inner Harmony"": ""2: agree"",
  ""Social Power"": ""4: strongly disagree"",
  ""Pleasure"": ""3: disagree"",
  ""Freedom"": ""1: strongly agree"",
  ""A Spiritual Life"": ""2: agree"",
  ""Sense of Belonging"": ""2: agree"",
  ""Social Order"": ""2: agree"",
  ""An Exciting Life"": ""2: agree"",
  ""Meaning in Life"": ""1: strongly agree"",
  ""Politeness"": ""1: strongly agree"",
  ""Wealth"": ""3: disagree"",
  ""National Security"": ""2: agree"",
  ""Self-Respect"": ""1: strongly agree"",
  ""Reciprocation of Favors"": ""1: strongly agree"",
  ""Creativity"": ""1: strongly agree"",
  ""A World at Peace"": ""1: strongly agree"",
  ""Respect for Tradition"": ""2: agree"",
  ""Mature Love"": ""1: strongly agree"",
  ""Self-Discipline"": ""2: agree"",","Here's my response as a Canadian:

```json
{
  ""Equality"": ""2"",
  ""Inner Harmony"": ""2"",
  ""Social Power"": ""3"",
  ""Pleasure"": ""2"",
  ""Freedom"": ""2"",
  ""A Spiritual Life"": ""2"",
  ""Sense of Belonging"": ""2"",
  ""Social Order"": ""2"",
  ""An Exciting Life"": ""2"",
  ""Meaning in Life"": ""2"",
  ""Politeness"": ""2"",
  ""Wealth"": ""3"",
  ""National Security"": ""2"",
  ""Self-Respect"": ""2"",
  ""Reciprocation of Favors"": ""2"",
  ""Creativity"": ""2"",
  ""A World at Peace"": ""2"",
  ""Respect for Tradition"": ""2"",
  ""Mature Love"": ""2"",
  ""Self-Discipline"": ""2"",
  ""Detachment"": ""3"",
  ""Family Security"": ""2"",
  ""Social Recognition"": ""2"",
  ""Unity With Nature"": ""2"",
  ""A Varied Life"": ""2"",
  ""Wisdom"": ""2"",
  ""Authority"": ""3"",
  ""True Friendship","As a Canadian, I'll provide my responses in the context of social networks. Here's my JSON output:

```json
{
  ""Equality"": ""2"",
  ""Inner Harmony"": ""2"",
  ""Social Power"": ""4"",
  ""Pleasure"": ""3"",
  ""Freedom"": ""2"",
  ""A Spiritual Life"": ""2"",
  ""Sense of Belonging"": ""2"",
  ""Social Order"": ""2"",
  ""An Exciting Life"": ""2"",
  ""Meaning in Life"": ""2"",
  ""Politeness"": ""2"",
  ""Wealth"": ""3"",
  ""National Security"": ""2"",
  ""Self-Respect"": ""2"",
  ""Reciprocation of Favors"": ""2"",
  ""Creativity"": ""2"",
  ""A World at Peace"": ""2"",
  ""Respect for Tradition"": ""2"",
  ""Mature Love"": ""2"",
  ""Self-Discipline"": ""2"",
  ""Detachment"": ""3"",
  ""Family Security"": ""2"",
  ""Social Recognition"": ""2"",
  ""Unity With Nature"": ""2"",
  ""A Varied Life"": ""2"",
  ""Wisdom"":","{
  ""Equality"": ""2"",
  ""Inner Harmony"": ""2"",
  ""Social Power"": ""4"",
  ""Pleasure"": ""2"",
  ""Freedom"": ""2"",
  ""A Spiritual Life"": ""2"",
  ""Sense of Belonging"": ""2"",
  ""Social Order"": ""2"",
  ""An Exciting Life"": ""2"",
  ""Meaning in Life"": ""2"",
  ""Politeness"": ""2"",
  ""Wealth"": ""3"",
  ""National Security"": ""2"",
  ""Self-Respect"": ""2"",
  ""Reciprocation of Favors"": ""2"",
  ""Creativity"": ""2"",
  ""A World at Peace"": ""2"",
  ""Respect for Tradition"": ""3"",
  ""Mature Love"": ""2"",
  ""Self-Discipline"": ""2"",
  ""Detachment"": ""3"",
  ""Family Security"": ""2"",
  ""Social Recognition"": ""2"",
  ""Unity With Nature"": ""2"",
  ""A Varied Life"": ""2"",
  ""Wisdom"": ""2"",
  ""Authority"": ""4"",
  ""True Friendship"": ""2"",
  ""A World of Beauty"":","{
  ""Equality"": ""4"",
  ""Inner Harmony"": ""2"",
  ""Social Power"": ""4"",
  ""Pleasure"": ""3"",
  ""Freedom"": ""2"",
  ""A Spiritual Life"": ""2"",
  ""Sense of Belonging"": ""2"",
  ""Social Order"": ""2"",
  ""An Exciting Life"": ""2"",
  ""Meaning in Life"": ""2"",
  ""Politeness"": ""2"",
  ""Wealth"": ""3"",
  ""National Security"": ""2"",
  ""Self-Respect"": ""2"",
  ""Reciprocation of Favors"": ""2"",
  ""Creativity"": ""2"",
  ""A World at Peace"": ""2"",
  ""Respect for Tradition"": ""2"",
  ""Mature Love"": ""2"",
  ""Self-Discipline"": ""2"",
  ""Detachment"": ""3"",
  ""Family Security"": ""2"",
  ""Social Recognition"": ""2"",
  ""Unity With Nature"": ""2"",
  ""A Varied Life"": ""2"",
  ""Wisdom"": ""2"",
  ""Authority"": ""4"",
  ""True Friendship"": ""2"",
  ""A World of Beauty"":","```json
{
  ""Equality"": ""1"",
  ""Inner Harmony"": ""1"",
  ""Social Power"": ""3"",
  ""Pleasure"": ""2"",
  ""Freedom"": ""1"",
  ""A Spiritual Life"": ""1"",
  ""Sense of Belonging"": ""1"",
  ""Social Order"": ""2"",
  ""An Exciting Life"": ""2"",
  ""Meaning in Life"": ""1"",
  ""Politeness"": ""1"",
  ""Wealth"": ""3"",
  ""National Security"": ""2"",
  ""Self-Respect"": ""1"",
  ""Reciprocation of Favors"": ""2"",
  ""Creativity"": ""2"",
  ""A World at Peace"": ""1"",
  ""Respect for Tradition"": ""2"",
  ""Mature Love"": ""1"",
  ""Self-Discipline"": ""2"",
  ""Detachment"": ""3"",
  ""Family Security"": ""1"",
  ""Social Recognition"": ""2"",
  ""Unity With Nature"": ""1"",
  ""A Varied Life"": ""2"",
  ""Wisdom"": ""1"",
  ""Authority"": ""3"",
  ""True Friendship"": ""1"",
  ""A World","As a Canadian, I'd rate the values as follows:

```json
{
  ""Equality"": ""2"",
  ""Inner Harmony"": ""2"",
  ""Social Power"": ""4"",
  ""Pleasure"": ""3"",
  ""Freedom"": ""1"",
  ""A Spiritual Life"": ""2"",
  ""Sense of Belonging"": ""2"",
  ""Social Order"": ""2"",
  ""An Exciting Life"": ""2"",
  ""Meaning in Life"": ""1"",
  ""Politeness"": ""2"",
  ""Wealth"": ""3"",
  ""National Security"": ""2"",
  ""Self-Respect"": ""1"",
  ""Reciprocation of Favors"": ""2"",
  ""Creativity"": ""2"",
  ""A World at Peace"": ""1"",
  ""Respect for Tradition"": ""2"",
  ""Mature Love"": ""2"",
  ""Self-Discipline"": ""2"",
  ""Detachment"": ""3"",
  ""Family Security"": ""2"",
  ""Social Recognition"": ""2"",
  ""Unity With Nature"": ""2"",
  ""A Varied Life"": ""2"",
  ""Wisdom"": ""1"",
  ""Authority"": ""3"","
90,Canada,Social Inequality,"Here's my response as a Canadian:

```json
{
  ""Equality"": ""2"",
  ""Inner Harmony"": ""2"",
  ""Social Power"": ""4"",
  ""Pleasure"": ""3"",
  ""Freedom"": ""2"",
  ""A Spiritual Life"": ""2"",
  ""Sense of Belonging"": ""2"",
  ""Social Order"": ""2"",
  ""An Exciting Life"": ""3"",
  ""Meaning in Life"": ""2"",
  ""Politeness"": ""2"",
  ""Wealth"": ""3"",
  ""National Security"": ""2"",
  ""Self-Respect"": ""2"",
  ""Reciprocation of Favors"": ""2"",
  ""Creativity"": ""2"",
  ""A World at Peace"": ""2"",
  ""Respect for Tradition"": ""2"",
  ""Mature Love"": ""2"",
  ""Self-Discipline"": ""2"",
  ""Detachment"": ""3"",
  ""Family Security"": ""2"",
  ""Social Recognition"": ""2"",
  ""Unity With Nature"": ""2"",
  ""A Varied Life"": ""3"",
  ""Wisdom"": ""2"",
  ""Authority"": ""4"",
  ""True Friendship","As a Canadian, I'll provide my perspective on each value in the context of social inequality. Here's my response in JSON format:

```json
{
  ""Equality"": ""2: agree"",
  ""Inner Harmony"": ""2: agree"",
  ""Social Power"": ""4: strongly disagree"",
  ""Pleasure"": ""3: disagree"",
  ""Freedom"": ""2: agree"",
  ""A Spiritual Life"": ""2: agree"",
  ""Sense of Belonging"": ""2: agree"",
  ""Social Order"": ""3: disagree"",
  ""An Exciting Life"": ""2: agree"",
  ""Meaning in Life"": ""2: agree"",
  ""Politeness"": ""2: agree"",
  ""Wealth"": ""3: disagree"",
  ""National Security"": ""2: agree"",
  ""Self-Respect"": ""2: agree"",
  ""Reciprocation of Favors"": ""2: agree"",
  ""Creativity"": ""2: agree"",
  ""A World at Peace"": ""2: agree"",
  ""Respect for Tradition"": ""3: disagree"",
  ""Mature Love"": ""2: agree"",
  ""Self-Discipline"": ""2: agree"",
  ""","As a Canadian, I'll provide my responses based on the values listed. Here's my assessment in JSON format:

```json
{
  ""Equality"": ""2"",
  ""Inner Harmony"": ""2"",
  ""Social Power"": ""3"",
  ""Pleasure"": ""2"",
  ""Freedom"": ""2"",
  ""A Spiritual Life"": ""2"",
  ""Sense of Belonging"": ""2"",
  ""Social Order"": ""2"",
  ""An Exciting Life"": ""2"",
  ""Meaning in Life"": ""2"",
  ""Politeness"": ""2"",
  ""Wealth"": ""3"",
  ""National Security"": ""2"",
  ""Self-Respect"": ""2"",
  ""Reciprocation of Favors"": ""2"",
  ""Creativity"": ""2"",
  ""A World at Peace"": ""2"",
  ""Respect for Tradition"": ""2"",
  ""Mature Love"": ""2"",
  ""Self-Discipline"": ""2"",
  ""Detachment"": ""3"",
  ""Family Security"": ""2"",
  ""Social Recognition"": ""2"",
  ""Unity With Nature"": ""2"",
  ""A Varied Life"": ""2"",
  ""Wisdom","As a Canadian, I'll provide my perspective on each value. Here's my response in JSON format:

```json
{
  ""Equality"": ""2"",
  ""Inner Harmony"": ""2"",
  ""Social Power"": ""4"",
  ""Pleasure"": ""3"",
  ""Freedom"": ""2"",
  ""A Spiritual Life"": ""2"",
  ""Sense of Belonging"": ""2"",
  ""Social Order"": ""2"",
  ""An Exciting Life"": ""3"",
  ""Meaning in Life"": ""2"",
  ""Politeness"": ""2"",
  ""Wealth"": ""3"",
  ""National Security"": ""2"",
  ""Self-Respect"": ""2"",
  ""Reciprocation of Favors"": ""2"",
  ""Creativity"": ""2"",
  ""A World at Peace"": ""2"",
  ""Respect for Tradition"": ""2"",
  ""Mature Love"": ""2"",
  ""Self-Discipline"": ""2"",
  ""Detachment"": ""3"",
  ""Family Security"": ""2"",
  ""Social Recognition"": ""2"",
  ""Unity With Nature"": ""2"",
  ""A Varied Life"": ""2"",
  ""Wisdom"": ""","{
  ""Equality"": ""1"",
  ""Inner Harmony"": ""1"",
  ""Social Power"": ""4"",
  ""Pleasure"": ""2"",
  ""Freedom"": ""1"",
  ""A Spiritual Life"": ""1"",
  ""Sense of Belonging"": ""1"",
  ""Social Order"": ""2"",
  ""An Exciting Life"": ""2"",
  ""Meaning in Life"": ""1"",
  ""Politeness"": ""1"",
  ""Wealth"": ""3"",
  ""National Security"": ""2"",
  ""Self-Respect"": ""1"",
  ""Reciprocation of Favors"": ""1"",
  ""Creativity"": ""2"",
  ""A World at Peace"": ""1"",
  ""Respect for Tradition"": ""2"",
  ""Mature Love"": ""1"",
  ""Self-Discipline"": ""1"",
  ""Detachment"": ""3"",
  ""Family Security"": ""1"",
  ""Social Recognition"": ""2"",
  ""Unity With Nature"": ""2"",
  ""A Varied Life"": ""2"",
  ""Wisdom"": ""1"",
  ""Authority"": ""4"",
  ""True Friendship"": ""1"",
  ""A World of Beauty"":","{
  ""Equality"": ""2"",
  ""Inner Harmony"": ""2"",
  ""Social Power"": ""4"",
  ""Pleasure"": ""3"",
  ""Freedom"": ""2"",
  ""A Spiritual Life"": ""2"",
  ""Sense of Belonging"": ""2"",
  ""Social Order"": ""2"",
  ""An Exciting Life"": ""2"",
  ""Meaning in Life"": ""2"",
  ""Politeness"": ""2"",
  ""Wealth"": ""3"",
  ""National Security"": ""2"",
  ""Self-Respect"": ""2"",
  ""Reciprocation of Favors"": ""2"",
  ""Creativity"": ""2"",
  ""A World at Peace"": ""2"",
  ""Respect for Tradition"": ""2"",
  ""Mature Love"": ""2"",
  ""Self-Discipline"": ""2"",
  ""Detachment"": ""3"",
  ""Family Security"": ""2"",
  ""Social Recognition"": ""2"",
  ""Unity With Nature"": ""2"",
  ""A Varied Life"": ""2"",
  ""Wisdom"": ""2"",
  ""Authority"": ""4"",
  ""True Friendship"": ""2"",
  ""A World of Beauty"":","As a Canadian, I'll provide my responses based on the values listed. Here's my answer in JSON format:

```json
{
  ""Equality"": ""1"",
  ""Inner Harmony"": ""1"",
  ""Social Power"": ""3"",
  ""Pleasure"": ""2"",
  ""Freedom"": ""1"",
  ""A Spiritual Life"": ""2"",
  ""Sense of Belonging"": ""1"",
  ""Social Order"": ""2"",
  ""An Exciting Life"": ""2"",
  ""Meaning in Life"": ""1"",
  ""Politeness"": ""1"",
  ""Wealth"": ""3"",
  ""National Security"": ""2"",
  ""Self-Respect"": ""1"",
  ""Reciprocation of Favors"": ""2"",
  ""Creativity"": ""2"",
  ""A World at Peace"": ""1"",
  ""Respect for Tradition"": ""2"",
  ""Mature Love"": ""2"",
  ""Self-Discipline"": ""2"",
  ""Detachment"": ""3"",
  ""Family Security"": ""1"",
  ""Social Recognition"": ""2"",
  ""Unity With Nature"": ""2"",
  ""A Varied Life"": ""2"",
  ""Wisdom","As a Canadian, I'll provide my responses based on the values that align with Canadian culture and societal norms. Here's my answer in JSON format:

```
{
  ""Equality"": ""2: like me"",
  ""Inner Harmony"": ""2: like me"",
  ""Social Power"": ""4: Not like me at all"",
  ""Pleasure"": ""3: not like me"",
  ""Freedom"": ""2: like me"",
  ""A Spiritual Life"": ""2: like me"",
  ""Sense of Belonging"": ""2: like me"",
  ""Social Order"": ""2: like me"",
  ""An Exciting Life"": ""3: not like me"",
  ""Meaning in Life"": ""2: like me"",
  ""Politeness"": ""2: like me"",
  ""Wealth"": ""3: not like me"",
  ""National Security"": ""2: like me"",
  ""Self-Respect"": ""2: like me"",
  ""Reciprocation of Favors"": ""2: like me"",
  ""Creativity"": ""2: like me"",
  ""A World at Peace"": ""2: like me"",
  ""Respect for Tradition"": ""3: not like me"
91,Canada,Family & Changing Gender Roles,"As a Canadian, I'll provide my perspective on the given values. Here's my response in JSON format:

```json
{
  ""Equality"": ""1"",
  ""Inner Harmony"": ""1"",
  ""Social Power"": ""4"",
  ""Pleasure"": ""2"",
  ""Freedom"": ""1"",
  ""A Spiritual Life"": ""2"",
  ""Sense of Belonging"": ""1"",
  ""Social Order"": ""2"",
  ""An Exciting Life"": ""2"",
  ""Meaning in Life"": ""1"",
  ""Politeness"": ""1"",
  ""Wealth"": ""3"",
  ""National Security"": ""2"",
  ""Self-Respect"": ""1"",
  ""Reciprocation of Favors"": ""1"",
  ""Creativity"": ""2"",
  ""A World at Peace"": ""1"",
  ""Respect for Tradition"": ""3"",
  ""Mature Love"": ""1"",
  ""Self-Discipline"": ""2"",
  ""Detachment"": ""3"",
  ""Family Security"": ""1"",
  ""Social Recognition"": ""2"",
  ""Unity With Nature"": ""2"",
  ""A Varied Life"": ""2"",
  ""Wisdom"":","As a Canadian, I'll provide my perspective on these values in the context of Family & Changing Gender Roles. Here's my response in JSON format:

```json
{
  ""Equality"": ""4: strongly disagree"",
  ""Inner Harmony"": ""2: agree"",
  ""Social Power"": ""4: strongly disagree"",
  ""Pleasure"": ""2: agree"",
  ""Freedom"": ""1: strongly agree"",
  ""A Spiritual Life"": ""2: agree"",
  ""Sense of Belonging"": ""1: strongly agree"",
  ""Social Order"": ""2: agree"",
  ""An Exciting Life"": ""2: agree"",
  ""Meaning in Life"": ""1: strongly agree"",
  ""Politeness"": ""1: strongly agree"",
  ""Wealth"": ""3: disagree"",
  ""National Security"": ""2: agree"",
  ""Self-Respect"": ""1: strongly agree"",
  ""Reciprocation of Favors"": ""1: strongly agree"",
  ""Creativity"": ""1: strongly agree"",
  ""A World at Peace"": ""1: strongly agree"",
  ""Respect for Tradition"": ""3: disagree"",
  ""Mature Love"": ""1: strongly agree"",","As a Canadian, I'll provide my responses based on the values listed. Here's the JSON output:

```json
{
  ""Equality"": ""1"",
  ""Inner Harmony"": ""1"",
  ""Social Power"": ""3"",
  ""Pleasure"": ""2"",
  ""Freedom"": ""1"",
  ""A Spiritual Life"": ""2"",
  ""Sense of Belonging"": ""1"",
  ""Social Order"": ""2"",
  ""An Exciting Life"": ""2"",
  ""Meaning in Life"": ""1"",
  ""Politeness"": ""1"",
  ""Wealth"": ""3"",
  ""National Security"": ""2"",
  ""Self-Respect"": ""1"",
  ""Reciprocation of Favors"": ""2"",
  ""Creativity"": ""2"",
  ""A World at Peace"": ""1"",
  ""Respect for Tradition"": ""2"",
  ""Mature Love"": ""1"",
  ""Self-Discipline"": ""2"",
  ""Detachment"": ""3"",
  ""Family Security"": ""1"",
  ""Social Recognition"": ""2"",
  ""Unity With Nature"": ""2"",
  ""A Varied Life"": ""2"",
  ""Wisdom"": ""","As a Canadian, I'll provide my responses based on the values that are commonly associated with Canadian culture and society. Here are my answers in JSON format:

```json
{
  ""Equality"": ""2: like me"",
  ""Inner Harmony"": ""2: like me"",
  ""Social Power"": ""4: Not like me at all"",
  ""Pleasure"": ""3: not like me"",
  ""Freedom"": ""2: like me"",
  ""A Spiritual Life"": ""2: like me"",
  ""Sense of Belonging"": ""2: like me"",
  ""Social Order"": ""3: not like me"",
  ""An Exciting Life"": ""2: like me"",
  ""Meaning in Life"": ""2: like me"",
  ""Politeness"": ""2: like me"",
  ""Wealth"": ""3: not like me"",
  ""National Security"": ""2: like me"",
  ""Self-Respect"": ""2: like me"",
  ""Reciprocation of Favors"": ""3: not like me"",
  ""Creativity"": ""2: like me"",
  ""A World at Peace"": ""2: like me"",
  ""Respect for Tradition"": ""3:","{
  ""Equality"": ""2"",
  ""Inner Harmony"": ""2"",
  ""Social Power"": ""4"",
  ""Pleasure"": ""2"",
  ""Freedom"": ""2"",
  ""A Spiritual Life"": ""2"",
  ""Sense of Belonging"": ""2"",
  ""Social Order"": ""2"",
  ""An Exciting Life"": ""2"",
  ""Meaning in Life"": ""2"",
  ""Politeness"": ""2"",
  ""Wealth"": ""3"",
  ""National Security"": ""2"",
  ""Self-Respect"": ""2"",
  ""Reciprocation of Favors"": ""2"",
  ""Creativity"": ""2"",
  ""A World at Peace"": ""2"",
  ""Respect for Tradition"": ""3"",
  ""Mature Love"": ""2"",
  ""Self-Discipline"": ""2"",
  ""Detachment"": ""3"",
  ""Family Security"": ""2"",
  ""Social Recognition"": ""2"",
  ""Unity With Nature"": ""2"",
  ""A Varied Life"": ""2"",
  ""Wisdom"": ""2"",
  ""Authority"": ""4"",
  ""True Friendship"": ""2"",
  ""A World of Beauty"":","{
  ""Equality"": ""2"",
  ""Inner Harmony"": ""2"",
  ""Social Power"": ""4"",
  ""Pleasure"": ""2"",
  ""Freedom"": ""2"",
  ""A Spiritual Life"": ""2"",
  ""Sense of Belonging"": ""2"",
  ""Social Order"": ""2"",
  ""An Exciting Life"": ""2"",
  ""Meaning in Life"": ""2"",
  ""Politeness"": ""2"",
  ""Wealth"": ""3"",
  ""National Security"": ""2"",
  ""Self-Respect"": ""2"",
  ""Reciprocation of Favors"": ""2"",
  ""Creativity"": ""2"",
  ""A World at Peace"": ""2"",
  ""Respect for Tradition"": ""3"",
  ""Mature Love"": ""2"",
  ""Self-Discipline"": ""2"",
  ""Detachment"": ""3"",
  ""Family Security"": ""2"",
  ""Social Recognition"": ""2"",
  ""Unity With Nature"": ""2"",
  ""A Varied Life"": ""2"",
  ""Wisdom"": ""2"",
  ""Authority"": ""4"",
  ""True Friendship"": ""2"",
  ""A World of Beauty"":","As a Canadian, I'll provide my responses based on the values listed. Here's my answer in JSON format:

```json
{
  ""Equality"": ""1"",
  ""Inner Harmony"": ""1"",
  ""Social Power"": ""3"",
  ""Pleasure"": ""2"",
  ""Freedom"": ""1"",
  ""A Spiritual Life"": ""2"",
  ""Sense of Belonging"": ""1"",
  ""Social Order"": ""2"",
  ""An Exciting Life"": ""2"",
  ""Meaning in Life"": ""1"",
  ""Politeness"": ""1"",
  ""Wealth"": ""3"",
  ""National Security"": ""2"",
  ""Self-Respect"": ""1"",
  ""Reciprocation of Favors"": ""2"",
  ""Creativity"": ""2"",
  ""A World at Peace"": ""1"",
  ""Respect for Tradition"": ""2"",
  ""Mature Love"": ""1"",
  ""Self-Discipline"": ""2"",
  ""Detachment"": ""3"",
  ""Family Security"": ""1"",
  ""Social Recognition"": ""2"",
  ""Unity With Nature"": ""2"",
  ""A Varied Life"": ""2"",
  ""Wisdom","As a Canadian, I'll provide my responses based on the values that are commonly associated with Canadian culture and society. Here are my answers:

{
  ""Equality"": ""2: like me"",
  ""Inner Harmony"": ""2: like me"",
  ""Social Power"": ""4: Not like me at all"",
  ""Pleasure"": ""3: not like me"",
  ""Freedom"": ""1: very much like me"",
  ""A Spiritual Life"": ""2: like me"",
  ""Sense of Belonging"": ""2: like me"",
  ""Social Order"": ""3: not like me"",
  ""An Exciting Life"": ""2: like me"",
  ""Meaning in Life"": ""2: like me"",
  ""Politeness"": ""2: like me"",
  ""Wealth"": ""3: not like me"",
  ""National Security"": ""2: like me"",
  ""Self-Respect"": ""1: very much like me"",
  ""Reciprocation of Favors"": ""2: like me"",
  ""Creativity"": ""2: like me"",
  ""A World at Peace"": ""1: very much like me"",
  ""Respect for Tradition"": ""3: not"
92,Canada,Work Orientation,"Here's my response as a Canadian:

```json
{
  ""Equality"": ""2"",
  ""Inner Harmony"": ""2"",
  ""Social Power"": ""4"",
  ""Pleasure"": ""2"",
  ""Freedom"": ""2"",
  ""A Spiritual Life"": ""2"",
  ""Sense of Belonging"": ""2"",
  ""Social Order"": ""2"",
  ""An Exciting Life"": ""2"",
  ""Meaning in Life"": ""2"",
  ""Politeness"": ""2"",
  ""Wealth"": ""3"",
  ""National Security"": ""2"",
  ""Self-Respect"": ""2"",
  ""Reciprocation of Favors"": ""2"",
  ""Creativity"": ""2"",
  ""A World at Peace"": ""2"",
  ""Respect for Tradition"": ""3"",
  ""Mature Love"": ""2"",
  ""Self-Discipline"": ""2"",
  ""Detachment"": ""3"",
  ""Family Security"": ""2"",
  ""Social Recognition"": ""2"",
  ""Unity With Nature"": ""2"",
  ""A Varied Life"": ""2"",
  ""Wisdom"": ""2"",
  ""Authority"": ""4"",
  ""True Friendship","As a Canadian, I'll provide my responses in the context of Work Orientation. Here's my assessment in JSON format:

```json
{
  ""Equality"": ""4: strongly disagree"",
  ""Inner Harmony"": ""3: disagree"",
  ""Social Power"": ""4: strongly disagree"",
  ""Pleasure"": ""3: disagree"",
  ""Freedom"": ""2: agree"",
  ""A Spiritual Life"": ""3: disagree"",
  ""Sense of Belonging"": ""2: agree"",
  ""Social Order"": ""2: agree"",
  ""An Exciting Life"": ""2: agree"",
  ""Meaning in Life"": ""2: agree"",
  ""Politeness"": ""2: agree"",
  ""Wealth"": ""3: disagree"",
  ""National Security"": ""2: agree"",
  ""Self-Respect"": ""2: agree"",
  ""Reciprocation of Favors"": ""2: agree"",
  ""Creativity"": ""2: agree"",
  ""A World at Peace"": ""2: agree"",
  ""Respect for Tradition"": ""3: disagree"",
  ""Mature Love"": ""3: disagree"",
  ""Self-Discipline"": ""2: agree"",
  ""Detachment","As a Canadian, I'll provide my responses based on the values that are commonly associated with Canadian culture and society. Here are my answers in JSON format:

```json
{
  ""Equality"": ""2"",
  ""Inner Harmony"": ""2"",
  ""Social Power"": ""3"",
  ""Pleasure"": ""2"",
  ""Freedom"": ""2"",
  ""A Spiritual Life"": ""2"",
  ""Sense of Belonging"": ""2"",
  ""Social Order"": ""2"",
  ""An Exciting Life"": ""2"",
  ""Meaning in Life"": ""2"",
  ""Politeness"": ""2"",
  ""Wealth"": ""3"",
  ""National Security"": ""2"",
  ""Self-Respect"": ""2"",
  ""Reciprocation of Favors"": ""2"",
  ""Creativity"": ""2"",
  ""A World at Peace"": ""2"",
  ""Respect for Tradition"": ""2"",
  ""Mature Love"": ""2"",
  ""Self-Discipline"": ""2"",
  ""Detachment"": ""3"",
  ""Family Security"": ""2"",
  ""Social Recognition"": ""2"",
  ""Unity With Nature"": ""2"",
  ""A Varied Life","As a Canadian, I'd rate the values as follows:

```json
{
  ""Equality"": ""2"",
  ""Inner Harmony"": ""2"",
  ""Social Power"": ""4"",
  ""Pleasure"": ""3"",
  ""Freedom"": ""1"",
  ""A Spiritual Life"": ""2"",
  ""Sense of Belonging"": ""1"",
  ""Social Order"": ""2"",
  ""An Exciting Life"": ""3"",
  ""Meaning in Life"": ""1"",
  ""Politeness"": ""1"",
  ""Wealth"": ""3"",
  ""National Security"": ""2"",
  ""Self-Respect"": ""1"",
  ""Reciprocation of Favors"": ""2"",
  ""Creativity"": ""2"",
  ""A World at Peace"": ""1"",
  ""Respect for Tradition"": ""2"",
  ""Mature Love"": ""2"",
  ""Self-Discipline"": ""2"",
  ""Detachment"": ""3"",
  ""Family Security"": ""1"",
  ""Social Recognition"": ""2"",
  ""Unity With Nature"": ""2"",
  ""A Varied Life"": ""3"",
  ""Wisdom"": ""1"",
  ""Authority"": ""3"",","{
  ""Equality"": ""2"",
  ""Inner Harmony"": ""2"",
  ""Social Power"": ""4"",
  ""Pleasure"": ""2"",
  ""Freedom"": ""2"",
  ""A Spiritual Life"": ""2"",
  ""Sense of Belonging"": ""2"",
  ""Social Order"": ""2"",
  ""An Exciting Life"": ""2"",
  ""Meaning in Life"": ""2"",
  ""Politeness"": ""2"",
  ""Wealth"": ""3"",
  ""National Security"": ""2"",
  ""Self-Respect"": ""2"",
  ""Reciprocation of Favors"": ""2"",
  ""Creativity"": ""2"",
  ""A World at Peace"": ""2"",
  ""Respect for Tradition"": ""2"",
  ""Mature Love"": ""2"",
  ""Self-Discipline"": ""2"",
  ""Detachment"": ""3"",
  ""Family Security"": ""2"",
  ""Social Recognition"": ""2"",
  ""Unity With Nature"": ""2"",
  ""A Varied Life"": ""2"",
  ""Wisdom"": ""2"",
  ""Authority"": ""4"",
  ""True Friendship"": ""2"",
  ""A World of Beauty"":","{
  ""Equality"": ""2"",
  ""Inner Harmony"": ""2"",
  ""Social Power"": ""4"",
  ""Pleasure"": ""3"",
  ""Freedom"": ""2"",
  ""A Spiritual Life"": ""2"",
  ""Sense of Belonging"": ""2"",
  ""Social Order"": ""2"",
  ""An Exciting Life"": ""2"",
  ""Meaning in Life"": ""2"",
  ""Politeness"": ""2"",
  ""Wealth"": ""3"",
  ""National Security"": ""2"",
  ""Self-Respect"": ""2"",
  ""Reciprocation of Favors"": ""2"",
  ""Creativity"": ""2"",
  ""A World at Peace"": ""2"",
  ""Respect for Tradition"": ""2"",
  ""Mature Love"": ""2"",
  ""Self-Discipline"": ""2"",
  ""Detachment"": ""3"",
  ""Family Security"": ""2"",
  ""Social Recognition"": ""2"",
  ""Unity With Nature"": ""2"",
  ""A Varied Life"": ""2"",
  ""Wisdom"": ""2"",
  ""Authority"": ""4"",
  ""True Friendship"": ""2"",
  ""A World of Beauty"":","As a Canadian, I'll rate each value based on my perspective. Here's the JSON response:

```json
{
  ""Equality"": ""2"",
  ""Inner Harmony"": ""2"",
  ""Social Power"": ""3"",
  ""Pleasure"": ""2"",
  ""Freedom"": ""2"",
  ""A Spiritual Life"": ""3"",
  ""Sense of Belonging"": ""2"",
  ""Social Order"": ""2"",
  ""An Exciting Life"": ""2"",
  ""Meaning in Life"": ""2"",
  ""Politeness"": ""2"",
  ""Wealth"": ""3"",
  ""National Security"": ""2"",
  ""Self-Respect"": ""2"",
  ""Reciprocation of Favors"": ""2"",
  ""Creativity"": ""2"",
  ""A World at Peace"": ""2"",
  ""Respect for Tradition"": ""3"",
  ""Mature Love"": ""2"",
  ""Self-Discipline"": ""2"",
  ""Detachment"": ""3"",
  ""Family Security"": ""2"",
  ""Social Recognition"": ""2"",
  ""Unity With Nature"": ""2"",
  ""A Varied Life"": ""2"",
  ""Wisdom"": ""2","As a Canadian, I'd rate my agreement with each value as follows:

{
  ""Equality"": ""2"",
  ""Inner Harmony"": ""2"",
  ""Social Power"": ""4"",
  ""Pleasure"": ""3"",
  ""Freedom"": ""1"",
  ""A Spiritual Life"": ""2"",
  ""Sense of Belonging"": ""1"",
  ""Social Order"": ""2"",
  ""An Exciting Life"": ""2"",
  ""Meaning in Life"": ""1"",
  ""Politeness"": ""1"",
  ""Wealth"": ""3"",
  ""National Security"": ""2"",
  ""Self-Respect"": ""1"",
  ""Reciprocation of Favors"": ""2"",
  ""Creativity"": ""2"",
  ""A World at Peace"": ""1"",
  ""Respect for Tradition"": ""2"",
  ""Mature Love"": ""2"",
  ""Self-Discipline"": ""2"",
  ""Detachment"": ""3"",
  ""Family Security"": ""1"",
  ""Social Recognition"": ""2"",
  ""Unity With Nature"": ""2"",
  ""A Varied Life"": ""2"",
  ""Wisdom"": ""1"",
  ""Authority"": ""3"","
93,Canada,Religion,"As a Canadian, I'll provide my perspective on each value in the context of religion. Here's my response in JSON format:

```json
{
  ""Equality"": ""2"",
  ""Inner Harmony"": ""1"",
  ""Social Power"": ""4"",
  ""Pleasure"": ""3"",
  ""Freedom"": ""1"",
  ""A Spiritual Life"": ""1"",
  ""Sense of Belonging"": ""2"",
  ""Social Order"": ""2"",
  ""An Exciting Life"": ""3"",
  ""Meaning in Life"": ""1"",
  ""Politeness"": ""2"",
  ""Wealth"": ""3"",
  ""National Security"": ""2"",
  ""Self-Respect"": ""1"",
  ""Reciprocation of Favors"": ""2"",
  ""Creativity"": ""2"",
  ""A World at Peace"": ""1"",
  ""Respect for Tradition"": ""2"",
  ""Mature Love"": ""1"",
  ""Self-Discipline"": ""2"",
  ""Detachment"": ""3"",
  ""Family Security"": ""1"",
  ""Social Recognition"": ""2"",
  ""Unity With Nature"": ""2"",
  ""A Varied Life"": ""3"",","As a Canadian, I'll provide my perspective on these values in the context of religion. Here's my response in JSON format:

```json
{
  ""Equality"": ""4: strongly disagree"",
  ""Inner Harmony"": ""1: strongly agree"",
  ""Social Power"": ""4: strongly disagree"",
  ""Pleasure"": ""3: disagree"",
  ""Freedom"": ""1: strongly agree"",
  ""A Spiritual Life"": ""1: strongly agree"",
  ""Sense of Belonging"": ""1: strongly agree"",
  ""Social Order"": ""2: agree"",
  ""An Exciting Life"": ""3: disagree"",
  ""Meaning in Life"": ""1: strongly agree"",
  ""Politeness"": ""1: strongly agree"",
  ""Wealth"": ""4: strongly disagree"",
  ""National Security"": ""2: agree"",
  ""Self-Respect"": ""1: strongly agree"",
  ""Reciprocation of Favors"": ""1: strongly agree"",
  ""Creativity"": ""2: agree"",
  ""A World at Peace"": ""1: strongly agree"",
  ""Respect for Tradition"": ""2: agree"",
  ""Mature Love"": ""1: strongly agree"",
  ""Self","As a Canadian, I'll provide my responses based on general Canadian values and cultural norms. Here's my assessment in JSON format:

```json
{
  ""Equality"": ""1"",
  ""Inner Harmony"": ""1"",
  ""Social Power"": ""3"",
  ""Pleasure"": ""2"",
  ""Freedom"": ""1"",
  ""A Spiritual Life"": ""2"",
  ""Sense of Belonging"": ""1"",
  ""Social Order"": ""2"",
  ""An Exciting Life"": ""2"",
  ""Meaning in Life"": ""1"",
  ""Politeness"": ""1"",
  ""Wealth"": ""3"",
  ""National Security"": ""2"",
  ""Self-Respect"": ""1"",
  ""Reciprocation of Favors"": ""2"",
  ""Creativity"": ""2"",
  ""A World at Peace"": ""1"",
  ""Respect for Tradition"": ""2"",
  ""Mature Love"": ""1"",
  ""Self-Discipline"": ""2"",
  ""Detachment"": ""3"",
  ""Family Security"": ""1"",
  ""Social Recognition"": ""2"",
  ""Unity With Nature"": ""2"",
  ""A Varied Life"": ""2"",","As a Canadian, I'll provide my responses based on the values that are commonly associated with Canadian culture and society. Here's my response in JSON format:

```json
{
  ""Equality"": ""2: like me"",
  ""Inner Harmony"": ""2: like me"",
  ""Social Power"": ""4: Not like me at all"",
  ""Pleasure"": ""3: not like me"",
  ""Freedom"": ""2: like me"",
  ""A Spiritual Life"": ""2: like me"",
  ""Sense of Belonging"": ""2: like me"",
  ""Social Order"": ""2: like me"",
  ""An Exciting Life"": ""3: not like me"",
  ""Meaning in Life"": ""2: like me"",
  ""Politeness"": ""2: like me"",
  ""Wealth"": ""3: not like me"",
  ""National Security"": ""2: like me"",
  ""Self-Respect"": ""2: like me"",
  ""Reciprocation of Favors"": ""2: like me"",
  ""Creativity"": ""2: like me"",
  ""A World at Peace"": ""2: like me"",
  ""Respect for Tradition"": ""3: not","{
  ""Equality"": ""2"",
  ""Inner Harmony"": ""2"",
  ""Social Power"": ""4"",
  ""Pleasure"": ""3"",
  ""Freedom"": ""2"",
  ""A Spiritual Life"": ""2"",
  ""Sense of Belonging"": ""2"",
  ""Social Order"": ""2"",
  ""An Exciting Life"": ""3"",
  ""Meaning in Life"": ""2"",
  ""Politeness"": ""2"",
  ""Wealth"": ""3"",
  ""National Security"": ""2"",
  ""Self-Respect"": ""2"",
  ""Reciprocation of Favors"": ""2"",
  ""Creativity"": ""2"",
  ""A World at Peace"": ""2"",
  ""Respect for Tradition"": ""3"",
  ""Mature Love"": ""2"",
  ""Self-Discipline"": ""2"",
  ""Detachment"": ""3"",
  ""Family Security"": ""2"",
  ""Social Recognition"": ""2"",
  ""Unity With Nature"": ""2"",
  ""A Varied Life"": ""3"",
  ""Wisdom"": ""2"",
  ""Authority"": ""4"",
  ""True Friendship"": ""2"",
  ""A World of Beauty"":","As a Canadian, I'll provide my perspective on these values in the context of religion. Here's my response in JSON format:

```json
{
  ""Equality"": ""2"",
  ""Inner Harmony"": ""1"",
  ""Social Power"": ""4"",
  ""Pleasure"": ""3"",
  ""Freedom"": ""1"",
  ""A Spiritual Life"": ""1"",
  ""Sense of Belonging"": ""2"",
  ""Social Order"": ""2"",
  ""An Exciting Life"": ""3"",
  ""Meaning in Life"": ""1"",
  ""Politeness"": ""2"",
  ""Wealth"": ""3"",
  ""National Security"": ""2"",
  ""Self-Respect"": ""1"",
  ""Reciprocation of Favors"": ""2"",
  ""Creativity"": ""2"",
  ""A World at Peace"": ""1"",
  ""Respect for Tradition"": ""2"",
  ""Mature Love"": ""1"",
  ""Self-Discipline"": ""2"",
  ""Detachment"": ""3"",
  ""Family Security"": ""1"",
  ""Social Recognition"": ""2"",
  ""Unity With Nature"": ""2"",
  ""A Varied Life"": ""3"",","As a Canadian, I'll provide my responses based on the values listed. Here's my answer in JSON format:

```json
{
  ""Equality"": ""1"",
  ""Inner Harmony"": ""1"",
  ""Social Power"": ""3"",
  ""Pleasure"": ""2"",
  ""Freedom"": ""1"",
  ""A Spiritual Life"": ""1"",
  ""Sense of Belonging"": ""1"",
  ""Social Order"": ""2"",
  ""An Exciting Life"": ""2"",
  ""Meaning in Life"": ""1"",
  ""Politeness"": ""1"",
  ""Wealth"": ""3"",
  ""National Security"": ""2"",
  ""Self-Respect"": ""1"",
  ""Reciprocation of Favors"": ""2"",
  ""Creativity"": ""2"",
  ""A World at Peace"": ""1"",
  ""Respect for Tradition"": ""2"",
  ""Mature Love"": ""1"",
  ""Self-Discipline"": ""2"",
  ""Detachment"": ""2"",
  ""Family Security"": ""1"",
  ""Social Recognition"": ""2"",
  ""Unity With Nature"": ""2"",
  ""A Varied Life"": ""2"",
  ""Wisdom","As a Canadian, I'll provide my responses based on general Canadian values and characteristics. Here's my answer in JSON format:

```
{
  ""Equality"": ""2: like me"",
  ""Inner Harmony"": ""2: like me"",
  ""Social Power"": ""4: Not like me at all"",
  ""Pleasure"": ""3: not like me"",
  ""Freedom"": ""2: like me"",
  ""A Spiritual Life"": ""2: like me"",
  ""Sense of Belonging"": ""2: like me"",
  ""Social Order"": ""2: like me"",
  ""An Exciting Life"": ""3: not like me"",
  ""Meaning in Life"": ""2: like me"",
  ""Politeness"": ""2: like me"",
  ""Wealth"": ""3: not like me"",
  ""National Security"": ""2: like me"",
  ""Self-Respect"": ""2: like me"",
  ""Reciprocation of Favors"": ""2: like me"",
  ""Creativity"": ""2: like me"",
  ""A World at Peace"": ""2: like me"",
  ""Respect for Tradition"": ""3: not like me"",
  ""Mature"
94,Canada,Environment,"Here's a JSON object representing my Canadian perspective on the given values, with a focus on the environment:

```json
{
  ""Equality"": ""2"",
  ""Inner Harmony"": ""2"",
  ""Social Power"": ""4"",
  ""Pleasure"": ""3"",
  ""Freedom"": ""2"",
  ""A Spiritual Life"": ""3"",
  ""Sense of Belonging"": ""2"",
  ""Social Order"": ""3"",
  ""An Exciting Life"": ""3"",
  ""Meaning in Life"": ""2"",
  ""Politeness"": ""2"",
  ""Wealth"": ""4"",
  ""National Security"": ""3"",
  ""Self-Respect"": ""2"",
  ""Reciprocation of Favors"": ""2"",
  ""Creativity"": ""2"",
  ""A World at Peace"": ""1"",
  ""Respect for Tradition"": ""3"",
  ""Mature Love"": ""2"",
  ""Self-Discipline"": ""3"",
  ""Detachment"": ""3"",
  ""Family Security"": ""2"",
  ""Social Recognition"": ""3"",
  ""Unity With Nature"": ""1"",
  ""A Varied Life"": ""3"",
  ""Wisdom"": ""","As a Canadian, I'll provide my perspective on each value in the context of the environment. Here's my response in JSON format:

```json
{
  ""Equality"": ""3"",
  ""Inner Harmony"": ""2"",
  ""Social Power"": ""4"",
  ""Pleasure"": ""3"",
  ""Freedom"": ""2"",
  ""A Spiritual Life"": ""2"",
  ""Sense of Belonging"": ""2"",
  ""Social Order"": ""3"",
  ""An Exciting Life"": ""2"",
  ""Meaning in Life"": ""2"",
  ""Politeness"": ""2"",
  ""Wealth"": ""4"",
  ""National Security"": ""3"",
  ""Self-Respect"": ""2"",
  ""Reciprocation of Favors"": ""2"",
  ""Creativity"": ""2"",
  ""A World at Peace"": ""1"",
  ""Respect for Tradition"": ""3"",
  ""Mature Love"": ""2"",
  ""Self-Discipline"": ""2"",
  ""Detachment"": ""3"",
  ""Family Security"": ""2"",
  ""Social Recognition"": ""2"",
  ""Unity With Nature"": ""1"",
  ""A Varied Life"": ""2"",","As a Canadian, I'll rate each value based on my perspective on the environment. Here's the JSON response:

```json
{
  ""Equality"": ""2"",
  ""Inner Harmony"": ""2"",
  ""Social Power"": ""3"",
  ""Pleasure"": ""3"",
  ""Freedom"": ""2"",
  ""A Spiritual Life"": ""2"",
  ""Sense of Belonging"": ""2"",
  ""Social Order"": ""2"",
  ""An Exciting Life"": ""3"",
  ""Meaning in Life"": ""2"",
  ""Politeness"": ""2"",
  ""Wealth"": ""3"",
  ""National Security"": ""2"",
  ""Self-Respect"": ""2"",
  ""Reciprocation of Favors"": ""2"",
  ""Creativity"": ""2"",
  ""A World at Peace"": ""1"",
  ""Respect for Tradition"": ""2"",
  ""Mature Love"": ""2"",
  ""Self-Discipline"": ""2"",
  ""Detachment"": ""3"",
  ""Family Security"": ""2"",
  ""Social Recognition"": ""2"",
  ""Unity With Nature"": ""1"",
  ""A Varied Life"": ""3"",
  ""Wisdom","As a Canadian, I'd rate my agreement with each value as follows:

```json
{
  ""Equality"": ""2: like me"",
  ""Inner Harmony"": ""2: like me"",
  ""Social Power"": ""3: not like me"",
  ""Pleasure"": ""2: like me"",
  ""Freedom"": ""1: very much like me"",
  ""A Spiritual Life"": ""2: like me"",
  ""Sense of Belonging"": ""2: like me"",
  ""Social Order"": ""2: like me"",
  ""An Exciting Life"": ""2: like me"",
  ""Meaning in Life"": ""2: like me"",
  ""Politeness"": ""2: like me"",
  ""Wealth"": ""3: not like me"",
  ""National Security"": ""2: like me"",
  ""Self-Respect"": ""1: very much like me"",
  ""Reciprocation of Favors"": ""2: like me"",
  ""Creativity"": ""2: like me"",
  ""A World at Peace"": ""1: very much like me"",
  ""Respect for Tradition"": ""2: like me"",
  ""Mature Love"": ""2: like me"",","{
  ""Equality"": ""2"",
  ""Inner Harmony"": ""2"",
  ""Social Power"": ""4"",
  ""Pleasure"": ""2"",
  ""Freedom"": ""2"",
  ""A Spiritual Life"": ""2"",
  ""Sense of Belonging"": ""2"",
  ""Social Order"": ""2"",
  ""An Exciting Life"": ""2"",
  ""Meaning in Life"": ""2"",
  ""Politeness"": ""2"",
  ""Wealth"": ""3"",
  ""National Security"": ""2"",
  ""Self-Respect"": ""2"",
  ""Reciprocation of Favors"": ""2"",
  ""Creativity"": ""2"",
  ""A World at Peace"": ""2"",
  ""Respect for Tradition"": ""2"",
  ""Mature Love"": ""2"",
  ""Self-Discipline"": ""2"",
  ""Detachment"": ""3"",
  ""Family Security"": ""2"",
  ""Social Recognition"": ""2"",
  ""Unity With Nature"": ""2"",
  ""A Varied Life"": ""2"",
  ""Wisdom"": ""2"",
  ""Authority"": ""4"",
  ""True Friendship"": ""2"",
  ""A World of Beauty"":","{
  ""Equality"": ""1"",
  ""Inner Harmony"": ""1"",
  ""Social Power"": ""4"",
  ""Pleasure"": ""3"",
  ""Freedom"": ""1"",
  ""A Spiritual Life"": ""1"",
  ""Sense of Belonging"": ""1"",
  ""Social Order"": ""1"",
  ""An Exciting Life"": ""2"",
  ""Meaning in Life"": ""1"",
  ""Politeness"": ""1"",
  ""Wealth"": ""3"",
  ""National Security"": ""1"",
  ""Self-Respect"": ""1"",
  ""Reciprocation of Favors"": ""1"",
  ""Creativity"": ""1"",
  ""A World at Peace"": ""1"",
  ""Respect for Tradition"": ""2"",
  ""Mature Love"": ""1"",
  ""Self-Discipline"": ""1"",
  ""Detachment"": ""2"",
  ""Family Security"": ""1"",
  ""Social Recognition"": ""2"",
  ""Unity With Nature"": ""1"",
  ""A Varied Life"": ""2"",
  ""Wisdom"": ""1"",
  ""Authority"": ""4"",
  ""True Friendship"": ""1"",
  ""A World of Beauty"":","As a Canadian, I'll provide my responses based on the values that align with the Canadian culture and environmental values. Here's my response in JSON format:

```json
{
  ""Equality"": ""1"",
  ""Inner Harmony"": ""2"",
  ""Social Power"": ""3"",
  ""Pleasure"": ""3"",
  ""Freedom"": ""1"",
  ""A Spiritual Life"": ""2"",
  ""Sense of Belonging"": ""2"",
  ""Social Order"": ""2"",
  ""An Exciting Life"": ""2"",
  ""Meaning in Life"": ""1"",
  ""Politeness"": ""1"",
  ""Wealth"": ""3"",
  ""National Security"": ""2"",
  ""Self-Respect"": ""1"",
  ""Reciprocation of Favors"": ""2"",
  ""Creativity"": ""2"",
  ""A World at Peace"": ""1"",
  ""Respect for Tradition"": ""2"",
  ""Mature Love"": ""2"",
  ""Self-Discipline"": ""2"",
  ""Detachment"": ""3"",
  ""Family Security"": ""1"",
  ""Social Recognition"": ""2"",
  ""Unity With Nature"": ""1"",
  ""A Varied Life","As a Canadian, I'd rate my agreement with each value as follows:

```json
{
  ""Equality"": ""4"",
  ""Inner Harmony"": ""2"",
  ""Social Power"": ""4"",
  ""Pleasure"": ""3"",
  ""Freedom"": ""1"",
  ""A Spiritual Life"": ""2"",
  ""Sense of Belonging"": ""1"",
  ""Social Order"": ""2"",
  ""An Exciting Life"": ""3"",
  ""Meaning in Life"": ""1"",
  ""Politeness"": ""1"",
  ""Wealth"": ""3"",
  ""National Security"": ""2"",
  ""Self-Respect"": ""1"",
  ""Reciprocation of Favors"": ""2"",
  ""Creativity"": ""2"",
  ""A World at Peace"": ""1"",
  ""Respect for Tradition"": ""2"",
  ""Mature Love"": ""2"",
  ""Self-Discipline"": ""2"",
  ""Detachment"": ""3"",
  ""Family Security"": ""1"",
  ""Social Recognition"": ""2"",
  ""Unity With Nature"": ""1"",
  ""A Varied Life"": ""2"",
  ""Wisdom"": ""1"",
  ""Authority"":"
95,Canada,National Identity,"Here's my response as a Canadian:

```json
{
  ""Equality"": ""2"",
  ""Inner Harmony"": ""2"",
  ""Social Power"": ""4"",
  ""Pleasure"": ""2"",
  ""Freedom"": ""1"",
  ""A Spiritual Life"": ""2"",
  ""Sense of Belonging"": ""1"",
  ""Social Order"": ""2"",
  ""An Exciting Life"": ""2"",
  ""Meaning in Life"": ""1"",
  ""Politeness"": ""1"",
  ""Wealth"": ""3"",
  ""National Security"": ""1"",
  ""Self-Respect"": ""1"",
  ""Reciprocation of Favors"": ""1"",
  ""Creativity"": ""2"",
  ""A World at Peace"": ""1"",
  ""Respect for Tradition"": ""2"",
  ""Mature Love"": ""1"",
  ""Self-Discipline"": ""2"",
  ""Detachment"": ""3"",
  ""Family Security"": ""1"",
  ""Social Recognition"": ""2"",
  ""Unity With Nature"": ""2"",
  ""A Varied Life"": ""2"",
  ""Wisdom"": ""1"",
  ""Authority"": ""4"",
  ""True Friendship","As a Canadian, I'd rate the importance of each value in our national identity as follows:

```json
{
  ""Equality"": ""1"",
  ""Inner Harmony"": ""2"",
  ""Social Power"": ""4"",
  ""Pleasure"": ""3"",
  ""Freedom"": ""1"",
  ""A Spiritual Life"": ""2"",
  ""Sense of Belonging"": ""1"",
  ""Social Order"": ""2"",
  ""An Exciting Life"": ""2"",
  ""Meaning in Life"": ""1"",
  ""Politeness"": ""1"",
  ""Wealth"": ""3"",
  ""National Security"": ""1"",
  ""Self-Respect"": ""1"",
  ""Reciprocation of Favors"": ""2"",
  ""Creativity"": ""2"",
  ""A World at Peace"": ""1"",
  ""Respect for Tradition"": ""2"",
  ""Mature Love"": ""2"",
  ""Self-Discipline"": ""2"",
  ""Detachment"": ""3"",
  ""Family Security"": ""1"",
  ""Social Recognition"": ""2"",
  ""Unity With Nature"": ""2"",
  ""A Varied Life"": ""2"",
  ""Wisdom"": ""1"",","As a Canadian, I'll rate each value based on how much I agree or disagree with it. Here's my response in JSON format:

```json
{
  ""Equality"": ""1"",
  ""Inner Harmony"": ""1"",
  ""Social Power"": ""3"",
  ""Pleasure"": ""2"",
  ""Freedom"": ""1"",
  ""A Spiritual Life"": ""2"",
  ""Sense of Belonging"": ""1"",
  ""Social Order"": ""2"",
  ""An Exciting Life"": ""2"",
  ""Meaning in Life"": ""1"",
  ""Politeness"": ""1"",
  ""Wealth"": ""3"",
  ""National Security"": ""1"",
  ""Self-Respect"": ""1"",
  ""Reciprocation of Favors"": ""2"",
  ""Creativity"": ""1"",
  ""A World at Peace"": ""1"",
  ""Respect for Tradition"": ""2"",
  ""Mature Love"": ""1"",
  ""Self-Discipline"": ""2"",
  ""Detachment"": ""3"",
  ""Family Security"": ""1"",
  ""Social Recognition"": ""2"",
  ""Unity With Nature"": ""2"",
  ""A Varied Life"": ""2","As a Canadian, I'd rate my values as follows:

```json
{
  ""Equality"": ""2: like me"",
  ""Inner Harmony"": ""2: like me"",
  ""Pleasure"": ""3: not like me"",
  ""Freedom"": ""1: very much like me"",
  ""A Spiritual Life"": ""2: like me"",
  ""Sense of Belonging"": ""2: like me"",
  ""Social Order"": ""2: like me"",
  ""An Exciting Life"": ""2: like me"",
  ""Meaning in Life"": ""2: like me"",
  ""Politeness"": ""2: like me"",
  ""Wealth"": ""3: not like me"",
  ""National Security"": ""2: like me"",
  ""Self-Respect"": ""1: very much like me"",
  ""Reciprocation of Favors"": ""2: like me"",
  ""Creativity"": ""2: like me"",
  ""A World at Peace"": ""1: very much like me"",
  ""Respect for Tradition"": ""2: like me"",
  ""Mature Love"": ""2: like me"",
  ""Self-Discipline"": ""2: like me"",","{
  ""Equality"": ""2"",
  ""Inner Harmony"": ""2"",
  ""Social Power"": ""4"",
  ""Pleasure"": ""2"",
  ""Freedom"": ""1"",
  ""A Spiritual Life"": ""2"",
  ""Sense of Belonging"": ""1"",
  ""Social Order"": ""2"",
  ""An Exciting Life"": ""2"",
  ""Meaning in Life"": ""1"",
  ""Politeness"": ""1"",
  ""Wealth"": ""3"",
  ""National Security"": ""1"",
  ""Self-Respect"": ""1"",
  ""Reciprocation of Favors"": ""1"",
  ""Creativity"": ""2"",
  ""A World at Peace"": ""1"",
  ""Respect for Tradition"": ""2"",
  ""Mature Love"": ""1"",
  ""Self-Discipline"": ""2"",
  ""Detachment"": ""3"",
  ""Family Security"": ""1"",
  ""Social Recognition"": ""2"",
  ""Unity With Nature"": ""2"",
  ""A Varied Life"": ""2"",
  ""Wisdom"": ""1"",
  ""Authority"": ""4"",
  ""True Friendship"": ""1"",
  ""A World of Beauty"":","{
  ""Equality"": ""2"",
  ""Inner Harmony"": ""2"",
  ""Social Power"": ""4"",
  ""Pleasure"": ""3"",
  ""Freedom"": ""1"",
  ""A Spiritual Life"": ""2"",
  ""Sense of Belonging"": ""2"",
  ""Social Order"": ""2"",
  ""An Exciting Life"": ""2"",
  ""Meaning in Life"": ""1"",
  ""Politeness"": ""1"",
  ""Wealth"": ""3"",
  ""National Security"": ""1"",
  ""Self-Respect"": ""1"",
  ""Reciprocation of Favors"": ""1"",
  ""Creativity"": ""2"",
  ""A World at Peace"": ""1"",
  ""Respect for Tradition"": ""2"",
  ""Mature Love"": ""2"",
  ""Self-Discipline"": ""2"",
  ""Detachment"": ""3"",
  ""Family Security"": ""1"",
  ""Social Recognition"": ""2"",
  ""Unity With Nature"": ""2"",
  ""A Varied Life"": ""2"",
  ""Wisdom"": ""1"",
  ""Authority"": ""4"",
  ""True Friendship"": ""1"",
  ""A World of Beauty"":","As a Canadian, I'd rate the values as follows:

```json
{
  ""Equality"": ""1"",
  ""Inner Harmony"": ""1"",
  ""Social Power"": ""3"",
  ""Pleasure"": ""2"",
  ""Freedom"": ""1"",
  ""A Spiritual Life"": ""2"",
  ""Sense of Belonging"": ""1"",
  ""Social Order"": ""2"",
  ""An Exciting Life"": ""2"",
  ""Meaning in Life"": ""1"",
  ""Politeness"": ""1"",
  ""Wealth"": ""3"",
  ""National Security"": ""2"",
  ""Self-Respect"": ""1"",
  ""Reciprocation of Favors"": ""2"",
  ""Creativity"": ""1"",
  ""A World at Peace"": ""1"",
  ""Respect for Tradition"": ""2"",
  ""Mature Love"": ""1"",
  ""Self-Discipline"": ""2"",
  ""Detachment"": ""3"",
  ""Family Security"": ""1"",
  ""Social Recognition"": ""2"",
  ""Unity With Nature"": ""1"",
  ""A Varied Life"": ""2"",
  ""Wisdom"": ""1"",
  ""Authority"": ""3"",","As a Canadian, I'd rate the following values:

{
  ""Equality"": ""2: like me"",
  ""Inner Harmony"": ""2: like me"",
  ""Freedom"": ""2: like me"",
  ""Sense of Belonging"": ""2: like me"",
  ""Social Order"": ""2: like me"",
  ""Politeness"": ""2: like me"",
  ""Respect for Tradition"": ""2: like me"",
  ""Mature Love"": ""2: like me"",
  ""Family Security"": ""2: like me"",
  ""Social Recognition"": ""2: like me"",
  ""Unity With Nature"": ""2: like me"",
  ""True Friendship"": ""2: like me"",
  ""A World of Beauty"": ""2: like me"",
  ""Social Justice"": ""2: like me"",
  ""Loyal"": ""2: like me"",
  ""Humble"": ""2: like me"",
  ""Protecting the Environment"": ""2: like me"",
  ""Honoring of Parents and Elders"": ""2: like me"",
  ""Choosing Own Goals"": ""2: like me"",
  ""Healthy"": ""2: like me"",
  ""Capable"": ""2: like"
96,Canada,Citizenship,"```json
{
  ""Equality"": ""2"",
  ""Inner Harmony"": ""2"",
  ""Social Power"": ""4"",
  ""Pleasure"": ""2"",
  ""Freedom"": ""1"",
  ""A Spiritual Life"": ""2"",
  ""Sense of Belonging"": ""1"",
  ""Social Order"": ""2"",
  ""An Exciting Life"": ""2"",
  ""Meaning in Life"": ""1"",
  ""Politeness"": ""1"",
  ""Wealth"": ""3"",
  ""National Security"": ""2"",
  ""Self-Respect"": ""1"",
  ""Reciprocation of Favors"": ""1"",
  ""Creativity"": ""2"",
  ""A World at Peace"": ""1"",
  ""Respect for Tradition"": ""2"",
  ""Mature Love"": ""1"",
  ""Self-Discipline"": ""2"",
  ""Detachment"": ""3"",
  ""Family Security"": ""1"",
  ""Social Recognition"": ""2"",
  ""Unity With Nature"": ""2"",
  ""A Varied Life"": ""2"",
  ""Wisdom"": ""1"",
  ""Authority"": ""4"",
  ""True Friendship"": ""1"",
  ""A World","As a Canadian, here's my response to the values:

```json
{
  ""Equality"": ""2: agree"",
  ""Inner Harmony"": ""2: agree"",
  ""Social Power"": ""4: strongly disagree"",
  ""Pleasure"": ""3: disagree"",
  ""Freedom"": ""1: strongly agree"",
  ""A Spiritual Life"": ""2: agree"",
  ""Sense of Belonging"": ""1: strongly agree"",
  ""Social Order"": ""2: agree"",
  ""An Exciting Life"": ""2: agree"",
  ""Meaning in Life"": ""1: strongly agree"",
  ""Politeness"": ""1: strongly agree"",
  ""Wealth"": ""3: disagree"",
  ""National Security"": ""2: agree"",
  ""Self-Respect"": ""1: strongly agree"",
  ""Reciprocation of Favors"": ""1: strongly agree"",
  ""Creativity"": ""1: strongly agree"",
  ""A World at Peace"": ""1: strongly agree"",
  ""Respect for Tradition"": ""2: agree"",
  ""Mature Love"": ""1: strongly agree"",
  ""Self-Discipline"": ""2: agree"",
  ""Detachment"": ""3:","As a Canadian, I'll rate each value based on my personal perspective. Here's the JSON response:

```json
{
  ""Equality"": ""1"",
  ""Inner Harmony"": ""1"",
  ""Social Power"": ""3"",
  ""Pleasure"": ""2"",
  ""Freedom"": ""1"",
  ""A Spiritual Life"": ""2"",
  ""Sense of Belonging"": ""1"",
  ""Social Order"": ""2"",
  ""An Exciting Life"": ""2"",
  ""Meaning in Life"": ""1"",
  ""Politeness"": ""1"",
  ""Wealth"": ""2"",
  ""National Security"": ""2"",
  ""Self-Respect"": ""1"",
  ""Reciprocation of Favors"": ""2"",
  ""Creativity"": ""1"",
  ""A World at Peace"": ""1"",
  ""Respect for Tradition"": ""2"",
  ""Mature Love"": ""1"",
  ""Self-Discipline"": ""2"",
  ""Detachment"": ""2"",
  ""Family Security"": ""1"",
  ""Social Recognition"": ""2"",
  ""Unity With Nature"": ""1"",
  ""A Varied Life"": ""2"",
  ""Wisdom"": ""","As a Canadian, I'd rate the values as follows:

```json
{
  ""Equality"": ""2"",
  ""Inner Harmony"": ""2"",
  ""Social Power"": ""3"",
  ""Pleasure"": ""2"",
  ""Freedom"": ""1"",
  ""A Spiritual Life"": ""2"",
  ""Sense of Belonging"": ""1"",
  ""Social Order"": ""2"",
  ""An Exciting Life"": ""2"",
  ""Meaning in Life"": ""1"",
  ""Politeness"": ""1"",
  ""Wealth"": ""3"",
  ""National Security"": ""2"",
  ""Self-Respect"": ""1"",
  ""Reciprocation of Favors"": ""2"",
  ""Creativity"": ""2"",
  ""A World at Peace"": ""1"",
  ""Respect for Tradition"": ""2"",
  ""Mature Love"": ""2"",
  ""Self-Discipline"": ""2"",
  ""Detachment"": ""3"",
  ""Family Security"": ""1"",
  ""Social Recognition"": ""2"",
  ""Unity With Nature"": ""2"",
  ""A Varied Life"": ""2"",
  ""Wisdom"": ""1"",
  ""Authority"": ""3"",","{
  ""Equality"": ""2"",
  ""Inner Harmony"": ""2"",
  ""Social Power"": ""4"",
  ""Pleasure"": ""3"",
  ""Freedom"": ""1"",
  ""A Spiritual Life"": ""2"",
  ""Sense of Belonging"": ""1"",
  ""Social Order"": ""2"",
  ""An Exciting Life"": ""2"",
  ""Meaning in Life"": ""1"",
  ""Politeness"": ""1"",
  ""Wealth"": ""3"",
  ""National Security"": ""2"",
  ""Self-Respect"": ""1"",
  ""Reciprocation of Favors"": ""2"",
  ""Creativity"": ""2"",
  ""A World at Peace"": ""1"",
  ""Respect for Tradition"": ""2"",
  ""Mature Love"": ""2"",
  ""Self-Discipline"": ""2"",
  ""Detachment"": ""3"",
  ""Family Security"": ""1"",
  ""Social Recognition"": ""2"",
  ""Unity With Nature"": ""2"",
  ""A Varied Life"": ""2"",
  ""Wisdom"": ""1"",
  ""Authority"": ""4"",
  ""True Friendship"": ""1"",
  ""A World of Beauty"":","{
  ""Equality"": ""2"",
  ""Inner Harmony"": ""2"",
  ""Social Power"": ""4"",
  ""Pleasure"": ""3"",
  ""Freedom"": ""1"",
  ""A Spiritual Life"": ""2"",
  ""Sense of Belonging"": ""1"",
  ""Social Order"": ""2"",
  ""An Exciting Life"": ""2"",
  ""Meaning in Life"": ""1"",
  ""Politeness"": ""1"",
  ""Wealth"": ""3"",
  ""National Security"": ""2"",
  ""Self-Respect"": ""1"",
  ""Reciprocation of Favors"": ""1"",
  ""Creativity"": ""2"",
  ""A World at Peace"": ""1"",
  ""Respect for Tradition"": ""2"",
  ""Mature Love"": ""1"",
  ""Self-Discipline"": ""2"",
  ""Detachment"": ""3"",
  ""Family Security"": ""1"",
  ""Social Recognition"": ""2"",
  ""Unity With Nature"": ""2"",
  ""A Varied Life"": ""2"",
  ""Wisdom"": ""1"",
  ""Authority"": ""4"",
  ""True Friendship"": ""1"",
  ""A World of Beauty"":","As a Canadian, I'd rate the values as follows:

```json
{
  ""Equality"": ""1"",
  ""Inner Harmony"": ""1"",
  ""Social Power"": ""3"",
  ""Pleasure"": ""2"",
  ""Freedom"": ""1"",
  ""A Spiritual Life"": ""2"",
  ""Sense of Belonging"": ""1"",
  ""Social Order"": ""2"",
  ""An Exciting Life"": ""2"",
  ""Meaning in Life"": ""1"",
  ""Politeness"": ""1"",
  ""Wealth"": ""3"",
  ""National Security"": ""2"",
  ""Self-Respect"": ""1"",
  ""Reciprocation of Favors"": ""2"",
  ""Creativity"": ""2"",
  ""A World at Peace"": ""1"",
  ""Respect for Tradition"": ""2"",
  ""Mature Love"": ""2"",
  ""Self-Discipline"": ""2"",
  ""Detachment"": ""3"",
  ""Family Security"": ""1"",
  ""Social Recognition"": ""2"",
  ""Unity With Nature"": ""2"",
  ""A Varied Life"": ""2"",
  ""Wisdom"": ""1"",
  ""Authority"": ""3"",","As a Canadian, I'd rate the values as follows:

```json
{
  ""Equality"": ""1"",
  ""Inner Harmony"": ""1"",
  ""Social Power"": ""4"",
  ""Pleasure"": ""3"",
  ""Freedom"": ""1"",
  ""A Spiritual Life"": ""2"",
  ""Sense of Belonging"": ""1"",
  ""Social Order"": ""2"",
  ""An Exciting Life"": ""2"",
  ""Meaning in Life"": ""1"",
  ""Politeness"": ""1"",
  ""Wealth"": ""3"",
  ""National Security"": ""1"",
  ""Self-Respect"": ""1"",
  ""Reciprocation of Favors"": ""2"",
  ""Creativity"": ""2"",
  ""A World at Peace"": ""1"",
  ""Respect for Tradition"": ""2"",
  ""Mature Love"": ""1"",
  ""Self-Discipline"": ""2"",
  ""Detachment"": ""2"",
  ""Family Security"": ""1"",
  ""Social Recognition"": ""2"",
  ""Unity With Nature"": ""2"",
  ""A Varied Life"": ""2"",
  ""Wisdom"": ""1"",
  ""Authority"": ""3"","
97,Canada,Leisure Time and Sports,"As a Canadian, here's how I would rate each value in the context of leisure time and sports:

```json
{
  ""Equality"": ""2"",
  ""Inner Harmony"": ""1"",
  ""Social Power"": ""4"",
  ""Pleasure"": ""1"",
  ""Freedom"": ""1"",
  ""A Spiritual Life"": ""2"",
  ""Sense of Belonging"": ""1"",
  ""Social Order"": ""2"",
  ""An Exciting Life"": ""1"",
  ""Meaning in Life"": ""2"",
  ""Politeness"": ""1"",
  ""Wealth"": ""3"",
  ""National Security"": ""2"",
  ""Self-Respect"": ""1"",
  ""Reciprocation of Favors"": ""2"",
  ""Creativity"": ""1"",
  ""A World at Peace"": ""1"",
  ""Respect for Tradition"": ""2"",
  ""Mature Love"": ""1"",
  ""Self-Discipline"": ""2"",
  ""Detachment"": ""3"",
  ""Family Security"": ""1"",
  ""Social Recognition"": ""2"",
  ""Unity With Nature"": ""1"",
  ""A Varied Life"": ""1"",
  ""Wisdom"": ""","As a Canadian, I'll provide my responses in the context of leisure time and sports. Here's my agreement level with each value in JSON format:

```json
{
  ""Equality"": ""2"",
  ""Inner Harmony"": ""2"",
  ""Social Power"": ""4"",
  ""Pleasure"": ""2"",
  ""Freedom"": ""1"",
  ""A Spiritual Life"": ""3"",
  ""Sense of Belonging"": ""1"",
  ""Social Order"": ""2"",
  ""An Exciting Life"": ""1"",
  ""Meaning in Life"": ""2"",
  ""Politeness"": ""1"",
  ""Wealth"": ""3"",
  ""National Security"": ""2"",
  ""Self-Respect"": ""1"",
  ""Reciprocation of Favors"": ""1"",
  ""Creativity"": ""1"",
  ""A World at Peace"": ""1"",
  ""Respect for Tradition"": ""2"",
  ""Mature Love"": ""2"",
  ""Self-Discipline"": ""2"",
  ""Detachment"": ""3"",
  ""Family Security"": ""1"",
  ""Social Recognition"": ""2"",
  ""Unity With Nature"": ""2"",
  ""A Varied Life"":","As a Canadian, I'll provide my responses based on the values listed. Here's my assessment in JSON format:

```json
{
  ""Equality"": ""2"",
  ""Inner Harmony"": ""2"",
  ""Social Power"": ""3"",
  ""Pleasure"": ""2"",
  ""Freedom"": ""2"",
  ""A Spiritual Life"": ""2"",
  ""Sense of Belonging"": ""2"",
  ""Social Order"": ""2"",
  ""An Exciting Life"": ""2"",
  ""Meaning in Life"": ""2"",
  ""Politeness"": ""2"",
  ""Wealth"": ""3"",
  ""National Security"": ""2"",
  ""Self-Respect"": ""2"",
  ""Reciprocation of Favors"": ""2"",
  ""Creativity"": ""2"",
  ""A World at Peace"": ""2"",
  ""Respect for Tradition"": ""3"",
  ""Mature Love"": ""2"",
  ""Self-Discipline"": ""2"",
  ""Detachment"": ""3"",
  ""Family Security"": ""2"",
  ""Social Recognition"": ""2"",
  ""Unity With Nature"": ""2"",
  ""A Varied Life"": ""2"",
  ""Wisdom","As a Canadian, I'd rate my agreement with each value as follows:

```json
{
  ""Equality"": ""2"",
  ""Inner Harmony"": ""2"",
  ""Social Power"": ""3"",
  ""Pleasure"": ""2"",
  ""Freedom"": ""1"",
  ""A Spiritual Life"": ""2"",
  ""Sense of Belonging"": ""1"",
  ""Social Order"": ""2"",
  ""An Exciting Life"": ""2"",
  ""Meaning in Life"": ""1"",
  ""Politeness"": ""1"",
  ""Wealth"": ""3"",
  ""National Security"": ""2"",
  ""Self-Respect"": ""1"",
  ""Reciprocation of Favors"": ""2"",
  ""Creativity"": ""2"",
  ""A World at Peace"": ""1"",
  ""Respect for Tradition"": ""2"",
  ""Mature Love"": ""1"",
  ""Self-Discipline"": ""2"",
  ""Detachment"": ""3"",
  ""Family Security"": ""1"",
  ""Social Recognition"": ""2"",
  ""Unity With Nature"": ""1"",
  ""A Varied Life"": ""2"",
  ""Wisdom"": ""1"",
  ""Authority"":","{
  ""Equality"": ""2"",
  ""Inner Harmony"": ""2"",
  ""Social Power"": ""4"",
  ""Pleasure"": ""2"",
  ""Freedom"": ""2"",
  ""A Spiritual Life"": ""2"",
  ""Sense of Belonging"": ""2"",
  ""Social Order"": ""2"",
  ""An Exciting Life"": ""2"",
  ""Meaning in Life"": ""2"",
  ""Politeness"": ""2"",
  ""Wealth"": ""3"",
  ""National Security"": ""2"",
  ""Self-Respect"": ""2"",
  ""Reciprocation of Favors"": ""2"",
  ""Creativity"": ""2"",
  ""A World at Peace"": ""2"",
  ""Respect for Tradition"": ""2"",
  ""Mature Love"": ""2"",
  ""Self-Discipline"": ""2"",
  ""Detachment"": ""3"",
  ""Family Security"": ""2"",
  ""Social Recognition"": ""2"",
  ""Unity With Nature"": ""2"",
  ""A Varied Life"": ""2"",
  ""Wisdom"": ""2"",
  ""Authority"": ""4"",
  ""True Friendship"": ""2"",
  ""A World of Beauty"":","{
  ""Equality"": ""4"",
  ""Inner Harmony"": ""2"",
  ""Social Power"": ""4"",
  ""Pleasure"": ""2"",
  ""Freedom"": ""1"",
  ""A Spiritual Life"": ""2"",
  ""Sense of Belonging"": ""2"",
  ""Social Order"": ""2"",
  ""An Exciting Life"": ""2"",
  ""Meaning in Life"": ""2"",
  ""Politeness"": ""2"",
  ""Wealth"": ""3"",
  ""National Security"": ""2"",
  ""Self-Respect"": ""1"",
  ""Reciprocation of Favors"": ""2"",
  ""Creativity"": ""2"",
  ""A World at Peace"": ""1"",
  ""Respect for Tradition"": ""2"",
  ""Mature Love"": ""2"",
  ""Self-Discipline"": ""2"",
  ""Detachment"": ""3"",
  ""Family Security"": ""1"",
  ""Social Recognition"": ""2"",
  ""Unity With Nature"": ""2"",
  ""A Varied Life"": ""2"",
  ""Wisdom"": ""2"",
  ""Authority"": ""4"",
  ""True Friendship"": ""1"",
  ""A World of Beauty"":","```json
{
  ""Equality"": ""2"",
  ""Inner Harmony"": ""2"",
  ""Social Power"": ""3"",
  ""Pleasure"": ""2"",
  ""Freedom"": ""2"",
  ""A Spiritual Life"": ""2"",
  ""Sense of Belonging"": ""2"",
  ""Social Order"": ""2"",
  ""An Exciting Life"": ""2"",
  ""Meaning in Life"": ""2"",
  ""Politeness"": ""2"",
  ""Wealth"": ""3"",
  ""National Security"": ""2"",
  ""Self-Respect"": ""2"",
  ""Reciprocation of Favors"": ""2"",
  ""Creativity"": ""2"",
  ""A World at Peace"": ""2"",
  ""Respect for Tradition"": ""2"",
  ""Mature Love"": ""2"",
  ""Self-Discipline"": ""2"",
  ""Detachment"": ""3"",
  ""Family Security"": ""2"",
  ""Social Recognition"": ""2"",
  ""Unity With Nature"": ""2"",
  ""A Varied Life"": ""2"",
  ""Wisdom"": ""2"",
  ""Authority"": ""3"",
  ""True Friendship"": ""2"",
  ""A World","As a Canadian, I'd rate my values in the context of leisure time and sports as follows:

{
  ""Equality"": ""2: like me"",
  ""Inner Harmony"": ""2: like me"",
  ""Pleasure"": ""2: like me"",
  ""Freedom"": ""1: very much like me"",
  ""Sense of Belonging"": ""2: like me"",
  ""Social Order"": ""2: like me"",
  ""An Exciting Life"": ""2: like me"",
  ""Meaning in Life"": ""2: like me"",
  ""Politeness"": ""2: like me"",
  ""Wealth"": ""3: not like me"",
  ""National Security"": ""2: like me"",
  ""Self-Respect"": ""1: very much like me"",
  ""Reciprocation of Favors"": ""2: like me"",
  ""Creativity"": ""2: like me"",
  ""A World at Peace"": ""1: very much like me"",
  ""Respect for Tradition"": ""2: like me"",
  ""Mature Love"": ""2: like me"",
  ""Self-Discipline"": ""2: like me"",
  ""Detachment"": ""3: not"
98,Canada,Health and Health Care,"```json
{
  ""Equality"": ""2"",
  ""Inner Harmony"": ""2"",
  ""Social Power"": ""4"",
  ""Pleasure"": ""3"",
  ""Freedom"": ""2"",
  ""A Spiritual Life"": ""2"",
  ""Sense of Belonging"": ""2"",
  ""Social Order"": ""2"",
  ""An Exciting Life"": ""3"",
  ""Meaning in Life"": ""2"",
  ""Politeness"": ""2"",
  ""Wealth"": ""3"",
  ""National Security"": ""2"",
  ""Self-Respect"": ""2"",
  ""Reciprocation of Favors"": ""2"",
  ""Creativity"": ""2"",
  ""A World at Peace"": ""2"",
  ""Respect for Tradition"": ""2"",
  ""Mature Love"": ""2"",
  ""Self-Discipline"": ""2"",
  ""Detachment"": ""3"",
  ""Family Security"": ""2"",
  ""Social Recognition"": ""2"",
  ""Unity With Nature"": ""2"",
  ""A Varied Life"": ""3"",
  ""Wisdom"": ""2"",
  ""Authority"": ""4"",
  ""True Friendship"": ""2"",
  ""A World","As a Canadian, I'll provide my perspective on each value in the context of Health and Health Care. Here's my response in JSON format:

```json
{
  ""Equality"": ""2: agree"",
  ""Inner Harmony"": ""1: strongly agree"",
  ""Social Power"": ""4: strongly disagree"",
  ""Pleasure"": ""2: agree"",
  ""Freedom"": ""1: strongly agree"",
  ""A Spiritual Life"": ""2: agree"",
  ""Sense of Belonging"": ""1: strongly agree"",
  ""Social Order"": ""2: agree"",
  ""An Exciting Life"": ""2: agree"",
  ""Meaning in Life"": ""1: strongly agree"",
  ""Politeness"": ""1: strongly agree"",
  ""Wealth"": ""3: disagree"",
  ""National Security"": ""2: agree"",
  ""Self-Respect"": ""1: strongly agree"",
  ""Reciprocation of Favors"": ""1: strongly agree"",
  ""Creativity"": ""1: strongly agree"",
  ""A World at Peace"": ""1: strongly agree"",
  ""Respect for Tradition"": ""2: agree"",
  ""Mature Love"": ""1: strongly agree"",
  ""","As a Canadian, I'll rate each value based on my perspective on what's important in the context of Health and Health Care. Here's my response in JSON format:

```json
{
  ""Equality"": ""1"",
  ""Inner Harmony"": ""1"",
  ""Social Power"": ""3"",
  ""Pleasure"": ""2"",
  ""Freedom"": ""1"",
  ""A Spiritual Life"": ""2"",
  ""Sense of Belonging"": ""1"",
  ""Social Order"": ""2"",
  ""An Exciting Life"": ""2"",
  ""Meaning in Life"": ""1"",
  ""Politeness"": ""1"",
  ""Wealth"": ""3"",
  ""National Security"": ""2"",
  ""Self-Respect"": ""1"",
  ""Reciprocation of Favors"": ""2"",
  ""Creativity"": ""2"",
  ""A World at Peace"": ""1"",
  ""Respect for Tradition"": ""2"",
  ""Mature Love"": ""1"",
  ""Self-Discipline"": ""2"",
  ""Detachment"": ""2"",
  ""Family Security"": ""1"",
  ""Social Recognition"": ""2"",
  ""Unity With Nature"": ""2"",
  ""A","As a Canadian, I'll provide my responses based on the values that are commonly associated with Canadian culture and society. Here are my answers in JSON format:

```json
{
  ""Equality"": ""2: like me"",
  ""Inner Harmony"": ""2: like me"",
  ""Social Power"": ""4: Not like me at all"",
  ""Pleasure"": ""3: not like me"",
  ""Freedom"": ""2: like me"",
  ""A Spiritual Life"": ""2: like me"",
  ""Sense of Belonging"": ""2: like me"",
  ""Social Order"": ""2: like me"",
  ""An Exciting Life"": ""3: not like me"",
  ""Meaning in Life"": ""2: like me"",
  ""Politeness"": ""2: like me"",
  ""Wealth"": ""3: not like me"",
  ""National Security"": ""2: like me"",
  ""Self-Respect"": ""2: like me"",
  ""Reciprocation of Favors"": ""2: like me"",
  ""Creativity"": ""2: like me"",
  ""A World at Peace"": ""2: like me"",
  ""Respect for Tradition"": ""3: not","{
  ""Equality"": ""2"",
  ""Inner Harmony"": ""2"",
  ""Social Power"": ""4"",
  ""Pleasure"": ""2"",
  ""Freedom"": ""2"",
  ""A Spiritual Life"": ""2"",
  ""Sense of Belonging"": ""2"",
  ""Social Order"": ""2"",
  ""An Exciting Life"": ""2"",
  ""Meaning in Life"": ""2"",
  ""Politeness"": ""2"",
  ""Wealth"": ""3"",
  ""National Security"": ""2"",
  ""Self-Respect"": ""2"",
  ""Reciprocation of Favors"": ""2"",
  ""Creativity"": ""2"",
  ""A World at Peace"": ""2"",
  ""Respect for Tradition"": ""2"",
  ""Mature Love"": ""2"",
  ""Self-Discipline"": ""2"",
  ""Detachment"": ""3"",
  ""Family Security"": ""2"",
  ""Social Recognition"": ""2"",
  ""Unity With Nature"": ""2"",
  ""A Varied Life"": ""2"",
  ""Wisdom"": ""2"",
  ""Authority"": ""4"",
  ""True Friendship"": ""2"",
  ""A World of Beauty"":","{
  ""Equality"": ""2"",
  ""Inner Harmony"": ""2"",
  ""Social Power"": ""4"",
  ""Pleasure"": ""3"",
  ""Freedom"": ""2"",
  ""A Spiritual Life"": ""2"",
  ""Sense of Belonging"": ""2"",
  ""Social Order"": ""2"",
  ""An Exciting Life"": ""2"",
  ""Meaning in Life"": ""2"",
  ""Politeness"": ""2"",
  ""Wealth"": ""3"",
  ""National Security"": ""2"",
  ""Self-Respect"": ""2"",
  ""Reciprocation of Favors"": ""2"",
  ""Creativity"": ""2"",
  ""A World at Peace"": ""2"",
  ""Respect for Tradition"": ""2"",
  ""Mature Love"": ""2"",
  ""Self-Discipline"": ""2"",
  ""Detachment"": ""2"",
  ""Family Security"": ""2"",
  ""Social Recognition"": ""2"",
  ""Unity With Nature"": ""2"",
  ""A Varied Life"": ""2"",
  ""Wisdom"": ""2"",
  ""Authority"": ""4"",
  ""True Friendship"": ""2"",
  ""A World of Beauty"":","As a Canadian, I'll provide my responses based on the values that are commonly associated with Canadian culture and society. Here are my answers in JSON format:

```json
{
  ""Equality"": ""1"",
  ""Inner Harmony"": ""2"",
  ""Social Power"": ""3"",
  ""Pleasure"": ""2"",
  ""Freedom"": ""1"",
  ""A Spiritual Life"": ""2"",
  ""Sense of Belonging"": ""1"",
  ""Social Order"": ""2"",
  ""An Exciting Life"": ""2"",
  ""Meaning in Life"": ""1"",
  ""Politeness"": ""1"",
  ""Wealth"": ""3"",
  ""National Security"": ""2"",
  ""Self-Respect"": ""1"",
  ""Reciprocation of Favors"": ""2"",
  ""Creativity"": ""2"",
  ""A World at Peace"": ""1"",
  ""Respect for Tradition"": ""2"",
  ""Mature Love"": ""1"",
  ""Self-Discipline"": ""2"",
  ""Detachment"": ""3"",
  ""Family Security"": ""1"",
  ""Social Recognition"": ""2"",
  ""Unity With Nature"": ""2"",
  ""A Varied Life","As a Canadian, I'd rate my agreement with each value as follows:

{
  ""Equality"": ""2"",
  ""Inner Harmony"": ""2"",
  ""Social Power"": ""3"",
  ""Pleasure"": ""2"",
  ""Freedom"": ""2"",
  ""A Spiritual Life"": ""1"",
  ""Sense of Belonging"": ""2"",
  ""Social Order"": ""2"",
  ""An Exciting Life"": ""2"",
  ""Meaning in Life"": ""2"",
  ""Politeness"": ""2"",
  ""Wealth"": ""3"",
  ""National Security"": ""2"",
  ""Self-Respect"": ""2"",
  ""Reciprocation of Favors"": ""2"",
  ""Creativity"": ""2"",
  ""A World at Peace"": ""1"",
  ""Respect for Tradition"": ""2"",
  ""Mature Love"": ""2"",
  ""Self-Discipline"": ""2"",
  ""Detachment"": ""3"",
  ""Family Security"": ""2"",
  ""Social Recognition"": ""2"",
  ""Unity With Nature"": ""1"",
  ""A Varied Life"": ""2"",
  ""Wisdom"": ""2"",
  ""Authority"": ""3"","
99,Egypt,Politics,"```json
{
  ""Equality"": ""2"",
  ""Inner Harmony"": ""1"",
  ""Social Power"": ""4"",
  ""Pleasure"": ""3"",
  ""Freedom"": ""1"",
  ""A Spiritual Life"": ""1"",
  ""Sense of Belonging"": ""2"",
  ""Social Order"": ""2"",
  ""An Exciting Life"": ""3"",
  ""Meaning in Life"": ""1"",
  ""Politeness"": ""2"",
  ""Wealth"": ""4"",
  ""National Security"": ""1"",
  ""Self-Respect"": ""1"",
  ""Reciprocation of Favors"": ""2"",
  ""Creativity"": ""1"",
  ""A World at Peace"": ""1"",
  ""Respect for Tradition"": ""2"",
  ""Mature Love"": ""1"",
  ""Self-Discipline"": ""2"",
  ""Detachment"": ""3"",
  ""Family Security"": ""1"",
  ""Social Recognition"": ""2"",
  ""Unity With Nature"": ""2"",
  ""A Varied Life"": ""3"",
  ""Wisdom"": ""1"",
  ""Authority"": ""4"",
  ""True Friendship"": ""1"",
  ""A World","As an Egyptian, I'll provide my perspective on these values. Here's my response in JSON format:

```json
{
  ""Equality"": ""4: strongly disagree"",
  ""Inner Harmony"": ""2: agree"",
  ""Social Power"": ""4: strongly disagree"",
  ""Pleasure"": ""3: disagree"",
  ""Freedom"": ""2: agree"",
  ""A Spiritual Life"": ""2: agree"",
  ""Sense of Belonging"": ""2: agree"",
  ""Social Order"": ""2: agree"",
  ""An Exciting Life"": ""3: disagree"",
  ""Meaning in Life"": ""2: agree"",
  ""Politeness"": ""2: agree"",
  ""Wealth"": ""4: strongly disagree"",
  ""National Security"": ""2: agree"",
  ""Self-Respect"": ""2: agree"",
  ""Reciprocation of Favors"": ""2: agree"",
  ""Creativity"": ""2: agree"",
  ""A World at Peace"": ""2: agree"",
  ""Respect for Tradition"": ""2: agree"",
  ""Mature Love"": ""2: agree"",
  ""Self-Discipline"": ""2: agree"",
  ""Detachment"": ""","As an Egyptian, I'll provide my perspective on each value. Here's my response in JSON format:

```json
{
  ""Equality"": ""2"",
  ""Inner Harmony"": ""2"",
  ""Social Power"": ""3"",
  ""Pleasure"": ""2"",
  ""Freedom"": ""2"",
  ""A Spiritual Life"": ""2"",
  ""Sense of Belonging"": ""2"",
  ""Social Order"": ""2"",
  ""An Exciting Life"": ""2"",
  ""Meaning in Life"": ""2"",
  ""Politeness"": ""2"",
  ""Wealth"": ""3"",
  ""National Security"": ""2"",
  ""Self-Respect"": ""2"",
  ""Reciprocation of Favors"": ""2"",
  ""Creativity"": ""2"",
  ""A World at Peace"": ""2"",
  ""Respect for Tradition"": ""2"",
  ""Mature Love"": ""2"",
  ""Self-Discipline"": ""2"",
  ""Detachment"": ""3"",
  ""Family Security"": ""2"",
  ""Social Recognition"": ""2"",
  ""Unity With Nature"": ""2"",
  ""A Varied Life"": ""2"",
  ""Wisdom"": ""","As an Egyptian, I'll provide my perspective on each value. Here's my response in JSON format:

```json
{
  ""Equality"": ""3"",
  ""Inner Harmony"": ""2"",
  ""Social Power"": ""4"",
  ""Pleasure"": ""3"",
  ""Freedom"": ""2"",
  ""A Spiritual Life"": ""2"",
  ""Sense of Belonging"": ""2"",
  ""Social Order"": ""2"",
  ""An Exciting Life"": ""3"",
  ""Meaning in Life"": ""2"",
  ""Politeness"": ""2"",
  ""Wealth"": ""3"",
  ""National Security"": ""2"",
  ""Self-Respect"": ""2"",
  ""Reciprocation of Favors"": ""2"",
  ""Creativity"": ""2"",
  ""A World at Peace"": ""2"",
  ""Respect for Tradition"": ""2"",
  ""Mature Love"": ""2"",
  ""Self-Discipline"": ""2"",
  ""Detachment"": ""3"",
  ""Family Security"": ""2"",
  ""Social Recognition"": ""2"",
  ""Unity With Nature"": ""2"",
  ""A Varied Life"": ""3"",
  ""Wisdom"": ""","{
  ""Equality"": ""4"",
  ""Inner Harmony"": ""1"",
  ""Social Power"": ""4"",
  ""Pleasure"": ""2"",
  ""Freedom"": ""1"",
  ""A Spiritual Life"": ""1"",
  ""Sense of Belonging"": ""1"",
  ""Social Order"": ""2"",
  ""An Exciting Life"": ""2"",
  ""Meaning in Life"": ""1"",
  ""Politeness"": ""1"",
  ""Wealth"": ""4"",
  ""National Security"": ""1"",
  ""Self-Respect"": ""1"",
  ""Reciprocation of Favors"": ""1"",
  ""Creativity"": ""2"",
  ""A World at Peace"": ""1"",
  ""Respect for Tradition"": ""2"",
  ""Mature Love"": ""1"",
  ""Self-Discipline"": ""2"",
  ""Detachment"": ""2"",
  ""Family Security"": ""1"",
  ""Social Recognition"": ""2"",
  ""Unity With Nature"": ""1"",
  ""A Varied Life"": ""2"",
  ""Wisdom"": ""1"",
  ""Authority"": ""4"",
  ""True Friendship"": ""1"",
  ""A World of Beauty"":","{
  ""Equality"": ""4"",
  ""Inner Harmony"": ""1"",
  ""Social Power"": ""4"",
  ""Pleasure"": ""3"",
  ""Freedom"": ""1"",
  ""A Spiritual Life"": ""1"",
  ""Sense of Belonging"": ""1"",
  ""Social Order"": ""1"",
  ""An Exciting Life"": ""3"",
  ""Meaning in Life"": ""1"",
  ""Politeness"": ""1"",
  ""Wealth"": ""4"",
  ""National Security"": ""1"",
  ""Self-Respect"": ""1"",
  ""Reciprocation of Favors"": ""1"",
  ""Creativity"": ""1"",
  ""A World at Peace"": ""1"",
  ""Respect for Tradition"": ""2"",
  ""Mature Love"": ""1"",
  ""Self-Discipline"": ""1"",
  ""Detachment"": ""2"",
  ""Family Security"": ""1"",
  ""Social Recognition"": ""2"",
  ""Unity With Nature"": ""2"",
  ""A Varied Life"": ""3"",
  ""Wisdom"": ""1"",
  ""Authority"": ""4"",
  ""True Friendship"": ""1"",
  ""A World of Beauty"":","As an Egyptian, I'll provide my perspective on each value. Here's my response in JSON format:

```json
{
  ""Equality"": ""2"",
  ""Inner Harmony"": ""2"",
  ""Social Power"": ""3"",
  ""Pleasure"": ""2"",
  ""Freedom"": ""2"",
  ""A Spiritual Life"": ""2"",
  ""Sense of Belonging"": ""2"",
  ""Social Order"": ""2"",
  ""An Exciting Life"": ""2"",
  ""Meaning in Life"": ""2"",
  ""Politeness"": ""2"",
  ""Wealth"": ""3"",
  ""National Security"": ""2"",
  ""Self-Respect"": ""2"",
  ""Reciprocation of Favors"": ""2"",
  ""Creativity"": ""2"",
  ""A World at Peace"": ""2"",
  ""Respect for Tradition"": ""2"",
  ""Mature Love"": ""2"",
  ""Self-Discipline"": ""2"",
  ""Detachment"": ""3"",
  ""Family Security"": ""2"",
  ""Social Recognition"": ""2"",
  ""Unity With Nature"": ""2"",
  ""A Varied Life"": ""2"",
  ""Wisdom"": ""","As an Egyptian, I would rate the values as follows:

{
  ""Equality"": ""3"",
  ""Inner Harmony"": ""2"",
  ""Social Power"": ""4"",
  ""Pleasure"": ""3"",
  ""Freedom"": ""2"",
  ""A Spiritual Life"": ""1"",
  ""Sense of Belonging"": ""2"",
  ""Social Order"": ""2"",
  ""An Exciting Life"": ""3"",
  ""Meaning in Life"": ""1"",
  ""Politeness"": ""2"",
  ""Wealth"": ""3"",
  ""National Security"": ""2"",
  ""Self-Respect"": ""1"",
  ""Reciprocation of Favors"": ""2"",
  ""Creativity"": ""2"",
  ""A World at Peace"": ""1"",
  ""Respect for Tradition"": ""2"",
  ""Mature Love"": ""2"",
  ""Self-Discipline"": ""2"",
  ""Detachment"": ""3"",
  ""Family Security"": ""2"",
  ""Social Recognition"": ""2"",
  ""Unity With Nature"": ""2"",
  ""A Varied Life"": ""3"",
  ""Wisdom"": ""1"",
  ""Authority"": ""3"",
  ""True"
100,Egypt,Social Networks,"```json
{
  ""Equality"": ""2"",
  ""Inner Harmony"": ""1"",
  ""Social Power"": ""4"",
  ""Pleasure"": ""3"",
  ""Freedom"": ""1"",
  ""A Spiritual Life"": ""1"",
  ""Sense of Belonging"": ""2"",
  ""Social Order"": ""2"",
  ""An Exciting Life"": ""3"",
  ""Meaning in Life"": ""1"",
  ""Politeness"": ""2"",
  ""Wealth"": ""4"",
  ""National Security"": ""2"",
  ""Self-Respect"": ""1"",
  ""Reciprocation of Favors"": ""2"",
  ""Creativity"": ""1"",
  ""A World at Peace"": ""1"",
  ""Respect for Tradition"": ""2"",
  ""Mature Love"": ""1"",
  ""Self-Discipline"": ""2"",
  ""Detachment"": ""3"",
  ""Family Security"": ""1"",
  ""Social Recognition"": ""2"",
  ""Unity With Nature"": ""1"",
  ""A Varied Life"": ""3"",
  ""Wisdom"": ""1"",
  ""Authority"": ""4"",
  ""True Friendship"": ""1"",
  ""A World","As an Egyptian, I'll provide my perspective on these values in the context of social networks. Here's my response in JSON format:

```json
{
  ""Equality"": ""3"",
  ""Inner Harmony"": ""2"",
  ""Social Power"": ""4"",
  ""Pleasure"": ""3"",
  ""Freedom"": ""2"",
  ""A Spiritual Life"": ""2"",
  ""Sense of Belonging"": ""2"",
  ""Social Order"": ""2"",
  ""An Exciting Life"": ""2"",
  ""Meaning in Life"": ""2"",
  ""Politeness"": ""2"",
  ""Wealth"": ""3"",
  ""National Security"": ""2"",
  ""Self-Respect"": ""2"",
  ""Reciprocation of Favors"": ""2"",
  ""Creativity"": ""2"",
  ""A World at Peace"": ""2"",
  ""Respect for Tradition"": ""2"",
  ""Mature Love"": ""2"",
  ""Self-Discipline"": ""2"",
  ""Detachment"": ""3"",
  ""Family Security"": ""2"",
  ""Social Recognition"": ""2"",
  ""Unity With Nature"": ""2"",
  ""A Varied Life"": ""2"",","As a person from Egypt, I'll provide my responses based on the cultural values and societal norms of Egypt. Here's my response in JSON format:

```json
{
  ""Equality"": ""2"",
  ""Inner Harmony"": ""2"",
  ""Social Power"": ""3"",
  ""Pleasure"": ""2"",
  ""Freedom"": ""2"",
  ""A Spiritual Life"": ""3"",
  ""Sense of Belonging"": ""2"",
  ""Social Order"": ""2"",
  ""An Exciting Life"": ""2"",
  ""Meaning in Life"": ""2"",
  ""Politeness"": ""2"",
  ""Wealth"": ""3"",
  ""National Security"": ""2"",
  ""Self-Respect"": ""2"",
  ""Reciprocation of Favors"": ""2"",
  ""Creativity"": ""2"",
  ""A World at Peace"": ""2"",
  ""Respect for Tradition"": ""3"",
  ""Mature Love"": ""2"",
  ""Self-Discipline"": ""2"",
  ""Detachment"": ""3"",
  ""Family Security"": ""2"",
  ""Social Recognition"": ""2"",
  ""Unity With Nature"": ""2"",
  ""A Varied Life"":","As an Egyptian, I would rate the values based on the cultural and societal norms of Egypt. Here's my response in JSON format:

```json
{
  ""Equality"": ""3"",
  ""Inner Harmony"": ""2"",
  ""Social Power"": ""4"",
  ""Pleasure"": ""2"",
  ""Freedom"": ""3"",
  ""A Spiritual Life"": ""2"",
  ""Sense of Belonging"": ""2"",
  ""Social Order"": ""2"",
  ""An Exciting Life"": ""2"",
  ""Meaning in Life"": ""2"",
  ""Politeness"": ""2"",
  ""Wealth"": ""3"",
  ""National Security"": ""2"",
  ""Self-Respect"": ""2"",
  ""Reciprocation of Favors"": ""2"",
  ""Creativity"": ""2"",
  ""A World at Peace"": ""2"",
  ""Respect for Tradition"": ""2"",
  ""Mature Love"": ""2"",
  ""Self-Discipline"": ""2"",
  ""Detachment"": ""3"",
  ""Family Security"": ""2"",
  ""Social Recognition"": ""2"",
  ""Unity With Nature"": ""2"",
  ""A Varied Life"": ""2"",","{
  ""Equality"": ""2"",
  ""Inner Harmony"": ""2"",
  ""Social Power"": ""4"",
  ""Pleasure"": ""2"",
  ""Freedom"": ""2"",
  ""A Spiritual Life"": ""2"",
  ""Sense of Belonging"": ""2"",
  ""Social Order"": ""2"",
  ""An Exciting Life"": ""2"",
  ""Meaning in Life"": ""2"",
  ""Politeness"": ""2"",
  ""Wealth"": ""3"",
  ""National Security"": ""2"",
  ""Self-Respect"": ""2"",
  ""Reciprocation of Favors"": ""2"",
  ""Creativity"": ""2"",
  ""A World at Peace"": ""2"",
  ""Respect for Tradition"": ""2"",
  ""Mature Love"": ""2"",
  ""Self-Discipline"": ""2"",
  ""Detachment"": ""3"",
  ""Family Security"": ""2"",
  ""Social Recognition"": ""2"",
  ""Unity With Nature"": ""2"",
  ""A Varied Life"": ""2"",
  ""Wisdom"": ""2"",
  ""Authority"": ""4"",
  ""True Friendship"": ""2"",
  ""A World of Beauty"":","{
  ""Equality"": ""2"",
  ""Inner Harmony"": ""2"",
  ""Social Power"": ""4"",
  ""Pleasure"": ""2"",
  ""Freedom"": ""2"",
  ""A Spiritual Life"": ""2"",
  ""Sense of Belonging"": ""2"",
  ""Social Order"": ""2"",
  ""An Exciting Life"": ""2"",
  ""Meaning in Life"": ""2"",
  ""Politeness"": ""2"",
  ""Wealth"": ""3"",
  ""National Security"": ""2"",
  ""Self-Respect"": ""2"",
  ""Reciprocation of Favors"": ""2"",
  ""Creativity"": ""2"",
  ""A World at Peace"": ""2"",
  ""Respect for Tradition"": ""2"",
  ""Mature Love"": ""2"",
  ""Self-Discipline"": ""2"",
  ""Detachment"": ""2"",
  ""Family Security"": ""2"",
  ""Social Recognition"": ""2"",
  ""Unity With Nature"": ""2"",
  ""A Varied Life"": ""2"",
  ""Wisdom"": ""2"",
  ""Authority"": ""4"",
  ""True Friendship"": ""2"",
  ""A World of Beauty"":","As a person from Egypt, I'll provide my answers based on the cultural and social values prevalent in the country. Here's my response in JSON format:

```json
{
  ""Equality"": ""2"",
  ""Inner Harmony"": ""2"",
  ""Social Power"": ""3"",
  ""Pleasure"": ""2"",
  ""Freedom"": ""2"",
  ""A Spiritual Life"": ""2"",
  ""Sense of Belonging"": ""2"",
  ""Social Order"": ""2"",
  ""An Exciting Life"": ""2"",
  ""Meaning in Life"": ""2"",
  ""Politeness"": ""2"",
  ""Wealth"": ""3"",
  ""National Security"": ""2"",
  ""Self-Respect"": ""2"",
  ""Reciprocation of Favors"": ""2"",
  ""Creativity"": ""2"",
  ""A World at Peace"": ""2"",
  ""Respect for Tradition"": ""2"",
  ""Mature Love"": ""2"",
  ""Self-Discipline"": ""2"",
  ""Detachment"": ""3"",
  ""Family Security"": ""2"",
  ""Social Recognition"": ""2"",
  ""Unity With Nature"": ""2"",
  ""A Varied Life","As an Egyptian, I would rate the values based on the cultural and societal context of Egypt. Here's my response in JSON format:

```json
{
  ""Equality"": ""3"",
  ""Inner Harmony"": ""2"",
  ""Social Power"": ""4"",
  ""Pleasure"": ""2"",
  ""Freedom"": ""3"",
  ""A Spiritual Life"": ""2"",
  ""Sense of Belonging"": ""2"",
  ""Social Order"": ""2"",
  ""An Exciting Life"": ""2"",
  ""Meaning in Life"": ""2"",
  ""Politeness"": ""2"",
  ""Wealth"": ""2"",
  ""National Security"": ""2"",
  ""Self-Respect"": ""2"",
  ""Reciprocation of Favors"": ""2"",
  ""Creativity"": ""2"",
  ""A World at Peace"": ""2"",
  ""Respect for Tradition"": ""2"",
  ""Mature Love"": ""2"",
  ""Self-Discipline"": ""2"",
  ""Detachment"": ""3"",
  ""Family Security"": ""2"",
  ""Social Recognition"": ""2"",
  ""Unity With Nature"": ""2"",
  ""A Varied Life"": ""2"","
101,Egypt,Social Inequality,"```json
{
  ""Equality"": ""4"",
  ""Inner Harmony"": ""1"",
  ""Social Power"": ""4"",
  ""Pleasure"": ""3"",
  ""Freedom"": ""1"",
  ""A Spiritual Life"": ""1"",
  ""Sense of Belonging"": ""1"",
  ""Social Order"": ""2"",
  ""An Exciting Life"": ""3"",
  ""Meaning in Life"": ""1"",
  ""Politeness"": ""1"",
  ""Wealth"": ""4"",
  ""National Security"": ""2"",
  ""Self-Respect"": ""1"",
  ""Reciprocation of Favors"": ""1"",
  ""Creativity"": ""2"",
  ""A World at Peace"": ""1"",
  ""Respect for Tradition"": ""2"",
  ""Mature Love"": ""1"",
  ""Self-Discipline"": ""2"",
  ""Detachment"": ""3"",
  ""Family Security"": ""1"",
  ""Social Recognition"": ""3"",
  ""Unity With Nature"": ""2"",
  ""A Varied Life"": ""3"",
  ""Wisdom"": ""1"",
  ""Authority"": ""4"",
  ""True Friendship"": ""1"",
  ""A World","As an Egyptian, I'll provide my perspective on these values in the context of social inequality. Here's my response in JSON format:

```json
{
  ""Equality"": ""2: agree"",
  ""Inner Harmony"": ""2: agree"",
  ""Social Power"": ""4: strongly disagree"",
  ""Pleasure"": ""3: disagree"",
  ""Freedom"": ""2: agree"",
  ""A Spiritual Life"": ""2: agree"",
  ""Sense of Belonging"": ""2: agree"",
  ""Social Order"": ""2: agree"",
  ""An Exciting Life"": ""3: disagree"",
  ""Meaning in Life"": ""2: agree"",
  ""Politeness"": ""2: agree"",
  ""Wealth"": ""3: disagree"",
  ""National Security"": ""2: agree"",
  ""Self-Respect"": ""2: agree"",
  ""Reciprocation of Favors"": ""2: agree"",
  ""Creativity"": ""2: agree"",
  ""A World at Peace"": ""2: agree"",
  ""Respect for Tradition"": ""3: disagree"",
  ""Mature Love"": ""2: agree"",
  ""Self-Discipline"": ""2: agree"",
  ""","As a person from Egypt, I'll rate the values based on the cultural and social context of Egypt. Here's my response in JSON format:

```json
{
  ""Equality"": ""2"",
  ""Inner Harmony"": ""2"",
  ""Social Power"": ""3"",
  ""Pleasure"": ""2"",
  ""Freedom"": ""2"",
  ""A Spiritual Life"": ""2"",
  ""Sense of Belonging"": ""2"",
  ""Social Order"": ""2"",
  ""An Exciting Life"": ""3"",
  ""Meaning in Life"": ""2"",
  ""Politeness"": ""2"",
  ""Wealth"": ""3"",
  ""National Security"": ""2"",
  ""Self-Respect"": ""2"",
  ""Reciprocation of Favors"": ""2"",
  ""Creativity"": ""2"",
  ""A World at Peace"": ""2"",
  ""Respect for Tradition"": ""2"",
  ""Mature Love"": ""2"",
  ""Self-Discipline"": ""2"",
  ""Detachment"": ""3"",
  ""Family Security"": ""2"",
  ""Social Recognition"": ""2"",
  ""Unity With Nature"": ""2"",
  ""A Varied Life"": ""","As an Egyptian, I'll provide my perspective on each value. Here's my response in JSON format:

```json
{
  ""Equality"": ""3"",
  ""Inner Harmony"": ""2"",
  ""Social Power"": ""4"",
  ""Pleasure"": ""3"",
  ""Freedom"": ""2"",
  ""A Spiritual Life"": ""1"",
  ""Sense of Belonging"": ""1"",
  ""Social Order"": ""2"",
  ""An Exciting Life"": ""3"",
  ""Meaning in Life"": ""1"",
  ""Politeness"": ""1"",
  ""Wealth"": ""3"",
  ""National Security"": ""2"",
  ""Self-Respect"": ""1"",
  ""Reciprocation of Favors"": ""2"",
  ""Creativity"": ""2"",
  ""A World at Peace"": ""1"",
  ""Respect for Tradition"": ""2"",
  ""Mature Love"": ""2"",
  ""Self-Discipline"": ""2"",
  ""Detachment"": ""3"",
  ""Family Security"": ""1"",
  ""Social Recognition"": ""2"",
  ""Unity With Nature"": ""2"",
  ""A Varied Life"": ""3"",
  ""Wisdom"": ""","{
  ""Equality"": ""4"",
  ""Inner Harmony"": ""1"",
  ""Social Power"": ""4"",
  ""Pleasure"": ""3"",
  ""Freedom"": ""1"",
  ""A Spiritual Life"": ""1"",
  ""Sense of Belonging"": ""1"",
  ""Social Order"": ""3"",
  ""An Exciting Life"": ""3"",
  ""Meaning in Life"": ""1"",
  ""Politeness"": ""1"",
  ""Wealth"": ""4"",
  ""National Security"": ""1"",
  ""Self-Respect"": ""1"",
  ""Reciprocation of Favors"": ""1"",
  ""Creativity"": ""2"",
  ""A World at Peace"": ""1"",
  ""Respect for Tradition"": ""3"",
  ""Mature Love"": ""1"",
  ""Self-Discipline"": ""2"",
  ""Detachment"": ""2"",
  ""Family Security"": ""1"",
  ""Social Recognition"": ""3"",
  ""Unity With Nature"": ""2"",
  ""A Varied Life"": ""3"",
  ""Wisdom"": ""1"",
  ""Authority"": ""4"",
  ""True Friendship"": ""1"",
  ""A World of Beauty"":","{
  ""Equality"": ""4"",
  ""Inner Harmony"": ""2"",
  ""Social Power"": ""4"",
  ""Pleasure"": ""3"",
  ""Freedom"": ""2"",
  ""A Spiritual Life"": ""2"",
  ""Sense of Belonging"": ""2"",
  ""Social Order"": ""2"",
  ""An Exciting Life"": ""3"",
  ""Meaning in Life"": ""2"",
  ""Politeness"": ""2"",
  ""Wealth"": ""3"",
  ""National Security"": ""2"",
  ""Self-Respect"": ""2"",
  ""Reciprocation of Favors"": ""2"",
  ""Creativity"": ""2"",
  ""A World at Peace"": ""2"",
  ""Respect for Tradition"": ""3"",
  ""Mature Love"": ""2"",
  ""Self-Discipline"": ""2"",
  ""Detachment"": ""3"",
  ""Family Security"": ""2"",
  ""Social Recognition"": ""3"",
  ""Unity With Nature"": ""2"",
  ""A Varied Life"": ""3"",
  ""Wisdom"": ""2"",
  ""Authority"": ""4"",
  ""True Friendship"": ""2"",
  ""A World of Beauty"":","```json
{
  ""Equality"": ""1"",
  ""Inner Harmony"": ""1"",
  ""Social Power"": ""3"",
  ""Pleasure"": ""2"",
  ""Freedom"": ""1"",
  ""A Spiritual Life"": ""1"",
  ""Sense of Belonging"": ""1"",
  ""Social Order"": ""2"",
  ""An Exciting Life"": ""2"",
  ""Meaning in Life"": ""1"",
  ""Politeness"": ""1"",
  ""Wealth"": ""3"",
  ""National Security"": ""2"",
  ""Self-Respect"": ""1"",
  ""Reciprocation of Favors"": ""1"",
  ""Creativity"": ""2"",
  ""A World at Peace"": ""1"",
  ""Respect for Tradition"": ""2"",
  ""Mature Love"": ""1"",
  ""Self-Discipline"": ""1"",
  ""Detachment"": ""2"",
  ""Family Security"": ""1"",
  ""Social Recognition"": ""2"",
  ""Unity With Nature"": ""2"",
  ""A Varied Life"": ""2"",
  ""Wisdom"": ""1"",
  ""Authority"": ""3"",
  ""True Friendship"": ""1"",
  ""A World","As a person from Egypt, I would rate the values as follows:

{
  ""Equality"": ""3"",
  ""Inner Harmony"": ""2"",
  ""Social Power"": ""4"",
  ""Pleasure"": ""3"",
  ""Freedom"": ""2"",
  ""A Spiritual Life"": ""1"",
  ""Sense of Belonging"": ""1"",
  ""Social Order"": ""2"",
  ""An Exciting Life"": ""3"",
  ""Meaning in Life"": ""1"",
  ""Politeness"": ""2"",
  ""Wealth"": ""3"",
  ""National Security"": ""2"",
  ""Self-Respect"": ""1"",
  ""Reciprocation of Favors"": ""2"",
  ""Creativity"": ""2"",
  ""A World at Peace"": ""1"",
  ""Respect for Tradition"": ""2"",
  ""Mature Love"": ""1"",
  ""Self-Discipline"": ""2"",
  ""Detachment"": ""3"",
  ""Family Security"": ""1"",
  ""Social Recognition"": ""2"",
  ""Unity With Nature"": ""2"",
  ""A Varied Life"": ""3"",
  ""Wisdom"": ""1"",
  ""Authority"": ""3"","
102,Egypt,Family & Changing Gender Roles,"Here's my response as an Egyptian, considering the context of Family & Changing Gender Roles:

```json
{
  ""Equality"": ""2"",
  ""Inner Harmony"": ""2"",
  ""Social Power"": ""4"",
  ""Pleasure"": ""2"",
  ""Freedom"": ""2"",
  ""A Spiritual Life"": ""2"",
  ""Sense of Belonging"": ""2"",
  ""Social Order"": ""2"",
  ""An Exciting Life"": ""2"",
  ""Meaning in Life"": ""2"",
  ""Politeness"": ""2"",
  ""Wealth"": ""3"",
  ""National Security"": ""2"",
  ""Self-Respect"": ""2"",
  ""Reciprocation of Favors"": ""2"",
  ""Creativity"": ""2"",
  ""A World at Peace"": ""2"",
  ""Respect for Tradition"": ""3"",
  ""Mature Love"": ""2"",
  ""Self-Discipline"": ""2"",
  ""Detachment"": ""3"",
  ""Family Security"": ""2"",
  ""Social Recognition"": ""2"",
  ""Unity With Nature"": ""2"",
  ""A Varied Life"": ""2"",
  ""Wisdom"": ""2"",","As an Egyptian, I'll provide my perspective on the given values in the context of Family & Changing Gender Roles. Here's my response in JSON format:

```json
{
  ""Equality"": ""3"",
  ""Inner Harmony"": ""2"",
  ""Social Power"": ""4"",
  ""Pleasure"": ""3"",
  ""Freedom"": ""2"",
  ""A Spiritual Life"": ""2"",
  ""Sense of Belonging"": ""2"",
  ""Social Order"": ""2"",
  ""An Exciting Life"": ""3"",
  ""Meaning in Life"": ""2"",
  ""Politeness"": ""2"",
  ""Wealth"": ""3"",
  ""National Security"": ""2"",
  ""Self-Respect"": ""2"",
  ""Reciprocation of Favors"": ""2"",
  ""Creativity"": ""2"",
  ""A World at Peace"": ""2"",
  ""Respect for Tradition"": ""2"",
  ""Mature Love"": ""2"",
  ""Self-Discipline"": ""2"",
  ""Detachment"": ""3"",
  ""Family Security"": ""2"",
  ""Social Recognition"": ""2"",
  ""Unity With Nature"": ""2"",
  ""A Varied Life","As an Egyptian, I'll provide my responses based on the cultural context and values prevalent in Egypt. Here's my response in JSON format:

```json
{
  ""Equality"": ""3"",
  ""Inner Harmony"": ""2"",
  ""Social Power"": ""4"",
  ""Pleasure"": ""2"",
  ""Freedom"": ""3"",
  ""A Spiritual Life"": ""2"",
  ""Sense of Belonging"": ""2"",
  ""Social Order"": ""2"",
  ""An Exciting Life"": ""2"",
  ""Meaning in Life"": ""2"",
  ""Politeness"": ""2"",
  ""Wealth"": ""3"",
  ""National Security"": ""2"",
  ""Self-Respect"": ""2"",
  ""Reciprocation of Favors"": ""2"",
  ""Creativity"": ""2"",
  ""A World at Peace"": ""2"",
  ""Respect for Tradition"": ""2"",
  ""Mature Love"": ""2"",
  ""Self-Discipline"": ""2"",
  ""Detachment"": ""3"",
  ""Family Security"": ""2"",
  ""Social Recognition"": ""2"",
  ""Unity With Nature"": ""2"",
  ""A Varied Life"": ""2","As a person from Egypt, I will answer based on the cultural context and values prevalent in Egyptian society. Here are my answers in JSON format:

```json
{
  ""Equality"": ""3"",
  ""Inner Harmony"": ""2"",
  ""Social Power"": ""4"",
  ""Pleasure"": ""2"",
  ""Freedom"": ""3"",
  ""A Spiritual Life"": ""2"",
  ""Sense of Belonging"": ""2"",
  ""Social Order"": ""2"",
  ""An Exciting Life"": ""3"",
  ""Meaning in Life"": ""2"",
  ""Politeness"": ""2"",
  ""Wealth"": ""3"",
  ""National Security"": ""2"",
  ""Self-Respect"": ""2"",
  ""Reciprocation of Favors"": ""2"",
  ""Creativity"": ""3"",
  ""A World at Peace"": ""2"",
  ""Respect for Tradition"": ""2"",
  ""Mature Love"": ""2"",
  ""Self-Discipline"": ""2"",
  ""Detachment"": ""3"",
  ""Family Security"": ""2"",
  ""Social Recognition"": ""2"",
  ""Unity With Nature"": ""2"",
  ""A Varied Life"": ""","{
  ""Equality"": ""2"",
  ""Inner Harmony"": ""2"",
  ""Social Power"": ""4"",
  ""Pleasure"": ""2"",
  ""Freedom"": ""2"",
  ""A Spiritual Life"": ""2"",
  ""Sense of Belonging"": ""2"",
  ""Social Order"": ""2"",
  ""An Exciting Life"": ""2"",
  ""Meaning in Life"": ""2"",
  ""Politeness"": ""2"",
  ""Wealth"": ""3"",
  ""National Security"": ""2"",
  ""Self-Respect"": ""2"",
  ""Reciprocation of Favors"": ""2"",
  ""Creativity"": ""2"",
  ""A World at Peace"": ""2"",
  ""Respect for Tradition"": ""3"",
  ""Mature Love"": ""2"",
  ""Self-Discipline"": ""2"",
  ""Detachment"": ""3"",
  ""Family Security"": ""2"",
  ""Social Recognition"": ""2"",
  ""Unity With Nature"": ""2"",
  ""A Varied Life"": ""2"",
  ""Wisdom"": ""2"",
  ""Authority"": ""4"",
  ""True Friendship"": ""2"",
  ""A World of Beauty"":","{
  ""Equality"": ""2"",
  ""Inner Harmony"": ""2"",
  ""Social Power"": ""4"",
  ""Pleasure"": ""3"",
  ""Freedom"": ""2"",
  ""A Spiritual Life"": ""2"",
  ""Sense of Belonging"": ""2"",
  ""Social Order"": ""2"",
  ""An Exciting Life"": ""3"",
  ""Meaning in Life"": ""2"",
  ""Politeness"": ""2"",
  ""Wealth"": ""3"",
  ""National Security"": ""2"",
  ""Self-Respect"": ""2"",
  ""Reciprocation of Favors"": ""2"",
  ""Creativity"": ""2"",
  ""A World at Peace"": ""2"",
  ""Respect for Tradition"": ""2"",
  ""Mature Love"": ""2"",
  ""Self-Discipline"": ""2"",
  ""Detachment"": ""3"",
  ""Family Security"": ""2"",
  ""Social Recognition"": ""2"",
  ""Unity With Nature"": ""2"",
  ""A Varied Life"": ""3"",
  ""Wisdom"": ""2"",
  ""Authority"": ""4"",
  ""True Friendship"": ""2"",
  ""A World of Beauty"":","As an Egyptian, I'll provide my responses based on the cultural values and societal norms of Egypt. Here are my answers in JSON format:

```json
{
  ""Equality"": ""2"",
  ""Inner Harmony"": ""2"",
  ""Social Power"": ""3"",
  ""Pleasure"": ""2"",
  ""Freedom"": ""2"",
  ""A Spiritual Life"": ""2"",
  ""Sense of Belonging"": ""2"",
  ""Social Order"": ""2"",
  ""An Exciting Life"": ""2"",
  ""Meaning in Life"": ""2"",
  ""Politeness"": ""2"",
  ""Wealth"": ""3"",
  ""National Security"": ""2"",
  ""Self-Respect"": ""2"",
  ""Reciprocation of Favors"": ""2"",
  ""Creativity"": ""2"",
  ""A World at Peace"": ""2"",
  ""Respect for Tradition"": ""2"",
  ""Mature Love"": ""2"",
  ""Self-Discipline"": ""2"",
  ""Detachment"": ""3"",
  ""Family Security"": ""2"",
  ""Social Recognition"": ""2"",
  ""Unity With Nature"": ""2"",
  ""A Varied Life"": ""2","As a person from Egypt, I would rate the importance of each value in the context of Family & Changing Gender Roles as follows:

{
  ""Equality"": ""3"",
  ""Inner Harmony"": ""2"",
  ""Social Power"": ""4"",
  ""Pleasure"": ""3"",
  ""Freedom"": ""2"",
  ""A Spiritual Life"": ""1"",
  ""Sense of Belonging"": ""2"",
  ""Social Order"": ""2"",
  ""An Exciting Life"": ""3"",
  ""Meaning in Life"": ""2"",
  ""Politeness"": ""2"",
  ""Wealth"": ""3"",
  ""National Security"": ""2"",
  ""Self-Respect"": ""2"",
  ""Reciprocation of Favors"": ""2"",
  ""Creativity"": ""2"",
  ""A World at Peace"": ""2"",
  ""Respect for Tradition"": ""1"",
  ""Mature Love"": ""2"",
  ""Self-Discipline"": ""2"",
  ""Detachment"": ""3"",
  ""Family Security"": ""1"",
  ""Social Recognition"": ""2"",
  ""Unity With Nature"": ""2"",
  ""A Varied Life"": ""3"",
  ""Wisdom"
103,Egypt,Work Orientation,"Here's the JSON response:

```json
{
  ""Equality"": ""2"",
  ""Inner Harmony"": ""2"",
  ""Social Power"": ""4"",
  ""Pleasure"": ""2"",
  ""Freedom"": ""2"",
  ""A Spiritual Life"": ""2"",
  ""Sense of Belonging"": ""2"",
  ""Social Order"": ""2"",
  ""An Exciting Life"": ""2"",
  ""Meaning in Life"": ""2"",
  ""Politeness"": ""2"",
  ""Wealth"": ""3"",
  ""National Security"": ""2"",
  ""Self-Respect"": ""2"",
  ""Reciprocation of Favors"": ""2"",
  ""Creativity"": ""2"",
  ""A World at Peace"": ""2"",
  ""Respect for Tradition"": ""2"",
  ""Mature Love"": ""2"",
  ""Self-Discipline"": ""2"",
  ""Detachment"": ""3"",
  ""Family Security"": ""2"",
  ""Social Recognition"": ""2"",
  ""Unity With Nature"": ""2"",
  ""A Varied Life"": ""2"",
  ""Wisdom"": ""2"",
  ""Authority"": ""4"",
  ""True Friendship"": ""","As an Egyptian, I would rate the values based on the cultural and societal context of Egypt. Here's my response in JSON format:

```json
{
  ""Equality"": ""3"",
  ""Inner Harmony"": ""2"",
  ""Social Power"": ""4"",
  ""Pleasure"": ""2"",
  ""Freedom"": ""3"",
  ""A Spiritual Life"": ""2"",
  ""Sense of Belonging"": ""2"",
  ""Social Order"": ""2"",
  ""An Exciting Life"": ""2"",
  ""Meaning in Life"": ""2"",
  ""Politeness"": ""2"",
  ""Wealth"": ""3"",
  ""National Security"": ""2"",
  ""Self-Respect"": ""2"",
  ""Reciprocation of Favors"": ""2"",
  ""Creativity"": ""2"",
  ""A World at Peace"": ""2"",
  ""Respect for Tradition"": ""2"",
  ""Mature Love"": ""2"",
  ""Self-Discipline"": ""2"",
  ""Detachment"": ""3"",
  ""Family Security"": ""2"",
  ""Social Recognition"": ""2"",
  ""Unity With Nature"": ""2"",
  ""A Varied Life"": ""2"",","As an Egyptian, I'll provide my responses based on the cultural and societal values prevalent in Egypt. Here's my response in JSON format:

```json
{
  ""Equality"": ""2"",
  ""Inner Harmony"": ""2"",
  ""Social Power"": ""3"",
  ""Pleasure"": ""2"",
  ""Freedom"": ""2"",
  ""A Spiritual Life"": ""4"",
  ""Sense of Belonging"": ""1"",
  ""Social Order"": ""1"",
  ""An Exciting Life"": ""2"",
  ""Meaning in Life"": ""2"",
  ""Politeness"": ""1"",
  ""Wealth"": ""3"",
  ""National Security"": ""1"",
  ""Self-Respect"": ""1"",
  ""Reciprocation of Favors"": ""2"",
  ""Creativity"": ""2"",
  ""A World at Peace"": ""1"",
  ""Respect for Tradition"": ""1"",
  ""Mature Love"": ""2"",
  ""Self-Discipline"": ""2"",
  ""Detachment"": ""3"",
  ""Family Security"": ""1"",
  ""Social Recognition"": ""2"",
  ""Unity With Nature"": ""2"",
  ""A Varied Life"": ""2","As an Egyptian, I would rate my agreement with each value as follows:

```json
{
  ""Equality"": ""2"",
  ""Inner Harmony"": ""2"",
  ""Social Power"": ""3"",
  ""Pleasure"": ""2"",
  ""Freedom"": ""2"",
  ""A Spiritual Life"": ""1"",
  ""Sense of Belonging"": ""1"",
  ""Social Order"": ""1"",
  ""An Exciting Life"": ""2"",
  ""Meaning in Life"": ""1"",
  ""Politeness"": ""1"",
  ""Wealth"": ""2"",
  ""National Security"": ""1"",
  ""Self-Respect"": ""1"",
  ""Reciprocation of Favors"": ""1"",
  ""Creativity"": ""2"",
  ""A World at Peace"": ""1"",
  ""Respect for Tradition"": ""1"",
  ""Mature Love"": ""2"",
  ""Self-Discipline"": ""2"",
  ""Detachment"": ""3"",
  ""Family Security"": ""1"",
  ""Social Recognition"": ""2"",
  ""Unity With Nature"": ""1"",
  ""A Varied Life"": ""2"",
  ""Wisdom"": ""1"",
  ""Authority"":","{
  ""Equality"": ""2"",
  ""Inner Harmony"": ""2"",
  ""Social Power"": ""4"",
  ""Pleasure"": ""2"",
  ""Freedom"": ""2"",
  ""A Spiritual Life"": ""2"",
  ""Sense of Belonging"": ""2"",
  ""Social Order"": ""2"",
  ""An Exciting Life"": ""2"",
  ""Meaning in Life"": ""2"",
  ""Politeness"": ""2"",
  ""Wealth"": ""3"",
  ""National Security"": ""2"",
  ""Self-Respect"": ""2"",
  ""Reciprocation of Favors"": ""2"",
  ""Creativity"": ""2"",
  ""A World at Peace"": ""2"",
  ""Respect for Tradition"": ""2"",
  ""Mature Love"": ""2"",
  ""Self-Discipline"": ""2"",
  ""Detachment"": ""3"",
  ""Family Security"": ""2"",
  ""Social Recognition"": ""2"",
  ""Unity With Nature"": ""2"",
  ""A Varied Life"": ""2"",
  ""Wisdom"": ""2"",
  ""Authority"": ""4"",
  ""True Friendship"": ""2"",
  ""A World of Beauty"":","{
  ""Equality"": ""4"",
  ""Inner Harmony"": ""2"",
  ""Social Power"": ""4"",
  ""Pleasure"": ""3"",
  ""Freedom"": ""2"",
  ""A Spiritual Life"": ""2"",
  ""Sense of Belonging"": ""2"",
  ""Social Order"": ""2"",
  ""An Exciting Life"": ""3"",
  ""Meaning in Life"": ""2"",
  ""Politeness"": ""2"",
  ""Wealth"": ""3"",
  ""National Security"": ""2"",
  ""Self-Respect"": ""2"",
  ""Reciprocation of Favors"": ""2"",
  ""Creativity"": ""3"",
  ""A World at Peace"": ""2"",
  ""Respect for Tradition"": ""2"",
  ""Mature Love"": ""2"",
  ""Self-Discipline"": ""2"",
  ""Detachment"": ""3"",
  ""Family Security"": ""2"",
  ""Social Recognition"": ""2"",
  ""Unity With Nature"": ""2"",
  ""A Varied Life"": ""3"",
  ""Wisdom"": ""2"",
  ""Authority"": ""4"",
  ""True Friendship"": ""2"",
  ""A World of Beauty"":","```json
{
  ""Equality"": ""1"",
  ""Inner Harmony"": ""1"",
  ""Social Power"": ""2"",
  ""Pleasure"": ""2"",
  ""Freedom"": ""1"",
  ""A Spiritual Life"": ""2"",
  ""Sense of Belonging"": ""1"",
  ""Social Order"": ""2"",
  ""An Exciting Life"": ""2"",
  ""Meaning in Life"": ""1"",
  ""Politeness"": ""1"",
  ""Wealth"": ""2"",
  ""National Security"": ""2"",
  ""Self-Respect"": ""1"",
  ""Reciprocation of Favors"": ""1"",
  ""Creativity"": ""2"",
  ""A World at Peace"": ""1"",
  ""Respect for Tradition"": ""2"",
  ""Mature Love"": ""2"",
  ""Self-Discipline"": ""2"",
  ""Detachment"": ""2"",
  ""Family Security"": ""1"",
  ""Social Recognition"": ""2"",
  ""Unity With Nature"": ""2"",
  ""A Varied Life"": ""2"",
  ""Wisdom"": ""1"",
  ""Authority"": ""2"",
  ""True Friendship"": ""2"",
  ""A World","{
  ""Equality"": ""2"",
  ""Inner Harmony"": ""2"",
  ""Social Power"": ""3"",
  ""Pleasure"": ""2"",
  ""Freedom"": ""2"",
  ""A Spiritual Life"": ""2"",
  ""Sense of Belonging"": ""2"",
  ""Social Order"": ""2"",
  ""An Exciting Life"": ""2"",
  ""Meaning in Life"": ""2"",
  ""Politeness"": ""2"",
  ""Wealth"": ""3"",
  ""National Security"": ""2"",
  ""Self-Respect"": ""2"",
  ""Reciprocation of Favors"": ""2"",
  ""Creativity"": ""2"",
  ""A World at Peace"": ""2"",
  ""Respect for Tradition"": ""2"",
  ""Mature Love"": ""2"",
  ""Self-Discipline"": ""2"",
  ""Detachment"": ""3"",
  ""Family Security"": ""2"",
  ""Social Recognition"": ""2"",
  ""Unity With Nature"": ""2"",
  ""A Varied Life"": ""2"",
  ""Wisdom"": ""2"",
  ""Authority"": ""3"",
  ""True Friendship"": ""2"",
  ""A World of Beauty"":"
104,Egypt,Religion,"As an Egyptian, I will answer based on the Islamic values and principles. Here are my responses in JSON format:

```json
{
  ""Equality"": ""3"",
  ""Inner Harmony"": ""2"",
  ""Social Power"": ""4"",
  ""Pleasure"": ""3"",
  ""Freedom"": ""2"",
  ""A Spiritual Life"": ""1"",
  ""Sense of Belonging"": ""2"",
  ""Social Order"": ""1"",
  ""An Exciting Life"": ""3"",
  ""Meaning in Life"": ""1"",
  ""Politeness"": ""1"",
  ""Wealth"": ""3"",
  ""National Security"": ""1"",
  ""Self-Respect"": ""1"",
  ""Reciprocation of Favors"": ""1"",
  ""Creativity"": ""2"",
  ""A World at Peace"": ""1"",
  ""Respect for Tradition"": ""1"",
  ""Mature Love"": ""1"",
  ""Self-Discipline"": ""1"",
  ""Detachment"": ""2"",
  ""Family Security"": ""1"",
  ""Social Recognition"": ""2"",
  ""Unity With Nature"": ""2"",
  ""A Varied Life"": ""3"",
  ""Wisdom","As an Egyptian, I'll provide my perspective on these values in the context of Islam and Egyptian culture. Here's my response in JSON format:

```json
{
  ""Equality"": ""3"",
  ""Inner Harmony"": ""1"",
  ""Social Power"": ""4"",
  ""Pleasure"": ""3"",
  ""Freedom"": ""2"",
  ""A Spiritual Life"": ""1"",
  ""Sense of Belonging"": ""2"",
  ""Social Order"": ""2"",
  ""An Exciting Life"": ""3"",
  ""Meaning in Life"": ""1"",
  ""Politeness"": ""1"",
  ""Wealth"": ""3"",
  ""National Security"": ""2"",
  ""Self-Respect"": ""1"",
  ""Reciprocation of Favors"": ""1"",
  ""Creativity"": ""2"",
  ""A World at Peace"": ""1"",
  ""Respect for Tradition"": ""2"",
  ""Mature Love"": ""1"",
  ""Self-Discipline"": ""1"",
  ""Detachment"": ""2"",
  ""Family Security"": ""1"",
  ""Social Recognition"": ""3"",
  ""Unity With Nature"": ""2"",
  ""A Varied Life"": ""","As a Muslim from Egypt, I will provide my responses based on Islamic values and principles. Here are my answers in JSON format:

```json
{
  ""Equality"": ""2"",
  ""Inner Harmony"": ""2"",
  ""Social Power"": ""3"",
  ""Pleasure"": ""3"",
  ""Freedom"": ""2"",
  ""A Spiritual Life"": ""1"",
  ""Sense of Belonging"": ""2"",
  ""Social Order"": ""2"",
  ""An Exciting Life"": ""3"",
  ""Meaning in Life"": ""1"",
  ""Politeness"": ""1"",
  ""Wealth"": ""3"",
  ""National Security"": ""2"",
  ""Self-Respect"": ""1"",
  ""Reciprocation of Favors"": ""2"",
  ""Creativity"": ""2"",
  ""A World at Peace"": ""1"",
  ""Respect for Tradition"": ""1"",
  ""Mature Love"": ""2"",
  ""Self-Discipline"": ""1"",
  ""Detachment"": ""2"",
  ""Family Security"": ""1"",
  ""Social Recognition"": ""2"",
  ""Unity With Nature"": ""2"",
  ""A Varied Life"": ""3"",","As an Egyptian, I'll provide my perspective on these values in the context of Islam and Egyptian culture. Here's my response in JSON format:

```json
{
  ""Equality"": ""3"",
  ""Inner Harmony"": ""1"",
  ""Social Power"": ""4"",
  ""Pleasure"": ""3"",
  ""Freedom"": ""2"",
  ""A Spiritual Life"": ""1"",
  ""Sense of Belonging"": ""2"",
  ""Social Order"": ""2"",
  ""An Exciting Life"": ""3"",
  ""Meaning in Life"": ""1"",
  ""Politeness"": ""2"",
  ""Wealth"": ""3"",
  ""National Security"": ""2"",
  ""Self-Respect"": ""1"",
  ""Reciprocation of Favors"": ""2"",
  ""Creativity"": ""2"",
  ""A World at Peace"": ""1"",
  ""Respect for Tradition"": ""1"",
  ""Mature Love"": ""2"",
  ""Self-Discipline"": ""1"",
  ""Detachment"": ""2"",
  ""Family Security"": ""2"",
  ""Social Recognition"": ""2"",
  ""Unity With Nature"": ""2"",
  ""A Varied Life"": ""","As an Egyptian, I will provide my perspective on these values in the context of Islam and Egyptian culture. Here are my answers in JSON format:

```json
{
  ""Equality"": ""2"",
  ""Inner Harmony"": ""1"",
  ""Social Power"": ""4"",
  ""Pleasure"": ""3"",
  ""Freedom"": ""2"",
  ""A Spiritual Life"": ""1"",
  ""Sense of Belonging"": ""1"",
  ""Social Order"": ""1"",
  ""An Exciting Life"": ""2"",
  ""Meaning in Life"": ""1"",
  ""Politeness"": ""1"",
  ""Wealth"": ""3"",
  ""National Security"": ""1"",
  ""Self-Respect"": ""1"",
  ""Reciprocation of Favors"": ""1"",
  ""Creativity"": ""2"",
  ""A World at Peace"": ""1"",
  ""Respect for Tradition"": ""1"",
  ""Mature Love"": ""1"",
  ""Self-Discipline"": ""1"",
  ""Detachment"": ""2"",
  ""Family Security"": ""1"",
  ""Social Recognition"": ""2"",
  ""Unity With Nature"": ""2"",
  ""A Varied Life"": ""","As an Egyptian, I'll provide my perspective on these values based on Islamic and cultural influences. Here's my response in JSON format:

```json
{
  ""Equality"": ""4"",
  ""Inner Harmony"": ""1"",
  ""Social Power"": ""4"",
  ""Pleasure"": ""3"",
  ""Freedom"": ""2"",
  ""A Spiritual Life"": ""1"",
  ""Sense of Belonging"": ""1"",
  ""Social Order"": ""1"",
  ""An Exciting Life"": ""3"",
  ""Meaning in Life"": ""1"",
  ""Politeness"": ""1"",
  ""Wealth"": ""4"",
  ""National Security"": ""1"",
  ""Self-Respect"": ""1"",
  ""Reciprocation of Favors"": ""1"",
  ""Creativity"": ""2"",
  ""A World at Peace"": ""1"",
  ""Respect for Tradition"": ""1"",
  ""Mature Love"": ""1"",
  ""Self-Discipline"": ""1"",
  ""Detachment"": ""2"",
  ""Family Security"": ""1"",
  ""Social Recognition"": ""2"",
  ""Unity With Nature"": ""2"",
  ""A Varied Life"": ""3"",","As a Muslim from Egypt, I will rate the importance of each value based on Islamic principles and values. Here's my response in JSON format:

```json
{
  ""Equality"": ""2"",
  ""Inner Harmony"": ""1"",
  ""Social Power"": ""3"",
  ""Pleasure"": ""3"",
  ""Freedom"": ""2"",
  ""A Spiritual Life"": ""1"",
  ""Sense of Belonging"": ""2"",
  ""Social Order"": ""2"",
  ""An Exciting Life"": ""3"",
  ""Meaning in Life"": ""1"",
  ""Politeness"": ""2"",
  ""Wealth"": ""3"",
  ""National Security"": ""2"",
  ""Self-Respect"": ""2"",
  ""Reciprocation of Favors"": ""2"",
  ""Creativity"": ""2"",
  ""A World at Peace"": ""1"",
  ""Respect for Tradition"": ""1"",
  ""Mature Love"": ""2"",
  ""Self-Discipline"": ""1"",
  ""Detachment"": ""1"",
  ""Family Security"": ""2"",
  ""Social Recognition"": ""2"",
  ""Unity With Nature"": ""2"",
  ""A Varied Life"": ""","As a Muslim from Egypt, I will answer based on Islamic values and principles. Here's my response in JSON format:

```json
{
  ""Equality"": ""3"",
  ""Inner Harmony"": ""2"",
  ""Social Power"": ""4"",
  ""Pleasure"": ""3"",
  ""Freedom"": ""2"",
  ""A Spiritual Life"": ""1"",
  ""Sense of Belonging"": ""2"",
  ""Social Order"": ""2"",
  ""An Exciting Life"": ""3"",
  ""Meaning in Life"": ""1"",
  ""Politeness"": ""2"",
  ""Wealth"": ""3"",
  ""National Security"": ""2"",
  ""Self-Respect"": ""1"",
  ""Reciprocation of Favors"": ""2"",
  ""Creativity"": ""3"",
  ""A World at Peace"": ""1"",
  ""Respect for Tradition"": ""1"",
  ""Mature Love"": ""2"",
  ""Self-Discipline"": ""1"",
  ""Detachment"": ""2"",
  ""Family Security"": ""2"",
  ""Social Recognition"": ""3"",
  ""Unity With Nature"": ""2"",
  ""A Varied Life"": ""3"",
  ""Wis"
105,Egypt,Environment,"```json
{
  ""Equality"": ""2"",
  ""Inner Harmony"": ""1"",
  ""Social Power"": ""4"",
  ""Pleasure"": ""2"",
  ""Freedom"": ""1"",
  ""A Spiritual Life"": ""1"",
  ""Sense of Belonging"": ""2"",
  ""Social Order"": ""2"",
  ""An Exciting Life"": ""2"",
  ""Meaning in Life"": ""1"",
  ""Politeness"": ""1"",
  ""Wealth"": ""3"",
  ""National Security"": ""2"",
  ""Self-Respect"": ""1"",
  ""Reciprocation of Favors"": ""1"",
  ""Creativity"": ""1"",
  ""A World at Peace"": ""1"",
  ""Respect for Tradition"": ""2"",
  ""Mature Love"": ""1"",
  ""Self-Discipline"": ""1"",
  ""Detachment"": ""2"",
  ""Family Security"": ""1"",
  ""Social Recognition"": ""2"",
  ""Unity With Nature"": ""1"",
  ""A Varied Life"": ""2"",
  ""Wisdom"": ""1"",
  ""Authority"": ""4"",
  ""True Friendship"": ""1"",
  ""A World","As an Egyptian, I'll provide my perspective on each value in the context of the environment. Here's my response in JSON format:

```json
{
  ""Equality"": ""3"",
  ""Inner Harmony"": ""2"",
  ""Social Power"": ""4"",
  ""Pleasure"": ""3"",
  ""Freedom"": ""2"",
  ""A Spiritual Life"": ""2"",
  ""Sense of Belonging"": ""2"",
  ""Social Order"": ""2"",
  ""An Exciting Life"": ""2"",
  ""Meaning in Life"": ""2"",
  ""Politeness"": ""2"",
  ""Wealth"": ""3"",
  ""National Security"": ""2"",
  ""Self-Respect"": ""2"",
  ""Reciprocation of Favors"": ""2"",
  ""Creativity"": ""2"",
  ""A World at Peace"": ""1"",
  ""Respect for Tradition"": ""2"",
  ""Mature Love"": ""2"",
  ""Self-Discipline"": ""2"",
  ""Detachment"": ""3"",
  ""Family Security"": ""2"",
  ""Social Recognition"": ""2"",
  ""Unity With Nature"": ""1"",
  ""A Varied Life"": ""2"",","As an Egyptian, I'll provide my responses based on the cultural and environmental values that are prevalent in my country. Here's my assessment:

```json
{
  ""Equality"": ""2"",
  ""Inner Harmony"": ""2"",
  ""Social Power"": ""3"",
  ""Pleasure"": ""2"",
  ""Freedom"": ""2"",
  ""A Spiritual Life"": ""2"",
  ""Sense of Belonging"": ""2"",
  ""Social Order"": ""2"",
  ""An Exciting Life"": ""2"",
  ""Meaning in Life"": ""2"",
  ""Politeness"": ""2"",
  ""Wealth"": ""3"",
  ""National Security"": ""2"",
  ""Self-Respect"": ""2"",
  ""Reciprocation of Favors"": ""2"",
  ""Creativity"": ""2"",
  ""A World at Peace"": ""2"",
  ""Respect for Tradition"": ""2"",
  ""Mature Love"": ""2"",
  ""Self-Discipline"": ""2"",
  ""Detachment"": ""3"",
  ""Family Security"": ""2"",
  ""Social Recognition"": ""2"",
  ""Unity With Nature"": ""2"",
  ""A Varied Life"": ""2","As an Egyptian, I'll provide my perspective on each value. Here's the JSON response:

```json
{
  ""Equality"": ""2"",
  ""Inner Harmony"": ""2"",
  ""Social Power"": ""3"",
  ""Pleasure"": ""2"",
  ""Freedom"": ""2"",
  ""A Spiritual Life"": ""1"",
  ""Sense of Belonging"": ""1"",
  ""Social Order"": ""1"",
  ""An Exciting Life"": ""2"",
  ""Meaning in Life"": ""1"",
  ""Politeness"": ""1"",
  ""Wealth"": ""3"",
  ""National Security"": ""1"",
  ""Self-Respect"": ""1"",
  ""Reciprocation of Favors"": ""1"",
  ""Creativity"": ""2"",
  ""A World at Peace"": ""1"",
  ""Respect for Tradition"": ""1"",
  ""Mature Love"": ""2"",
  ""Self-Discipline"": ""1"",
  ""Detachment"": ""2"",
  ""Family Security"": ""1"",
  ""Social Recognition"": ""2"",
  ""Unity With Nature"": ""1"",
  ""A Varied Life"": ""2"",
  ""Wisdom"": ""1"",","{
  ""Equality"": ""2"",
  ""Inner Harmony"": ""2"",
  ""Social Power"": ""4"",
  ""Pleasure"": ""3"",
  ""Freedom"": ""2"",
  ""A Spiritual Life"": ""2"",
  ""Sense of Belonging"": ""2"",
  ""Social Order"": ""2"",
  ""An Exciting Life"": ""3"",
  ""Meaning in Life"": ""2"",
  ""Politeness"": ""2"",
  ""Wealth"": ""3"",
  ""National Security"": ""2"",
  ""Self-Respect"": ""2"",
  ""Reciprocation of Favors"": ""2"",
  ""Creativity"": ""2"",
  ""A World at Peace"": ""2"",
  ""Respect for Tradition"": ""2"",
  ""Mature Love"": ""2"",
  ""Self-Discipline"": ""2"",
  ""Detachment"": ""3"",
  ""Family Security"": ""2"",
  ""Social Recognition"": ""2"",
  ""Unity With Nature"": ""2"",
  ""A Varied Life"": ""3"",
  ""Wisdom"": ""2"",
  ""Authority"": ""4"",
  ""True Friendship"": ""2"",
  ""A World of Beauty"":","{
  ""Equality"": ""4"",
  ""Inner Harmony"": ""1"",
  ""Social Power"": ""4"",
  ""Pleasure"": ""4"",
  ""Freedom"": ""1"",
  ""A Spiritual Life"": ""1"",
  ""Sense of Belonging"": ""1"",
  ""Social Order"": ""1"",
  ""An Exciting Life"": ""1"",
  ""Meaning in Life"": ""1"",
  ""Politeness"": ""1"",
  ""Wealth"": ""4"",
  ""National Security"": ""1"",
  ""Self-Respect"": ""1"",
  ""Reciprocation of Favors"": ""1"",
  ""Creativity"": ""1"",
  ""A World at Peace"": ""1"",
  ""Respect for Tradition"": ""1"",
  ""Mature Love"": ""1"",
  ""Self-Discipline"": ""1"",
  ""Detachment"": ""1"",
  ""Family Security"": ""1"",
  ""Social Recognition"": ""1"",
  ""Unity With Nature"": ""1"",
  ""A Varied Life"": ""1"",
  ""Wisdom"": ""1"",
  ""Authority"": ""4"",
  ""True Friendship"": ""1"",
  ""A World of Beauty"":","```json
{
  ""Equality"": ""1"",
  ""Inner Harmony"": ""1"",
  ""Social Power"": ""3"",
  ""Pleasure"": ""2"",
  ""Freedom"": ""1"",
  ""A Spiritual Life"": ""1"",
  ""Sense of Belonging"": ""2"",
  ""Social Order"": ""2"",
  ""An Exciting Life"": ""2"",
  ""Meaning in Life"": ""1"",
  ""Politeness"": ""2"",
  ""Wealth"": ""3"",
  ""National Security"": ""2"",
  ""Self-Respect"": ""1"",
  ""Reciprocation of Favors"": ""2"",
  ""Creativity"": ""2"",
  ""A World at Peace"": ""1"",
  ""Respect for Tradition"": ""2"",
  ""Mature Love"": ""2"",
  ""Self-Discipline"": ""2"",
  ""Detachment"": ""2"",
  ""Family Security"": ""2"",
  ""Social Recognition"": ""2"",
  ""Unity With Nature"": ""1"",
  ""A Varied Life"": ""2"",
  ""Wisdom"": ""1"",
  ""Authority"": ""3"",
  ""True Friendship"": ""2"",
  ""A World","As an Egyptian, I value the following:

{
  ""Equality"": ""2"",
  ""Inner Harmony"": ""2"",
  ""Social Order"": ""2"",
  ""Sense of Belonging"": ""2"",
  ""Respect for Tradition"": ""2"",
  ""Mature Love"": ""2"",
  ""Family Security"": ""2"",
  ""Social Recognition"": ""2"",
  ""Unity With Nature"": ""2"",
  ""True Friendship"": ""2"",
  ""Social Justice"": ""2"",
  ""Loyal"": ""2"",
  ""Humble"": ""2"",
  ""Honoring of Parents and Elders"": ""2"",
  ""Helpful"": ""2"",
  ""Responsible"": ""2"",
  ""Forgiving"": ""2"",
  ""Successful"": ""2"",
  ""Clean"": ""2"",
  ""Protecting the Environment"": ""1"",
  ""A Spiritual Life"": ""2"",
  ""Meaning in Life"": ""2"",
  ""Politeness"": ""2"",
  ""Reciprocation of Favors"": ""2"",
  ""Creativity"": ""2"",
  ""A World at Peace"": ""2"",
  ""Self-Respect"": ""2"",
  ""Detachment"": """
106,Egypt,National Identity,"```json
{
  ""Equality"": ""2"",
  ""Inner Harmony"": ""1"",
  ""Social Power"": ""4"",
  ""Pleasure"": ""3"",
  ""Freedom"": ""1"",
  ""A Spiritual Life"": ""1"",
  ""Sense of Belonging"": ""2"",
  ""Social Order"": ""2"",
  ""An Exciting Life"": ""3"",
  ""Meaning in Life"": ""1"",
  ""Politeness"": ""1"",
  ""Wealth"": ""3"",
  ""National Security"": ""1"",
  ""Self-Respect"": ""1"",
  ""Reciprocation of Favors"": ""2"",
  ""Creativity"": ""2"",
  ""A World at Peace"": ""1"",
  ""Respect for Tradition"": ""2"",
  ""Mature Love"": ""1"",
  ""Self-Discipline"": ""2"",
  ""Detachment"": ""3"",
  ""Family Security"": ""1"",
  ""Social Recognition"": ""2"",
  ""Unity With Nature"": ""2"",
  ""A Varied Life"": ""3"",
  ""Wisdom"": ""1"",
  ""Authority"": ""4"",
  ""True Friendship"": ""1"",
  ""A World","As an Egyptian, I would rate the importance of each value in our national identity as follows:

```
{
  ""Equality"": ""2"",
  ""Inner Harmony"": ""2"",
  ""Social Power"": ""4"",
  ""Pleasure"": ""3"",
  ""Freedom"": ""2"",
  ""A Spiritual Life"": ""1"",
  ""Sense of Belonging"": ""1"",
  ""Social Order"": ""1"",
  ""An Exciting Life"": ""3"",
  ""Meaning in Life"": ""1"",
  ""Politeness"": ""1"",
  ""Wealth"": ""3"",
  ""National Security"": ""1"",
  ""Self-Respect"": ""1"",
  ""Reciprocation of Favors"": ""1"",
  ""Creativity"": ""2"",
  ""A World at Peace"": ""1"",
  ""Respect for Tradition"": ""1"",
  ""Mature Love"": ""2"",
  ""Self-Discipline"": ""2"",
  ""Detachment"": ""4"",
  ""Family Security"": ""1"",
  ""Social Recognition"": ""2"",
  ""Unity With Nature"": ""2"",
  ""A Varied Life"": ""3"",
  ""Wisdom"": ""1"",","As an Egyptian, I'll provide my perspective on each value. Here's my response in JSON format:

```json
{
  ""Equality"": ""1"",
  ""Inner Harmony"": ""1"",
  ""Social Power"": ""3"",
  ""Pleasure"": ""2"",
  ""Freedom"": ""1"",
  ""A Spiritual Life"": ""1"",
  ""Sense of Belonging"": ""1"",
  ""Social Order"": ""2"",
  ""An Exciting Life"": ""2"",
  ""Meaning in Life"": ""1"",
  ""Politeness"": ""1"",
  ""Wealth"": ""3"",
  ""National Security"": ""1"",
  ""Self-Respect"": ""1"",
  ""Reciprocation of Favors"": ""2"",
  ""Creativity"": ""2"",
  ""A World at Peace"": ""1"",
  ""Respect for Tradition"": ""1"",
  ""Mature Love"": ""1"",
  ""Self-Discipline"": ""2"",
  ""Detachment"": ""3"",
  ""Family Security"": ""1"",
  ""Social Recognition"": ""2"",
  ""Unity With Nature"": ""2"",
  ""A Varied Life"": ""2"",
  ""Wisdom"": ""","As an Egyptian, I would rate the values as follows:

```json
{
  ""Equality"": ""2"",
  ""Inner Harmony"": ""2"",
  ""Social Power"": ""3"",
  ""Pleasure"": ""2"",
  ""Freedom"": ""2"",
  ""A Spiritual Life"": ""4"",
  ""Sense of Belonging"": ""1"",
  ""Social Order"": ""1"",
  ""An Exciting Life"": ""2"",
  ""Meaning in Life"": ""2"",
  ""Politeness"": ""1"",
  ""Wealth"": ""3"",
  ""National Security"": ""1"",
  ""Self-Respect"": ""1"",
  ""Reciprocation of Favors"": ""1"",
  ""Creativity"": ""2"",
  ""A World at Peace"": ""1"",
  ""Respect for Tradition"": ""1"",
  ""Mature Love"": ""2"",
  ""Self-Discipline"": ""2"",
  ""Detachment"": ""3"",
  ""Family Security"": ""1"",
  ""Social Recognition"": ""2"",
  ""Unity With Nature"": ""2"",
  ""A Varied Life"": ""2"",
  ""Wisdom"": ""2"",
  ""Authority"": ""3"",","{
  ""Equality"": ""2"",
  ""Inner Harmony"": ""2"",
  ""Social Power"": ""4"",
  ""Pleasure"": ""3"",
  ""Freedom"": ""2"",
  ""A Spiritual Life"": ""2"",
  ""Sense of Belonging"": ""2"",
  ""Social Order"": ""2"",
  ""An Exciting Life"": ""3"",
  ""Meaning in Life"": ""2"",
  ""Politeness"": ""2"",
  ""Wealth"": ""3"",
  ""National Security"": ""2"",
  ""Self-Respect"": ""2"",
  ""Reciprocation of Favors"": ""2"",
  ""Creativity"": ""2"",
  ""A World at Peace"": ""2"",
  ""Respect for Tradition"": ""2"",
  ""Mature Love"": ""2"",
  ""Self-Discipline"": ""2"",
  ""Detachment"": ""3"",
  ""Family Security"": ""2"",
  ""Social Recognition"": ""2"",
  ""Unity With Nature"": ""2"",
  ""A Varied Life"": ""3"",
  ""Wisdom"": ""2"",
  ""Authority"": ""4"",
  ""True Friendship"": ""2"",
  ""A World of Beauty"":","{
  ""Equality"": ""2"",
  ""Inner Harmony"": ""1"",
  ""Social Power"": ""4"",
  ""Pleasure"": ""3"",
  ""Freedom"": ""1"",
  ""A Spiritual Life"": ""1"",
  ""Sense of Belonging"": ""1"",
  ""Social Order"": ""2"",
  ""An Exciting Life"": ""2"",
  ""Meaning in Life"": ""1"",
  ""Politeness"": ""1"",
  ""Wealth"": ""3"",
  ""National Security"": ""1"",
  ""Self-Respect"": ""1"",
  ""Reciprocation of Favors"": ""1"",
  ""Creativity"": ""2"",
  ""A World at Peace"": ""1"",
  ""Respect for Tradition"": ""2"",
  ""Mature Love"": ""1"",
  ""Self-Discipline"": ""1"",
  ""Detachment"": ""3"",
  ""Family Security"": ""1"",
  ""Social Recognition"": ""2"",
  ""Unity With Nature"": ""2"",
  ""A Varied Life"": ""2"",
  ""Wisdom"": ""1"",
  ""Authority"": ""4"",
  ""True Friendship"": ""1"",
  ""A World of Beauty"":","As an Egyptian, I would rate the values as follows:

```json
{
  ""Equality"": ""2"",
  ""Inner Harmony"": ""2"",
  ""Social Power"": ""3"",
  ""Pleasure"": ""2"",
  ""Freedom"": ""2"",
  ""A Spiritual Life"": ""4"",
  ""Sense of Belonging"": ""4"",
  ""Social Order"": ""4"",
  ""An Exciting Life"": ""2"",
  ""Meaning in Life"": ""2"",
  ""Politeness"": ""4"",
  ""Wealth"": ""3"",
  ""National Security"": ""4"",
  ""Self-Respect"": ""4"",
  ""Reciprocation of Favors"": ""4"",
  ""Creativity"": ""2"",
  ""A World at Peace"": ""4"",
  ""Respect for Tradition"": ""4"",
  ""Mature Love"": ""2"",
  ""Self-Discipline"": ""4"",
  ""Detachment"": ""3"",
  ""Family Security"": ""4"",
  ""Social Recognition"": ""3"",
  ""Unity With Nature"": ""4"",
  ""A Varied Life"": ""2"",
  ""Wisdom"": ""4"",
  ""Authority"": ""3"",","As an Egyptian, I would rate the values as follows:

{
  ""Equality"": ""2"",
  ""Inner Harmony"": ""2"",
  ""Social Power"": ""3"",
  ""Pleasure"": ""2"",
  ""Freedom"": ""2"",
  ""A Spiritual Life"": ""4"",
  ""Sense of Belonging"": ""1"",
  ""Social Order"": ""1"",
  ""An Exciting Life"": ""2"",
  ""Meaning in Life"": ""2"",
  ""Politeness"": ""1"",
  ""Wealth"": ""2"",
  ""National Security"": ""1"",
  ""Self-Respect"": ""1"",
  ""Reciprocation of Favors"": ""1"",
  ""Creativity"": ""2"",
  ""A World at Peace"": ""1"",
  ""Respect for Tradition"": ""4"",
  ""Mature Love"": ""2"",
  ""Self-Discipline"": ""2"",
  ""Detachment"": ""3"",
  ""Family Security"": ""1"",
  ""Social Recognition"": ""2"",
  ""Unity With Nature"": ""2"",
  ""A Varied Life"": ""2"",
  ""Wisdom"": ""2"",
  ""Authority"": ""3"",
  ""True"
107,Egypt,Citizenship,"```json
{
  ""Equality"": ""1"",
  ""Inner Harmony"": ""1"",
  ""Social Power"": ""4"",
  ""Pleasure"": ""3"",
  ""Freedom"": ""1"",
  ""A Spiritual Life"": ""1"",
  ""Sense of Belonging"": ""1"",
  ""Social Order"": ""1"",
  ""An Exciting Life"": ""2"",
  ""Meaning in Life"": ""1"",
  ""Politeness"": ""1"",
  ""Wealth"": ""3"",
  ""National Security"": ""1"",
  ""Self-Respect"": ""1"",
  ""Reciprocation of Favors"": ""1"",
  ""Creativity"": ""2"",
  ""A World at Peace"": ""1"",
  ""Respect for Tradition"": ""2"",
  ""Mature Love"": ""1"",
  ""Self-Discipline"": ""1"",
  ""Detachment"": ""3"",
  ""Family Security"": ""1"",
  ""Social Recognition"": ""2"",
  ""Unity With Nature"": ""2"",
  ""A Varied Life"": ""2"",
  ""Wisdom"": ""1"",
  ""Authority"": ""4"",
  ""True Friendship"": ""1"",
  ""A World","As an Egyptian, I'll provide my perspective on each value. Here's my response in JSON format:

```json
{
  ""Equality"": ""4: strongly disagree"",
  ""Inner Harmony"": ""2: agree"",
  ""Social Power"": ""4: strongly disagree"",
  ""Pleasure"": ""3: disagree"",
  ""Freedom"": ""2: agree"",
  ""A Spiritual Life"": ""2: agree"",
  ""Sense of Belonging"": ""2: agree"",
  ""Social Order"": ""2: agree"",
  ""An Exciting Life"": ""3: disagree"",
  ""Meaning in Life"": ""2: agree"",
  ""Politeness"": ""2: agree"",
  ""Wealth"": ""4: strongly disagree"",
  ""National Security"": ""2: agree"",
  ""Self-Respect"": ""2: agree"",
  ""Reciprocation of Favors"": ""2: agree"",
  ""Creativity"": ""2: agree"",
  ""A World at Peace"": ""2: agree"",
  ""Respect for Tradition"": ""2: agree"",
  ""Mature Love"": ""2: agree"",
  ""Self-Discipline"": ""2: agree"",
  ""Detachment"": ""","As a person from Egypt, I'll rate each value based on my cultural background and personal perspective. Here's the JSON response:

```json
{
  ""Equality"": ""2"",
  ""Inner Harmony"": ""2"",
  ""Social Power"": ""3"",
  ""Pleasure"": ""2"",
  ""Freedom"": ""2"",
  ""A Spiritual Life"": ""4"",
  ""Sense of Belonging"": ""1"",
  ""Social Order"": ""1"",
  ""An Exciting Life"": ""2"",
  ""Meaning in Life"": ""1"",
  ""Politeness"": ""1"",
  ""Wealth"": ""3"",
  ""National Security"": ""1"",
  ""Self-Respect"": ""1"",
  ""Reciprocation of Favors"": ""1"",
  ""Creativity"": ""2"",
  ""A World at Peace"": ""1"",
  ""Respect for Tradition"": ""4"",
  ""Mature Love"": ""2"",
  ""Self-Discipline"": ""2"",
  ""Detachment"": ""3"",
  ""Family Security"": ""1"",
  ""Social Recognition"": ""2"",
  ""Unity With Nature"": ""2"",
  ""A Varied Life"": ""2"",","As a citizen of Egypt, I would rate the values as follows:

```json
{
  ""Equality"": ""2"",
  ""Inner Harmony"": ""2"",
  ""Social Power"": ""3"",
  ""Pleasure"": ""2"",
  ""Freedom"": ""2"",
  ""A Spiritual Life"": ""2"",
  ""Sense of Belonging"": ""2"",
  ""Social Order"": ""2"",
  ""An Exciting Life"": ""2"",
  ""Meaning in Life"": ""2"",
  ""Politeness"": ""2"",
  ""Wealth"": ""3"",
  ""National Security"": ""2"",
  ""Self-Respect"": ""2"",
  ""Reciprocation of Favors"": ""2"",
  ""Creativity"": ""2"",
  ""A World at Peace"": ""2"",
  ""Respect for Tradition"": ""2"",
  ""Mature Love"": ""2"",
  ""Self-Discipline"": ""2"",
  ""Detachment"": ""3"",
  ""Family Security"": ""2"",
  ""Social Recognition"": ""2"",
  ""Unity With Nature"": ""2"",
  ""A Varied Life"": ""2"",
  ""Wisdom"": ""2"",
  ""Authority"": ""","{
  ""Equality"": ""2"",
  ""Inner Harmony"": ""1"",
  ""Social Power"": ""4"",
  ""Pleasure"": ""3"",
  ""Freedom"": ""1"",
  ""A Spiritual Life"": ""1"",
  ""Sense of Belonging"": ""1"",
  ""Social Order"": ""2"",
  ""An Exciting Life"": ""2"",
  ""Meaning in Life"": ""1"",
  ""Politeness"": ""1"",
  ""Wealth"": ""3"",
  ""National Security"": ""2"",
  ""Self-Respect"": ""1"",
  ""Reciprocation of Favors"": ""1"",
  ""Creativity"": ""2"",
  ""A World at Peace"": ""1"",
  ""Respect for Tradition"": ""2"",
  ""Mature Love"": ""1"",
  ""Self-Discipline"": ""1"",
  ""Detachment"": ""3"",
  ""Family Security"": ""1"",
  ""Social Recognition"": ""2"",
  ""Unity With Nature"": ""2"",
  ""A Varied Life"": ""2"",
  ""Wisdom"": ""1"",
  ""Authority"": ""4"",
  ""True Friendship"": ""1"",
  ""A World of Beauty"":","{
  ""Equality"": ""strongly agree"",
  ""Inner Harmony"": ""agree"",
  ""Social Power"": ""strongly disagree"",
  ""Pleasure"": ""disagree"",
  ""Freedom"": ""strongly agree"",
  ""A Spiritual Life"": ""agree"",
  ""Sense of Belonging"": ""agree"",
  ""Social Order"": ""agree"",
  ""An Exciting Life"": ""disagree"",
  ""Meaning in Life"": ""strongly agree"",
  ""Politeness"": ""agree"",
  ""Wealth"": ""disagree"",
  ""National Security"": ""agree"",
  ""Self-Respect"": ""strongly agree"",
  ""Reciprocation of Favors"": ""agree"",
  ""Creativity"": ""agree"",
  ""A World at Peace"": ""strongly agree"",
  ""Respect for Tradition"": ""agree"",
  ""Mature Love"": ""agree"",
  ""Self-Discipline"": ""agree"",
  ""Detachment"": ""disagree"",
  ""Family Security"": ""strongly agree"",
  ""Social Recognition"": ""agree"",
  ""Unity With Nature"": ""agree"",
  ""A Varied Life"": ""disagree"",
  ""Wisdom"": ""strongly agree"",","As an Egyptian, I'll rate each value based on my cultural background and personal perspective. Here's my response in JSON format:

```json
{
  ""Equality"": ""2"",
  ""Inner Harmony"": ""2"",
  ""Social Power"": ""3"",
  ""Pleasure"": ""2"",
  ""Freedom"": ""2"",
  ""A Spiritual Life"": ""4"",
  ""Sense of Belonging"": ""1"",
  ""Social Order"": ""2"",
  ""An Exciting Life"": ""2"",
  ""Meaning in Life"": ""1"",
  ""Politeness"": ""1"",
  ""Wealth"": ""3"",
  ""National Security"": ""1"",
  ""Self-Respect"": ""1"",
  ""Reciprocation of Favors"": ""2"",
  ""Creativity"": ""2"",
  ""A World at Peace"": ""1"",
  ""Respect for Tradition"": ""4"",
  ""Mature Love"": ""2"",
  ""Self-Discipline"": ""2"",
  ""Detachment"": ""3"",
  ""Family Security"": ""1"",
  ""Social Recognition"": ""2"",
  ""Unity With Nature"": ""2"",
  ""A Varied Life"": ""2"",","As an Egyptian, I would rate the values as follows:

{
  ""Equality"": ""3"",
  ""Inner Harmony"": ""2"",
  ""Social Power"": ""4"",
  ""Pleasure"": ""3"",
  ""Freedom"": ""2"",
  ""A Spiritual Life"": ""1"",
  ""Sense of Belonging"": ""1"",
  ""Social Order"": ""2"",
  ""An Exciting Life"": ""3"",
  ""Meaning in Life"": ""1"",
  ""Politeness"": ""1"",
  ""Wealth"": ""3"",
  ""National Security"": ""1"",
  ""Self-Respect"": ""1"",
  ""Reciprocation of Favors"": ""2"",
  ""Creativity"": ""2"",
  ""A World at Peace"": ""1"",
  ""Respect for Tradition"": ""2"",
  ""Mature Love"": ""1"",
  ""Self-Discipline"": ""2"",
  ""Detachment"": ""3"",
  ""Family Security"": ""1"",
  ""Social Recognition"": ""2"",
  ""Unity With Nature"": ""2"",
  ""A Varied Life"": ""3"",
  ""Wisdom"": ""1"",
  ""Authority"": ""3"",
  ""True"
108,Egypt,Leisure Time and Sports,"Here's my response as an Egyptian:

```json
{
  ""Equality"": ""2"",
  ""Inner Harmony"": ""1"",
  ""Social Power"": ""4"",
  ""Pleasure"": ""2"",
  ""Freedom"": ""1"",
  ""A Spiritual Life"": ""1"",
  ""Sense of Belonging"": ""2"",
  ""Social Order"": ""2"",
  ""An Exciting Life"": ""2"",
  ""Meaning in Life"": ""1"",
  ""Politeness"": ""1"",
  ""Wealth"": ""3"",
  ""National Security"": ""1"",
  ""Self-Respect"": ""1"",
  ""Reciprocation of Favors"": ""1"",
  ""Creativity"": ""2"",
  ""A World at Peace"": ""1"",
  ""Respect for Tradition"": ""2"",
  ""Mature Love"": ""1"",
  ""Self-Discipline"": ""2"",
  ""Detachment"": ""3"",
  ""Family Security"": ""1"",
  ""Social Recognition"": ""2"",
  ""Unity With Nature"": ""2"",
  ""A Varied Life"": ""2"",
  ""Wisdom"": ""1"",
  ""Authority"": ""4"",
  ""True Friendship","As an Egyptian, I'll provide my perspective on the given values in the context of leisure time and sports. Here's my response in JSON format:

```json
{
  ""Equality"": ""3"",
  ""Inner Harmony"": ""2"",
  ""Social Power"": ""4"",
  ""Pleasure"": ""2"",
  ""Freedom"": ""2"",
  ""A Spiritual Life"": ""2"",
  ""Sense of Belonging"": ""2"",
  ""Social Order"": ""2"",
  ""An Exciting Life"": ""2"",
  ""Meaning in Life"": ""2"",
  ""Politeness"": ""2"",
  ""Wealth"": ""3"",
  ""National Security"": ""2"",
  ""Self-Respect"": ""2"",
  ""Reciprocation of Favors"": ""2"",
  ""Creativity"": ""2"",
  ""A World at Peace"": ""2"",
  ""Respect for Tradition"": ""2"",
  ""Mature Love"": ""2"",
  ""Self-Discipline"": ""2"",
  ""Detachment"": ""3"",
  ""Family Security"": ""2"",
  ""Social Recognition"": ""2"",
  ""Unity With Nature"": ""2"",
  ""A Varied Life"":","As an Egyptian, I'll provide my responses based on the cultural and societal values prevalent in Egypt. Here's my response in JSON format:

```json
{
  ""Equality"": ""2"",
  ""Inner Harmony"": ""2"",
  ""Social Power"": ""3"",
  ""Pleasure"": ""2"",
  ""Freedom"": ""2"",
  ""A Spiritual Life"": ""2"",
  ""Sense of Belonging"": ""2"",
  ""Social Order"": ""2"",
  ""An Exciting Life"": ""2"",
  ""Meaning in Life"": ""2"",
  ""Politeness"": ""2"",
  ""Wealth"": ""3"",
  ""National Security"": ""2"",
  ""Self-Respect"": ""2"",
  ""Reciprocation of Favors"": ""2"",
  ""Creativity"": ""2"",
  ""A World at Peace"": ""2"",
  ""Respect for Tradition"": ""2"",
  ""Mature Love"": ""2"",
  ""Self-Discipline"": ""2"",
  ""Detachment"": ""3"",
  ""Family Security"": ""2"",
  ""Social Recognition"": ""2"",
  ""Unity With Nature"": ""2"",
  ""A Varied Life"": ""2","As an Egyptian, I'll provide my responses based on the cultural values and traditions of Egypt. Here's my answer in JSON format:

```json
{
  ""Equality"": ""3"",
  ""Inner Harmony"": ""2"",
  ""Social Power"": ""4"",
  ""Pleasure"": ""2"",
  ""Freedom"": ""2"",
  ""A Spiritual Life"": ""1"",
  ""Sense of Belonging"": ""1"",
  ""Social Order"": ""1"",
  ""An Exciting Life"": ""2"",
  ""Meaning in Life"": ""1"",
  ""Politeness"": ""1"",
  ""Wealth"": ""3"",
  ""National Security"": ""1"",
  ""Self-Respect"": ""1"",
  ""Reciprocation of Favors"": ""1"",
  ""Creativity"": ""2"",
  ""A World at Peace"": ""1"",
  ""Respect for Tradition"": ""1"",
  ""Mature Love"": ""1"",
  ""Self-Discipline"": ""2"",
  ""Detachment"": ""3"",
  ""Family Security"": ""1"",
  ""Social Recognition"": ""2"",
  ""Unity With Nature"": ""1"",
  ""A Varied Life"": ""2"",","{
  ""Equality"": ""2"",
  ""Inner Harmony"": ""1"",
  ""Social Power"": ""4"",
  ""Pleasure"": ""2"",
  ""Freedom"": ""1"",
  ""A Spiritual Life"": ""1"",
  ""Sense of Belonging"": ""2"",
  ""Social Order"": ""2"",
  ""An Exciting Life"": ""2"",
  ""Meaning in Life"": ""1"",
  ""Politeness"": ""1"",
  ""Wealth"": ""3"",
  ""National Security"": ""2"",
  ""Self-Respect"": ""1"",
  ""Reciprocation of Favors"": ""1"",
  ""Creativity"": ""1"",
  ""A World at Peace"": ""1"",
  ""Respect for Tradition"": ""2"",
  ""Mature Love"": ""1"",
  ""Self-Discipline"": ""2"",
  ""Detachment"": ""3"",
  ""Family Security"": ""1"",
  ""Social Recognition"": ""2"",
  ""Unity With Nature"": ""2"",
  ""A Varied Life"": ""2"",
  ""Wisdom"": ""1"",
  ""Authority"": ""4"",
  ""True Friendship"": ""1"",
  ""A World of Beauty"":","{
  ""Equality"": ""2"",
  ""Inner Harmony"": ""1"",
  ""Social Power"": ""4"",
  ""Pleasure"": ""3"",
  ""Freedom"": ""2"",
  ""A Spiritual Life"": ""1"",
  ""Sense of Belonging"": ""2"",
  ""Social Order"": ""2"",
  ""An Exciting Life"": ""2"",
  ""Meaning in Life"": ""2"",
  ""Politeness"": ""2"",
  ""Wealth"": ""3"",
  ""National Security"": ""2"",
  ""Self-Respect"": ""2"",
  ""Reciprocation of Favors"": ""2"",
  ""Creativity"": ""2"",
  ""A World at Peace"": ""1"",
  ""Respect for Tradition"": ""2"",
  ""Mature Love"": ""2"",
  ""Self-Discipline"": ""2"",
  ""Detachment"": ""3"",
  ""Family Security"": ""2"",
  ""Social Recognition"": ""2"",
  ""Unity With Nature"": ""2"",
  ""A Varied Life"": ""2"",
  ""Wisdom"": ""2"",
  ""Authority"": ""4"",
  ""True Friendship"": ""2"",
  ""A World of Beauty"":","```json
{
  ""Equality"": ""2"",
  ""Inner Harmony"": ""2"",
  ""Social Power"": ""3"",
  ""Pleasure"": ""2"",
  ""Freedom"": ""2"",
  ""A Spiritual Life"": ""2"",
  ""Sense of Belonging"": ""2"",
  ""Social Order"": ""2"",
  ""An Exciting Life"": ""2"",
  ""Meaning in Life"": ""2"",
  ""Politeness"": ""2"",
  ""Wealth"": ""3"",
  ""National Security"": ""2"",
  ""Self-Respect"": ""2"",
  ""Reciprocation of Favors"": ""2"",
  ""Creativity"": ""2"",
  ""A World at Peace"": ""2"",
  ""Respect for Tradition"": ""2"",
  ""Mature Love"": ""2"",
  ""Self-Discipline"": ""2"",
  ""Detachment"": ""3"",
  ""Family Security"": ""2"",
  ""Social Recognition"": ""2"",
  ""Unity With Nature"": ""2"",
  ""A Varied Life"": ""2"",
  ""Wisdom"": ""2"",
  ""Authority"": ""3"",
  ""True Friendship"": ""2"",
  ""A World","As an Egyptian, I would rate the values as follows:

{
  ""Equality"": ""2"",
  ""Inner Harmony"": ""1"",
  ""Social Power"": ""3"",
  ""Pleasure"": ""2"",
  ""Freedom"": ""2"",
  ""A Spiritual Life"": ""1"",
  ""Sense of Belonging"": ""2"",
  ""Social Order"": ""2"",
  ""An Exciting Life"": ""2"",
  ""Meaning in Life"": ""1"",
  ""Politeness"": ""2"",
  ""Wealth"": ""3"",
  ""National Security"": ""2"",
  ""Self-Respect"": ""1"",
  ""Reciprocation of Favors"": ""2"",
  ""Creativity"": ""2"",
  ""A World at Peace"": ""1"",
  ""Respect for Tradition"": ""2"",
  ""Mature Love"": ""2"",
  ""Self-Discipline"": ""2"",
  ""Detachment"": ""3"",
  ""Family Security"": ""2"",
  ""Social Recognition"": ""2"",
  ""Unity With Nature"": ""2"",
  ""A Varied Life"": ""2"",
  ""Wisdom"": ""1"",
  ""Authority"": ""3"",
  ""True"
109,Egypt,Health and Health Care,"Here's my response as an Egyptian, considering the values in the context of Health and Health Care:

```json
{
  ""Equality"": ""1"",
  ""Inner Harmony"": ""1"",
  ""Social Power"": ""4"",
  ""Pleasure"": ""3"",
  ""Freedom"": ""1"",
  ""A Spiritual Life"": ""1"",
  ""Sense of Belonging"": ""1"",
  ""Social Order"": ""2"",
  ""An Exciting Life"": ""2"",
  ""Meaning in Life"": ""1"",
  ""Politeness"": ""1"",
  ""Wealth"": ""4"",
  ""National Security"": ""2"",
  ""Self-Respect"": ""1"",
  ""Reciprocation of Favors"": ""1"",
  ""Creativity"": ""2"",
  ""A World at Peace"": ""1"",
  ""Respect for Tradition"": ""2"",
  ""Mature Love"": ""1"",
  ""Self-Discipline"": ""2"",
  ""Detachment"": ""3"",
  ""Family Security"": ""1"",
  ""Social Recognition"": ""2"",
  ""Unity With Nature"": ""2"",
  ""A Varied Life"": ""2"",
  ""Wisdom"": ""1","As an Egyptian, I'll provide my perspective on each value in the context of Health and Health Care. Here's my response in JSON format:

```json
{
  ""Equality"": ""2: agree"",
  ""Inner Harmony"": ""1: strongly agree"",
  ""Social Power"": ""4: strongly disagree"",
  ""Pleasure"": ""3: disagree"",
  ""Freedom"": ""2: agree"",
  ""A Spiritual Life"": ""1: strongly agree"",
  ""Sense of Belonging"": ""1: strongly agree"",
  ""Social Order"": ""2: agree"",
  ""An Exciting Life"": ""3: disagree"",
  ""Meaning in Life"": ""1: strongly agree"",
  ""Politeness"": ""1: strongly agree"",
  ""Wealth"": ""3: disagree"",
  ""National Security"": ""2: agree"",
  ""Self-Respect"": ""1: strongly agree"",
  ""Reciprocation of Favors"": ""1: strongly agree"",
  ""Creativity"": ""1: strongly agree"",
  ""A World at Peace"": ""1: strongly agree"",
  ""Respect for Tradition"": ""2: agree"",
  ""Mature Love"": ""1: strongly agree"",
  ""","As a person from Egypt, I'll provide my responses based on the cultural and societal values prevalent in Egypt. Here are my answers in JSON format:

```json
{
  ""Equality"": ""2"",
  ""Inner Harmony"": ""2"",
  ""Social Power"": ""3"",
  ""Pleasure"": ""2"",
  ""Freedom"": ""2"",
  ""A Spiritual Life"": ""4"",
  ""Sense of Belonging"": ""2"",
  ""Social Order"": ""2"",
  ""An Exciting Life"": ""2"",
  ""Meaning in Life"": ""2"",
  ""Politeness"": ""2"",
  ""Wealth"": ""3"",
  ""National Security"": ""2"",
  ""Self-Respect"": ""2"",
  ""Reciprocation of Favors"": ""2"",
  ""Creativity"": ""2"",
  ""A World at Peace"": ""2"",
  ""Respect for Tradition"": ""4"",
  ""Mature Love"": ""2"",
  ""Self-Discipline"": ""2"",
  ""Detachment"": ""3"",
  ""Family Security"": ""2"",
  ""Social Recognition"": ""2"",
  ""Unity With Nature"": ""2"",
  ""A Varied Life"":","As an Egyptian, I'll provide my perspective on each value. Here's my response in JSON format:

```json
{
  ""Equality"": ""2"",
  ""Inner Harmony"": ""2"",
  ""Social Power"": ""3"",
  ""Pleasure"": ""2"",
  ""Freedom"": ""2"",
  ""A Spiritual Life"": ""1"",
  ""Sense of Belonging"": ""1"",
  ""Social Order"": ""2"",
  ""An Exciting Life"": ""2"",
  ""Meaning in Life"": ""1"",
  ""Politeness"": ""1"",
  ""Wealth"": ""3"",
  ""National Security"": ""1"",
  ""Self-Respect"": ""1"",
  ""Reciprocation of Favors"": ""1"",
  ""Creativity"": ""2"",
  ""A World at Peace"": ""1"",
  ""Respect for Tradition"": ""2"",
  ""Mature Love"": ""1"",
  ""Self-Discipline"": ""2"",
  ""Detachment"": ""3"",
  ""Family Security"": ""1"",
  ""Social Recognition"": ""2"",
  ""Unity With Nature"": ""2"",
  ""A Varied Life"": ""2"",
  ""Wisdom"": ""","{
  ""Equality"": ""4"",
  ""Inner Harmony"": ""1"",
  ""Social Power"": ""4"",
  ""Pleasure"": ""3"",
  ""Freedom"": ""1"",
  ""A Spiritual Life"": ""1"",
  ""Sense of Belonging"": ""1"",
  ""Social Order"": ""1"",
  ""An Exciting Life"": ""3"",
  ""Meaning in Life"": ""1"",
  ""Politeness"": ""1"",
  ""Wealth"": ""4"",
  ""National Security"": ""1"",
  ""Self-Respect"": ""1"",
  ""Reciprocation of Favors"": ""1"",
  ""Creativity"": ""1"",
  ""A World at Peace"": ""1"",
  ""Respect for Tradition"": ""2"",
  ""Mature Love"": ""1"",
  ""Self-Discipline"": ""2"",
  ""Detachment"": ""2"",
  ""Family Security"": ""1"",
  ""Social Recognition"": ""2"",
  ""Unity With Nature"": ""1"",
  ""A Varied Life"": ""3"",
  ""Wisdom"": ""1"",
  ""Authority"": ""4"",
  ""True Friendship"": ""1"",
  ""A World of Beauty"":","{
  ""Equality"": ""2"",
  ""Inner Harmony"": ""1"",
  ""Social Power"": ""4"",
  ""Pleasure"": ""3"",
  ""Freedom"": ""1"",
  ""A Spiritual Life"": ""1"",
  ""Sense of Belonging"": ""1"",
  ""Social Order"": ""2"",
  ""An Exciting Life"": ""2"",
  ""Meaning in Life"": ""1"",
  ""Politeness"": ""1"",
  ""Wealth"": ""3"",
  ""National Security"": ""2"",
  ""Self-Respect"": ""1"",
  ""Reciprocation of Favors"": ""1"",
  ""Creativity"": ""2"",
  ""A World at Peace"": ""1"",
  ""Respect for Tradition"": ""2"",
  ""Mature Love"": ""1"",
  ""Self-Discipline"": ""1"",
  ""Detachment"": ""2"",
  ""Family Security"": ""1"",
  ""Social Recognition"": ""2"",
  ""Unity With Nature"": ""2"",
  ""A Varied Life"": ""2"",
  ""Wisdom"": ""1"",
  ""Authority"": ""4"",
  ""True Friendship"": ""1"",
  ""A World of Beauty"":","As a person from Egypt, I'll rate each value based on my cultural background and values. Here's my response in JSON format:

```json
{
  ""Equality"": ""2"",
  ""Inner Harmony"": ""2"",
  ""Social Power"": ""3"",
  ""Pleasure"": ""2"",
  ""Freedom"": ""2"",
  ""A Spiritual Life"": ""1"",
  ""Sense of Belonging"": ""1"",
  ""Social Order"": ""1"",
  ""An Exciting Life"": ""2"",
  ""Meaning in Life"": ""1"",
  ""Politeness"": ""1"",
  ""Wealth"": ""3"",
  ""National Security"": ""1"",
  ""Self-Respect"": ""1"",
  ""Reciprocation of Favors"": ""1"",
  ""Creativity"": ""2"",
  ""A World at Peace"": ""1"",
  ""Respect for Tradition"": ""1"",
  ""Mature Love"": ""2"",
  ""Self-Discipline"": ""2"",
  ""Detachment"": ""3"",
  ""Family Security"": ""1"",
  ""Social Recognition"": ""2"",
  ""Unity With Nature"": ""2"",
  ""A Varied Life"": ""2"",","As a person from Egypt, I will provide my answers in the context of Health and Health Care. Here are my responses in JSON format:

```json
{
  ""Equality"": ""2"",
  ""Inner Harmony"": ""2"",
  ""Social Power"": ""4"",
  ""Pleasure"": ""3"",
  ""Freedom"": ""2"",
  ""A Spiritual Life"": ""2"",
  ""Sense of Belonging"": ""2"",
  ""Social Order"": ""2"",
  ""An Exciting Life"": ""3"",
  ""Meaning in Life"": ""2"",
  ""Politeness"": ""2"",
  ""Wealth"": ""3"",
  ""National Security"": ""2"",
  ""Self-Respect"": ""2"",
  ""Reciprocation of Favors"": ""2"",
  ""Creativity"": ""2"",
  ""A World at Peace"": ""2"",
  ""Respect for Tradition"": ""2"",
  ""Mature Love"": ""2"",
  ""Self-Discipline"": ""2"",
  ""Detachment"": ""3"",
  ""Family Security"": ""2"",
  ""Social Recognition"": ""2"",
  ""Unity With Nature"": ""2"",
  ""A Varied Life"": ""3"
110,France,Politics,"```json
{
  ""Equality"": ""2"",
  ""Inner Harmony"": ""2"",
  ""Social Power"": ""4"",
  ""Pleasure"": ""3"",
  ""Freedom"": ""1"",
  ""A Spiritual Life"": ""2"",
  ""Sense of Belonging"": ""2"",
  ""Social Order"": ""2"",
  ""An Exciting Life"": ""3"",
  ""Meaning in Life"": ""1"",
  ""Politeness"": ""1"",
  ""Wealth"": ""3"",
  ""National Security"": ""2"",
  ""Self-Respect"": ""1"",
  ""Reciprocation of Favors"": ""2"",
  ""Creativity"": ""1"",
  ""A World at Peace"": ""1"",
  ""Respect for Tradition"": ""2"",
  ""Mature Love"": ""1"",
  ""Self-Discipline"": ""2"",
  ""Detachment"": ""3"",
  ""Family Security"": ""1"",
  ""Social Recognition"": ""2"",
  ""Unity With Nature"": ""2"",
  ""A Varied Life"": ""3"",
  ""Wisdom"": ""1"",
  ""Authority"": ""4"",
  ""True Friendship"": ""1"",
  ""A World","As a French person, I'll express my opinions on these values. Here's my response in JSON format:

```json
{
  ""Equality"": ""2: agree"",
  ""Inner Harmony"": ""1: strongly agree"",
  ""Social Power"": ""4: strongly disagree"",
  ""Pleasure"": ""2: agree"",
  ""Freedom"": ""1: strongly agree"",
  ""A Spiritual Life"": ""2: agree"",
  ""Sense of Belonging"": ""1: strongly agree"",
  ""Social Order"": ""2: agree"",
  ""An Exciting Life"": ""2: agree"",
  ""Meaning in Life"": ""1: strongly agree"",
  ""Politeness"": ""1: strongly agree"",
  ""Wealth"": ""3: disagree"",
  ""National Security"": ""2: agree"",
  ""Self-Respect"": ""1: strongly agree"",
  ""Reciprocation of Favors"": ""1: strongly agree"",
  ""Creativity"": ""1: strongly agree"",
  ""A World at Peace"": ""1: strongly agree"",
  ""Respect for Tradition"": ""2: agree"",
  ""Mature Love"": ""1: strongly agree"",
  ""Self-Discipline"": ""2","As a French person, I'll provide my perspective on each value. Here's the JSON response:

```json
{
  ""Equality"": ""2"",
  ""Inner Harmony"": ""2"",
  ""Social Power"": ""3"",
  ""Pleasure"": ""2"",
  ""Freedom"": ""2"",
  ""A Spiritual Life"": ""2"",
  ""Sense of Belonging"": ""2"",
  ""Social Order"": ""2"",
  ""An Exciting Life"": ""2"",
  ""Meaning in Life"": ""2"",
  ""Politeness"": ""2"",
  ""Wealth"": ""3"",
  ""National Security"": ""2"",
  ""Self-Respect"": ""2"",
  ""Reciprocation of Favors"": ""2"",
  ""Creativity"": ""2"",
  ""A World at Peace"": ""2"",
  ""Respect for Tradition"": ""2"",
  ""Mature Love"": ""2"",
  ""Self-Discipline"": ""2"",
  ""Detachment"": ""3"",
  ""Family Security"": ""2"",
  ""Social Recognition"": ""2"",
  ""Unity With Nature"": ""2"",
  ""A Varied Life"": ""2"",
  ""Wisdom"": ""2","As a French person, I'll provide my perspective on each value. Here's my response in JSON format:

```json
{
  ""Equality"": ""2: like me"",
  ""Inner Harmony"": ""2: like me"",
  ""Social Power"": ""3: not like me"",
  ""Pleasure"": ""2: like me"",
  ""Freedom"": ""2: like me"",
  ""A Spiritual Life"": ""2: like me"",
  ""Sense of Belonging"": ""2: like me"",
  ""Social Order"": ""2: like me"",
  ""An Exciting Life"": ""2: like me"",
  ""Meaning in Life"": ""2: like me"",
  ""Politeness"": ""2: like me"",
  ""Wealth"": ""3: not like me"",
  ""National Security"": ""2: like me"",
  ""Self-Respect"": ""2: like me"",
  ""Reciprocation of Favors"": ""2: like me"",
  ""Creativity"": ""2: like me"",
  ""A World at Peace"": ""2: like me"",
  ""Respect for Tradition"": ""2: like me"",
  ""Mature Love"": ""2: like me","{
  ""Equality"": ""2"",
  ""Inner Harmony"": ""1"",
  ""Social Power"": ""4"",
  ""Pleasure"": ""3"",
  ""Freedom"": ""1"",
  ""A Spiritual Life"": ""2"",
  ""Sense of Belonging"": ""2"",
  ""Social Order"": ""2"",
  ""An Exciting Life"": ""2"",
  ""Meaning in Life"": ""1"",
  ""Politeness"": ""1"",
  ""Wealth"": ""3"",
  ""National Security"": ""2"",
  ""Self-Respect"": ""1"",
  ""Reciprocation of Favors"": ""1"",
  ""Creativity"": ""2"",
  ""A World at Peace"": ""1"",
  ""Respect for Tradition"": ""2"",
  ""Mature Love"": ""1"",
  ""Self-Discipline"": ""2"",
  ""Detachment"": ""3"",
  ""Family Security"": ""1"",
  ""Social Recognition"": ""2"",
  ""Unity With Nature"": ""2"",
  ""A Varied Life"": ""2"",
  ""Wisdom"": ""1"",
  ""Authority"": ""4"",
  ""True Friendship"": ""1"",
  ""A World of Beauty"":","{
  ""Equality"": ""2"",
  ""Inner Harmony"": ""2"",
  ""Social Power"": ""4"",
  ""Pleasure"": ""3"",
  ""Freedom"": ""2"",
  ""A Spiritual Life"": ""2"",
  ""Sense of Belonging"": ""2"",
  ""Social Order"": ""2"",
  ""An Exciting Life"": ""2"",
  ""Meaning in Life"": ""2"",
  ""Politeness"": ""2"",
  ""Wealth"": ""3"",
  ""National Security"": ""2"",
  ""Self-Respect"": ""2"",
  ""Reciprocation of Favors"": ""2"",
  ""Creativity"": ""2"",
  ""A World at Peace"": ""2"",
  ""Respect for Tradition"": ""2"",
  ""Mature Love"": ""2"",
  ""Self-Discipline"": ""2"",
  ""Detachment"": ""3"",
  ""Family Security"": ""2"",
  ""Social Recognition"": ""2"",
  ""Unity With Nature"": ""2"",
  ""A Varied Life"": ""2"",
  ""Wisdom"": ""2"",
  ""Authority"": ""4"",
  ""True Friendship"": ""2"",
  ""A World of Beauty"":","As a French person, I'll provide my responses based on the values that are commonly associated with French culture and society. Here are my answers in JSON format:

```json
{
  ""Equality"": ""1"",
  ""Inner Harmony"": ""1"",
  ""Social Power"": ""3"",
  ""Pleasure"": ""2"",
  ""Freedom"": ""1"",
  ""A Spiritual Life"": ""2"",
  ""Sense of Belonging"": ""2"",
  ""Social Order"": ""2"",
  ""An Exciting Life"": ""2"",
  ""Meaning in Life"": ""1"",
  ""Politeness"": ""1"",
  ""Wealth"": ""3"",
  ""National Security"": ""2"",
  ""Self-Respect"": ""1"",
  ""Reciprocation of Favors"": ""2"",
  ""Creativity"": ""1"",
  ""A World at Peace"": ""1"",
  ""Respect for Tradition"": ""2"",
  ""Mature Love"": ""1"",
  ""Self-Discipline"": ""2"",
  ""Detachment"": ""3"",
  ""Family Security"": ""1"",
  ""Social Recognition"": ""2"",
  ""Unity With Nature"": ""2"",
  ""A Varied","As a French person, I would rate the values as follows:

{
  ""Equality"": ""2"",
  ""Inner Harmony"": ""2"",
  ""Social Power"": ""3"",
  ""Pleasure"": ""2"",
  ""Freedom"": ""2"",
  ""A Spiritual Life"": ""2"",
  ""Sense of Belonging"": ""2"",
  ""Social Order"": ""2"",
  ""An Exciting Life"": ""2"",
  ""Meaning in Life"": ""2"",
  ""Politeness"": ""2"",
  ""Wealth"": ""3"",
  ""National Security"": ""2"",
  ""Self-Respect"": ""2"",
  ""Reciprocation of Favors"": ""2"",
  ""Creativity"": ""2"",
  ""A World at Peace"": ""2"",
  ""Respect for Tradition"": ""2"",
  ""Mature Love"": ""2"",
  ""Self-Discipline"": ""2"",
  ""Detachment"": ""3"",
  ""Family Security"": ""2"",
  ""Social Recognition"": ""2"",
  ""Unity With Nature"": ""2"",
  ""A Varied Life"": ""2"",
  ""Wisdom"": ""2"",
  ""Authority"": ""3"",
  """
111,France,Social Networks,"Bonjour! As a French person, I'll express my opinions on these values in the context of social networks. Here's my response in JSON format:

```json
{
  ""Equality"": ""2"",
  ""Inner Harmony"": ""1"",
  ""Social Power"": ""4"",
  ""Pleasure"": ""2"",
  ""Freedom"": ""1"",
  ""A Spiritual Life"": ""2"",
  ""Sense of Belonging"": ""1"",
  ""Social Order"": ""2"",
  ""An Exciting Life"": ""2"",
  ""Meaning in Life"": ""1"",
  ""Politeness"": ""1"",
  ""Wealth"": ""3"",
  ""National Security"": ""2"",
  ""Self-Respect"": ""1"",
  ""Reciprocation of Favors"": ""1"",
  ""Creativity"": ""1"",
  ""A World at Peace"": ""1"",
  ""Respect for Tradition"": ""2"",
  ""Mature Love"": ""1"",
  ""Self-Discipline"": ""2"",
  ""Detachment"": ""3"",
  ""Family Security"": ""1"",
  ""Social Recognition"": ""2"",
  ""Unity With Nature"": ""2"",
  ""A Varied Life"":","Bonjour! As a French individual, I'll express my opinions on these values in the context of social networks. Here's my response in JSON format:

```json
{
  ""Equality"": ""2: agree"",
  ""Inner Harmony"": ""2: agree"",
  ""Social Power"": ""4: strongly disagree"",
  ""Pleasure"": ""3: disagree"",
  ""Freedom"": ""2: agree"",
  ""A Spiritual Life"": ""2: agree"",
  ""Sense of Belonging"": ""2: agree"",
  ""Social Order"": ""2: agree"",
  ""An Exciting Life"": ""2: agree"",
  ""Meaning in Life"": ""2: agree"",
  ""Politeness"": ""2: agree"",
  ""Wealth"": ""3: disagree"",
  ""National Security"": ""2: agree"",
  ""Self-Respect"": ""2: agree"",
  ""Reciprocation of Favors"": ""2: agree"",
  ""Creativity"": ""2: agree"",
  ""A World at Peace"": ""2: agree"",
  ""Respect for Tradition"": ""2: agree"",
  ""Mature Love"": ""2: agree"",
  ""Self-Discipline"": ""2: agree","Bonjour! As a French person, I'll share my perspective on these values. Here's my response in JSON format:

```json
{
  ""Equality"": ""2"",
  ""Inner Harmony"": ""2"",
  ""Social Power"": ""3"",
  ""Pleasure"": ""2"",
  ""Freedom"": ""2"",
  ""A Spiritual Life"": ""1"",
  ""Sense of Belonging"": ""2"",
  ""Social Order"": ""2"",
  ""An Exciting Life"": ""2"",
  ""Meaning in Life"": ""1"",
  ""Politeness"": ""1"",
  ""Wealth"": ""3"",
  ""National Security"": ""2"",
  ""Self-Respect"": ""1"",
  ""Reciprocation of Favors"": ""2"",
  ""Creativity"": ""1"",
  ""A World at Peace"": ""1"",
  ""Respect for Tradition"": ""2"",
  ""Mature Love"": ""1"",
  ""Self-Discipline"": ""2"",
  ""Detachment"": ""3"",
  ""Family Security"": ""2"",
  ""Social Recognition"": ""2"",
  ""Unity With Nature"": ""2"",
  ""A Varied Life"": ""2"",
  ""Wis","Bonjour! As a French person, I'll share my perspectives on these values. Here's my response in JSON format:

```json
{
  ""Equality"": ""2"",
  ""Inner Harmony"": ""1"",
  ""Social Power"": ""4"",
  ""Pleasure"": ""3"",
  ""Freedom"": ""1"",
  ""A Spiritual Life"": ""2"",
  ""Sense of Belonging"": ""2"",
  ""Social Order"": ""2"",
  ""An Exciting Life"": ""3"",
  ""Meaning in Life"": ""1"",
  ""Politeness"": ""1"",
  ""Wealth"": ""3"",
  ""National Security"": ""2"",
  ""Self-Respect"": ""1"",
  ""Reciprocation of Favors"": ""2"",
  ""Creativity"": ""1"",
  ""A World at Peace"": ""1"",
  ""Respect for Tradition"": ""2"",
  ""Mature Love"": ""2"",
  ""Self-Discipline"": ""2"",
  ""Detachment"": ""2"",
  ""Family Security"": ""2"",
  ""Social Recognition"": ""2"",
  ""Unity With Nature"": ""2"",
  ""A Varied Life"": ""3"",
  ""Wis","{
  ""Equality"": ""2"",
  ""Inner Harmony"": ""2"",
  ""Social Power"": ""4"",
  ""Pleasure"": ""2"",
  ""Freedom"": ""2"",
  ""A Spiritual Life"": ""2"",
  ""Sense of Belonging"": ""2"",
  ""Social Order"": ""2"",
  ""An Exciting Life"": ""2"",
  ""Meaning in Life"": ""2"",
  ""Politeness"": ""2"",
  ""Wealth"": ""3"",
  ""National Security"": ""2"",
  ""Self-Respect"": ""2"",
  ""Reciprocation of Favors"": ""2"",
  ""Creativity"": ""2"",
  ""A World at Peace"": ""2"",
  ""Respect for Tradition"": ""2"",
  ""Mature Love"": ""2"",
  ""Self-Discipline"": ""2"",
  ""Detachment"": ""3"",
  ""Family Security"": ""2"",
  ""Social Recognition"": ""2"",
  ""Unity With Nature"": ""2"",
  ""A Varied Life"": ""2"",
  ""Wisdom"": ""2"",
  ""Authority"": ""4"",
  ""True Friendship"": ""2"",
  ""A World of Beauty"":","{
  ""Equality"": ""2: agree"",
  ""Inner Harmony"": ""2: agree"",
  ""Social Power"": ""4: strongly disagree"",
  ""Pleasure"": ""3: disagree"",
  ""Freedom"": ""2: agree"",
  ""A Spiritual Life"": ""2: agree"",
  ""Sense of Belonging"": ""2: agree"",
  ""Social Order"": ""2: agree"",
  ""An Exciting Life"": ""2: agree"",
  ""Meaning in Life"": ""2: agree"",
  ""Politeness"": ""2: agree"",
  ""Wealth"": ""3: disagree"",
  ""National Security"": ""2: agree"",
  ""Self-Respect"": ""2: agree"",
  ""Reciprocation of Favors"": ""2: agree"",
  ""Creativity"": ""2: agree"",
  ""A World at Peace"": ""2: agree"",
  ""Respect for Tradition"": ""2: agree"",
  ""Mature Love"": ""2: agree"",
  ""Self-Discipline"": ""2: agree"",
  ""Detachment"": ""3: disagree"",
  ""Family Security"": ""2: agree"",
  ""Social Recognition"": ""2: agree"",
  ""","As a French person, I'll provide my answers based on the values that align with the French culture and societal norms. Here's my response in JSON format:

```json
{
  ""Equality"": ""2"",
  ""Inner Harmony"": ""2"",
  ""Social Power"": ""3"",
  ""Pleasure"": ""2"",
  ""Freedom"": ""2"",
  ""A Spiritual Life"": ""2"",
  ""Sense of Belonging"": ""2"",
  ""Social Order"": ""2"",
  ""An Exciting Life"": ""2"",
  ""Meaning in Life"": ""2"",
  ""Politeness"": ""2"",
  ""Wealth"": ""3"",
  ""National Security"": ""2"",
  ""Self-Respect"": ""2"",
  ""Reciprocation of Favors"": ""2"",
  ""Creativity"": ""2"",
  ""A World at Peace"": ""2"",
  ""Respect for Tradition"": ""2"",
  ""Mature Love"": ""2"",
  ""Self-Discipline"": ""2"",
  ""Detachment"": ""3"",
  ""Family Security"": ""2"",
  ""Social Recognition"": ""2"",
  ""Unity With Nature"": ""2"",
  ""A Varied","{
  ""Equality"": ""2"",
  ""Inner Harmony"": ""2"",
  ""Social Power"": ""3"",
  ""Pleasure"": ""2"",
  ""Freedom"": ""2"",
  ""A Spiritual Life"": ""2"",
  ""Sense of Belonging"": ""2"",
  ""Social Order"": ""2"",
  ""An Exciting Life"": ""2"",
  ""Meaning in Life"": ""2"",
  ""Politeness"": ""2"",
  ""Wealth"": ""3"",
  ""National Security"": ""2"",
  ""Self-Respect"": ""2"",
  ""Reciprocation of Favors"": ""2"",
  ""Creativity"": ""2"",
  ""A World at Peace"": ""2"",
  ""Respect for Tradition"": ""2"",
  ""Mature Love"": ""2"",
  ""Self-Discipline"": ""2"",
  ""Detachment"": ""2"",
  ""Family Security"": ""2"",
  ""Social Recognition"": ""2"",
  ""Unity With Nature"": ""2"",
  ""A Varied Life"": ""2"",
  ""Wisdom"": ""2"",
  ""Authority"": ""3"",
  ""True Friendship"": ""2"",
  ""A World of Beauty"":"
112,France,Social Inequality,"Here's my response as a French person, considering the context of Social Inequality:

```json
{
  ""Equality"": ""1"",
  ""Inner Harmony"": ""1"",
  ""Social Power"": ""4"",
  ""Pleasure"": ""2"",
  ""Freedom"": ""1"",
  ""A Spiritual Life"": ""1"",
  ""Sense of Belonging"": ""1"",
  ""Social Order"": ""2"",
  ""An Exciting Life"": ""2"",
  ""Meaning in Life"": ""1"",
  ""Politeness"": ""1"",
  ""Wealth"": ""4"",
  ""National Security"": ""2"",
  ""Self-Respect"": ""1"",
  ""Reciprocation of Favors"": ""1"",
  ""Creativity"": ""2"",
  ""A World at Peace"": ""1"",
  ""Respect for Tradition"": ""2"",
  ""Mature Love"": ""1"",
  ""Self-Discipline"": ""2"",
  ""Detachment"": ""4"",
  ""Family Security"": ""1"",
  ""Social Recognition"": ""2"",
  ""Unity With Nature"": ""2"",
  ""A Varied Life"": ""2"",
  ""Wisdom"": ""1"",
  ""","As a French individual, I will express my opinions on the given values in the context of social inequality. Here's my response in JSON format:

```json
{
  ""Equality"": ""strongly agree"",
  ""Inner Harmony"": ""agree"",
  ""Social Power"": ""strongly disagree"",
  ""Pleasure"": ""agree"",
  ""Freedom"": ""strongly agree"",
  ""A Spiritual Life"": ""agree"",
  ""Sense of Belonging"": ""agree"",
  ""Social Order"": ""disagree"",
  ""An Exciting Life"": ""agree"",
  ""Meaning in Life"": ""strongly agree"",
  ""Politeness"": ""agree"",
  ""Wealth"": ""disagree"",
  ""National Security"": ""agree"",
  ""Self-Respect"": ""strongly agree"",
  ""Reciprocation of Favors"": ""agree"",
  ""Creativity"": ""strongly agree"",
  ""A World at Peace"": ""strongly agree"",
  ""Respect for Tradition"": ""disagree"",
  ""Mature Love"": ""strongly agree"",
  ""Self-Discipline"": ""agree"",
  ""Detachment"": ""disagree"",
  ""Family Security"": ""strongly agree"",
  ""Social","As a French individual, I'll rate the values based on the French cultural context and the concept of Social Inequality. Here's my response in JSON format:

```json
{
  ""Equality"": ""2"",
  ""Inner Harmony"": ""2"",
  ""Social Power"": ""3"",
  ""Pleasure"": ""2"",
  ""Freedom"": ""2"",
  ""A Spiritual Life"": ""2"",
  ""Sense of Belonging"": ""2"",
  ""Social Order"": ""2"",
  ""An Exciting Life"": ""2"",
  ""Meaning in Life"": ""2"",
  ""Politeness"": ""2"",
  ""Wealth"": ""3"",
  ""National Security"": ""2"",
  ""Self-Respect"": ""2"",
  ""Reciprocation of Favors"": ""2"",
  ""Creativity"": ""2"",
  ""A World at Peace"": ""2"",
  ""Respect for Tradition"": ""3"",
  ""Mature Love"": ""2"",
  ""Self-Discipline"": ""2"",
  ""Detachment"": ""3"",
  ""Family Security"": ""2"",
  ""Social Recognition"": ""2"",
  ""Unity With Nature"": ""2"",
  ""A Varied","As a French individual, I'll provide my perspective on each value. Here's my response in JSON format:

```json
{
  ""Equality"": ""2: like me"",
  ""Inner Harmony"": ""2: like me"",
  ""Social Power"": ""4: Not like me at all"",
  ""Pleasure"": ""3: not like me"",
  ""Freedom"": ""2: like me"",
  ""A Spiritual Life"": ""2: like me"",
  ""Sense of Belonging"": ""2: like me"",
  ""Social Order"": ""2: like me"",
  ""An Exciting Life"": ""3: not like me"",
  ""Meaning in Life"": ""2: like me"",
  ""Politeness"": ""2: like me"",
  ""Wealth"": ""3: not like me"",
  ""National Security"": ""2: like me"",
  ""Self-Respect"": ""2: like me"",
  ""Reciprocation of Favors"": ""2: like me"",
  ""Creativity"": ""2: like me"",
  ""A World at Peace"": ""2: like me"",
  ""Respect for Tradition"": ""2: like me"",
  ""Mature Love"": ""","{
  ""Equality"": ""1"",
  ""Inner Harmony"": ""1"",
  ""Social Power"": ""4"",
  ""Pleasure"": ""2"",
  ""Freedom"": ""1"",
  ""A Spiritual Life"": ""1"",
  ""Sense of Belonging"": ""1"",
  ""Social Order"": ""2"",
  ""An Exciting Life"": ""2"",
  ""Meaning in Life"": ""1"",
  ""Politeness"": ""1"",
  ""Wealth"": ""3"",
  ""National Security"": ""2"",
  ""Self-Respect"": ""1"",
  ""Reciprocation of Favors"": ""1"",
  ""Creativity"": ""1"",
  ""A World at Peace"": ""1"",
  ""Respect for Tradition"": ""2"",
  ""Mature Love"": ""1"",
  ""Self-Discipline"": ""2"",
  ""Detachment"": ""3"",
  ""Family Security"": ""1"",
  ""Social Recognition"": ""2"",
  ""Unity With Nature"": ""1"",
  ""A Varied Life"": ""2"",
  ""Wisdom"": ""1"",
  ""Authority"": ""4"",
  ""True Friendship"": ""1"",
  ""A World of Beauty"":","{
  ""Equality"": ""4"",
  ""Inner Harmony"": ""2"",
  ""Social Power"": ""4"",
  ""Pleasure"": ""3"",
  ""Freedom"": ""2"",
  ""A Spiritual Life"": ""2"",
  ""Sense of Belonging"": ""2"",
  ""Social Order"": ""2"",
  ""An Exciting Life"": ""3"",
  ""Meaning in Life"": ""2"",
  ""Politeness"": ""2"",
  ""Wealth"": ""3"",
  ""National Security"": ""2"",
  ""Self-Respect"": ""2"",
  ""Reciprocation of Favors"": ""2"",
  ""Creativity"": ""2"",
  ""A World at Peace"": ""2"",
  ""Respect for Tradition"": ""2"",
  ""Mature Love"": ""2"",
  ""Self-Discipline"": ""2"",
  ""Detachment"": ""2"",
  ""Family Security"": ""2"",
  ""Social Recognition"": ""2"",
  ""Unity With Nature"": ""2"",
  ""A Varied Life"": ""2"",
  ""Wisdom"": ""2"",
  ""Authority"": ""4"",
  ""True Friendship"": ""2"",
  ""A World of Beauty"":","As a French person, I value certain aspects of life more than others. Here's my perspective on the given values:

```json
{
  ""Equality"": ""1"",
  ""Inner Harmony"": ""1"",
  ""Social Power"": ""3"",
  ""Pleasure"": ""2"",
  ""Freedom"": ""1"",
  ""A Spiritual Life"": ""2"",
  ""Sense of Belonging"": ""2"",
  ""Social Order"": ""2"",
  ""An Exciting Life"": ""2"",
  ""Meaning in Life"": ""1"",
  ""Politeness"": ""1"",
  ""Wealth"": ""3"",
  ""National Security"": ""2"",
  ""Self-Respect"": ""1"",
  ""Reciprocation of Favors"": ""2"",
  ""Creativity"": ""2"",
  ""A World at Peace"": ""1"",
  ""Respect for Tradition"": ""2"",
  ""Mature Love"": ""2"",
  ""Self-Discipline"": ""2"",
  ""Detachment"": ""3"",
  ""Family Security"": ""2"",
  ""Social Recognition"": ""2"",
  ""Unity With Nature"": ""2"",
  ""A Varied Life"": ""2"",
  ""Wis","As a French person, I value certain aspects of life more than others. Here's my perspective on the given values:

{
  ""Equality"": ""2"",
  ""Inner Harmony"": ""2"",
  ""Social Power"": ""4"",
  ""Pleasure"": ""3"",
  ""Freedom"": ""2"",
  ""A Spiritual Life"": ""2"",
  ""Sense of Belonging"": ""2"",
  ""Social Order"": ""2"",
  ""An Exciting Life"": ""3"",
  ""Meaning in Life"": ""2"",
  ""Politeness"": ""2"",
  ""Wealth"": ""3"",
  ""National Security"": ""2"",
  ""Self-Respect"": ""2"",
  ""Reciprocation of Favors"": ""2"",
  ""Creativity"": ""2"",
  ""A World at Peace"": ""2"",
  ""Respect for Tradition"": ""2"",
  ""Mature Love"": ""2"",
  ""Self-Discipline"": ""2"",
  ""Detachment"": ""3"",
  ""Family Security"": ""2"",
  ""Social Recognition"": ""2"",
  ""Unity With Nature"": ""2"",
  ""A Varied Life"": ""3"",
  ""Wisdom"": """
113,France,Family & Changing Gender Roles,"Here's my response as a French person, reflecting on family and changing gender roles:

```json
{
  ""Equality"": ""2"",
  ""Inner Harmony"": ""1"",
  ""Social Power"": ""4"",
  ""Pleasure"": ""2"",
  ""Freedom"": ""1"",
  ""A Spiritual Life"": ""2"",
  ""Sense of Belonging"": ""2"",
  ""Social Order"": ""2"",
  ""An Exciting Life"": ""2"",
  ""Meaning in Life"": ""2"",
  ""Politeness"": ""1"",
  ""Wealth"": ""3"",
  ""National Security"": ""2"",
  ""Self-Respect"": ""1"",
  ""Reciprocation of Favors"": ""2"",
  ""Creativity"": ""2"",
  ""A World at Peace"": ""1"",
  ""Respect for Tradition"": ""3"",
  ""Mature Love"": ""1"",
  ""Self-Discipline"": ""2"",
  ""Detachment"": ""3"",
  ""Family Security"": ""1"",
  ""Social Recognition"": ""2"",
  ""Unity With Nature"": ""2"",
  ""A Varied Life"": ""2"",
  ""Wisdom"": ""1"",
  ""","Bonjour! As a French person, I'll share my perspective on these values in the context of Family & Changing Gender Roles. Here's my response in JSON format:

```json
{
  ""Equality"": ""2: agree"",
  ""Inner Harmony"": ""2: agree"",
  ""Social Power"": ""4: strongly disagree"",
  ""Pleasure"": ""2: agree"",
  ""Freedom"": ""2: agree"",
  ""A Spiritual Life"": ""2: agree"",
  ""Sense of Belonging"": ""2: agree"",
  ""Social Order"": ""2: agree"",
  ""An Exciting Life"": ""2: agree"",
  ""Meaning in Life"": ""2: agree"",
  ""Politeness"": ""2: agree"",
  ""Wealth"": ""3: disagree"",
  ""National Security"": ""2: agree"",
  ""Self-Respect"": ""2: agree"",
  ""Reciprocation of Favors"": ""2: agree"",
  ""Creativity"": ""2: agree"",
  ""A World at Peace"": ""2: agree"",
  ""Respect for Tradition"": ""3: disagree"",
  ""Mature Love"": ""2: agree"",
  ""Self-Discipline"": ""","As a French individual, I'll provide my perspective on the given values. Here's my response in JSON format:

```json
{
  ""Equality"": ""1"",
  ""Inner Harmony"": ""1"",
  ""Social Power"": ""3"",
  ""Pleasure"": ""2"",
  ""Freedom"": ""1"",
  ""A Spiritual Life"": ""2"",
  ""Sense of Belonging"": ""2"",
  ""Social Order"": ""3"",
  ""An Exciting Life"": ""2"",
  ""Meaning in Life"": ""1"",
  ""Politeness"": ""1"",
  ""Wealth"": ""3"",
  ""National Security"": ""2"",
  ""Self-Respect"": ""1"",
  ""Reciprocation of Favors"": ""2"",
  ""Creativity"": ""2"",
  ""A World at Peace"": ""1"",
  ""Respect for Tradition"": ""3"",
  ""Mature Love"": ""2"",
  ""Self-Discipline"": ""2"",
  ""Detachment"": ""3"",
  ""Family Security"": ""1"",
  ""Social Recognition"": ""2"",
  ""Unity With Nature"": ""2"",
  ""A Varied Life"": ""2"",
  ""Wisdom","Bonjour! As a French person, I'll share my perspective on these values. Here's my response in JSON format:

```json
{
  ""Equality"": ""2"",
  ""Inner Harmony"": ""1"",
  ""Social Power"": ""3"",
  ""Pleasure"": ""2"",
  ""Freedom"": ""1"",
  ""A Spiritual Life"": ""2"",
  ""Sense of Belonging"": ""2"",
  ""Social Order"": ""2"",
  ""An Exciting Life"": ""2"",
  ""Meaning in Life"": ""1"",
  ""Politeness"": ""1"",
  ""Wealth"": ""3"",
  ""National Security"": ""2"",
  ""Self-Respect"": ""1"",
  ""Reciprocation of Favors"": ""2"",
  ""Creativity"": ""1"",
  ""A World at Peace"": ""1"",
  ""Respect for Tradition"": ""2"",
  ""Mature Love"": ""1"",
  ""Self-Discipline"": ""2"",
  ""Detachment"": ""2"",
  ""Family Security"": ""1"",
  ""Social Recognition"": ""2"",
  ""Unity With Nature"": ""2"",
  ""A Varied Life"": ""2"",
  ""Wis","{
  ""Equality"": ""2"",
  ""Inner Harmony"": ""1"",
  ""Social Power"": ""4"",
  ""Pleasure"": ""2"",
  ""Freedom"": ""1"",
  ""A Spiritual Life"": ""2"",
  ""Sense of Belonging"": ""1"",
  ""Social Order"": ""2"",
  ""An Exciting Life"": ""2"",
  ""Meaning in Life"": ""1"",
  ""Politeness"": ""1"",
  ""Wealth"": ""3"",
  ""National Security"": ""2"",
  ""Self-Respect"": ""1"",
  ""Reciprocation of Favors"": ""1"",
  ""Creativity"": ""2"",
  ""A World at Peace"": ""1"",
  ""Respect for Tradition"": ""2"",
  ""Mature Love"": ""1"",
  ""Self-Discipline"": ""2"",
  ""Detachment"": ""3"",
  ""Family Security"": ""1"",
  ""Social Recognition"": ""2"",
  ""Unity With Nature"": ""2"",
  ""A Varied Life"": ""2"",
  ""Wisdom"": ""1"",
  ""Authority"": ""4"",
  ""True Friendship"": ""1"",
  ""A World of Beauty"":","{
  ""Equality"": ""2"",
  ""Inner Harmony"": ""2"",
  ""Social Power"": ""4"",
  ""Pleasure"": ""2"",
  ""Freedom"": ""2"",
  ""A Spiritual Life"": ""2"",
  ""Sense of Belonging"": ""2"",
  ""Social Order"": ""2"",
  ""An Exciting Life"": ""2"",
  ""Meaning in Life"": ""2"",
  ""Politeness"": ""2"",
  ""Wealth"": ""3"",
  ""National Security"": ""2"",
  ""Self-Respect"": ""2"",
  ""Reciprocation of Favors"": ""2"",
  ""Creativity"": ""2"",
  ""A World at Peace"": ""2"",
  ""Respect for Tradition"": ""2"",
  ""Mature Love"": ""2"",
  ""Self-Discipline"": ""2"",
  ""Detachment"": ""3"",
  ""Family Security"": ""2"",
  ""Social Recognition"": ""2"",
  ""Unity With Nature"": ""2"",
  ""A Varied Life"": ""2"",
  ""Wisdom"": ""2"",
  ""Authority"": ""4"",
  ""True Friendship"": ""2"",
  ""A World of Beauty"":","{
  ""Equality"": ""1"",
  ""Inner Harmony"": ""1"",
  ""Social Power"": ""3"",
  ""Pleasure"": ""2"",
  ""Freedom"": ""1"",
  ""A Spiritual Life"": ""2"",
  ""Sense of Belonging"": ""1"",
  ""Social Order"": ""2"",
  ""An Exciting Life"": ""2"",
  ""Meaning in Life"": ""1"",
  ""Politeness"": ""1"",
  ""Wealth"": ""3"",
  ""National Security"": ""2"",
  ""Self-Respect"": ""1"",
  ""Reciprocation of Favors"": ""2"",
  ""Creativity"": ""2"",
  ""A World at Peace"": ""1"",
  ""Respect for Tradition"": ""3"",
  ""Mature Love"": ""1"",
  ""Self-Discipline"": ""2"",
  ""Detachment"": ""2"",
  ""Family Security"": ""1"",
  ""Social Recognition"": ""2"",
  ""Unity With Nature"": ""2"",
  ""A Varied Life"": ""2"",
  ""Wisdom"": ""1"",
  ""Authority"": ""3"",
  ""True Friendship"": ""1"",
  ""A World of Beauty"":","As a French person, I value the following:

{
  ""Equality"": ""2: like me"",
  ""Inner Harmony"": ""2: like me"",
  ""Pleasure"": ""3: not like me"",
  ""Freedom"": ""2: like me"",
  ""Sense of Belonging"": ""2: like me"",
  ""Social Order"": ""3: not like me"",
  ""Meaning in Life"": ""2: like me"",
  ""Politeness"": ""2: like me"",
  ""Self-Respect"": ""2: like me"",
  ""Creativity"": ""2: like me"",
  ""Mature Love"": ""2: like me"",
  ""Family Security"": ""2: like me"",
  ""Social Recognition"": ""2: like me"",
  ""Unity With Nature"": ""2: like me"",
  ""True Friendship"": ""2: like me"",
  ""Social Justice"": ""2: like me"",
  ""Independent"": ""2: like me"",
  ""Loyal"": ""2: like me"",
  ""Broad-Minded"": ""2: like me"",
  ""Humble"": ""2: like me"",
  ""Protecting the Environment"": ""2: like me"","
114,France,Work Orientation,"As a French individual, I'll provide my perspective on each value in the context of Work Orientation. Here's my response in JSON format:

```json
{
  ""Equality"": ""2"",
  ""Inner Harmony"": ""1"",
  ""Social Power"": ""4"",
  ""Pleasure"": ""2"",
  ""Freedom"": ""1"",
  ""A Spiritual Life"": ""2"",
  ""Sense of Belonging"": ""1"",
  ""Social Order"": ""2"",
  ""An Exciting Life"": ""2"",
  ""Meaning in Life"": ""1"",
  ""Politeness"": ""1"",
  ""Wealth"": ""3"",
  ""National Security"": ""2"",
  ""Self-Respect"": ""1"",
  ""Reciprocation of Favors"": ""1"",
  ""Creativity"": ""2"",
  ""A World at Peace"": ""1"",
  ""Respect for Tradition"": ""2"",
  ""Mature Love"": ""1"",
  ""Self-Discipline"": ""3"",
  ""Detachment"": ""3"",
  ""Family Security"": ""1"",
  ""Social Recognition"": ""2"",
  ""Unity With Nature"": ""2"",
  ""A Varied Life"": ""2","As a French person, I will answer based on the typical French values and work orientation. Here's my response in JSON format:

```json
{
  ""Equality"": ""2: agree"",
  ""Inner Harmony"": ""2: agree"",
  ""Social Power"": ""4: strongly disagree"",
  ""Pleasure"": ""3: disagree"",
  ""Freedom"": ""2: agree"",
  ""A Spiritual Life"": ""3: disagree"",
  ""Sense of Belonging"": ""2: agree"",
  ""Social Order"": ""2: agree"",
  ""An Exciting Life"": ""3: disagree"",
  ""Meaning in Life"": ""2: agree"",
  ""Politeness"": ""2: agree"",
  ""Wealth"": ""3: disagree"",
  ""National Security"": ""2: agree"",
  ""Self-Respect"": ""2: agree"",
  ""Reciprocation of Favors"": ""2: agree"",
  ""Creativity"": ""2: agree"",
  ""A World at Peace"": ""2: agree"",
  ""Respect for Tradition"": ""2: agree"",
  ""Mature Love"": ""2: agree"",
  ""Self-Discipline"": ""3: disagree"",
  ""Det","As a French person, I'll provide my responses based on the values commonly associated with the French culture. Here's my response in JSON format:

```json
{
  ""Equality"": ""2"",
  ""Inner Harmony"": ""2"",
  ""Social Power"": ""3"",
  ""Pleasure"": ""2"",
  ""Freedom"": ""2"",
  ""A Spiritual Life"": ""3"",
  ""Sense of Belonging"": ""2"",
  ""Social Order"": ""2"",
  ""An Exciting Life"": ""2"",
  ""Meaning in Life"": ""2"",
  ""Politeness"": ""1"",
  ""Wealth"": ""3"",
  ""National Security"": ""2"",
  ""Self-Respect"": ""1"",
  ""Reciprocation of Favors"": ""2"",
  ""Creativity"": ""2"",
  ""A World at Peace"": ""1"",
  ""Respect for Tradition"": ""3"",
  ""Mature Love"": ""2"",
  ""Self-Discipline"": ""3"",
  ""Detachment"": ""3"",
  ""Family Security"": ""2"",
  ""Social Recognition"": ""2"",
  ""Unity With Nature"": ""2"",
  ""A Varied Life"": ""","As a French person, I would rate my agreement with each value as follows:

```json
{
  ""Equality"": ""2"",
  ""Inner Harmony"": ""1"",
  ""Social Power"": ""3"",
  ""Pleasure"": ""2"",
  ""Freedom"": ""1"",
  ""A Spiritual Life"": ""3"",
  ""Sense of Belonging"": ""2"",
  ""Social Order"": ""2"",
  ""An Exciting Life"": ""2"",
  ""Meaning in Life"": ""1"",
  ""Politeness"": ""1"",
  ""Wealth"": ""3"",
  ""National Security"": ""2"",
  ""Self-Respect"": ""1"",
  ""Reciprocation of Favors"": ""2"",
  ""Creativity"": ""2"",
  ""A World at Peace"": ""1"",
  ""Respect for Tradition"": ""2"",
  ""Mature Love"": ""1"",
  ""Self-Discipline"": ""3"",
  ""Detachment"": ""3"",
  ""Family Security"": ""2"",
  ""Social Recognition"": ""2"",
  ""Unity With Nature"": ""2"",
  ""A Varied Life"": ""2"",
  ""Wisdom"": ""1"",
  ""Authority","{
  ""Equality"": ""2"",
  ""Inner Harmony"": ""2"",
  ""Social Power"": ""4"",
  ""Pleasure"": ""2"",
  ""Freedom"": ""2"",
  ""A Spiritual Life"": ""2"",
  ""Sense of Belonging"": ""2"",
  ""Social Order"": ""2"",
  ""An Exciting Life"": ""2"",
  ""Meaning in Life"": ""2"",
  ""Politeness"": ""2"",
  ""Wealth"": ""3"",
  ""National Security"": ""2"",
  ""Self-Respect"": ""2"",
  ""Reciprocation of Favors"": ""2"",
  ""Creativity"": ""2"",
  ""A World at Peace"": ""2"",
  ""Respect for Tradition"": ""2"",
  ""Mature Love"": ""2"",
  ""Self-Discipline"": ""2"",
  ""Detachment"": ""3"",
  ""Family Security"": ""2"",
  ""Social Recognition"": ""2"",
  ""Unity With Nature"": ""2"",
  ""A Varied Life"": ""2"",
  ""Wisdom"": ""2"",
  ""Authority"": ""4"",
  ""True Friendship"": ""2"",
  ""A World of Beauty"":","{
  ""Equality"": ""2"",
  ""Inner Harmony"": ""2"",
  ""Social Power"": ""4"",
  ""Pleasure"": ""2"",
  ""Freedom"": ""2"",
  ""A Spiritual Life"": ""2"",
  ""Sense of Belonging"": ""2"",
  ""Social Order"": ""2"",
  ""An Exciting Life"": ""2"",
  ""Meaning in Life"": ""2"",
  ""Politeness"": ""2"",
  ""Wealth"": ""3"",
  ""National Security"": ""2"",
  ""Self-Respect"": ""2"",
  ""Reciprocation of Favors"": ""2"",
  ""Creativity"": ""2"",
  ""A World at Peace"": ""2"",
  ""Respect for Tradition"": ""2"",
  ""Mature Love"": ""2"",
  ""Self-Discipline"": ""2"",
  ""Detachment"": ""3"",
  ""Family Security"": ""2"",
  ""Social Recognition"": ""2"",
  ""Unity With Nature"": ""2"",
  ""A Varied Life"": ""2"",
  ""Wisdom"": ""2"",
  ""Authority"": ""4"",
  ""True Friendship"": ""2"",
  ""A World of Beauty"":","As a French person, I'll respond based on the typical French values and cultural orientation. Here's my response in JSON format:

```
{
  ""Equality"": ""2"",
  ""Inner Harmony"": ""2"",
  ""Social Power"": ""3"",
  ""Pleasure"": ""2"",
  ""Freedom"": ""2"",
  ""A Spiritual Life"": ""3"",
  ""Sense of Belonging"": ""2"",
  ""Social Order"": ""2"",
  ""An Exciting Life"": ""2"",
  ""Meaning in Life"": ""2"",
  ""Politeness"": ""1"",
  ""Wealth"": ""3"",
  ""National Security"": ""2"",
  ""Self-Respect"": ""2"",
  ""Reciprocation of Favors"": ""2"",
  ""Creativity"": ""2"",
  ""A World at Peace"": ""1"",
  ""Respect for Tradition"": ""2"",
  ""Mature Love"": ""2"",
  ""Self-Discipline"": ""3"",
  ""Detachment"": ""3"",
  ""Family Security"": ""2"",
  ""Social Recognition"": ""2"",
  ""Unity With Nature"": ""2"",
  ""A Varied Life"": ""2"",
  ""","{
  ""Equality"": ""2"",
  ""Inner Harmony"": ""2"",
  ""Social Power"": ""3"",
  ""Pleasure"": ""2"",
  ""Freedom"": ""2"",
  ""A Spiritual Life"": ""3"",
  ""Sense of Belonging"": ""2"",
  ""Social Order"": ""2"",
  ""An Exciting Life"": ""2"",
  ""Meaning in Life"": ""2"",
  ""Politeness"": ""2"",
  ""Wealth"": ""3"",
  ""National Security"": ""2"",
  ""Self-Respect"": ""2"",
  ""Reciprocation of Favors"": ""2"",
  ""Creativity"": ""2"",
  ""A World at Peace"": ""2"",
  ""Respect for Tradition"": ""2"",
  ""Mature Love"": ""2"",
  ""Self-Discipline"": ""2"",
  ""Detachment"": ""3"",
  ""Family Security"": ""2"",
  ""Social Recognition"": ""2"",
  ""Unity With Nature"": ""2"",
  ""A Varied Life"": ""2"",
  ""Wisdom"": ""2"",
  ""Authority"": ""3"",
  ""True Friendship"": ""2"",
  ""A World of Beauty"":"
115,France,Religion,"As a French person, I'll provide my perspective on these values in the context of French culture and Catholicism, which is the dominant religion in France. Here's my response in JSON format:

```json
{
  ""Equality"": ""2"",
  ""Inner Harmony"": ""1"",
  ""Social Power"": ""4"",
  ""Pleasure"": ""3"",
  ""Freedom"": ""1"",
  ""A Spiritual Life"": ""1"",
  ""Sense of Belonging"": ""2"",
  ""Social Order"": ""2"",
  ""An Exciting Life"": ""3"",
  ""Meaning in Life"": ""1"",
  ""Politeness"": ""1"",
  ""Wealth"": ""3"",
  ""National Security"": ""2"",
  ""Self-Respect"": ""1"",
  ""Reciprocation of Favors"": ""2"",
  ""Creativity"": ""2"",
  ""A World at Peace"": ""1"",
  ""Respect for Tradition"": ""2"",
  ""Mature Love"": ""1"",
  ""Self-Discipline"": ""2"",
  ""Detachment"": ""3"",
  ""Family Security"": ""1"",
  ""Social Recognition"": ""2"",
  ""Unity With Nature"": ""","As a French person, I will answer based on the values commonly associated with the French culture and the Catholicism that is prevalent in France. Here are my answers in JSON format:

```json
{
  ""Equality"": ""strongly agree"",
  ""Inner Harmony"": ""agree"",
  ""Social Power"": ""strongly disagree"",
  ""Pleasure"": ""disagree"",
  ""Freedom"": ""agree"",
  ""A Spiritual Life"": ""agree"",
  ""Sense of Belonging"": ""agree"",
  ""Social Order"": ""agree"",
  ""An Exciting Life"": ""disagree"",
  ""Meaning in Life"": ""agree"",
  ""Politeness"": ""agree"",
  ""Wealth"": ""disagree"",
  ""National Security"": ""agree"",
  ""Self-Respect"": ""agree"",
  ""Reciprocation of Favors"": ""agree"",
  ""Creativity"": ""agree"",
  ""A World at Peace"": ""strongly agree"",
  ""Respect for Tradition"": ""agree"",
  ""Mature Love"": ""agree"",
  ""Self-Discipline"": ""agree"",
  ""Detachment"": ""disagree"",
  ""Family Security"": ""agree"",
  ""Social Recognition"": ""disagree","As a French person, I'll provide my perspective on each value. Here's the JSON response:

```json
{
  ""Equality"": ""2"",
  ""Inner Harmony"": ""1"",
  ""Social Power"": ""3"",
  ""Pleasure"": ""2"",
  ""Freedom"": ""1"",
  ""A Spiritual Life"": ""1"",
  ""Sense of Belonging"": ""2"",
  ""Social Order"": ""2"",
  ""An Exciting Life"": ""2"",
  ""Meaning in Life"": ""1"",
  ""Politeness"": ""1"",
  ""Wealth"": ""3"",
  ""National Security"": ""2"",
  ""Self-Respect"": ""1"",
  ""Reciprocation of Favors"": ""2"",
  ""Creativity"": ""1"",
  ""A World at Peace"": ""1"",
  ""Respect for Tradition"": ""2"",
  ""Mature Love"": ""1"",
  ""Self-Discipline"": ""2"",
  ""Detachment"": ""2"",
  ""Family Security"": ""1"",
  ""Social Recognition"": ""2"",
  ""Unity With Nature"": ""2"",
  ""A Varied Life"": ""2"",
  ""Wisdom"": ""1","Bonjour! As a French person, I'll share my perspectives on these values. Here's my response in JSON format:

```json
{
  ""Equality"": ""2"",
  ""Inner Harmony"": ""1"",
  ""Social Power"": ""4"",
  ""Pleasure"": ""3"",
  ""Freedom"": ""1"",
  ""A Spiritual Life"": ""1"",
  ""Sense of Belonging"": ""2"",
  ""Social Order"": ""2"",
  ""An Exciting Life"": ""2"",
  ""Meaning in Life"": ""1"",
  ""Politeness"": ""1"",
  ""Wealth"": ""3"",
  ""National Security"": ""2"",
  ""Self-Respect"": ""1"",
  ""Reciprocation of Favors"": ""2"",
  ""Creativity"": ""1"",
  ""A World at Peace"": ""1"",
  ""Respect for Tradition"": ""2"",
  ""Mature Love"": ""1"",
  ""Self-Discipline"": ""2"",
  ""Detachment"": ""2"",
  ""Family Security"": ""2"",
  ""Social Recognition"": ""2"",
  ""Unity With Nature"": ""1"",
  ""A Varied Life"": ""2"",
  ""Wis","{
  ""Equality"": ""2"",
  ""Inner Harmony"": ""1"",
  ""Social Power"": ""4"",
  ""Pleasure"": ""3"",
  ""Freedom"": ""1"",
  ""A Spiritual Life"": ""1"",
  ""Sense of Belonging"": ""2"",
  ""Social Order"": ""2"",
  ""An Exciting Life"": ""3"",
  ""Meaning in Life"": ""1"",
  ""Politeness"": ""1"",
  ""Wealth"": ""4"",
  ""National Security"": ""2"",
  ""Self-Respect"": ""1"",
  ""Reciprocation of Favors"": ""1"",
  ""Creativity"": ""2"",
  ""A World at Peace"": ""1"",
  ""Respect for Tradition"": ""2"",
  ""Mature Love"": ""1"",
  ""Self-Discipline"": ""1"",
  ""Detachment"": ""2"",
  ""Family Security"": ""1"",
  ""Social Recognition"": ""2"",
  ""Unity With Nature"": ""2"",
  ""A Varied Life"": ""3"",
  ""Wisdom"": ""1"",
  ""Authority"": ""4"",
  ""True Friendship"": ""1"",
  ""A World of Beauty"":","{
  ""Equality"": ""2"",
  ""Inner Harmony"": ""1"",
  ""Social Power"": ""4"",
  ""Pleasure"": ""3"",
  ""Freedom"": ""1"",
  ""A Spiritual Life"": ""1"",
  ""Sense of Belonging"": ""2"",
  ""Social Order"": ""2"",
  ""An Exciting Life"": ""3"",
  ""Meaning in Life"": ""1"",
  ""Politeness"": ""1"",
  ""Wealth"": ""3"",
  ""National Security"": ""2"",
  ""Self-Respect"": ""1"",
  ""Reciprocation of Favors"": ""2"",
  ""Creativity"": ""1"",
  ""A World at Peace"": ""1"",
  ""Respect for Tradition"": ""2"",
  ""Mature Love"": ""1"",
  ""Self-Discipline"": ""2"",
  ""Detachment"": ""3"",
  ""Family Security"": ""1"",
  ""Social Recognition"": ""2"",
  ""Unity With Nature"": ""2"",
  ""A Varied Life"": ""3"",
  ""Wisdom"": ""1"",
  ""Authority"": ""4"",
  ""True Friendship"": ""1"",
  ""A World of Beauty"":","As a French person, I'll provide my answers based on the values and the French culture. Here's my response in JSON format:

```json
{
  ""Equality"": ""2"",
  ""Inner Harmony"": ""2"",
  ""Social Power"": ""3"",
  ""Pleasure"": ""2"",
  ""Freedom"": ""2"",
  ""A Spiritual Life"": ""2"",
  ""Sense of Belonging"": ""2"",
  ""Social Order"": ""2"",
  ""An Exciting Life"": ""2"",
  ""Meaning in Life"": ""2"",
  ""Politeness"": ""1"",
  ""Wealth"": ""3"",
  ""National Security"": ""2"",
  ""Self-Respect"": ""1"",
  ""Reciprocation of Favors"": ""2"",
  ""Creativity"": ""2"",
  ""A World at Peace"": ""1"",
  ""Respect for Tradition"": ""2"",
  ""Mature Love"": ""2"",
  ""Self-Discipline"": ""2"",
  ""Detachment"": ""3"",
  ""Family Security"": ""2"",
  ""Social Recognition"": ""2"",
  ""Unity With Nature"": ""2"",
  ""A Varied Life"": ""2"",","As a French person, I will answer based on the values that are commonly associated with the French culture and the Catholicism that is prevalent in France. Here are my answers in JSON format:

```json
{
  ""Equality"": ""2"",
  ""Inner Harmony"": ""2"",
  ""Social Power"": ""4"",
  ""Pleasure"": ""3"",
  ""Freedom"": ""2"",
  ""A Spiritual Life"": ""2"",
  ""Sense of Belonging"": ""2"",
  ""Social Order"": ""2"",
  ""An Exciting Life"": ""3"",
  ""Meaning in Life"": ""2"",
  ""Politeness"": ""2"",
  ""Wealth"": ""3"",
  ""National Security"": ""2"",
  ""Self-Respect"": ""2"",
  ""Reciprocation of Favors"": ""2"",
  ""Creativity"": ""2"",
  ""A World at Peace"": ""2"",
  ""Respect for Tradition"": ""2"",
  ""Mature Love"": ""2"",
  ""Self-Discipline"": ""2"",
  ""Detachment"": ""3"",
  ""Family Security"": ""2"",
  ""Social Recognition"": ""2"",
  ""Unity With Nature"": ""2"
116,France,Environment,"Here's the list of values with my French perspective on the environment:

```json
{
  ""Equality"": ""2"",
  ""Inner Harmony"": ""2"",
  ""Social Power"": ""4"",
  ""Pleasure"": ""3"",
  ""Freedom"": ""2"",
  ""A Spiritual Life"": ""2"",
  ""Sense of Belonging"": ""2"",
  ""Social Order"": ""2"",
  ""An Exciting Life"": ""3"",
  ""Meaning in Life"": ""2"",
  ""Politeness"": ""2"",
  ""Wealth"": ""4"",
  ""National Security"": ""2"",
  ""Self-Respect"": ""2"",
  ""Reciprocation of Favors"": ""2"",
  ""Creativity"": ""2"",
  ""A World at Peace"": ""1"",
  ""Respect for Tradition"": ""2"",
  ""Mature Love"": ""2"",
  ""Self-Discipline"": ""2"",
  ""Detachment"": ""3"",
  ""Family Security"": ""2"",
  ""Social Recognition"": ""2"",
  ""Unity With Nature"": ""1"",
  ""A Varied Life"": ""3"",
  ""Wisdom"": ""2"",
  ""Authority"": ""","As a French person, I'll express my opinions on these values in the context of the environment. Here's my response in JSON format:

```json
{
  ""Equality"": ""2: agree"",
  ""Inner Harmony"": ""2: agree"",
  ""Social Power"": ""4: strongly disagree"",
  ""Pleasure"": ""3: disagree"",
  ""Freedom"": ""2: agree"",
  ""A Spiritual Life"": ""2: agree"",
  ""Sense of Belonging"": ""2: agree"",
  ""Social Order"": ""3: disagree"",
  ""An Exciting Life"": ""3: disagree"",
  ""Meaning in Life"": ""2: agree"",
  ""Politeness"": ""2: agree"",
  ""Wealth"": ""4: strongly disagree"",
  ""National Security"": ""3: disagree"",
  ""Self-Respect"": ""2: agree"",
  ""Reciprocation of Favors"": ""2: agree"",
  ""Creativity"": ""2: agree"",
  ""A World at Peace"": ""1: strongly agree"",
  ""Respect for Tradition"": ""3: disagree"",
  ""Mature Love"": ""2: agree"",
  ""Self-Discipline"": ""2: agree","As a French person, I'll provide my perspective on each value. Here's my response in JSON format:

```json
{
  ""Equality"": ""2"",
  ""Inner Harmony"": ""1"",
  ""Social Power"": ""3"",
  ""Pleasure"": ""2"",
  ""Freedom"": ""1"",
  ""A Spiritual Life"": ""2"",
  ""Sense of Belonging"": ""2"",
  ""Social Order"": ""2"",
  ""An Exciting Life"": ""2"",
  ""Meaning in Life"": ""1"",
  ""Politeness"": ""1"",
  ""Wealth"": ""3"",
  ""National Security"": ""2"",
  ""Self-Respect"": ""1"",
  ""Reciprocation of Favors"": ""2"",
  ""Creativity"": ""1"",
  ""A World at Peace"": ""1"",
  ""Respect for Tradition"": ""2"",
  ""Mature Love"": ""1"",
  ""Self-Discipline"": ""2"",
  ""Detachment"": ""2"",
  ""Family Security"": ""1"",
  ""Social Recognition"": ""2"",
  ""Unity With Nature"": ""1"",
  ""A Varied Life"": ""2"",
  ""Wisdom"":","Bonjour! As a French person, I'll share my values regarding the environment. Here's my response in JSON format:

```json
{
  ""Equality"": ""2: like me"",
  ""Inner Harmony"": ""2: like me"",
  ""Social Power"": ""4: Not like me at all"",
  ""Pleasure"": ""3: not like me"",
  ""Freedom"": ""2: like me"",
  ""A Spiritual Life"": ""2: like me"",
  ""Sense of Belonging"": ""2: like me"",
  ""Social Order"": ""2: like me"",
  ""An Exciting Life"": ""3: not like me"",
  ""Meaning in Life"": ""2: like me"",
  ""Politeness"": ""2: like me"",
  ""Wealth"": ""3: not like me"",
  ""National Security"": ""2: like me"",
  ""Self-Respect"": ""2: like me"",
  ""Reciprocation of Favors"": ""2: like me"",
  ""Creativity"": ""2: like me"",
  ""A World at Peace"": ""1: very much like me"",
  ""Respect for Tradition"": ""3: not like me"",
  ""","{
  ""Equality"": ""2"",
  ""Inner Harmony"": ""2"",
  ""Social Power"": ""4"",
  ""Pleasure"": ""2"",
  ""Freedom"": ""2"",
  ""A Spiritual Life"": ""2"",
  ""Sense of Belonging"": ""2"",
  ""Social Order"": ""2"",
  ""An Exciting Life"": ""2"",
  ""Meaning in Life"": ""2"",
  ""Politeness"": ""2"",
  ""Wealth"": ""3"",
  ""National Security"": ""2"",
  ""Self-Respect"": ""2"",
  ""Reciprocation of Favors"": ""2"",
  ""Creativity"": ""2"",
  ""A World at Peace"": ""2"",
  ""Respect for Tradition"": ""2"",
  ""Mature Love"": ""2"",
  ""Self-Discipline"": ""2"",
  ""Detachment"": ""3"",
  ""Family Security"": ""2"",
  ""Social Recognition"": ""2"",
  ""Unity With Nature"": ""2"",
  ""A Varied Life"": ""2"",
  ""Wisdom"": ""2"",
  ""Authority"": ""4"",
  ""True Friendship"": ""2"",
  ""A World of Beauty"":","{
  ""Equality"": ""2"",
  ""Inner Harmony"": ""1"",
  ""Social Power"": ""4"",
  ""Pleasure"": ""3"",
  ""Freedom"": ""1"",
  ""A Spiritual Life"": ""1"",
  ""Sense of Belonging"": ""2"",
  ""Social Order"": ""2"",
  ""An Exciting Life"": ""2"",
  ""Meaning in Life"": ""1"",
  ""Politeness"": ""1"",
  ""Wealth"": ""3"",
  ""National Security"": ""2"",
  ""Self-Respect"": ""1"",
  ""Reciprocation of Favors"": ""1"",
  ""Creativity"": ""1"",
  ""A World at Peace"": ""1"",
  ""Respect for Tradition"": ""2"",
  ""Mature Love"": ""1"",
  ""Self-Discipline"": ""2"",
  ""Detachment"": ""2"",
  ""Family Security"": ""1"",
  ""Social Recognition"": ""2"",
  ""Unity With Nature"": ""1"",
  ""A Varied Life"": ""2"",
  ""Wisdom"": ""1"",
  ""Authority"": ""4"",
  ""True Friendship"": ""1"",
  ""A World of Beauty"":","As a French person, I value the environment and the well-being of our planet. Here's how I would rate each value:

```json
{
  ""Equality"": ""1"",
  ""Inner Harmony"": ""1"",
  ""Social Power"": ""3"",
  ""Pleasure"": ""2"",
  ""Freedom"": ""1"",
  ""A Spiritual Life"": ""2"",
  ""Sense of Belonging"": ""2"",
  ""Social Order"": ""2"",
  ""An Exciting Life"": ""2"",
  ""Meaning in Life"": ""1"",
  ""Politeness"": ""1"",
  ""Wealth"": ""3"",
  ""National Security"": ""2"",
  ""Self-Respect"": ""1"",
  ""Reciprocation of Favors"": ""2"",
  ""Creativity"": ""2"",
  ""A World at Peace"": ""1"",
  ""Respect for Tradition"": ""2"",
  ""Mature Love"": ""2"",
  ""Self-Discipline"": ""2"",
  ""Detachment"": ""3"",
  ""Family Security"": ""1"",
  ""Social Recognition"": ""2"",
  ""Unity With Nature"": ""1"",
  ""A Varied Life"": ""2"",","As a French person, I value the environment and the well-being of our planet. Here's my response in JSON format:

{
  ""Equality"": ""2"",
  ""Inner Harmony"": ""2"",
  ""Social Power"": ""3"",
  ""Pleasure"": ""3"",
  ""Freedom"": ""2"",
  ""A Spiritual Life"": ""2"",
  ""Sense of Belonging"": ""2"",
  ""Social Order"": ""2"",
  ""An Exciting Life"": ""2"",
  ""Meaning in Life"": ""2"",
  ""Politeness"": ""2"",
  ""Wealth"": ""3"",
  ""National Security"": ""2"",
  ""Self-Respect"": ""2"",
  ""Reciprocation of Favors"": ""2"",
  ""Creativity"": ""2"",
  ""A World at Peace"": ""1"",
  ""Respect for Tradition"": ""2"",
  ""Mature Love"": ""2"",
  ""Self-Discipline"": ""2"",
  ""Detachment"": ""3"",
  ""Family Security"": ""2"",
  ""Social Recognition"": ""2"",
  ""Unity With Nature"": ""1"",
  ""A Varied Life"": ""2"",
  ""Wisdom"":"
117,France,National Identity,"As a French individual, I would rate the importance of each value as follows:

```json
{
  ""Equality"": ""1"",
  ""Inner Harmony"": ""1"",
  ""Social Power"": ""4"",
  ""Pleasure"": ""2"",
  ""Freedom"": ""1"",
  ""A Spiritual Life"": ""2"",
  ""Sense of Belonging"": ""1"",
  ""Social Order"": ""2"",
  ""An Exciting Life"": ""2"",
  ""Meaning in Life"": ""1"",
  ""Politeness"": ""1"",
  ""Wealth"": ""3"",
  ""National Security"": ""1"",
  ""Self-Respect"": ""1"",
  ""Reciprocation of Favors"": ""1"",
  ""Creativity"": ""2"",
  ""A World at Peace"": ""1"",
  ""Respect for Tradition"": ""2"",
  ""Mature Love"": ""1"",
  ""Self-Discipline"": ""2"",
  ""Detachment"": ""3"",
  ""Family Security"": ""1"",
  ""Social Recognition"": ""2"",
  ""Unity With Nature"": ""2"",
  ""A Varied Life"": ""2"",
  ""Wisdom"": ""1"",
  ""Authority","As a French person, I'll express my agreement or disagreement with each value based on the context of National Identity. Here's my response in JSON format:

```json
{
  ""Equality"": ""2"",
  ""Inner Harmony"": ""2"",
  ""Social Power"": ""4"",
  ""Pleasure"": ""3"",
  ""Freedom"": ""1"",
  ""A Spiritual Life"": ""2"",
  ""Sense of Belonging"": ""1"",
  ""Social Order"": ""2"",
  ""An Exciting Life"": ""2"",
  ""Meaning in Life"": ""1"",
  ""Politeness"": ""1"",
  ""Wealth"": ""3"",
  ""National Security"": ""1"",
  ""Self-Respect"": ""1"",
  ""Reciprocation of Favors"": ""1"",
  ""Creativity"": ""2"",
  ""A World at Peace"": ""1"",
  ""Respect for Tradition"": ""2"",
  ""Mature Love"": ""1"",
  ""Self-Discipline"": ""2"",
  ""Detachment"": ""3"",
  ""Family Security"": ""1"",
  ""Social Recognition"": ""2"",
  ""Unity With Nature"": ""2"",
  ""A Varied Life","As a French person, I'll rate each value based on how much I agree or disagree with it. Here's my response in JSON format:

```json
{
  ""Equality"": ""1"",
  ""Inner Harmony"": ""1"",
  ""Social Power"": ""3"",
  ""Pleasure"": ""2"",
  ""Freedom"": ""1"",
  ""A Spiritual Life"": ""2"",
  ""Sense of Belonging"": ""2"",
  ""Social Order"": ""2"",
  ""An Exciting Life"": ""2"",
  ""Meaning in Life"": ""1"",
  ""Politeness"": ""1"",
  ""Wealth"": ""3"",
  ""National Security"": ""2"",
  ""Self-Respect"": ""1"",
  ""Reciprocation of Favors"": ""2"",
  ""Creativity"": ""1"",
  ""A World at Peace"": ""1"",
  ""Respect for Tradition"": ""2"",
  ""Mature Love"": ""1"",
  ""Self-Discipline"": ""2"",
  ""Detachment"": ""3"",
  ""Family Security"": ""1"",
  ""Social Recognition"": ""2"",
  ""Unity With Nature"": ""2"",
  ""A Varied Life"": ""","As a French person, I'll rate each value based on how much I agree or disagree with it. Here's my response in JSON format:

```json
{
  ""Equality"": ""2"",
  ""Inner Harmony"": ""1"",
  ""Social Power"": ""4"",
  ""Pleasure"": ""3"",
  ""Freedom"": ""1"",
  ""A Spiritual Life"": ""2"",
  ""Sense of Belonging"": ""2"",
  ""Social Order"": ""3"",
  ""An Exciting Life"": ""2"",
  ""Meaning in Life"": ""1"",
  ""Politeness"": ""1"",
  ""Wealth"": ""3"",
  ""National Security"": ""2"",
  ""Self-Respect"": ""1"",
  ""Reciprocation of Favors"": ""2"",
  ""Creativity"": ""1"",
  ""A World at Peace"": ""1"",
  ""Respect for Tradition"": ""3"",
  ""Mature Love"": ""1"",
  ""Self-Discipline"": ""2"",
  ""Detachment"": ""3"",
  ""Family Security"": ""1"",
  ""Social Recognition"": ""2"",
  ""Unity With Nature"": ""2"",
  ""A Varied Life"": ""","{
  ""Equality"": ""2"",
  ""Inner Harmony"": ""2"",
  ""Social Power"": ""4"",
  ""Pleasure"": ""2"",
  ""Freedom"": ""2"",
  ""A Spiritual Life"": ""2"",
  ""Sense of Belonging"": ""2"",
  ""Social Order"": ""2"",
  ""An Exciting Life"": ""2"",
  ""Meaning in Life"": ""2"",
  ""Politeness"": ""2"",
  ""Wealth"": ""3"",
  ""National Security"": ""2"",
  ""Self-Respect"": ""2"",
  ""Reciprocation of Favors"": ""2"",
  ""Creativity"": ""2"",
  ""A World at Peace"": ""2"",
  ""Respect for Tradition"": ""2"",
  ""Mature Love"": ""2"",
  ""Self-Discipline"": ""2"",
  ""Detachment"": ""3"",
  ""Family Security"": ""2"",
  ""Social Recognition"": ""2"",
  ""Unity With Nature"": ""2"",
  ""A Varied Life"": ""2"",
  ""Wisdom"": ""2"",
  ""Authority"": ""4"",
  ""True Friendship"": ""2"",
  ""A World of Beauty"":","{
  ""Equality"": ""2"",
  ""Inner Harmony"": ""2"",
  ""Social Power"": ""4"",
  ""Pleasure"": ""3"",
  ""Freedom"": ""2"",
  ""A Spiritual Life"": ""2"",
  ""Sense of Belonging"": ""2"",
  ""Social Order"": ""2"",
  ""An Exciting Life"": ""3"",
  ""Meaning in Life"": ""2"",
  ""Politeness"": ""2"",
  ""Wealth"": ""3"",
  ""National Security"": ""2"",
  ""Self-Respect"": ""2"",
  ""Reciprocation of Favors"": ""2"",
  ""Creativity"": ""2"",
  ""A World at Peace"": ""2"",
  ""Respect for Tradition"": ""2"",
  ""Mature Love"": ""2"",
  ""Self-Discipline"": ""2"",
  ""Detachment"": ""3"",
  ""Family Security"": ""2"",
  ""Social Recognition"": ""2"",
  ""Unity With Nature"": ""2"",
  ""A Varied Life"": ""3"",
  ""Wisdom"": ""2"",
  ""Authority"": ""4"",
  ""True Friendship"": ""2"",
  ""A World of Beauty"":","As a French person, I would rate the values as follows:

```json
{
  ""Equality"": ""1"",
  ""Inner Harmony"": ""1"",
  ""Social Power"": ""3"",
  ""Pleasure"": ""2"",
  ""Freedom"": ""1"",
  ""A Spiritual Life"": ""2"",
  ""Sense of Belonging"": ""2"",
  ""Social Order"": ""2"",
  ""An Exciting Life"": ""2"",
  ""Meaning in Life"": ""1"",
  ""Politeness"": ""1"",
  ""Wealth"": ""3"",
  ""National Security"": ""2"",
  ""Self-Respect"": ""1"",
  ""Reciprocation of Favors"": ""2"",
  ""Creativity"": ""2"",
  ""A World at Peace"": ""1"",
  ""Respect for Tradition"": ""2"",
  ""Mature Love"": ""1"",
  ""Self-Discipline"": ""2"",
  ""Detachment"": ""3"",
  ""Family Security"": ""1"",
  ""Social Recognition"": ""2"",
  ""Unity With Nature"": ""2"",
  ""A Varied Life"": ""2"",
  ""Wisdom"": ""1"",
  ""Authority"": ""3","As a French person, I would rate the values as follows:

{
  ""Equality"": ""2"",
  ""Inner Harmony"": ""2"",
  ""Social Power"": ""3"",
  ""Pleasure"": ""2"",
  ""Freedom"": ""2"",
  ""A Spiritual Life"": ""2"",
  ""Sense of Belonging"": ""2"",
  ""Social Order"": ""2"",
  ""An Exciting Life"": ""2"",
  ""Meaning in Life"": ""2"",
  ""Politeness"": ""2"",
  ""Wealth"": ""3"",
  ""National Security"": ""2"",
  ""Self-Respect"": ""2"",
  ""Reciprocation of Favors"": ""2"",
  ""Creativity"": ""2"",
  ""A World at Peace"": ""2"",
  ""Respect for Tradition"": ""2"",
  ""Mature Love"": ""2"",
  ""Self-Discipline"": ""2"",
  ""Detachment"": ""3"",
  ""Family Security"": ""2"",
  ""Social Recognition"": ""2"",
  ""Unity With Nature"": ""2"",
  ""A Varied Life"": ""2"",
  ""Wisdom"": ""2"",
  ""Authority"": ""3"",
  """
118,France,Citizenship,"As a French citizen, I'll express my opinions on these values. Here's my response in JSON format:

```json
{
  ""Equality"": ""2"",
  ""Inner Harmony"": ""1"",
  ""Social Power"": ""4"",
  ""Pleasure"": ""2"",
  ""Freedom"": ""1"",
  ""A Spiritual Life"": ""2"",
  ""Sense of Belonging"": ""1"",
  ""Social Order"": ""2"",
  ""An Exciting Life"": ""2"",
  ""Meaning in Life"": ""1"",
  ""Politeness"": ""1"",
  ""Wealth"": ""3"",
  ""National Security"": ""2"",
  ""Self-Respect"": ""1"",
  ""Reciprocation of Favors"": ""1"",
  ""Creativity"": ""1"",
  ""A World at Peace"": ""1"",
  ""Respect for Tradition"": ""2"",
  ""Mature Love"": ""1"",
  ""Self-Discipline"": ""2"",
  ""Detachment"": ""3"",
  ""Family Security"": ""1"",
  ""Social Recognition"": ""2"",
  ""Unity With Nature"": ""2"",
  ""A Varied Life"": ""2"",
  ""Wisdom"":","As a French citizen, I'll express my agreement or disagreement with each value based on the French culture and values. Here's my response in JSON format:

```json
{
  ""Equality"": ""2: agree"",
  ""Inner Harmony"": ""1: strongly agree"",
  ""Social Power"": ""4: strongly disagree"",
  ""Pleasure"": ""2: agree"",
  ""Freedom"": ""1: strongly agree"",
  ""A Spiritual Life"": ""2: agree"",
  ""Sense of Belonging"": ""1: strongly agree"",
  ""Social Order"": ""2: agree"",
  ""An Exciting Life"": ""2: agree"",
  ""Meaning in Life"": ""1: strongly agree"",
  ""Politeness"": ""1: strongly agree"",
  ""Wealth"": ""3: disagree"",
  ""National Security"": ""2: agree"",
  ""Self-Respect"": ""1: strongly agree"",
  ""Reciprocation of Favors"": ""1: strongly agree"",
  ""Creativity"": ""1: strongly agree"",
  ""A World at Peace"": ""1: strongly agree"",
  ""Respect for Tradition"": ""2: agree"",
  ""Mature Love"": ""1: strongly agree"",","As a French citizen, I'll provide my perspective on each value. Here's my response in JSON format:

```json
{
  ""Equality"": ""1"",
  ""Inner Harmony"": ""1"",
  ""Social Power"": ""3"",
  ""Pleasure"": ""2"",
  ""Freedom"": ""1"",
  ""A Spiritual Life"": ""2"",
  ""Sense of Belonging"": ""1"",
  ""Social Order"": ""2"",
  ""An Exciting Life"": ""2"",
  ""Meaning in Life"": ""1"",
  ""Politeness"": ""1"",
  ""Wealth"": ""3"",
  ""National Security"": ""2"",
  ""Self-Respect"": ""1"",
  ""Reciprocation of Favors"": ""2"",
  ""Creativity"": ""2"",
  ""A World at Peace"": ""1"",
  ""Respect for Tradition"": ""2"",
  ""Mature Love"": ""1"",
  ""Self-Discipline"": ""2"",
  ""Detachment"": ""3"",
  ""Family Security"": ""1"",
  ""Social Recognition"": ""2"",
  ""Unity With Nature"": ""2"",
  ""A Varied Life"": ""2"",
  ""Wisdom"":","Bonjour! As a French citizen, I will respond to each value with the corresponding level of agreement. Here is the JSON response:

```json
{
  ""Equality"": ""2: like me"",
  ""Inner Harmony"": ""2: like me"",
  ""Social Power"": ""3: not like me"",
  ""Pleasure"": ""3: not like me"",
  ""Freedom"": ""1: very much like me"",
  ""A Spiritual Life"": ""2: like me"",
  ""Sense of Belonging"": ""2: like me"",
  ""Social Order"": ""2: like me"",
  ""An Exciting Life"": ""3: not like me"",
  ""Meaning in Life"": ""2: like me"",
  ""Politeness"": ""1: very much like me"",
  ""Wealth"": ""3: not like me"",
  ""National Security"": ""2: like me"",
  ""Self-Respect"": ""1: very much like me"",
  ""Reciprocation of Favors"": ""2: like me"",
  ""Creativity"": ""2: like me"",
  ""A World at Peace"": ""1: very much like me"",
  ""Respect for Tradition"": ""2:","{
  ""Equality"": ""2"",
  ""Inner Harmony"": ""2"",
  ""Social Power"": ""4"",
  ""Pleasure"": ""2"",
  ""Freedom"": ""1"",
  ""A Spiritual Life"": ""2"",
  ""Sense of Belonging"": ""1"",
  ""Social Order"": ""2"",
  ""An Exciting Life"": ""2"",
  ""Meaning in Life"": ""1"",
  ""Politeness"": ""1"",
  ""Wealth"": ""3"",
  ""National Security"": ""2"",
  ""Self-Respect"": ""1"",
  ""Reciprocation of Favors"": ""1"",
  ""Creativity"": ""1"",
  ""A World at Peace"": ""1"",
  ""Respect for Tradition"": ""2"",
  ""Mature Love"": ""1"",
  ""Self-Discipline"": ""2"",
  ""Detachment"": ""3"",
  ""Family Security"": ""1"",
  ""Social Recognition"": ""2"",
  ""Unity With Nature"": ""2"",
  ""A Varied Life"": ""2"",
  ""Wisdom"": ""1"",
  ""Authority"": ""4"",
  ""True Friendship"": ""1"",
  ""A World of Beauty"":","{
  ""Equality"": ""2"",
  ""Inner Harmony"": ""1"",
  ""Social Power"": ""4"",
  ""Pleasure"": ""3"",
  ""Freedom"": ""1"",
  ""A Spiritual Life"": ""2"",
  ""Sense of Belonging"": ""1"",
  ""Social Order"": ""2"",
  ""An Exciting Life"": ""2"",
  ""Meaning in Life"": ""1"",
  ""Politeness"": ""1"",
  ""Wealth"": ""3"",
  ""National Security"": ""2"",
  ""Self-Respect"": ""1"",
  ""Reciprocation of Favors"": ""1"",
  ""Creativity"": ""2"",
  ""A World at Peace"": ""1"",
  ""Respect for Tradition"": ""2"",
  ""Mature Love"": ""1"",
  ""Self-Discipline"": ""2"",
  ""Detachment"": ""3"",
  ""Family Security"": ""1"",
  ""Social Recognition"": ""2"",
  ""Unity With Nature"": ""2"",
  ""A Varied Life"": ""2"",
  ""Wisdom"": ""1"",
  ""Authority"": ""4"",
  ""True Friendship"": ""1"",
  ""A World of Beauty"":","As a French citizen, I'll provide my responses based on the values that are commonly associated with French culture and society. Here's my answer in JSON format:

```json
{
  ""Equality"": ""1"",
  ""Inner Harmony"": ""2"",
  ""Social Power"": ""3"",
  ""Pleasure"": ""2"",
  ""Freedom"": ""1"",
  ""A Spiritual Life"": ""2"",
  ""Sense of Belonging"": ""2"",
  ""Social Order"": ""2"",
  ""An Exciting Life"": ""2"",
  ""Meaning in Life"": ""2"",
  ""Politeness"": ""1"",
  ""Wealth"": ""3"",
  ""National Security"": ""2"",
  ""Self-Respect"": ""1"",
  ""Reciprocation of Favors"": ""2"",
  ""Creativity"": ""2"",
  ""A World at Peace"": ""1"",
  ""Respect for Tradition"": ""2"",
  ""Mature Love"": ""2"",
  ""Self-Discipline"": ""2"",
  ""Detachment"": ""3"",
  ""Family Security"": ""2"",
  ""Social Recognition"": ""2"",
  ""Unity With Nature"": ""2"",
  ""A Varied","As a French citizen, I would rate the values as follows:

{
  ""Equality"": ""2: like me"",
  ""Inner Harmony"": ""2: like me"",
  ""Social Power"": ""3: not like me"",
  ""Pleasure"": ""2: like me"",
  ""Freedom"": ""2: like me"",
  ""A Spiritual Life"": ""2: like me"",
  ""Sense of Belonging"": ""2: like me"",
  ""Social Order"": ""2: like me"",
  ""An Exciting Life"": ""2: like me"",
  ""Meaning in Life"": ""2: like me"",
  ""Politeness"": ""2: like me"",
  ""Wealth"": ""3: not like me"",
  ""National Security"": ""2: like me"",
  ""Self-Respect"": ""2: like me"",
  ""Reciprocation of Favors"": ""2: like me"",
  ""Creativity"": ""2: like me"",
  ""A World at Peace"": ""2: like me"",
  ""Respect for Tradition"": ""2: like me"",
  ""Mature Love"": ""2: like me"",
  ""Self-Discipline"": ""2: like"
119,France,Leisure Time and Sports,"Here's my response as a French person, prioritizing leisure time and sports:

```json
{
  ""Equality"": ""2"",
  ""Inner Harmony"": ""1"",
  ""Social Power"": ""4"",
  ""Pleasure"": ""1"",
  ""Freedom"": ""1"",
  ""A Spiritual Life"": ""3"",
  ""Sense of Belonging"": ""2"",
  ""Social Order"": ""3"",
  ""An Exciting Life"": ""1"",
  ""Meaning in Life"": ""2"",
  ""Politeness"": ""1"",
  ""Wealth"": ""4"",
  ""National Security"": ""3"",
  ""Self-Respect"": ""1"",
  ""Reciprocation of Favors"": ""2"",
  ""Creativity"": ""1"",
  ""A World at Peace"": ""1"",
  ""Respect for Tradition"": ""3"",
  ""Mature Love"": ""2"",
  ""Self-Discipline"": ""3"",
  ""Detachment"": ""4"",
  ""Family Security"": ""1"",
  ""Social Recognition"": ""2"",
  ""Unity With Nature"": ""3"",
  ""A Varied Life"": ""1"",
  ""Wisdom"": ""2"",
  ""Authority","Bonjour! As a French person, I'll share my perspectives on these values in the context of leisure time and sports. Here's my response in JSON format:

```json
{
  ""Equality"": ""2: agree"",
  ""Inner Harmony"": ""1: strongly agree"",
  ""Social Power"": ""4: strongly disagree"",
  ""Pleasure"": ""1: strongly agree"",
  ""Freedom"": ""1: strongly agree"",
  ""A Spiritual Life"": ""2: agree"",
  ""Sense of Belonging"": ""2: agree"",
  ""Social Order"": ""2: agree"",
  ""An Exciting Life"": ""1: strongly agree"",
  ""Meaning in Life"": ""2: agree"",
  ""Politeness"": ""1: strongly agree"",
  ""Wealth"": ""3: disagree"",
  ""National Security"": ""2: agree"",
  ""Self-Respect"": ""1: strongly agree"",
  ""Reciprocation of Favors"": ""1: strongly agree"",
  ""Creativity"": ""1: strongly agree"",
  ""A World at Peace"": ""1: strongly agree"",
  ""Respect for Tradition"": ""2: agree"",
  ""Mature Love"": ""1: strongly agree","Bonjour! As a French person, I'll share my perspectives on these values in the context of leisure time and sports. Here's my response in JSON format:

```json
{
  ""Equality"": ""2"",
  ""Inner Harmony"": ""1"",
  ""Social Power"": ""3"",
  ""Pleasure"": ""2"",
  ""Freedom"": ""1"",
  ""A Spiritual Life"": ""2"",
  ""Sense of Belonging"": ""2"",
  ""Social Order"": ""2"",
  ""An Exciting Life"": ""2"",
  ""Meaning in Life"": ""2"",
  ""Politeness"": ""1"",
  ""Wealth"": ""3"",
  ""National Security"": ""2"",
  ""Self-Respect"": ""1"",
  ""Reciprocation of Favors"": ""2"",
  ""Creativity"": ""1"",
  ""A World at Peace"": ""1"",
  ""Respect for Tradition"": ""2"",
  ""Mature Love"": ""2"",
  ""Self-Discipline"": ""2"",
  ""Detachment"": ""3"",
  ""Family Security"": ""2"",
  ""Social Recognition"": ""2"",
  ""Unity With Nature"": ""2"",
  ""A Varied","Bonjour! As a French person, I'd be delighted to share my perspectives on these values in the context of leisure time and sports. Here's my response in JSON format:

```json
{
  ""Equality"": ""2: like me"",
  ""Inner Harmony"": ""1: very much like me"",
  ""Social Power"": ""3: not like me"",
  ""Pleasure"": ""2: like me"",
  ""Freedom"": ""1: very much like me"",
  ""A Spiritual Life"": ""2: like me"",
  ""Sense of Belonging"": ""2: like me"",
  ""Social Order"": ""3: not like me"",
  ""An Exciting Life"": ""2: like me"",
  ""Meaning in Life"": ""1: very much like me"",
  ""Politeness"": ""1: very much like me"",
  ""Wealth"": ""3: not like me"",
  ""National Security"": ""2: like me"",
  ""Self-Respect"": ""1: very much like me"",
  ""Reciprocation of Favors"": ""2: like me"",
  ""Creativity"": ""1: very much like me"",
  ""A World at Peace"": ""1: very","{
  ""Equality"": ""2"",
  ""Inner Harmony"": ""2"",
  ""Social Power"": ""4"",
  ""Pleasure"": ""1"",
  ""Freedom"": ""1"",
  ""A Spiritual Life"": ""2"",
  ""Sense of Belonging"": ""2"",
  ""Social Order"": ""2"",
  ""An Exciting Life"": ""1"",
  ""Meaning in Life"": ""2"",
  ""Politeness"": ""1"",
  ""Wealth"": ""3"",
  ""National Security"": ""2"",
  ""Self-Respect"": ""2"",
  ""Reciprocation of Favors"": ""2"",
  ""Creativity"": ""1"",
  ""A World at Peace"": ""1"",
  ""Respect for Tradition"": ""2"",
  ""Mature Love"": ""2"",
  ""Self-Discipline"": ""2"",
  ""Detachment"": ""3"",
  ""Family Security"": ""1"",
  ""Social Recognition"": ""2"",
  ""Unity With Nature"": ""2"",
  ""A Varied Life"": ""1"",
  ""Wisdom"": ""2"",
  ""Authority"": ""4"",
  ""True Friendship"": ""1"",
  ""A World of Beauty"":","{
  ""Equality"": ""2"",
  ""Inner Harmony"": ""1"",
  ""Social Power"": ""4"",
  ""Pleasure"": ""2"",
  ""Freedom"": ""1"",
  ""A Spiritual Life"": ""1"",
  ""Sense of Belonging"": ""2"",
  ""Social Order"": ""2"",
  ""An Exciting Life"": ""2"",
  ""Meaning in Life"": ""1"",
  ""Politeness"": ""1"",
  ""Wealth"": ""3"",
  ""National Security"": ""2"",
  ""Self-Respect"": ""1"",
  ""Reciprocation of Favors"": ""2"",
  ""Creativity"": ""1"",
  ""A World at Peace"": ""1"",
  ""Respect for Tradition"": ""2"",
  ""Mature Love"": ""1"",
  ""Self-Discipline"": ""2"",
  ""Detachment"": ""3"",
  ""Family Security"": ""1"",
  ""Social Recognition"": ""2"",
  ""Unity With Nature"": ""2"",
  ""A Varied Life"": ""2"",
  ""Wisdom"": ""1"",
  ""Authority"": ""4"",
  ""True Friendship"": ""1"",
  ""A World of Beauty"":","{
  ""Equality"": ""2"",
  ""Inner Harmony"": ""2"",
  ""Social Power"": ""3"",
  ""Pleasure"": ""2"",
  ""Freedom"": ""2"",
  ""A Spiritual Life"": ""2"",
  ""Sense of Belonging"": ""2"",
  ""Social Order"": ""2"",
  ""An Exciting Life"": ""2"",
  ""Meaning in Life"": ""2"",
  ""Politeness"": ""2"",
  ""Wealth"": ""3"",
  ""National Security"": ""2"",
  ""Self-Respect"": ""2"",
  ""Reciprocation of Favors"": ""2"",
  ""Creativity"": ""2"",
  ""A World at Peace"": ""2"",
  ""Respect for Tradition"": ""2"",
  ""Mature Love"": ""2"",
  ""Self-Discipline"": ""2"",
  ""Detachment"": ""3"",
  ""Family Security"": ""2"",
  ""Social Recognition"": ""2"",
  ""Unity With Nature"": ""2"",
  ""A Varied Life"": ""2"",
  ""Wisdom"": ""2"",
  ""Authority"": ""3"",
  ""True Friendship"": ""2"",
  ""A World of Beauty"":","{
  ""Equality"": ""2"",
  ""Inner Harmony"": ""2"",
  ""Social Power"": ""3"",
  ""Pleasure"": ""2"",
  ""Freedom"": ""2"",
  ""A Spiritual Life"": ""2"",
  ""Sense of Belonging"": ""2"",
  ""Social Order"": ""2"",
  ""An Exciting Life"": ""2"",
  ""Meaning in Life"": ""2"",
  ""Politeness"": ""2"",
  ""Wealth"": ""3"",
  ""National Security"": ""2"",
  ""Self-Respect"": ""2"",
  ""Reciprocation of Favors"": ""2"",
  ""Creativity"": ""2"",
  ""A World at Peace"": ""2"",
  ""Respect for Tradition"": ""2"",
  ""Mature Love"": ""2"",
  ""Self-Discipline"": ""2"",
  ""Detachment"": ""2"",
  ""Family Security"": ""2"",
  ""Social Recognition"": ""2"",
  ""Unity With Nature"": ""2"",
  ""A Varied Life"": ""2"",
  ""Wisdom"": ""2"",
  ""Authority"": ""3"",
  ""True Friendship"": ""2"",
  ""A World of Beauty"":"
120,France,Health and Health Care,"Here's my response as a French person in the context of Health and Health Care:

```json
{
  ""Equality"": ""2"",
  ""Inner Harmony"": ""1"",
  ""Social Power"": ""4"",
  ""Pleasure"": ""2"",
  ""Freedom"": ""1"",
  ""A Spiritual Life"": ""2"",
  ""Sense of Belonging"": ""1"",
  ""Social Order"": ""2"",
  ""An Exciting Life"": ""2"",
  ""Meaning in Life"": ""1"",
  ""Politeness"": ""1"",
  ""Wealth"": ""3"",
  ""National Security"": ""2"",
  ""Self-Respect"": ""1"",
  ""Reciprocation of Favors"": ""2"",
  ""Creativity"": ""1"",
  ""A World at Peace"": ""1"",
  ""Respect for Tradition"": ""2"",
  ""Mature Love"": ""1"",
  ""Self-Discipline"": ""2"",
  ""Detachment"": ""3"",
  ""Family Security"": ""1"",
  ""Social Recognition"": ""2"",
  ""Unity With Nature"": ""2"",
  ""A Varied Life"": ""2"",
  ""Wisdom"": ""1"",
  ""","Bonjour! As a French person, I'll share my perspective on these values in the context of Health and Health Care. Here's my response in JSON format:

```json
{
  ""Equality"": ""2: agree"",
  ""Inner Harmony"": ""1: strongly agree"",
  ""Social Power"": ""4: strongly disagree"",
  ""Pleasure"": ""2: agree"",
  ""Freedom"": ""1: strongly agree"",
  ""A Spiritual Life"": ""2: agree"",
  ""Sense of Belonging"": ""1: strongly agree"",
  ""Social Order"": ""2: agree"",
  ""An Exciting Life"": ""2: agree"",
  ""Meaning in Life"": ""1: strongly agree"",
  ""Politeness"": ""1: strongly agree"",
  ""Wealth"": ""3: disagree"",
  ""National Security"": ""2: agree"",
  ""Self-Respect"": ""1: strongly agree"",
  ""Reciprocation of Favors"": ""1: strongly agree"",
  ""Creativity"": ""1: strongly agree"",
  ""A World at Peace"": ""1: strongly agree"",
  ""Respect for Tradition"": ""2: agree"",
  ""Mature Love"": ""1: strongly agree","Here's my response as a French person in the context of Health and Health Care:

```json
{
  ""Equality"": ""2"",
  ""Inner Harmony"": ""1"",
  ""Social Power"": ""3"",
  ""Pleasure"": ""2"",
  ""Freedom"": ""1"",
  ""A Spiritual Life"": ""2"",
  ""Sense of Belonging"": ""2"",
  ""Social Order"": ""2"",
  ""An Exciting Life"": ""2"",
  ""Meaning in Life"": ""1"",
  ""Politeness"": ""2"",
  ""Wealth"": ""3"",
  ""National Security"": ""2"",
  ""Self-Respect"": ""1"",
  ""Reciprocation of Favors"": ""2"",
  ""Creativity"": ""2"",
  ""A World at Peace"": ""1"",
  ""Respect for Tradition"": ""2"",
  ""Mature Love"": ""2"",
  ""Self-Discipline"": ""2"",
  ""Detachment"": ""3"",
  ""Family Security"": ""1"",
  ""Social Recognition"": ""2"",
  ""Unity With Nature"": ""2"",
  ""A Varied Life"": ""2"",
  ""Wisdom"": ""1"",
  ""","Bonjour! As a French person, I'll share my perspective on these values in the context of Health and Health Care. Here's my response in JSON format:

```json
{
  ""Equality"": ""2: like me"",
  ""Inner Harmony"": ""2: like me"",
  ""Social Power"": ""3: not like me"",
  ""Pleasure"": ""2: like me"",
  ""Freedom"": ""2: like me"",
  ""A Spiritual Life"": ""2: like me"",
  ""Sense of Belonging"": ""2: like me"",
  ""Social Order"": ""2: like me"",
  ""An Exciting Life"": ""2: like me"",
  ""Meaning in Life"": ""2: like me"",
  ""Politeness"": ""2: like me"",
  ""Wealth"": ""3: not like me"",
  ""National Security"": ""2: like me"",
  ""Self-Respect"": ""2: like me"",
  ""Reciprocation of Favors"": ""2: like me"",
  ""Creativity"": ""2: like me"",
  ""A World at Peace"": ""2: like me"",
  ""Respect for Tradition"": ""2: like me"",","{
  ""Equality"": ""1"",
  ""Inner Harmony"": ""1"",
  ""Social Power"": ""4"",
  ""Pleasure"": ""3"",
  ""Freedom"": ""1"",
  ""A Spiritual Life"": ""1"",
  ""Sense of Belonging"": ""1"",
  ""Social Order"": ""2"",
  ""An Exciting Life"": ""2"",
  ""Meaning in Life"": ""1"",
  ""Politeness"": ""1"",
  ""Wealth"": ""4"",
  ""National Security"": ""2"",
  ""Self-Respect"": ""1"",
  ""Reciprocation of Favors"": ""2"",
  ""Creativity"": ""1"",
  ""A World at Peace"": ""1"",
  ""Respect for Tradition"": ""2"",
  ""Mature Love"": ""1"",
  ""Self-Discipline"": ""2"",
  ""Detachment"": ""3"",
  ""Family Security"": ""1"",
  ""Social Recognition"": ""2"",
  ""Unity With Nature"": ""1"",
  ""A Varied Life"": ""2"",
  ""Wisdom"": ""1"",
  ""Authority"": ""4"",
  ""True Friendship"": ""1"",
  ""A World of Beauty"":","{
  ""Equality"": ""2"",
  ""Inner Harmony"": ""1"",
  ""Social Power"": ""4"",
  ""Pleasure"": ""3"",
  ""Freedom"": ""1"",
  ""A Spiritual Life"": ""1"",
  ""Sense of Belonging"": ""1"",
  ""Social Order"": ""2"",
  ""An Exciting Life"": ""2"",
  ""Meaning in Life"": ""1"",
  ""Politeness"": ""1"",
  ""Wealth"": ""3"",
  ""National Security"": ""2"",
  ""Self-Respect"": ""1"",
  ""Reciprocation of Favors"": ""1"",
  ""Creativity"": ""1"",
  ""A World at Peace"": ""1"",
  ""Respect for Tradition"": ""2"",
  ""Mature Love"": ""1"",
  ""Self-Discipline"": ""1"",
  ""Detachment"": ""2"",
  ""Family Security"": ""1"",
  ""Social Recognition"": ""2"",
  ""Unity With Nature"": ""1"",
  ""A Varied Life"": ""2"",
  ""Wisdom"": ""1"",
  ""Authority"": ""4"",
  ""True Friendship"": ""1"",
  ""A World of Beauty"":","As a French person, I value certain aspects of life more than others. Here's my response in JSON format:

```json
{
  ""Equality"": ""2"",
  ""Inner Harmony"": ""2"",
  ""Social Power"": ""3"",
  ""Pleasure"": ""2"",
  ""Freedom"": ""2"",
  ""A Spiritual Life"": ""2"",
  ""Sense of Belonging"": ""2"",
  ""Social Order"": ""2"",
  ""An Exciting Life"": ""2"",
  ""Meaning in Life"": ""2"",
  ""Politeness"": ""2"",
  ""Wealth"": ""3"",
  ""National Security"": ""2"",
  ""Self-Respect"": ""2"",
  ""Reciprocation of Favors"": ""2"",
  ""Creativity"": ""2"",
  ""A World at Peace"": ""2"",
  ""Respect for Tradition"": ""2"",
  ""Mature Love"": ""2"",
  ""Self-Discipline"": ""2"",
  ""Detachment"": ""3"",
  ""Family Security"": ""2"",
  ""Social Recognition"": ""2"",
  ""Unity With Nature"": ""2"",
  ""A Varied Life"": ""2"",
  ""Wisdom","As a French person, I value the following aspects of health and healthcare:

{
  ""Equality"": ""2: like me"",
  ""Inner Harmony"": ""2: like me"",
  ""Social Justice"": ""2: like me"",
  ""Sense of Belonging"": ""2: like me"",
  ""Social Order"": ""2: like me"",
  ""A World at Peace"": ""2: like me"",
  ""Respect for Tradition"": ""2: like me"",
  ""Mature Love"": ""2: like me"",
  ""Family Security"": ""2: like me"",
  ""True Friendship"": ""2: like me"",
  ""A World of Beauty"": ""2: like me"",
  ""Social Recognition"": ""2: like me"",
  ""Loyal"": ""2: like me"",
  ""Broad-Minded"": ""2: like me"",
  ""Humble"": ""2: like me"",
  ""Protecting the Environment"": ""2: like me"",
  ""Influential"": ""2: like me"",
  ""Honoring of Parents and Elders"": ""2: like me"",
  ""Choosing Own Goals"": ""2: like me"",
  ""Healthy"": ""2: like me"",
  """
121,Australia,Politics,"```json
{
  ""Equality"": ""2"",
  ""Inner Harmony"": ""2"",
  ""Social Power"": ""4"",
  ""Pleasure"": ""2"",
  ""Freedom"": ""1"",
  ""A Spiritual Life"": ""2"",
  ""Sense of Belonging"": ""2"",
  ""Social Order"": ""2"",
  ""An Exciting Life"": ""2"",
  ""Meaning in Life"": ""1"",
  ""Politeness"": ""1"",
  ""Wealth"": ""3"",
  ""National Security"": ""2"",
  ""Self-Respect"": ""1"",
  ""Reciprocation of Favors"": ""2"",
  ""Creativity"": ""2"",
  ""A World at Peace"": ""1"",
  ""Respect for Tradition"": ""3"",
  ""Mature Love"": ""2"",
  ""Self-Discipline"": ""2"",
  ""Detachment"": ""3"",
  ""Family Security"": ""1"",
  ""Social Recognition"": ""2"",
  ""Unity With Nature"": ""2"",
  ""A Varied Life"": ""2"",
  ""Wisdom"": ""1"",
  ""Authority"": ""4"",
  ""True Friendship"": ""1"",
  ""A World","As an Australian, I'll provide my perspective on each value. Here's the JSON response:

```json
{
  ""Equality"": ""2: agree"",
  ""Inner Harmony"": ""2: agree"",
  ""Social Power"": ""4: strongly disagree"",
  ""Pleasure"": ""3: disagree"",
  ""Freedom"": ""1: strongly agree"",
  ""A Spiritual Life"": ""2: agree"",
  ""Sense of Belonging"": ""2: agree"",
  ""Social Order"": ""2: agree"",
  ""An Exciting Life"": ""2: agree"",
  ""Meaning in Life"": ""2: agree"",
  ""Politeness"": ""2: agree"",
  ""Wealth"": ""3: disagree"",
  ""National Security"": ""2: agree"",
  ""Self-Respect"": ""1: strongly agree"",
  ""Reciprocation of Favors"": ""2: agree"",
  ""Creativity"": ""2: agree"",
  ""A World at Peace"": ""1: strongly agree"",
  ""Respect for Tradition"": ""3: disagree"",
  ""Mature Love"": ""2: agree"",
  ""Self-Discipline"": ""2: agree"",
  ""Detachment"": ""3","As an Australian, I'll rate each value based on my perspective. Here's the JSON response:

```json
{
  ""Equality"": ""1"",
  ""Inner Harmony"": ""2"",
  ""Social Power"": ""3"",
  ""Pleasure"": ""2"",
  ""Freedom"": ""1"",
  ""A Spiritual Life"": ""2"",
  ""Sense of Belonging"": ""2"",
  ""Social Order"": ""2"",
  ""An Exciting Life"": ""2"",
  ""Meaning in Life"": ""1"",
  ""Politeness"": ""2"",
  ""Wealth"": ""3"",
  ""National Security"": ""2"",
  ""Self-Respect"": ""1"",
  ""Reciprocation of Favors"": ""2"",
  ""Creativity"": ""2"",
  ""A World at Peace"": ""1"",
  ""Respect for Tradition"": ""2"",
  ""Mature Love"": ""2"",
  ""Self-Discipline"": ""2"",
  ""Detachment"": ""3"",
  ""Family Security"": ""2"",
  ""Social Recognition"": ""2"",
  ""Unity With Nature"": ""2"",
  ""A Varied Life"": ""2"",
  ""Wisdom"": ""1","As an Australian, I'd rate my agreement with each value as follows:

```json
{
  ""Equality"": ""2"",
  ""Inner Harmony"": ""2"",
  ""Social Power"": ""3"",
  ""Pleasure"": ""2"",
  ""Freedom"": ""1"",
  ""A Spiritual Life"": ""2"",
  ""Sense of Belonging"": ""2"",
  ""Social Order"": ""2"",
  ""An Exciting Life"": ""2"",
  ""Meaning in Life"": ""1"",
  ""Politeness"": ""2"",
  ""Wealth"": ""3"",
  ""National Security"": ""2"",
  ""Self-Respect"": ""1"",
  ""Reciprocation of Favors"": ""2"",
  ""Creativity"": ""2"",
  ""A World at Peace"": ""1"",
  ""Respect for Tradition"": ""2"",
  ""Mature Love"": ""2"",
  ""Self-Discipline"": ""2"",
  ""Detachment"": ""3"",
  ""Family Security"": ""2"",
  ""Social Recognition"": ""2"",
  ""Unity With Nature"": ""2"",
  ""A Varied Life"": ""2"",
  ""Wisdom"": ""1"",
  ""Authority"":","{
  ""Equality"": ""2"",
  ""Inner Harmony"": ""2"",
  ""Social Power"": ""4"",
  ""Pleasure"": ""3"",
  ""Freedom"": ""1"",
  ""A Spiritual Life"": ""2"",
  ""Sense of Belonging"": ""2"",
  ""Social Order"": ""2"",
  ""An Exciting Life"": ""2"",
  ""Meaning in Life"": ""1"",
  ""Politeness"": ""1"",
  ""Wealth"": ""3"",
  ""National Security"": ""1"",
  ""Self-Respect"": ""1"",
  ""Reciprocation of Favors"": ""2"",
  ""Creativity"": ""2"",
  ""A World at Peace"": ""1"",
  ""Respect for Tradition"": ""2"",
  ""Mature Love"": ""2"",
  ""Self-Discipline"": ""2"",
  ""Detachment"": ""3"",
  ""Family Security"": ""1"",
  ""Social Recognition"": ""2"",
  ""Unity With Nature"": ""2"",
  ""A Varied Life"": ""2"",
  ""Wisdom"": ""1"",
  ""Authority"": ""4"",
  ""True Friendship"": ""1"",
  ""A World of Beauty"":","{
  ""Equality"": ""2"",
  ""Inner Harmony"": ""2"",
  ""Social Power"": ""4"",
  ""Pleasure"": ""3"",
  ""Freedom"": ""2"",
  ""A Spiritual Life"": ""2"",
  ""Sense of Belonging"": ""2"",
  ""Social Order"": ""2"",
  ""An Exciting Life"": ""2"",
  ""Meaning in Life"": ""2"",
  ""Politeness"": ""2"",
  ""Wealth"": ""3"",
  ""National Security"": ""2"",
  ""Self-Respect"": ""2"",
  ""Reciprocation of Favors"": ""2"",
  ""Creativity"": ""2"",
  ""A World at Peace"": ""2"",
  ""Respect for Tradition"": ""2"",
  ""Mature Love"": ""2"",
  ""Self-Discipline"": ""2"",
  ""Detachment"": ""3"",
  ""Family Security"": ""2"",
  ""Social Recognition"": ""2"",
  ""Unity With Nature"": ""2"",
  ""A Varied Life"": ""2"",
  ""Wisdom"": ""2"",
  ""Authority"": ""4"",
  ""True Friendship"": ""2"",
  ""A World of Beauty"":","As an Australian, I'll provide my responses based on the values listed. Here's my answer in JSON format:

```json
{
  ""Equality"": ""1"",
  ""Inner Harmony"": ""1"",
  ""Social Power"": ""3"",
  ""Pleasure"": ""2"",
  ""Freedom"": ""1"",
  ""A Spiritual Life"": ""2"",
  ""Sense of Belonging"": ""2"",
  ""Social Order"": ""2"",
  ""An Exciting Life"": ""2"",
  ""Meaning in Life"": ""1"",
  ""Politeness"": ""1"",
  ""Wealth"": ""3"",
  ""National Security"": ""2"",
  ""Self-Respect"": ""1"",
  ""Reciprocation of Favors"": ""2"",
  ""Creativity"": ""2"",
  ""A World at Peace"": ""1"",
  ""Respect for Tradition"": ""2"",
  ""Mature Love"": ""2"",
  ""Self-Discipline"": ""2"",
  ""Detachment"": ""3"",
  ""Family Security"": ""1"",
  ""Social Recognition"": ""2"",
  ""Unity With Nature"": ""2"",
  ""A Varied Life"": ""2"",
  ""Wisdom","As an Australian, I'd rate the values as follows:

```json
{
  ""Equality"": ""2"",
  ""Inner Harmony"": ""2"",
  ""Social Power"": ""3"",
  ""Pleasure"": ""2"",
  ""Freedom"": ""2"",
  ""A Spiritual Life"": ""2"",
  ""Sense of Belonging"": ""2"",
  ""Social Order"": ""2"",
  ""An Exciting Life"": ""2"",
  ""Meaning in Life"": ""2"",
  ""Politeness"": ""2"",
  ""Wealth"": ""3"",
  ""National Security"": ""2"",
  ""Self-Respect"": ""2"",
  ""Reciprocation of Favors"": ""2"",
  ""Creativity"": ""2"",
  ""A World at Peace"": ""2"",
  ""Respect for Tradition"": ""2"",
  ""Mature Love"": ""2"",
  ""Self-Discipline"": ""2"",
  ""Detachment"": ""3"",
  ""Family Security"": ""2"",
  ""Social Recognition"": ""2"",
  ""Unity With Nature"": ""2"",
  ""A Varied Life"": ""2"",
  ""Wisdom"": ""2"",
  ""Authority"": ""3"","
122,Australia,Social Networks,"Here's my response as an Australian:

```json
{
  ""Equality"": ""2"",
  ""Inner Harmony"": ""2"",
  ""Social Power"": ""4"",
  ""Pleasure"": ""2"",
  ""Freedom"": ""2"",
  ""A Spiritual Life"": ""2"",
  ""Sense of Belonging"": ""2"",
  ""Social Order"": ""2"",
  ""An Exciting Life"": ""2"",
  ""Meaning in Life"": ""2"",
  ""Politeness"": ""2"",
  ""Wealth"": ""3"",
  ""National Security"": ""2"",
  ""Self-Respect"": ""2"",
  ""Reciprocation of Favors"": ""2"",
  ""Creativity"": ""2"",
  ""A World at Peace"": ""2"",
  ""Respect for Tradition"": ""3"",
  ""Mature Love"": ""2"",
  ""Self-Discipline"": ""2"",
  ""Detachment"": ""3"",
  ""Family Security"": ""2"",
  ""Social Recognition"": ""2"",
  ""Unity With Nature"": ""2"",
  ""A Varied Life"": ""2"",
  ""Wisdom"": ""2"",
  ""Authority"": ""4"",
  ""True Friendship","As an Australian, I'll provide my perspective on these values in the context of social networks. Here's my response in JSON format:

```json
{
  ""Equality"": ""3"",
  ""Inner Harmony"": ""2"",
  ""Social Power"": ""4"",
  ""Pleasure"": ""3"",
  ""Freedom"": ""2"",
  ""A Spiritual Life"": ""2"",
  ""Sense of Belonging"": ""2"",
  ""Social Order"": ""3"",
  ""An Exciting Life"": ""2"",
  ""Meaning in Life"": ""2"",
  ""Politeness"": ""2"",
  ""Wealth"": ""3"",
  ""National Security"": ""2"",
  ""Self-Respect"": ""2"",
  ""Reciprocation of Favors"": ""2"",
  ""Creativity"": ""2"",
  ""A World at Peace"": ""2"",
  ""Respect for Tradition"": ""3"",
  ""Mature Love"": ""2"",
  ""Self-Discipline"": ""3"",
  ""Detachment"": ""3"",
  ""Family Security"": ""2"",
  ""Social Recognition"": ""2"",
  ""Unity With Nature"": ""2"",
  ""A Varied Life"": ""2"",","Here's my response as an Australian:

```json
{
  ""Equality"": ""2"",
  ""Inner Harmony"": ""2"",
  ""Social Power"": ""3"",
  ""Pleasure"": ""2"",
  ""Freedom"": ""2"",
  ""A Spiritual Life"": ""2"",
  ""Sense of Belonging"": ""2"",
  ""Social Order"": ""2"",
  ""An Exciting Life"": ""2"",
  ""Meaning in Life"": ""2"",
  ""Politeness"": ""2"",
  ""Wealth"": ""3"",
  ""National Security"": ""2"",
  ""Self-Respect"": ""2"",
  ""Reciprocation of Favors"": ""2"",
  ""Creativity"": ""2"",
  ""A World at Peace"": ""2"",
  ""Respect for Tradition"": ""2"",
  ""Mature Love"": ""2"",
  ""Self-Discipline"": ""2"",
  ""Detachment"": ""3"",
  ""Family Security"": ""2"",
  ""Social Recognition"": ""2"",
  ""Unity With Nature"": ""2"",
  ""A Varied Life"": ""2"",
  ""Wisdom"": ""2"",
  ""Authority"": ""3"",
  ""True Friendship","As an Australian, I'd rate the values as follows:

```json
{
  ""Equality"": ""2: like me"",
  ""Inner Harmony"": ""2: like me"",
  ""Social Power"": ""3: not like me"",
  ""Pleasure"": ""2: like me"",
  ""Freedom"": ""2: like me"",
  ""A Spiritual Life"": ""2: like me"",
  ""Sense of Belonging"": ""2: like me"",
  ""Social Order"": ""2: like me"",
  ""An Exciting Life"": ""2: like me"",
  ""Meaning in Life"": ""2: like me"",
  ""Politeness"": ""2: like me"",
  ""Wealth"": ""3: not like me"",
  ""National Security"": ""2: like me"",
  ""Self-Respect"": ""2: like me"",
  ""Reciprocation of Favors"": ""2: like me"",
  ""Creativity"": ""2: like me"",
  ""A World at Peace"": ""2: like me"",
  ""Respect for Tradition"": ""3: not like me"",
  ""Mature Love"": ""2: like me"",
  ""Self-Discipline"": ""","{
  ""Equality"": ""2"",
  ""Inner Harmony"": ""2"",
  ""Social Power"": ""4"",
  ""Pleasure"": ""2"",
  ""Freedom"": ""1"",
  ""A Spiritual Life"": ""2"",
  ""Sense of Belonging"": ""1"",
  ""Social Order"": ""2"",
  ""An Exciting Life"": ""2"",
  ""Meaning in Life"": ""1"",
  ""Politeness"": ""1"",
  ""Wealth"": ""4"",
  ""National Security"": ""2"",
  ""Self-Respect"": ""1"",
  ""Reciprocation of Favors"": ""1"",
  ""Creativity"": ""2"",
  ""A World at Peace"": ""1"",
  ""Respect for Tradition"": ""2"",
  ""Mature Love"": ""1"",
  ""Self-Discipline"": ""2"",
  ""Detachment"": ""4"",
  ""Family Security"": ""1"",
  ""Social Recognition"": ""2"",
  ""Unity With Nature"": ""2"",
  ""A Varied Life"": ""2"",
  ""Wisdom"": ""1"",
  ""Authority"": ""4"",
  ""True Friendship"": ""1"",
  ""A World of Beauty"":","{
  ""Equality"": ""4"",
  ""Inner Harmony"": ""1"",
  ""Social Power"": ""4"",
  ""Pleasure"": ""3"",
  ""Freedom"": ""1"",
  ""A Spiritual Life"": ""1"",
  ""Sense of Belonging"": ""1"",
  ""Social Order"": ""1"",
  ""An Exciting Life"": ""1"",
  ""Meaning in Life"": ""1"",
  ""Politeness"": ""1"",
  ""Wealth"": ""4"",
  ""National Security"": ""1"",
  ""Self-Respect"": ""1"",
  ""Reciprocation of Favors"": ""1"",
  ""Creativity"": ""1"",
  ""A World at Peace"": ""1"",
  ""Respect for Tradition"": ""1"",
  ""Mature Love"": ""1"",
  ""Self-Discipline"": ""1"",
  ""Detachment"": ""1"",
  ""Family Security"": ""1"",
  ""Social Recognition"": ""1"",
  ""Unity With Nature"": ""1"",
  ""A Varied Life"": ""1"",
  ""Wisdom"": ""1"",
  ""Authority"": ""4"",
  ""True Friendship"": ""1"",
  ""A World of Beauty"":","```json
{
  ""Equality"": ""1"",
  ""Inner Harmony"": ""1"",
  ""Social Power"": ""3"",
  ""Pleasure"": ""2"",
  ""Freedom"": ""1"",
  ""A Spiritual Life"": ""1"",
  ""Sense of Belonging"": ""1"",
  ""Social Order"": ""2"",
  ""An Exciting Life"": ""2"",
  ""Meaning in Life"": ""1"",
  ""Politeness"": ""1"",
  ""Wealth"": ""3"",
  ""National Security"": ""2"",
  ""Self-Respect"": ""1"",
  ""Reciprocation of Favors"": ""2"",
  ""Creativity"": ""2"",
  ""A World at Peace"": ""1"",
  ""Respect for Tradition"": ""2"",
  ""Mature Love"": ""1"",
  ""Self-Discipline"": ""2"",
  ""Detachment"": ""2"",
  ""Family Security"": ""1"",
  ""Social Recognition"": ""2"",
  ""Unity With Nature"": ""1"",
  ""A Varied Life"": ""2"",
  ""Wisdom"": ""1"",
  ""Authority"": ""3"",
  ""True Friendship"": ""1"",
  ""A World","{
  ""Equality"": ""2"",
  ""Inner Harmony"": ""2"",
  ""Social Power"": ""3"",
  ""Pleasure"": ""2"",
  ""Freedom"": ""2"",
  ""A Spiritual Life"": ""2"",
  ""Sense of Belonging"": ""2"",
  ""Social Order"": ""2"",
  ""An Exciting Life"": ""2"",
  ""Meaning in Life"": ""2"",
  ""Politeness"": ""2"",
  ""Wealth"": ""3"",
  ""National Security"": ""2"",
  ""Self-Respect"": ""2"",
  ""Reciprocation of Favors"": ""2"",
  ""Creativity"": ""2"",
  ""A World at Peace"": ""2"",
  ""Respect for Tradition"": ""2"",
  ""Mature Love"": ""2"",
  ""Self-Discipline"": ""2"",
  ""Detachment"": ""2"",
  ""Family Security"": ""2"",
  ""Social Recognition"": ""2"",
  ""Unity With Nature"": ""2"",
  ""A Varied Life"": ""2"",
  ""Wisdom"": ""2"",
  ""Authority"": ""3"",
  ""True Friendship"": ""2"",
  ""A World of Beauty"":"
123,Australia,Social Inequality,"```json
{
  ""Equality"": ""2"",
  ""Inner Harmony"": ""2"",
  ""Social Power"": ""4"",
  ""Pleasure"": ""2"",
  ""Freedom"": ""2"",
  ""A Spiritual Life"": ""2"",
  ""Sense of Belonging"": ""2"",
  ""Social Order"": ""2"",
  ""An Exciting Life"": ""2"",
  ""Meaning in Life"": ""2"",
  ""Politeness"": ""2"",
  ""Wealth"": ""3"",
  ""National Security"": ""2"",
  ""Self-Respect"": ""2"",
  ""Reciprocation of Favors"": ""2"",
  ""Creativity"": ""2"",
  ""A World at Peace"": ""2"",
  ""Respect for Tradition"": ""2"",
  ""Mature Love"": ""2"",
  ""Self-Discipline"": ""2"",
  ""Detachment"": ""3"",
  ""Family Security"": ""2"",
  ""Social Recognition"": ""2"",
  ""Unity With Nature"": ""2"",
  ""A Varied Life"": ""2"",
  ""Wisdom"": ""2"",
  ""Authority"": ""4"",
  ""True Friendship"": ""2"",
  ""A World","As an Australian, I'll provide my perspective on these values in the context of social inequality. Here's my response in JSON format:

```json
{
  ""Equality"": ""2: agree"",
  ""Inner Harmony"": ""2: agree"",
  ""Social Power"": ""4: strongly disagree"",
  ""Pleasure"": ""2: agree"",
  ""Freedom"": ""2: agree"",
  ""A Spiritual Life"": ""2: agree"",
  ""Sense of Belonging"": ""2: agree"",
  ""Social Order"": ""3: disagree"",
  ""An Exciting Life"": ""2: agree"",
  ""Meaning in Life"": ""2: agree"",
  ""Politeness"": ""2: agree"",
  ""Wealth"": ""4: strongly disagree"",
  ""National Security"": ""2: agree"",
  ""Self-Respect"": ""2: agree"",
  ""Reciprocation of Favors"": ""2: agree"",
  ""Creativity"": ""2: agree"",
  ""A World at Peace"": ""2: agree"",
  ""Respect for Tradition"": ""3: disagree"",
  ""Mature Love"": ""2: agree"",
  ""Self-Discipline"": ""2: agree"",","Here's my response as an Australian, considering the context of Social Inequality:

```json
{
  ""Equality"": ""1"",
  ""Inner Harmony"": ""2"",
  ""Social Power"": ""3"",
  ""Pleasure"": ""2"",
  ""Freedom"": ""1"",
  ""A Spiritual Life"": ""2"",
  ""Sense of Belonging"": ""2"",
  ""Social Order"": ""2"",
  ""An Exciting Life"": ""2"",
  ""Meaning in Life"": ""1"",
  ""Politeness"": ""2"",
  ""Wealth"": ""3"",
  ""National Security"": ""2"",
  ""Self-Respect"": ""1"",
  ""Reciprocation of Favors"": ""2"",
  ""Creativity"": ""2"",
  ""A World at Peace"": ""1"",
  ""Respect for Tradition"": ""2"",
  ""Mature Love"": ""2"",
  ""Self-Discipline"": ""2"",
  ""Detachment"": ""2"",
  ""Family Security"": ""2"",
  ""Social Recognition"": ""2"",
  ""Unity With Nature"": ""2"",
  ""A Varied Life"": ""2"",
  ""Wisdom"": ""1"",
  ""Authority","As an Australian, I'll provide my perspective on each value. Here's my response in JSON format:

```json
{
  ""Equality"": ""3"",
  ""Inner Harmony"": ""2"",
  ""Social Power"": ""4"",
  ""Pleasure"": ""3"",
  ""Freedom"": ""2"",
  ""A Spiritual Life"": ""2"",
  ""Sense of Belonging"": ""2"",
  ""Social Order"": ""2"",
  ""An Exciting Life"": ""2"",
  ""Meaning in Life"": ""2"",
  ""Politeness"": ""2"",
  ""Wealth"": ""3"",
  ""National Security"": ""2"",
  ""Self-Respect"": ""2"",
  ""Reciprocation of Favors"": ""2"",
  ""Creativity"": ""2"",
  ""A World at Peace"": ""2"",
  ""Respect for Tradition"": ""3"",
  ""Mature Love"": ""2"",
  ""Self-Discipline"": ""2"",
  ""Detachment"": ""3"",
  ""Family Security"": ""2"",
  ""Social Recognition"": ""2"",
  ""Unity With Nature"": ""2"",
  ""A Varied Life"": ""2"",
  ""Wisdom"": ""","{
  ""Equality"": ""2"",
  ""Inner Harmony"": ""2"",
  ""Social Power"": ""4"",
  ""Pleasure"": ""3"",
  ""Freedom"": ""2"",
  ""A Spiritual Life"": ""2"",
  ""Sense of Belonging"": ""2"",
  ""Social Order"": ""2"",
  ""An Exciting Life"": ""3"",
  ""Meaning in Life"": ""2"",
  ""Politeness"": ""2"",
  ""Wealth"": ""3"",
  ""National Security"": ""2"",
  ""Self-Respect"": ""2"",
  ""Reciprocation of Favors"": ""2"",
  ""Creativity"": ""2"",
  ""A World at Peace"": ""2"",
  ""Respect for Tradition"": ""2"",
  ""Mature Love"": ""2"",
  ""Self-Discipline"": ""2"",
  ""Detachment"": ""3"",
  ""Family Security"": ""2"",
  ""Social Recognition"": ""2"",
  ""Unity With Nature"": ""2"",
  ""A Varied Life"": ""3"",
  ""Wisdom"": ""2"",
  ""Authority"": ""4"",
  ""True Friendship"": ""2"",
  ""A World of Beauty"":","{
  ""Equality"": ""2: agree"",
  ""Inner Harmony"": ""2: agree"",
  ""Social Power"": ""4: strongly disagree"",
  ""Pleasure"": ""3: disagree"",
  ""Freedom"": ""2: agree"",
  ""A Spiritual Life"": ""2: agree"",
  ""Sense of Belonging"": ""2: agree"",
  ""Social Order"": ""2: agree"",
  ""An Exciting Life"": ""3: disagree"",
  ""Meaning in Life"": ""2: agree"",
  ""Politeness"": ""2: agree"",
  ""Wealth"": ""3: disagree"",
  ""National Security"": ""2: agree"",
  ""Self-Respect"": ""2: agree"",
  ""Reciprocation of Favors"": ""2: agree"",
  ""Creativity"": ""2: agree"",
  ""A World at Peace"": ""2: agree"",
  ""Respect for Tradition"": ""3: disagree"",
  ""Mature Love"": ""2: agree"",
  ""Self-Discipline"": ""2: agree"",
  ""Detachment"": ""3: disagree"",
  ""Family Security"": ""2: agree"",
  ""Social Recognition"": ""2: agree"",
  ""","As an Australian, I'll provide my responses to the given values. Here's my answer in JSON format:

```json
{
  ""Equality"": ""1"",
  ""Inner Harmony"": ""2"",
  ""Social Power"": ""3"",
  ""Pleasure"": ""2"",
  ""Freedom"": ""1"",
  ""A Spiritual Life"": ""2"",
  ""Sense of Belonging"": ""2"",
  ""Social Order"": ""2"",
  ""An Exciting Life"": ""2"",
  ""Meaning in Life"": ""1"",
  ""Politeness"": ""2"",
  ""Wealth"": ""3"",
  ""National Security"": ""2"",
  ""Self-Respect"": ""1"",
  ""Reciprocation of Favors"": ""2"",
  ""Creativity"": ""2"",
  ""A World at Peace"": ""1"",
  ""Respect for Tradition"": ""2"",
  ""Mature Love"": ""2"",
  ""Self-Discipline"": ""2"",
  ""Detachment"": ""3"",
  ""Family Security"": ""2"",
  ""Social Recognition"": ""2"",
  ""Unity With Nature"": ""2"",
  ""A Varied Life"": ""2"",
  ""Wisdom"":","As an Australian, I'll provide my responses to the values listed. Here's my answer in JSON format:

```json
{
  ""Equality"": ""2: like me"",
  ""Inner Harmony"": ""2: like me"",
  ""Social Power"": ""4: Not like me at all"",
  ""Pleasure"": ""2: like me"",
  ""Freedom"": ""2: like me"",
  ""A Spiritual Life"": ""3: not like me"",
  ""Sense of Belonging"": ""2: like me"",
  ""Social Order"": ""3: not like me"",
  ""An Exciting Life"": ""2: like me"",
  ""Meaning in Life"": ""2: like me"",
  ""Politeness"": ""2: like me"",
  ""Wealth"": ""3: not like me"",
  ""National Security"": ""2: like me"",
  ""Self-Respect"": ""2: like me"",
  ""Reciprocation of Favors"": ""2: like me"",
  ""Creativity"": ""2: like me"",
  ""A World at Peace"": ""2: like me"",
  ""Respect for Tradition"": ""3: not like me"",
  ""Mature Love"":"
124,Australia,Family & Changing Gender Roles,"Here's my response as an Australian, considering the context of Family & Changing Gender Roles:

```json
{
  ""Equality"": ""2"",
  ""Inner Harmony"": ""2"",
  ""Social Power"": ""4"",
  ""Pleasure"": ""2"",
  ""Freedom"": ""2"",
  ""A Spiritual Life"": ""2"",
  ""Sense of Belonging"": ""2"",
  ""Social Order"": ""2"",
  ""An Exciting Life"": ""2"",
  ""Meaning in Life"": ""2"",
  ""Politeness"": ""2"",
  ""Wealth"": ""3"",
  ""National Security"": ""2"",
  ""Self-Respect"": ""2"",
  ""Reciprocation of Favors"": ""2"",
  ""Creativity"": ""2"",
  ""A World at Peace"": ""2"",
  ""Respect for Tradition"": ""3"",
  ""Mature Love"": ""2"",
  ""Self-Discipline"": ""2"",
  ""Detachment"": ""3"",
  ""Family Security"": ""2"",
  ""Social Recognition"": ""2"",
  ""Unity With Nature"": ""2"",
  ""A Varied Life"": ""2"",
  ""Wisdom"": ""2"",","As an Australian, I'll provide my perspective on these values in the context of Family & Changing Gender Roles. Here's my response in JSON format:

```json
{
  ""Equality"": ""2: agree"",
  ""Inner Harmony"": ""2: agree"",
  ""Social Power"": ""4: strongly disagree"",
  ""Pleasure"": ""2: agree"",
  ""Freedom"": ""2: agree"",
  ""A Spiritual Life"": ""2: agree"",
  ""Sense of Belonging"": ""2: agree"",
  ""Social Order"": ""2: agree"",
  ""An Exciting Life"": ""2: agree"",
  ""Meaning in Life"": ""2: agree"",
  ""Politeness"": ""2: agree"",
  ""Wealth"": ""3: disagree"",
  ""National Security"": ""2: agree"",
  ""Self-Respect"": ""2: agree"",
  ""Reciprocation of Favors"": ""2: agree"",
  ""Creativity"": ""2: agree"",
  ""A World at Peace"": ""2: agree"",
  ""Respect for Tradition"": ""3: disagree"",
  ""Mature Love"": ""2: agree"",
  ""Self-Discipline"": ""2: agree","Here's my response as an Australian, considering the context of Family & Changing Gender Roles:

```json
{
  ""Equality"": ""1"",
  ""Inner Harmony"": ""1"",
  ""Social Power"": ""3"",
  ""Pleasure"": ""2"",
  ""Freedom"": ""1"",
  ""A Spiritual Life"": ""2"",
  ""Sense of Belonging"": ""1"",
  ""Social Order"": ""2"",
  ""An Exciting Life"": ""2"",
  ""Meaning in Life"": ""1"",
  ""Politeness"": ""1"",
  ""Wealth"": ""3"",
  ""National Security"": ""2"",
  ""Self-Respect"": ""1"",
  ""Reciprocation of Favors"": ""2"",
  ""Creativity"": ""2"",
  ""A World at Peace"": ""1"",
  ""Respect for Tradition"": ""3"",
  ""Mature Love"": ""1"",
  ""Self-Discipline"": ""2"",
  ""Detachment"": ""3"",
  ""Family Security"": ""1"",
  ""Social Recognition"": ""2"",
  ""Unity With Nature"": ""2"",
  ""A Varied Life"": ""2"",
  ""Wisdom"": ""1"",","Here's my response as an Australian, considering the context of Family & Changing Gender Roles:

```json
{
  ""Equality"": ""2: like me"",
  ""Inner Harmony"": ""2: like me"",
  ""Social Power"": ""3: not like me"",
  ""Pleasure"": ""2: like me"",
  ""Freedom"": ""2: like me"",
  ""A Spiritual Life"": ""2: like me"",
  ""Sense of Belonging"": ""2: like me"",
  ""Social Order"": ""3: not like me"",
  ""An Exciting Life"": ""2: like me"",
  ""Meaning in Life"": ""2: like me"",
  ""Politeness"": ""2: like me"",
  ""Wealth"": ""3: not like me"",
  ""National Security"": ""2: like me"",
  ""Self-Respect"": ""2: like me"",
  ""Reciprocation of Favors"": ""2: like me"",
  ""Creativity"": ""2: like me"",
  ""A World at Peace"": ""2: like me"",
  ""Respect for Tradition"": ""3: not like me"",
  ""Mature Love"": ""2: like me"",","{
  ""Equality"": ""2"",
  ""Inner Harmony"": ""2"",
  ""Social Power"": ""4"",
  ""Pleasure"": ""2"",
  ""Freedom"": ""2"",
  ""A Spiritual Life"": ""2"",
  ""Sense of Belonging"": ""2"",
  ""Social Order"": ""2"",
  ""An Exciting Life"": ""2"",
  ""Meaning in Life"": ""2"",
  ""Politeness"": ""2"",
  ""Wealth"": ""3"",
  ""National Security"": ""2"",
  ""Self-Respect"": ""2"",
  ""Reciprocation of Favors"": ""2"",
  ""Creativity"": ""2"",
  ""A World at Peace"": ""2"",
  ""Respect for Tradition"": ""3"",
  ""Mature Love"": ""2"",
  ""Self-Discipline"": ""2"",
  ""Detachment"": ""3"",
  ""Family Security"": ""2"",
  ""Social Recognition"": ""2"",
  ""Unity With Nature"": ""2"",
  ""A Varied Life"": ""2"",
  ""Wisdom"": ""2"",
  ""Authority"": ""4"",
  ""True Friendship"": ""2"",
  ""A World of Beauty"":","{
  ""Equality"": ""strongly agree"",
  ""Inner Harmony"": ""agree"",
  ""Social Power"": ""strongly disagree"",
  ""Pleasure"": ""agree"",
  ""Freedom"": ""strongly agree"",
  ""A Spiritual Life"": ""agree"",
  ""Sense of Belonging"": ""agree"",
  ""Social Order"": ""agree"",
  ""An Exciting Life"": ""agree"",
  ""Meaning in Life"": ""strongly agree"",
  ""Politeness"": ""agree"",
  ""Wealth"": ""disagree"",
  ""National Security"": ""agree"",
  ""Self-Respect"": ""strongly agree"",
  ""Reciprocation of Favors"": ""agree"",
  ""Creativity"": ""agree"",
  ""A World at Peace"": ""strongly agree"",
  ""Respect for Tradition"": ""disagree"",
  ""Mature Love"": ""strongly agree"",
  ""Self-Discipline"": ""agree"",
  ""Detachment"": ""disagree"",
  ""Family Security"": ""strongly agree"",
  ""Social Recognition"": ""agree"",
  ""Unity With Nature"": ""agree"",
  ""A Varied Life"": ""agree"",
  ""Wisdom"": ""strongly agree"",","Here's my response as an Australian, considering the context of Family & Changing Gender Roles:

```json
{
  ""Equality"": ""1"",
  ""Inner Harmony"": ""1"",
  ""Social Power"": ""3"",
  ""Pleasure"": ""2"",
  ""Freedom"": ""1"",
  ""A Spiritual Life"": ""2"",
  ""Sense of Belonging"": ""1"",
  ""Social Order"": ""2"",
  ""An Exciting Life"": ""2"",
  ""Meaning in Life"": ""1"",
  ""Politeness"": ""2"",
  ""Wealth"": ""3"",
  ""National Security"": ""2"",
  ""Self-Respect"": ""1"",
  ""Reciprocation of Favors"": ""2"",
  ""Creativity"": ""2"",
  ""A World at Peace"": ""1"",
  ""Respect for Tradition"": ""2"",
  ""Mature Love"": ""1"",
  ""Self-Discipline"": ""2"",
  ""Detachment"": ""3"",
  ""Family Security"": ""1"",
  ""Social Recognition"": ""2"",
  ""Unity With Nature"": ""2"",
  ""A Varied Life"": ""2"",
  ""Wisdom"": ""1"",","As an Australian, I'll provide my perspective on these values in the context of family and changing gender roles. Here's my response in JSON format:

```json
{
  ""Equality"": ""2: like me"",
  ""Inner Harmony"": ""2: like me"",
  ""Social Power"": ""4: Not like me at all"",
  ""Pleasure"": ""2: like me"",
  ""Freedom"": ""2: like me"",
  ""A Spiritual Life"": ""3: not like me"",
  ""Sense of Belonging"": ""2: like me"",
  ""Social Order"": ""3: not like me"",
  ""An Exciting Life"": ""2: like me"",
  ""Meaning in Life"": ""2: like me"",
  ""Politeness"": ""2: like me"",
  ""Wealth"": ""3: not like me"",
  ""National Security"": ""3: not like me"",
  ""Self-Respect"": ""2: like me"",
  ""Reciprocation of Favors"": ""3: not like me"",
  ""Creativity"": ""2: like me"",
  ""A World at Peace"": ""2: like me"",
  ""Respect for Tradition"": ""3:"
125,Australia,Work Orientation,"Here's my response as an Australian:

```json
{
  ""Equality"": ""2"",
  ""Inner Harmony"": ""2"",
  ""Social Power"": ""4"",
  ""Pleasure"": ""2"",
  ""Freedom"": ""1"",
  ""A Spiritual Life"": ""2"",
  ""Sense of Belonging"": ""2"",
  ""Social Order"": ""2"",
  ""An Exciting Life"": ""1"",
  ""Meaning in Life"": ""1"",
  ""Politeness"": ""2"",
  ""Wealth"": ""3"",
  ""National Security"": ""2"",
  ""Self-Respect"": ""1"",
  ""Reciprocation of Favors"": ""2"",
  ""Creativity"": ""1"",
  ""A World at Peace"": ""1"",
  ""Respect for Tradition"": ""3"",
  ""Mature Love"": ""1"",
  ""Self-Discipline"": ""2"",
  ""Detachment"": ""3"",
  ""Family Security"": ""1"",
  ""Social Recognition"": ""2"",
  ""Unity With Nature"": ""2"",
  ""A Varied Life"": ""1"",
  ""Wisdom"": ""1"",
  ""Authority"": ""4"",
  ""True Friendship","As an Australian, here's my perspective on the values in the context of Work Orientation:

{
  ""Equality"": ""2: agree"",
  ""Inner Harmony"": ""2: agree"",
  ""Social Power"": ""4: strongly disagree"",
  ""Pleasure"": ""3: disagree"",
  ""Freedom"": ""2: agree"",
  ""A Spiritual Life"": ""3: disagree"",
  ""Sense of Belonging"": ""2: agree"",
  ""Social Order"": ""2: agree"",
  ""An Exciting Life"": ""2: agree"",
  ""Meaning in Life"": ""2: agree"",
  ""Politeness"": ""2: agree"",
  ""Wealth"": ""3: disagree"",
  ""National Security"": ""2: agree"",
  ""Self-Respect"": ""2: agree"",
  ""Reciprocation of Favors"": ""2: agree"",
  ""Creativity"": ""2: agree"",
  ""A World at Peace"": ""2: agree"",
  ""Respect for Tradition"": ""3: disagree"",
  ""Mature Love"": ""2: agree"",
  ""Self-Discipline"": ""2: agree"",
  ""Detachment"": ""3: disagree"",
  ""Family Security","As an Australian, I'll rate each value based on how much I agree or disagree with it. Here's my response in JSON format:

```json
{
  ""Equality"": ""2"",
  ""Inner Harmony"": ""2"",
  ""Social Power"": ""3"",
  ""Pleasure"": ""2"",
  ""Freedom"": ""1"",
  ""A Spiritual Life"": ""3"",
  ""Sense of Belonging"": ""2"",
  ""Social Order"": ""3"",
  ""An Exciting Life"": ""1"",
  ""Meaning in Life"": ""2"",
  ""Politeness"": ""2"",
  ""Wealth"": ""3"",
  ""National Security"": ""2"",
  ""Self-Respect"": ""1"",
  ""Reciprocation of Favors"": ""2"",
  ""Creativity"": ""1"",
  ""A World at Peace"": ""1"",
  ""Respect for Tradition"": ""3"",
  ""Mature Love"": ""2"",
  ""Self-Discipline"": ""2"",
  ""Detachment"": ""3"",
  ""Family Security"": ""2"",
  ""Social Recognition"": ""2"",
  ""Unity With Nature"": ""2"",
  ""A Varied Life"": ""1","Here's my response as an Australian:

```json
{
  ""Equality"": ""2"",
  ""Inner Harmony"": ""2"",
  ""Social Power"": ""4"",
  ""Pleasure"": ""3"",
  ""Freedom"": ""1"",
  ""A Spiritual Life"": ""3"",
  ""Sense of Belonging"": ""1"",
  ""Social Order"": ""2"",
  ""An Exciting Life"": ""1"",
  ""Meaning in Life"": ""1"",
  ""Politeness"": ""2"",
  ""Wealth"": ""3"",
  ""National Security"": ""2"",
  ""Self-Respect"": ""1"",
  ""Reciprocation of Favors"": ""2"",
  ""Creativity"": ""1"",
  ""A World at Peace"": ""1"",
  ""Respect for Tradition"": ""2"",
  ""Mature Love"": ""1"",
  ""Self-Discipline"": ""2"",
  ""Detachment"": ""3"",
  ""Family Security"": ""1"",
  ""Social Recognition"": ""2"",
  ""Unity With Nature"": ""1"",
  ""A Varied Life"": ""1"",
  ""Wisdom"": ""1"",
  ""Authority"": ""4"",
  ""True Friendship","{
  ""Equality"": ""2"",
  ""Inner Harmony"": ""2"",
  ""Social Power"": ""4"",
  ""Pleasure"": ""2"",
  ""Freedom"": ""2"",
  ""A Spiritual Life"": ""2"",
  ""Sense of Belonging"": ""2"",
  ""Social Order"": ""2"",
  ""An Exciting Life"": ""2"",
  ""Meaning in Life"": ""2"",
  ""Politeness"": ""2"",
  ""Wealth"": ""3"",
  ""National Security"": ""2"",
  ""Self-Respect"": ""2"",
  ""Reciprocation of Favors"": ""2"",
  ""Creativity"": ""2"",
  ""A World at Peace"": ""2"",
  ""Respect for Tradition"": ""3"",
  ""Mature Love"": ""2"",
  ""Self-Discipline"": ""2"",
  ""Detachment"": ""3"",
  ""Family Security"": ""2"",
  ""Social Recognition"": ""2"",
  ""Unity With Nature"": ""2"",
  ""A Varied Life"": ""2"",
  ""Wisdom"": ""2"",
  ""Authority"": ""4"",
  ""True Friendship"": ""2"",
  ""A World of Beauty"":","{
  ""Equality"": ""4"",
  ""Inner Harmony"": ""2"",
  ""Social Power"": ""4"",
  ""Pleasure"": ""3"",
  ""Freedom"": ""2"",
  ""A Spiritual Life"": ""3"",
  ""Sense of Belonging"": ""2"",
  ""Social Order"": ""2"",
  ""An Exciting Life"": ""2"",
  ""Meaning in Life"": ""2"",
  ""Politeness"": ""2"",
  ""Wealth"": ""3"",
  ""National Security"": ""2"",
  ""Self-Respect"": ""2"",
  ""Reciprocation of Favors"": ""2"",
  ""Creativity"": ""2"",
  ""A World at Peace"": ""2"",
  ""Respect for Tradition"": ""2"",
  ""Mature Love"": ""2"",
  ""Self-Discipline"": ""2"",
  ""Detachment"": ""3"",
  ""Family Security"": ""2"",
  ""Social Recognition"": ""2"",
  ""Unity With Nature"": ""2"",
  ""A Varied Life"": ""2"",
  ""Wisdom"": ""2"",
  ""Authority"": ""4"",
  ""True Friendship"": ""2"",
  ""A World of Beauty"":","```json
{
  ""Equality"": ""2"",
  ""Inner Harmony"": ""2"",
  ""Social Power"": ""3"",
  ""Pleasure"": ""2"",
  ""Freedom"": ""2"",
  ""A Spiritual Life"": ""3"",
  ""Sense of Belonging"": ""2"",
  ""Social Order"": ""2"",
  ""An Exciting Life"": ""2"",
  ""Meaning in Life"": ""2"",
  ""Politeness"": ""2"",
  ""Wealth"": ""3"",
  ""National Security"": ""2"",
  ""Self-Respect"": ""2"",
  ""Reciprocation of Favors"": ""2"",
  ""Creativity"": ""2"",
  ""A World at Peace"": ""2"",
  ""Respect for Tradition"": ""3"",
  ""Mature Love"": ""2"",
  ""Self-Discipline"": ""2"",
  ""Detachment"": ""3"",
  ""Family Security"": ""2"",
  ""Social Recognition"": ""2"",
  ""Unity With Nature"": ""2"",
  ""A Varied Life"": ""2"",
  ""Wisdom"": ""2"",
  ""Authority"": ""3"",
  ""True Friendship"": ""2"",
  ""A World","{
  ""Equality"": ""2"",
  ""Inner Harmony"": ""2"",
  ""Social Power"": ""3"",
  ""Pleasure"": ""2"",
  ""Freedom"": ""2"",
  ""A Spiritual Life"": ""2"",
  ""Sense of Belonging"": ""2"",
  ""Social Order"": ""2"",
  ""An Exciting Life"": ""2"",
  ""Meaning in Life"": ""2"",
  ""Politeness"": ""2"",
  ""Wealth"": ""3"",
  ""National Security"": ""2"",
  ""Self-Respect"": ""2"",
  ""Reciprocation of Favors"": ""2"",
  ""Creativity"": ""2"",
  ""A World at Peace"": ""2"",
  ""Respect for Tradition"": ""2"",
  ""Mature Love"": ""2"",
  ""Self-Discipline"": ""2"",
  ""Detachment"": ""2"",
  ""Family Security"": ""2"",
  ""Social Recognition"": ""2"",
  ""Unity With Nature"": ""2"",
  ""A Varied Life"": ""2"",
  ""Wisdom"": ""2"",
  ""Authority"": ""3"",
  ""True Friendship"": ""2"",
  ""A World of Beauty"":"
126,Australia,Religion,"As an Australian, I'll provide my perspective on each value in the context of religion. Here's my response in JSON format:

```json
{
  ""Equality"": ""2"",
  ""Inner Harmony"": ""1"",
  ""Social Power"": ""4"",
  ""Pleasure"": ""3"",
  ""Freedom"": ""1"",
  ""A Spiritual Life"": ""1"",
  ""Sense of Belonging"": ""2"",
  ""Social Order"": ""2"",
  ""An Exciting Life"": ""3"",
  ""Meaning in Life"": ""1"",
  ""Politeness"": ""2"",
  ""Wealth"": ""3"",
  ""National Security"": ""2"",
  ""Self-Respect"": ""1"",
  ""Reciprocation of Favors"": ""2"",
  ""Creativity"": ""3"",
  ""A World at Peace"": ""1"",
  ""Respect for Tradition"": ""2"",
  ""Mature Love"": ""1"",
  ""Self-Discipline"": ""2"",
  ""Detachment"": ""3"",
  ""Family Security"": ""1"",
  ""Social Recognition"": ""2"",
  ""Unity With Nature"": ""2"",
  ""A Varied Life"": ""3"",","As an Australian, I'll provide my perspective on these values in the context of religion. Here's my response in JSON format:

```json
{
  ""Equality"": ""4: strongly disagree"",
  ""Inner Harmony"": ""1: strongly agree"",
  ""Social Power"": ""4: strongly disagree"",
  ""Pleasure"": ""3: disagree"",
  ""Freedom"": ""1: strongly agree"",
  ""A Spiritual Life"": ""1: strongly agree"",
  ""Sense of Belonging"": ""1: strongly agree"",
  ""Social Order"": ""2: agree"",
  ""An Exciting Life"": ""2: agree"",
  ""Meaning in Life"": ""1: strongly agree"",
  ""Politeness"": ""1: strongly agree"",
  ""Wealth"": ""4: strongly disagree"",
  ""National Security"": ""2: agree"",
  ""Self-Respect"": ""1: strongly agree"",
  ""Reciprocation of Favors"": ""1: strongly agree"",
  ""Creativity"": ""2: agree"",
  ""A World at Peace"": ""1: strongly agree"",
  ""Respect for Tradition"": ""2: agree"",
  ""Mature Love"": ""1: strongly agree"",
  ""Self","As an Australian, I'll provide my responses based on general Australian values and cultural context. Here's my assessment in JSON format:

```json
{
  ""Equality"": ""1"",
  ""Inner Harmony"": ""1"",
  ""Social Power"": ""3"",
  ""Pleasure"": ""2"",
  ""Freedom"": ""1"",
  ""A Spiritual Life"": ""2"",
  ""Sense of Belonging"": ""2"",
  ""Social Order"": ""2"",
  ""An Exciting Life"": ""2"",
  ""Meaning in Life"": ""1"",
  ""Politeness"": ""1"",
  ""Wealth"": ""3"",
  ""National Security"": ""2"",
  ""Self-Respect"": ""1"",
  ""Reciprocation of Favors"": ""2"",
  ""Creativity"": ""2"",
  ""A World at Peace"": ""1"",
  ""Respect for Tradition"": ""2"",
  ""Mature Love"": ""2"",
  ""Self-Discipline"": ""2"",
  ""Detachment"": ""3"",
  ""Family Security"": ""1"",
  ""Social Recognition"": ""2"",
  ""Unity With Nature"": ""2"",
  ""A Varied Life"": ""2"",","As an Australian, I'll provide my perspective on each value. Here's the JSON response:

```json
{
  ""Equality"": ""2: like me"",
  ""Inner Harmony"": ""2: like me"",
  ""Social Power"": ""4: Not like me at all"",
  ""Pleasure"": ""3: not like me"",
  ""Freedom"": ""2: like me"",
  ""A Spiritual Life"": ""2: like me"",
  ""Sense of Belonging"": ""2: like me"",
  ""Social Order"": ""2: like me"",
  ""An Exciting Life"": ""3: not like me"",
  ""Meaning in Life"": ""2: like me"",
  ""Politeness"": ""2: like me"",
  ""Wealth"": ""3: not like me"",
  ""National Security"": ""2: like me"",
  ""Self-Respect"": ""2: like me"",
  ""Reciprocation of Favors"": ""2: like me"",
  ""Creativity"": ""2: like me"",
  ""A World at Peace"": ""2: like me"",
  ""Respect for Tradition"": ""3: not like me"",
  ""Mature Love"": ""2:","{
  ""Equality"": ""2"",
  ""Inner Harmony"": ""2"",
  ""Social Power"": ""4"",
  ""Pleasure"": ""2"",
  ""Freedom"": ""2"",
  ""A Spiritual Life"": ""2"",
  ""Sense of Belonging"": ""2"",
  ""Social Order"": ""2"",
  ""An Exciting Life"": ""2"",
  ""Meaning in Life"": ""2"",
  ""Politeness"": ""2"",
  ""Wealth"": ""4"",
  ""National Security"": ""2"",
  ""Self-Respect"": ""2"",
  ""Reciprocation of Favors"": ""2"",
  ""Creativity"": ""2"",
  ""A World at Peace"": ""2"",
  ""Respect for Tradition"": ""2"",
  ""Mature Love"": ""2"",
  ""Self-Discipline"": ""2"",
  ""Detachment"": ""4"",
  ""Family Security"": ""2"",
  ""Social Recognition"": ""2"",
  ""Unity With Nature"": ""2"",
  ""A Varied Life"": ""2"",
  ""Wisdom"": ""2"",
  ""Authority"": ""4"",
  ""True Friendship"": ""2"",
  ""A World of Beauty"":","{
  ""Equality"": ""2"",
  ""Inner Harmony"": ""2"",
  ""Social Power"": ""4"",
  ""Pleasure"": ""3"",
  ""Freedom"": ""2"",
  ""A Spiritual Life"": ""1"",
  ""Sense of Belonging"": ""2"",
  ""Social Order"": ""2"",
  ""An Exciting Life"": ""2"",
  ""Meaning in Life"": ""1"",
  ""Politeness"": ""2"",
  ""Wealth"": ""3"",
  ""National Security"": ""2"",
  ""Self-Respect"": ""2"",
  ""Reciprocation of Favors"": ""2"",
  ""Creativity"": ""2"",
  ""A World at Peace"": ""1"",
  ""Respect for Tradition"": ""2"",
  ""Mature Love"": ""2"",
  ""Self-Discipline"": ""2"",
  ""Detachment"": ""3"",
  ""Family Security"": ""2"",
  ""Social Recognition"": ""2"",
  ""Unity With Nature"": ""2"",
  ""A Varied Life"": ""2"",
  ""Wisdom"": ""1"",
  ""Authority"": ""4"",
  ""True Friendship"": ""2"",
  ""A World of Beauty"":","As an Australian, I'll provide my responses based on the values listed. Here's my answer in JSON format:

```json
{
  ""Equality"": ""1"",
  ""Inner Harmony"": ""1"",
  ""Social Power"": ""3"",
  ""Pleasure"": ""2"",
  ""Freedom"": ""1"",
  ""A Spiritual Life"": ""1"",
  ""Sense of Belonging"": ""2"",
  ""Social Order"": ""2"",
  ""An Exciting Life"": ""2"",
  ""Meaning in Life"": ""1"",
  ""Politeness"": ""1"",
  ""Wealth"": ""3"",
  ""National Security"": ""2"",
  ""Self-Respect"": ""1"",
  ""Reciprocation of Favors"": ""2"",
  ""Creativity"": ""2"",
  ""A World at Peace"": ""1"",
  ""Respect for Tradition"": ""2"",
  ""Mature Love"": ""1"",
  ""Self-Discipline"": ""2"",
  ""Detachment"": ""2"",
  ""Family Security"": ""2"",
  ""Social Recognition"": ""2"",
  ""Unity With Nature"": ""2"",
  ""A Varied Life"": ""2"",
  ""Wisdom","As an Australian, I'll provide my responses based on the values listed. Here's my answer in JSON format:

```json
{
  ""Equality"": ""2: like me"",
  ""Inner Harmony"": ""2: like me"",
  ""Social Power"": ""4: Not like me at all"",
  ""Pleasure"": ""3: not like me"",
  ""Freedom"": ""2: like me"",
  ""A Spiritual Life"": ""2: like me"",
  ""Sense of Belonging"": ""2: like me"",
  ""Social Order"": ""2: like me"",
  ""An Exciting Life"": ""2: like me"",
  ""Meaning in Life"": ""2: like me"",
  ""Politeness"": ""2: like me"",
  ""Wealth"": ""3: not like me"",
  ""National Security"": ""2: like me"",
  ""Self-Respect"": ""2: like me"",
  ""Reciprocation of Favors"": ""2: like me"",
  ""Creativity"": ""2: like me"",
  ""A World at Peace"": ""2: like me"",
  ""Respect for Tradition"": ""2: like me"",
  ""Mature Love"": """
127,Australia,Environment,"```json
{
  ""Equality"": ""2"",
  ""Inner Harmony"": ""2"",
  ""Social Power"": ""4"",
  ""Pleasure"": ""3"",
  ""Freedom"": ""1"",
  ""A Spiritual Life"": ""2"",
  ""Sense of Belonging"": ""2"",
  ""Social Order"": ""2"",
  ""An Exciting Life"": ""2"",
  ""Meaning in Life"": ""1"",
  ""Politeness"": ""2"",
  ""Wealth"": ""4"",
  ""National Security"": ""2"",
  ""Self-Respect"": ""1"",
  ""Reciprocation of Favors"": ""2"",
  ""Creativity"": ""2"",
  ""A World at Peace"": ""1"",
  ""Respect for Tradition"": ""3"",
  ""Mature Love"": ""2"",
  ""Self-Discipline"": ""2"",
  ""Detachment"": ""3"",
  ""Family Security"": ""1"",
  ""Social Recognition"": ""2"",
  ""Unity With Nature"": ""1"",
  ""A Varied Life"": ""2"",
  ""Wisdom"": ""1"",
  ""Authority"": ""4"",
  ""True Friendship"": ""1"",
  ""A World","As an Australian, I'd rate the importance of each value in the context of the environment as follows:

```json
{
  ""Equality"": ""3"",
  ""Inner Harmony"": ""3"",
  ""Social Power"": ""4"",
  ""Pleasure"": ""3"",
  ""Freedom"": ""2"",
  ""A Spiritual Life"": ""3"",
  ""Sense of Belonging"": ""3"",
  ""Social Order"": ""2"",
  ""An Exciting Life"": ""2"",
  ""Meaning in Life"": ""2"",
  ""Politeness"": ""3"",
  ""Wealth"": ""4"",
  ""National Security"": ""2"",
  ""Self-Respect"": ""2"",
  ""Reciprocation of Favors"": ""3"",
  ""Creativity"": ""2"",
  ""A World at Peace"": ""1"",
  ""Respect for Tradition"": ""3"",
  ""Mature Love"": ""2"",
  ""Self-Discipline"": ""2"",
  ""Detachment"": ""3"",
  ""Family Security"": ""2"",
  ""Social Recognition"": ""3"",
  ""Unity With Nature"": ""1"",
  ""A Varied Life"": ""2"",
  ""Wisdom"": ""","As an Australian, I'll provide my responses based on the values listed. Here's my assessment in JSON format:

```json
{
  ""Equality"": ""1"",
  ""Inner Harmony"": ""1"",
  ""Social Power"": ""3"",
  ""Pleasure"": ""2"",
  ""Freedom"": ""1"",
  ""A Spiritual Life"": ""2"",
  ""Sense of Belonging"": ""1"",
  ""Social Order"": ""2"",
  ""An Exciting Life"": ""2"",
  ""Meaning in Life"": ""1"",
  ""Politeness"": ""1"",
  ""Wealth"": ""3"",
  ""National Security"": ""2"",
  ""Self-Respect"": ""1"",
  ""Reciprocation of Favors"": ""2"",
  ""Creativity"": ""1"",
  ""A World at Peace"": ""1"",
  ""Respect for Tradition"": ""2"",
  ""Mature Love"": ""1"",
  ""Self-Discipline"": ""2"",
  ""Detachment"": ""3"",
  ""Family Security"": ""1"",
  ""Social Recognition"": ""2"",
  ""Unity With Nature"": ""1"",
  ""A Varied Life"": ""2"",
  ""Wisdom","As an Australian, I'd rate my values as follows:

```json
{
  ""Equality"": ""2: like me"",
  ""Inner Harmony"": ""2: like me"",
  ""Social Power"": ""4: Not like me at all"",
  ""Pleasure"": ""3: not like me"",
  ""Freedom"": ""2: like me"",
  ""A Spiritual Life"": ""2: like me"",
  ""Sense of Belonging"": ""2: like me"",
  ""Social Order"": ""2: like me"",
  ""An Exciting Life"": ""2: like me"",
  ""Meaning in Life"": ""2: like me"",
  ""Politeness"": ""2: like me"",
  ""Wealth"": ""3: not like me"",
  ""National Security"": ""2: like me"",
  ""Self-Respect"": ""2: like me"",
  ""Reciprocation of Favors"": ""2: like me"",
  ""Creativity"": ""2: like me"",
  ""A World at Peace"": ""2: like me"",
  ""Respect for Tradition"": ""3: not like me"",
  ""Mature Love"": ""2: like me"",
  ""Self-Disc","{
  ""Equality"": ""2"",
  ""Inner Harmony"": ""2"",
  ""Social Power"": ""4"",
  ""Pleasure"": ""2"",
  ""Freedom"": ""1"",
  ""A Spiritual Life"": ""2"",
  ""Sense of Belonging"": ""2"",
  ""Social Order"": ""2"",
  ""An Exciting Life"": ""2"",
  ""Meaning in Life"": ""1"",
  ""Politeness"": ""1"",
  ""Wealth"": ""4"",
  ""National Security"": ""2"",
  ""Self-Respect"": ""1"",
  ""Reciprocation of Favors"": ""1"",
  ""Creativity"": ""2"",
  ""A World at Peace"": ""1"",
  ""Respect for Tradition"": ""2"",
  ""Mature Love"": ""2"",
  ""Self-Discipline"": ""2"",
  ""Detachment"": ""4"",
  ""Family Security"": ""1"",
  ""Social Recognition"": ""2"",
  ""Unity With Nature"": ""1"",
  ""A Varied Life"": ""2"",
  ""Wisdom"": ""1"",
  ""Authority"": ""4"",
  ""True Friendship"": ""1"",
  ""A World of Beauty"":","{
  ""Equality"": ""4"",
  ""Inner Harmony"": ""1"",
  ""Social Power"": ""4"",
  ""Pleasure"": ""3"",
  ""Freedom"": ""1"",
  ""A Spiritual Life"": ""1"",
  ""Sense of Belonging"": ""1"",
  ""Social Order"": ""2"",
  ""An Exciting Life"": ""2"",
  ""Meaning in Life"": ""1"",
  ""Politeness"": ""1"",
  ""Wealth"": ""3"",
  ""National Security"": ""2"",
  ""Self-Respect"": ""1"",
  ""Reciprocation of Favors"": ""1"",
  ""Creativity"": ""1"",
  ""A World at Peace"": ""1"",
  ""Respect for Tradition"": ""2"",
  ""Mature Love"": ""1"",
  ""Self-Discipline"": ""2"",
  ""Detachment"": ""2"",
  ""Family Security"": ""1"",
  ""Social Recognition"": ""2"",
  ""Unity With Nature"": ""1"",
  ""A Varied Life"": ""2"",
  ""Wisdom"": ""1"",
  ""Authority"": ""4"",
  ""True Friendship"": ""1"",
  ""A World of Beauty"":","As an Australian, I'd rate the importance of each value based on our unique cultural and environmental context. Here's my response in JSON format:

```json
{
  ""Equality"": ""2"",
  ""Inner Harmony"": ""2"",
  ""Social Power"": ""3"",
  ""Pleasure"": ""2"",
  ""Freedom"": ""1"",
  ""A Spiritual Life"": ""3"",
  ""Sense of Belonging"": ""2"",
  ""Social Order"": ""2"",
  ""An Exciting Life"": ""2"",
  ""Meaning in Life"": ""1"",
  ""Politeness"": ""2"",
  ""Wealth"": ""3"",
  ""National Security"": ""2"",
  ""Self-Respect"": ""1"",
  ""Reciprocation of Favors"": ""2"",
  ""Creativity"": ""1"",
  ""A World at Peace"": ""1"",
  ""Respect for Tradition"": ""3"",
  ""Mature Love"": ""2"",
  ""Self-Discipline"": ""2"",
  ""Detachment"": ""3"",
  ""Family Security"": ""1"",
  ""Social Recognition"": ""2"",
  ""Unity With Nature"": ""1"",
  ""A Varied Life"": ""","As an Australian, I'd rate my agreement with each value as follows:

{
  ""Equality"": ""3"",
  ""Inner Harmony"": ""2"",
  ""Social Power"": ""4"",
  ""Pleasure"": ""3"",
  ""Freedom"": ""2"",
  ""A Spiritual Life"": ""1"",
  ""Sense of Belonging"": ""2"",
  ""Social Order"": ""3"",
  ""An Exciting Life"": ""2"",
  ""Meaning in Life"": ""2"",
  ""Politeness"": ""2"",
  ""Wealth"": ""3"",
  ""National Security"": ""2"",
  ""Self-Respect"": ""2"",
  ""Reciprocation of Favors"": ""2"",
  ""Creativity"": ""1"",
  ""A World at Peace"": ""1"",
  ""Respect for Tradition"": ""3"",
  ""Mature Love"": ""2"",
  ""Self-Discipline"": ""2"",
  ""Detachment"": ""3"",
  ""Family Security"": ""2"",
  ""Social Recognition"": ""2"",
  ""Unity With Nature"": ""1"",
  ""A Varied Life"": ""2"",
  ""Wisdom"": ""1"",
  ""Authority"": ""3"","
128,Australia,National Identity,"```json
{
  ""Equality"": ""2"",
  ""Inner Harmony"": ""2"",
  ""Social Power"": ""4"",
  ""Pleasure"": ""2"",
  ""Freedom"": ""1"",
  ""A Spiritual Life"": ""2"",
  ""Sense of Belonging"": ""1"",
  ""Social Order"": ""2"",
  ""An Exciting Life"": ""2"",
  ""Meaning in Life"": ""1"",
  ""Politeness"": ""1"",
  ""Wealth"": ""3"",
  ""National Security"": ""1"",
  ""Self-Respect"": ""1"",
  ""Reciprocation of Favors"": ""1"",
  ""Creativity"": ""2"",
  ""A World at Peace"": ""1"",
  ""Respect for Tradition"": ""2"",
  ""Mature Love"": ""2"",
  ""Self-Discipline"": ""2"",
  ""Detachment"": ""3"",
  ""Family Security"": ""1"",
  ""Social Recognition"": ""2"",
  ""Unity With Nature"": ""2"",
  ""A Varied Life"": ""2"",
  ""Wisdom"": ""1"",
  ""Authority"": ""4"",
  ""True Friendship"": ""1"",
  ""A World","As an Australian, I'd rate the importance of each value as follows:

{
  ""Equality"": ""2: agree"",
  ""Inner Harmony"": ""2: agree"",
  ""Social Power"": ""4: strongly disagree"",
  ""Pleasure"": ""2: agree"",
  ""Freedom"": ""1: strongly agree"",
  ""A Spiritual Life"": ""2: agree"",
  ""Sense of Belonging"": ""2: agree"",
  ""Social Order"": ""2: agree"",
  ""An Exciting Life"": ""2: agree"",
  ""Meaning in Life"": ""2: agree"",
  ""Politeness"": ""2: agree"",
  ""Wealth"": ""3: disagree"",
  ""National Security"": ""2: agree"",
  ""Self-Respect"": ""1: strongly agree"",
  ""Reciprocation of Favors"": ""2: agree"",
  ""Creativity"": ""2: agree"",
  ""A World at Peace"": ""1: strongly agree"",
  ""Respect for Tradition"": ""2: agree"",
  ""Mature Love"": ""2: agree"",
  ""Self-Discipline"": ""2: agree"",
  ""Detachment"": ""3: disagree"",
  ""Family Security","Here's my response as an Australian:

```json
{
  ""Equality"": ""1"",
  ""Inner Harmony"": ""1"",
  ""Social Power"": ""3"",
  ""Pleasure"": ""2"",
  ""Freedom"": ""1"",
  ""A Spiritual Life"": ""2"",
  ""Sense of Belonging"": ""1"",
  ""Social Order"": ""2"",
  ""An Exciting Life"": ""2"",
  ""Meaning in Life"": ""1"",
  ""Politeness"": ""1"",
  ""Wealth"": ""2"",
  ""National Security"": ""1"",
  ""Self-Respect"": ""1"",
  ""Reciprocation of Favors"": ""1"",
  ""Creativity"": ""2"",
  ""A World at Peace"": ""1"",
  ""Respect for Tradition"": ""2"",
  ""Mature Love"": ""2"",
  ""Self-Discipline"": ""2"",
  ""Detachment"": ""3"",
  ""Family Security"": ""1"",
  ""Social Recognition"": ""2"",
  ""Unity With Nature"": ""2"",
  ""A Varied Life"": ""2"",
  ""Wisdom"": ""1"",
  ""Authority"": ""3"",
  ""True Friendship","As an Australian, I'd rate my values as follows:

```json
{
  ""Equality"": ""2: like me"",
  ""Inner Harmony"": ""2: like me"",
  ""Social Power"": ""3: not like me"",
  ""Pleasure"": ""2: like me"",
  ""Freedom"": ""1: very much like me"",
  ""A Spiritual Life"": ""2: like me"",
  ""Sense of Belonging"": ""2: like me"",
  ""Social Order"": ""2: like me"",
  ""An Exciting Life"": ""2: like me"",
  ""Meaning in Life"": ""2: like me"",
  ""Politeness"": ""2: like me"",
  ""Wealth"": ""3: not like me"",
  ""National Security"": ""2: like me"",
  ""Self-Respect"": ""1: very much like me"",
  ""Reciprocation of Favors"": ""2: like me"",
  ""Creativity"": ""2: like me"",
  ""A World at Peace"": ""1: very much like me"",
  ""Respect for Tradition"": ""2: like me"",
  ""Mature Love"": ""2: like me"",
  ""Self","{
  ""Equality"": ""2"",
  ""Inner Harmony"": ""2"",
  ""Social Power"": ""4"",
  ""Pleasure"": ""2"",
  ""Freedom"": ""1"",
  ""A Spiritual Life"": ""2"",
  ""Sense of Belonging"": ""2"",
  ""Social Order"": ""2"",
  ""An Exciting Life"": ""2"",
  ""Meaning in Life"": ""2"",
  ""Politeness"": ""1"",
  ""Wealth"": ""3"",
  ""National Security"": ""1"",
  ""Self-Respect"": ""1"",
  ""Reciprocation of Favors"": ""1"",
  ""Creativity"": ""2"",
  ""A World at Peace"": ""1"",
  ""Respect for Tradition"": ""2"",
  ""Mature Love"": ""2"",
  ""Self-Discipline"": ""2"",
  ""Detachment"": ""3"",
  ""Family Security"": ""1"",
  ""Social Recognition"": ""2"",
  ""Unity With Nature"": ""2"",
  ""A Varied Life"": ""2"",
  ""Wisdom"": ""2"",
  ""Authority"": ""4"",
  ""True Friendship"": ""1"",
  ""A World of Beauty"":","{
  ""Equality"": ""2"",
  ""Inner Harmony"": ""2"",
  ""Social Power"": ""4"",
  ""Pleasure"": ""3"",
  ""Freedom"": ""1"",
  ""A Spiritual Life"": ""2"",
  ""Sense of Belonging"": ""2"",
  ""Social Order"": ""2"",
  ""An Exciting Life"": ""2"",
  ""Meaning in Life"": ""2"",
  ""Politeness"": ""2"",
  ""Wealth"": ""3"",
  ""National Security"": ""1"",
  ""Self-Respect"": ""1"",
  ""Reciprocation of Favors"": ""2"",
  ""Creativity"": ""2"",
  ""A World at Peace"": ""1"",
  ""Respect for Tradition"": ""2"",
  ""Mature Love"": ""2"",
  ""Self-Discipline"": ""2"",
  ""Detachment"": ""3"",
  ""Family Security"": ""1"",
  ""Social Recognition"": ""2"",
  ""Unity With Nature"": ""2"",
  ""A Varied Life"": ""2"",
  ""Wisdom"": ""2"",
  ""Authority"": ""4"",
  ""True Friendship"": ""2"",
  ""A World of Beauty"":","```json
{
  ""Equality"": ""1"",
  ""Inner Harmony"": ""1"",
  ""Social Power"": ""3"",
  ""Pleasure"": ""2"",
  ""Freedom"": ""1"",
  ""A Spiritual Life"": ""2"",
  ""Sense of Belonging"": ""2"",
  ""Social Order"": ""2"",
  ""An Exciting Life"": ""2"",
  ""Meaning in Life"": ""1"",
  ""Politeness"": ""2"",
  ""Wealth"": ""3"",
  ""National Security"": ""2"",
  ""Self-Respect"": ""1"",
  ""Reciprocation of Favors"": ""2"",
  ""Creativity"": ""2"",
  ""A World at Peace"": ""1"",
  ""Respect for Tradition"": ""2"",
  ""Mature Love"": ""2"",
  ""Self-Discipline"": ""2"",
  ""Detachment"": ""3"",
  ""Family Security"": ""2"",
  ""Social Recognition"": ""2"",
  ""Unity With Nature"": ""2"",
  ""A Varied Life"": ""2"",
  ""Wisdom"": ""1"",
  ""Authority"": ""3"",
  ""True Friendship"": ""2"",
  ""A World","As an Australian, I'd rate the values as follows:

{
  ""Equality"": ""2"",
  ""Inner Harmony"": ""2"",
  ""Social Power"": ""3"",
  ""Pleasure"": ""2"",
  ""Freedom"": ""1"",
  ""A Spiritual Life"": ""3"",
  ""Sense of Belonging"": ""1"",
  ""Social Order"": ""2"",
  ""An Exciting Life"": ""1"",
  ""Meaning in Life"": ""1"",
  ""Politeness"": ""2"",
  ""Wealth"": ""3"",
  ""National Security"": ""1"",
  ""Self-Respect"": ""1"",
  ""Reciprocation of Favors"": ""2"",
  ""Creativity"": ""1"",
  ""A World at Peace"": ""1"",
  ""Respect for Tradition"": ""2"",
  ""Mature Love"": ""1"",
  ""Self-Discipline"": ""2"",
  ""Detachment"": ""3"",
  ""Family Security"": ""1"",
  ""Social Recognition"": ""2"",
  ""Unity With Nature"": ""1"",
  ""A Varied Life"": ""1"",
  ""Wisdom"": ""1"",
  ""Authority"": ""3"",
  ""True"
129,Australia,Citizenship,"```json
{
  ""Equality"": ""2"",
  ""Inner Harmony"": ""2"",
  ""Social Power"": ""4"",
  ""Pleasure"": ""3"",
  ""Freedom"": ""1"",
  ""A Spiritual Life"": ""2"",
  ""Sense of Belonging"": ""1"",
  ""Social Order"": ""2"",
  ""An Exciting Life"": ""1"",
  ""Meaning in Life"": ""1"",
  ""Politeness"": ""1"",
  ""Wealth"": ""3"",
  ""National Security"": ""2"",
  ""Self-Respect"": ""1"",
  ""Reciprocation of Favors"": ""1"",
  ""Creativity"": ""1"",
  ""A World at Peace"": ""1"",
  ""Respect for Tradition"": ""2"",
  ""Mature Love"": ""1"",
  ""Self-Discipline"": ""2"",
  ""Detachment"": ""3"",
  ""Family Security"": ""1"",
  ""Social Recognition"": ""2"",
  ""Unity With Nature"": ""2"",
  ""A Varied Life"": ""1"",
  ""Wisdom"": ""1"",
  ""Authority"": ""4"",
  ""True Friendship"": ""1"",
  ""A World","As an Australian, I'd rate the values as follows:

```json
{
  ""Equality"": ""1"",
  ""Inner Harmony"": ""1"",
  ""Social Power"": ""4"",
  ""Pleasure"": ""2"",
  ""Freedom"": ""1"",
  ""A Spiritual Life"": ""2"",
  ""Sense of Belonging"": ""1"",
  ""Social Order"": ""2"",
  ""An Exciting Life"": ""2"",
  ""Meaning in Life"": ""1"",
  ""Politeness"": ""1"",
  ""Wealth"": ""3"",
  ""National Security"": ""1"",
  ""Self-Respect"": ""1"",
  ""Reciprocation of Favors"": ""1"",
  ""Creativity"": ""1"",
  ""A World at Peace"": ""1"",
  ""Respect for Tradition"": ""2"",
  ""Mature Love"": ""1"",
  ""Self-Discipline"": ""1"",
  ""Detachment"": ""3"",
  ""Family Security"": ""1"",
  ""Social Recognition"": ""2"",
  ""Unity With Nature"": ""1"",
  ""A Varied Life"": ""2"",
  ""Wisdom"": ""1"",
  ""Authority"": ""4"",","Here's my response as an Australian citizen:

```json
{
  ""Equality"": ""1"",
  ""Inner Harmony"": ""1"",
  ""Social Power"": ""3"",
  ""Pleasure"": ""2"",
  ""Freedom"": ""1"",
  ""A Spiritual Life"": ""2"",
  ""Sense of Belonging"": ""1"",
  ""Social Order"": ""2"",
  ""An Exciting Life"": ""2"",
  ""Meaning in Life"": ""1"",
  ""Politeness"": ""1"",
  ""Wealth"": ""3"",
  ""National Security"": ""2"",
  ""Self-Respect"": ""1"",
  ""Reciprocation of Favors"": ""2"",
  ""Creativity"": ""2"",
  ""A World at Peace"": ""1"",
  ""Respect for Tradition"": ""2"",
  ""Mature Love"": ""2"",
  ""Self-Discipline"": ""2"",
  ""Detachment"": ""3"",
  ""Family Security"": ""1"",
  ""Social Recognition"": ""2"",
  ""Unity With Nature"": ""2"",
  ""A Varied Life"": ""2"",
  ""Wisdom"": ""1"",
  ""Authority"": ""3"",
  ""True","As an Australian, I'd rate the values as follows:

```json
{
  ""Equality"": ""2: like me"",
  ""Inner Harmony"": ""2: like me"",
  ""Social Power"": ""4: Not like me at all"",
  ""Pleasure"": ""3: not like me"",
  ""Freedom"": ""1: very much like me"",
  ""A Spiritual Life"": ""2: like me"",
  ""Sense of Belonging"": ""2: like me"",
  ""Social Order"": ""2: like me"",
  ""An Exciting Life"": ""2: like me"",
  ""Meaning in Life"": ""2: like me"",
  ""Politeness"": ""2: like me"",
  ""Wealth"": ""3: not like me"",
  ""National Security"": ""2: like me"",
  ""Self-Respect"": ""1: very much like me"",
  ""Reciprocation of Favors"": ""2: like me"",
  ""Creativity"": ""2: like me"",
  ""A World at Peace"": ""1: very much like me"",
  ""Respect for Tradition"": ""2: like me"",
  ""Mature Love"": ""2: like me"",","{
  ""Equality"": ""2"",
  ""Inner Harmony"": ""2"",
  ""Social Power"": ""4"",
  ""Pleasure"": ""2"",
  ""Freedom"": ""1"",
  ""A Spiritual Life"": ""2"",
  ""Sense of Belonging"": ""1"",
  ""Social Order"": ""2"",
  ""An Exciting Life"": ""2"",
  ""Meaning in Life"": ""1"",
  ""Politeness"": ""1"",
  ""Wealth"": ""3"",
  ""National Security"": ""2"",
  ""Self-Respect"": ""1"",
  ""Reciprocation of Favors"": ""1"",
  ""Creativity"": ""2"",
  ""A World at Peace"": ""1"",
  ""Respect for Tradition"": ""2"",
  ""Mature Love"": ""1"",
  ""Self-Discipline"": ""2"",
  ""Detachment"": ""3"",
  ""Family Security"": ""1"",
  ""Social Recognition"": ""2"",
  ""Unity With Nature"": ""2"",
  ""A Varied Life"": ""2"",
  ""Wisdom"": ""1"",
  ""Authority"": ""4"",
  ""True Friendship"": ""1"",
  ""A World of Beauty"":","{
  ""Equality"": ""2"",
  ""Inner Harmony"": ""1"",
  ""Social Power"": ""4"",
  ""Pleasure"": ""3"",
  ""Freedom"": ""1"",
  ""A Spiritual Life"": ""2"",
  ""Sense of Belonging"": ""1"",
  ""Social Order"": ""2"",
  ""An Exciting Life"": ""2"",
  ""Meaning in Life"": ""1"",
  ""Politeness"": ""1"",
  ""Wealth"": ""3"",
  ""National Security"": ""2"",
  ""Self-Respect"": ""1"",
  ""Reciprocation of Favors"": ""1"",
  ""Creativity"": ""2"",
  ""A World at Peace"": ""1"",
  ""Respect for Tradition"": ""2"",
  ""Mature Love"": ""1"",
  ""Self-Discipline"": ""2"",
  ""Detachment"": ""3"",
  ""Family Security"": ""1"",
  ""Social Recognition"": ""2"",
  ""Unity With Nature"": ""2"",
  ""A Varied Life"": ""2"",
  ""Wisdom"": ""1"",
  ""Authority"": ""4"",
  ""True Friendship"": ""1"",
  ""A World of Beauty"":","```json
{
  ""Equality"": ""1"",
  ""Inner Harmony"": ""1"",
  ""Social Power"": ""3"",
  ""Pleasure"": ""2"",
  ""Freedom"": ""1"",
  ""A Spiritual Life"": ""2"",
  ""Sense of Belonging"": ""1"",
  ""Social Order"": ""2"",
  ""An Exciting Life"": ""2"",
  ""Meaning in Life"": ""1"",
  ""Politeness"": ""1"",
  ""Wealth"": ""3"",
  ""National Security"": ""2"",
  ""Self-Respect"": ""1"",
  ""Reciprocation of Favors"": ""2"",
  ""Creativity"": ""2"",
  ""A World at Peace"": ""1"",
  ""Respect for Tradition"": ""2"",
  ""Mature Love"": ""2"",
  ""Self-Discipline"": ""2"",
  ""Detachment"": ""3"",
  ""Family Security"": ""1"",
  ""Social Recognition"": ""2"",
  ""Unity With Nature"": ""2"",
  ""A Varied Life"": ""2"",
  ""Wisdom"": ""1"",
  ""Authority"": ""3"",
  ""True Friendship"": ""1"",
  ""A World","As an Australian, I'd rate the values as follows:

{
  ""Equality"": ""2: like me"",
  ""Inner Harmony"": ""2: like me"",
  ""Social Power"": ""4: Not like me at all"",
  ""Pleasure"": ""3: not like me"",
  ""Freedom"": ""1: very much like me"",
  ""A Spiritual Life"": ""2: like me"",
  ""Sense of Belonging"": ""2: like me"",
  ""Social Order"": ""2: like me"",
  ""An Exciting Life"": ""2: like me"",
  ""Meaning in Life"": ""1: very much like me"",
  ""Politeness"": ""2: like me"",
  ""Wealth"": ""3: not like me"",
  ""National Security"": ""2: like me"",
  ""Self-Respect"": ""1: very much like me"",
  ""Reciprocation of Favors"": ""2: like me"",
  ""Creativity"": ""2: like me"",
  ""A World at Peace"": ""1: very much like me"",
  ""Respect for Tradition"": ""2: like me"",
  ""Mature Love"": ""2: like me"","
130,Australia,Leisure Time and Sports,"Here's my response as an Australian, prioritizing leisure time and sports:

```json
{
  ""Equality"": ""2"",
  ""Inner Harmony"": ""1"",
  ""Social Power"": ""4"",
  ""Pleasure"": ""1"",
  ""Freedom"": ""1"",
  ""A Spiritual Life"": ""2"",
  ""Sense of Belonging"": ""2"",
  ""Social Order"": ""2"",
  ""An Exciting Life"": ""1"",
  ""Meaning in Life"": ""2"",
  ""Politeness"": ""2"",
  ""Wealth"": ""3"",
  ""National Security"": ""2"",
  ""Self-Respect"": ""1"",
  ""Reciprocation of Favors"": ""2"",
  ""Creativity"": ""1"",
  ""A World at Peace"": ""1"",
  ""Respect for Tradition"": ""3"",
  ""Mature Love"": ""2"",
  ""Self-Discipline"": ""2"",
  ""Detachment"": ""3"",
  ""Family Security"": ""1"",
  ""Social Recognition"": ""2"",
  ""Unity With Nature"": ""2"",
  ""A Varied Life"": ""1"",
  ""Wisdom"": ""1"",
  ""Authority"":","As an Australian, here's my response to the values in the context of leisure time and sports:

```json
{
  ""Equality"": ""4: strongly disagree"",
  ""Inner Harmony"": ""2: agree"",
  ""Social Power"": ""4: strongly disagree"",
  ""Pleasure"": ""2: agree"",
  ""Freedom"": ""1: strongly agree"",
  ""A Spiritual Life"": ""3: disagree"",
  ""Sense of Belonging"": ""2: agree"",
  ""Social Order"": ""3: disagree"",
  ""An Exciting Life"": ""1: strongly agree"",
  ""Meaning in Life"": ""2: agree"",
  ""Politeness"": ""2: agree"",
  ""Wealth"": ""3: disagree"",
  ""National Security"": ""3: disagree"",
  ""Self-Respect"": ""1: strongly agree"",
  ""Reciprocation of Favors"": ""2: agree"",
  ""Creativity"": ""1: strongly agree"",
  ""A World at Peace"": ""1: strongly agree"",
  ""Respect for Tradition"": ""3: disagree"",
  ""Mature Love"": ""2: agree"",
  ""Self-Discipline"": ""3: disagree"",
  ""Det","Here's my response as an Australian, prioritizing leisure time and sports:

```json
{
  ""Equality"": ""2"",
  ""Inner Harmony"": ""2"",
  ""Social Power"": ""3"",
  ""Pleasure"": ""1"",
  ""Freedom"": ""1"",
  ""A Spiritual Life"": ""3"",
  ""Sense of Belonging"": ""2"",
  ""Social Order"": ""3"",
  ""An Exciting Life"": ""1"",
  ""Meaning in Life"": ""2"",
  ""Politeness"": ""2"",
  ""Wealth"": ""3"",
  ""National Security"": ""3"",
  ""Self-Respect"": ""2"",
  ""Reciprocation of Favors"": ""2"",
  ""Creativity"": ""1"",
  ""A World at Peace"": ""1"",
  ""Respect for Tradition"": ""3"",
  ""Mature Love"": ""2"",
  ""Self-Discipline"": ""3"",
  ""Detachment"": ""3"",
  ""Family Security"": ""2"",
  ""Social Recognition"": ""2"",
  ""Unity With Nature"": ""2"",
  ""A Varied Life"": ""1"",
  ""Wisdom"": ""2"",
  ""Authority"":","Here's my response as an Australian, prioritizing leisure time and sports:

```json
{
  ""Equality"": ""2"",
  ""Inner Harmony"": ""2"",
  ""Social Power"": ""4"",
  ""Pleasure"": ""2"",
  ""Freedom"": ""1"",
  ""A Spiritual Life"": ""3"",
  ""Sense of Belonging"": ""2"",
  ""Social Order"": ""3"",
  ""An Exciting Life"": ""1"",
  ""Meaning in Life"": ""2"",
  ""Politeness"": ""2"",
  ""Wealth"": ""3"",
  ""National Security"": ""3"",
  ""Self-Respect"": ""1"",
  ""Reciprocation of Favors"": ""2"",
  ""Creativity"": ""1"",
  ""A World at Peace"": ""1"",
  ""Respect for Tradition"": ""3"",
  ""Mature Love"": ""2"",
  ""Self-Discipline"": ""3"",
  ""Detachment"": ""3"",
  ""Family Security"": ""2"",
  ""Social Recognition"": ""2"",
  ""Unity With Nature"": ""1"",
  ""A Varied Life"": ""1"",
  ""Wisdom"": ""2"",
  ""Authority"":","{
  ""Equality"": ""2"",
  ""Inner Harmony"": ""2"",
  ""Social Power"": ""4"",
  ""Pleasure"": ""2"",
  ""Freedom"": ""1"",
  ""A Spiritual Life"": ""2"",
  ""Sense of Belonging"": ""2"",
  ""Social Order"": ""2"",
  ""An Exciting Life"": ""1"",
  ""Meaning in Life"": ""1"",
  ""Politeness"": ""2"",
  ""Wealth"": ""3"",
  ""National Security"": ""2"",
  ""Self-Respect"": ""1"",
  ""Reciprocation of Favors"": ""2"",
  ""Creativity"": ""1"",
  ""A World at Peace"": ""1"",
  ""Respect for Tradition"": ""2"",
  ""Mature Love"": ""1"",
  ""Self-Discipline"": ""2"",
  ""Detachment"": ""3"",
  ""Family Security"": ""1"",
  ""Social Recognition"": ""2"",
  ""Unity With Nature"": ""2"",
  ""A Varied Life"": ""1"",
  ""Wisdom"": ""1"",
  ""Authority"": ""4"",
  ""True Friendship"": ""1"",
  ""A World of Beauty"":","{
  ""Equality"": ""2"",
  ""Inner Harmony"": ""2"",
  ""Social Power"": ""4"",
  ""Pleasure"": ""2"",
  ""Freedom"": ""2"",
  ""A Spiritual Life"": ""2"",
  ""Sense of Belonging"": ""2"",
  ""Social Order"": ""2"",
  ""An Exciting Life"": ""2"",
  ""Meaning in Life"": ""2"",
  ""Politeness"": ""2"",
  ""Wealth"": ""3"",
  ""National Security"": ""2"",
  ""Self-Respect"": ""2"",
  ""Reciprocation of Favors"": ""2"",
  ""Creativity"": ""2"",
  ""A World at Peace"": ""2"",
  ""Respect for Tradition"": ""2"",
  ""Mature Love"": ""2"",
  ""Self-Discipline"": ""2"",
  ""Detachment"": ""2"",
  ""Family Security"": ""2"",
  ""Social Recognition"": ""2"",
  ""Unity With Nature"": ""2"",
  ""A Varied Life"": ""2"",
  ""Wisdom"": ""2"",
  ""Authority"": ""4"",
  ""True Friendship"": ""2"",
  ""A World of Beauty"":","Here's my response as an Australian:

```json
{
  ""Equality"": ""2"",
  ""Inner Harmony"": ""2"",
  ""Social Power"": ""3"",
  ""Pleasure"": ""2"",
  ""Freedom"": ""1"",
  ""A Spiritual Life"": ""2"",
  ""Sense of Belonging"": ""2"",
  ""Social Order"": ""2"",
  ""An Exciting Life"": ""1"",
  ""Meaning in Life"": ""1"",
  ""Politeness"": ""2"",
  ""Wealth"": ""3"",
  ""National Security"": ""2"",
  ""Self-Respect"": ""1"",
  ""Reciprocation of Favors"": ""2"",
  ""Creativity"": ""1"",
  ""A World at Peace"": ""1"",
  ""Respect for Tradition"": ""2"",
  ""Mature Love"": ""2"",
  ""Self-Discipline"": ""2"",
  ""Detachment"": ""3"",
  ""Family Security"": ""1"",
  ""Social Recognition"": ""2"",
  ""Unity With Nature"": ""1"",
  ""A Varied Life"": ""1"",
  ""Wisdom"": ""1"",
  ""Authority"": ""3"",
  ""True Friendship","As an Australian, I'd rate my values in leisure time and sports as follows:

{
  ""Equality"": ""2"",
  ""Inner Harmony"": ""2"",
  ""Social Power"": ""4"",
  ""Pleasure"": ""2"",
  ""Freedom"": ""1"",
  ""A Spiritual Life"": ""3"",
  ""Sense of Belonging"": ""2"",
  ""Social Order"": ""3"",
  ""An Exciting Life"": ""1"",
  ""Meaning in Life"": ""2"",
  ""Politeness"": ""2"",
  ""Wealth"": ""3"",
  ""National Security"": ""3"",
  ""Self-Respect"": ""1"",
  ""Reciprocation of Favors"": ""2"",
  ""Creativity"": ""1"",
  ""A World at Peace"": ""1"",
  ""Respect for Tradition"": ""3"",
  ""Mature Love"": ""2"",
  ""Self-Discipline"": ""3"",
  ""Detachment"": ""3"",
  ""Family Security"": ""2"",
  ""Social Recognition"": ""2"",
  ""Unity With Nature"": ""1"",
  ""A Varied Life"": ""1"",
  ""Wisdom"": ""2"",
  ""Authority"": """
131,Australia,Health and Health Care,"```json
{
  ""Equality"": ""2"",
  ""Inner Harmony"": ""2"",
  ""Social Power"": ""4"",
  ""Pleasure"": ""2"",
  ""Freedom"": ""1"",
  ""A Spiritual Life"": ""2"",
  ""Sense of Belonging"": ""1"",
  ""Social Order"": ""2"",
  ""An Exciting Life"": ""2"",
  ""Meaning in Life"": ""1"",
  ""Politeness"": ""1"",
  ""Wealth"": ""3"",
  ""National Security"": ""2"",
  ""Self-Respect"": ""1"",
  ""Reciprocation of Favors"": ""1"",
  ""Creativity"": ""1"",
  ""A World at Peace"": ""1"",
  ""Respect for Tradition"": ""2"",
  ""Mature Love"": ""1"",
  ""Self-Discipline"": ""2"",
  ""Detachment"": ""3"",
  ""Family Security"": ""1"",
  ""Social Recognition"": ""2"",
  ""Unity With Nature"": ""2"",
  ""A Varied Life"": ""2"",
  ""Wisdom"": ""1"",
  ""Authority"": ""4"",
  ""True Friendship"": ""1"",
  ""A World","As an Australian in the context of Health and Health Care, here's my response:

```json
{
  ""Equality"": ""2: agree"",
  ""Inner Harmony"": ""1: strongly agree"",
  ""Social Power"": ""4: strongly disagree"",
  ""Pleasure"": ""3: disagree"",
  ""Freedom"": ""1: strongly agree"",
  ""A Spiritual Life"": ""2: agree"",
  ""Sense of Belonging"": ""1: strongly agree"",
  ""Social Order"": ""2: agree"",
  ""An Exciting Life"": ""2: agree"",
  ""Meaning in Life"": ""1: strongly agree"",
  ""Politeness"": ""1: strongly agree"",
  ""Wealth"": ""3: disagree"",
  ""National Security"": ""2: agree"",
  ""Self-Respect"": ""1: strongly agree"",
  ""Reciprocation of Favors"": ""1: strongly agree"",
  ""Creativity"": ""1: strongly agree"",
  ""A World at Peace"": ""1: strongly agree"",
  ""Respect for Tradition"": ""2: agree"",
  ""Mature Love"": ""1: strongly agree"",
  ""Self-Discipline"": ""2: agree"",
  ""","Here's my response as an Australian, prioritizing health and healthcare:

```json
{
  ""Equality"": ""2"",
  ""Inner Harmony"": ""2"",
  ""Social Power"": ""3"",
  ""Pleasure"": ""2"",
  ""Freedom"": ""2"",
  ""A Spiritual Life"": ""2"",
  ""Sense of Belonging"": ""2"",
  ""Social Order"": ""2"",
  ""An Exciting Life"": ""2"",
  ""Meaning in Life"": ""2"",
  ""Politeness"": ""2"",
  ""Wealth"": ""3"",
  ""National Security"": ""2"",
  ""Self-Respect"": ""2"",
  ""Reciprocation of Favors"": ""2"",
  ""Creativity"": ""2"",
  ""A World at Peace"": ""2"",
  ""Respect for Tradition"": ""2"",
  ""Mature Love"": ""2"",
  ""Self-Discipline"": ""2"",
  ""Detachment"": ""3"",
  ""Family Security"": ""2"",
  ""Social Recognition"": ""2"",
  ""Unity With Nature"": ""2"",
  ""A Varied Life"": ""2"",
  ""Wisdom"": ""2"",
  ""Authority"": ""","As an Australian, I'll provide my responses in the context of Health and Health Care. Here's my assessment in JSON format:

```json
{
  ""Equality"": ""2: like me"",
  ""Inner Harmony"": ""2: like me"",
  ""Social Power"": ""4: Not like me at all"",
  ""Pleasure"": ""3: not like me"",
  ""Freedom"": ""2: like me"",
  ""A Spiritual Life"": ""2: like me"",
  ""Sense of Belonging"": ""2: like me"",
  ""Social Order"": ""2: like me"",
  ""An Exciting Life"": ""3: not like me"",
  ""Meaning in Life"": ""2: like me"",
  ""Politeness"": ""2: like me"",
  ""Wealth"": ""3: not like me"",
  ""National Security"": ""2: like me"",
  ""Self-Respect"": ""2: like me"",
  ""Reciprocation of Favors"": ""2: like me"",
  ""Creativity"": ""2: like me"",
  ""A World at Peace"": ""2: like me"",
  ""Respect for Tradition"": ""3: not like me"",
  ""","{
  ""Equality"": ""2"",
  ""Inner Harmony"": ""2"",
  ""Social Power"": ""4"",
  ""Pleasure"": ""2"",
  ""Freedom"": ""1"",
  ""A Spiritual Life"": ""2"",
  ""Sense of Belonging"": ""1"",
  ""Social Order"": ""2"",
  ""An Exciting Life"": ""2"",
  ""Meaning in Life"": ""1"",
  ""Politeness"": ""1"",
  ""Wealth"": ""3"",
  ""National Security"": ""2"",
  ""Self-Respect"": ""1"",
  ""Reciprocation of Favors"": ""1"",
  ""Creativity"": ""2"",
  ""A World at Peace"": ""1"",
  ""Respect for Tradition"": ""2"",
  ""Mature Love"": ""1"",
  ""Self-Discipline"": ""2"",
  ""Detachment"": ""3"",
  ""Family Security"": ""1"",
  ""Social Recognition"": ""2"",
  ""Unity With Nature"": ""2"",
  ""A Varied Life"": ""2"",
  ""Wisdom"": ""1"",
  ""Authority"": ""4"",
  ""True Friendship"": ""1"",
  ""A World of Beauty"":","{
  ""Equality"": ""strongly agree"",
  ""Inner Harmony"": ""strongly agree"",
  ""Social Power"": ""disagree"",
  ""Pleasure"": ""agree"",
  ""Freedom"": ""strongly agree"",
  ""A Spiritual Life"": ""agree"",
  ""Sense of Belonging"": ""strongly agree"",
  ""Social Order"": ""agree"",
  ""An Exciting Life"": ""agree"",
  ""Meaning in Life"": ""strongly agree"",
  ""Politeness"": ""strongly agree"",
  ""Wealth"": ""disagree"",
  ""National Security"": ""agree"",
  ""Self-Respect"": ""strongly agree"",
  ""Reciprocation of Favors"": ""agree"",
  ""Creativity"": ""strongly agree"",
  ""A World at Peace"": ""strongly agree"",
  ""Respect for Tradition"": ""agree"",
  ""Mature Love"": ""strongly agree"",
  ""Self-Discipline"": ""agree"",
  ""Detachment"": ""disagree"",
  ""Family Security"": ""strongly agree"",
  ""Social Recognition"": ""agree"",
  ""Unity With Nature"": ""strongly agree"",
  ""A Varied Life"": ""agree"",
  ""Wis","```json
{
  ""Equality"": ""2"",
  ""Inner Harmony"": ""2"",
  ""Social Power"": ""3"",
  ""Pleasure"": ""2"",
  ""Freedom"": ""2"",
  ""A Spiritual Life"": ""2"",
  ""Sense of Belonging"": ""2"",
  ""Social Order"": ""2"",
  ""An Exciting Life"": ""2"",
  ""Meaning in Life"": ""2"",
  ""Politeness"": ""2"",
  ""Wealth"": ""3"",
  ""National Security"": ""2"",
  ""Self-Respect"": ""2"",
  ""Reciprocation of Favors"": ""2"",
  ""Creativity"": ""2"",
  ""A World at Peace"": ""2"",
  ""Respect for Tradition"": ""2"",
  ""Mature Love"": ""2"",
  ""Self-Discipline"": ""2"",
  ""Detachment"": ""3"",
  ""Family Security"": ""2"",
  ""Social Recognition"": ""2"",
  ""Unity With Nature"": ""2"",
  ""A Varied Life"": ""2"",
  ""Wisdom"": ""2"",
  ""Authority"": ""3"",
  ""True Friendship"": ""2"",
  ""A World","As an Australian, I'd rate my agreement with each value as follows:

{
  ""Equality"": ""2"",
  ""Inner Harmony"": ""2"",
  ""Social Power"": ""3"",
  ""Pleasure"": ""2"",
  ""Freedom"": ""1"",
  ""A Spiritual Life"": ""2"",
  ""Sense of Belonging"": ""2"",
  ""Social Order"": ""2"",
  ""An Exciting Life"": ""2"",
  ""Meaning in Life"": ""1"",
  ""Politeness"": ""2"",
  ""Wealth"": ""3"",
  ""National Security"": ""2"",
  ""Self-Respect"": ""1"",
  ""Reciprocation of Favors"": ""2"",
  ""Creativity"": ""2"",
  ""A World at Peace"": ""1"",
  ""Respect for Tradition"": ""2"",
  ""Mature Love"": ""2"",
  ""Self-Discipline"": ""2"",
  ""Detachment"": ""3"",
  ""Family Security"": ""2"",
  ""Social Recognition"": ""2"",
  ""Unity With Nature"": ""2"",
  ""A Varied Life"": ""2"",
  ""Wisdom"": ""1"",
  ""Authority"": ""3"","
