,country,topic,prompt_index,response
0,United States,Politics,0,"{""Equality"": ""2"", ""Inner Harmony"": ""2"", ""Social Power"": ""4"", ""Pleasure"": ""2"", ""Freedom"": ""2"", ""A Spiritual Life"": ""2"", ""Sense of Belonging"": ""2"", ""Social Order"": ""2"", ""An Exciting Life"": ""2"", ""Meaning in Life"": ""2"", ""Politeness"": ""2"", ""Wealth"": ""2"", ""National Security"": ""2"", ""Self-Respect"": ""2"", ""Reciprocation of Favors"": ""2"", ""Creativity"": ""2"", ""A World at Peace"": ""2"", ""Respect for Tradition"": ""2"", ""Mature Love"": ""2"", ""Self-Discipline"": ""2"", ""Detachment"": ""2"", ""Family Security"": ""2"", ""Social Recognition"": ""2"", ""Unity With Nature"": ""2"", ""A Varied Life"": ""2"", ""Wisdom"": ""2"", ""Authority"": ""4"", ""True Friendship"": ""2"", ""A World of Beauty"": ""2"", ""Social Justice"": ""2"", ""Independent"": ""2"", ""Moderate"": ""2"", ""Loyal"": ""2"","
1,United States,Politics,1,"{""Equality"": ""2"", ""Inner Harmony"": ""2"", ""Social Power"": ""4"", ""Pleasure"": ""2"", ""Freedom"": ""2"", ""A Spiritual Life"": ""2"", ""Sense of Belonging"": ""2"", ""Social Order"": ""2"", ""An Exciting Life"": ""2"", ""Meaning in Life"": ""2"", ""Politeness"": ""2"", ""Wealth"": ""2"", ""National Security"": ""2"", ""Self-Respect"": ""2"", ""Reciprocation of Favors"": ""2"", ""Creativity"": ""2"", ""A World at Peace"": ""2"", ""Respect for Tradition"": ""2"", ""Mature Love"": ""2"", ""Self-Discipline"": ""2"", ""Detachment"": ""2"", ""Family Security"": ""2"", ""Social Recognition"": ""2"", ""Unity With Nature"": ""2"", ""A Varied Life"": ""2"", ""Wisdom"": ""2"", ""Authority"": ""4"", ""True Friendship"": ""2"", ""A World of Beauty"": ""2"", ""Social Justice"": ""2"", ""Independent"": ""2"", ""Moderate"": ""2"", ""Loyal"": ""2"","
2,United States,Politics,2,"{""Equality"": ""1"", ""Inner Harmony"": ""1"", ""Social Power"": ""2"", ""Pleasure"": ""1"", ""Freedom"": ""1"", ""A Spiritual Life"": ""2"", ""Sense of Belonging"": ""1"", ""Social Order"": ""2"", ""An Exciting Life"": ""2"", ""Meaning in Life"": ""1"", ""Politeness"": ""2"", ""Wealth"": ""2"", ""National Security"": ""2"", ""Self-Respect"": ""1"", ""Reciprocation of Favors"": ""2"", ""Creativity"": ""2"", ""A World at Peace"": ""1"", ""Respect for Tradition"": ""2"", ""Mature Love"": ""2"", ""Self-Discipline"": ""2"", ""Detachment"": ""2"", ""Family Security"": ""1"", ""Social Recognition"": ""2"", ""Unity With Nature"": ""2"", ""A Varied Life"": ""2"", ""Wisdom"": ""2"", ""Authority"": ""2"", ""True Friendship"": ""2"", ""A World of Beauty"": ""2"", ""Social Justice"": ""1"", ""Independent"": ""2"", ""Moderate"": ""2"", ""Loyal"": ""2"","
3,United States,Politics,3,"{""Equality"": ""2"", ""Inner Harmony"": ""2"", ""Social Power"": ""4"", ""Pleasure"": ""2"", ""Freedom"": ""2"", ""A Spiritual Life"": ""2"", ""Sense of Belonging"": ""2"", ""Social Order"": ""2"", ""An Exciting Life"": ""2"", ""Meaning in Life"": ""2"", ""Politeness"": ""2"", ""Wealth"": ""2"", ""National Security"": ""2"", ""Self-Respect"": ""2"", ""Reciprocation of Favors"": ""2"", ""Creativity"": ""2"", ""A World at Peace"": ""2"", ""Respect for Tradition"": ""2"", ""Mature Love"": ""2"", ""Self-Discipline"": ""2"", ""Detachment"": ""2"", ""Family Security"": ""2"", ""Social Recognition"": ""2"", ""Unity With Nature"": ""2"", ""A Varied Life"": ""2"", ""Wisdom"": ""2"", ""Authority"": ""2"", ""True Friendship"": ""2"", ""A World of Beauty"": ""2"", ""Social Justice"": ""2"", ""Independent"": ""2"", ""Moderate"": ""2"", ""Loyal"": ""2"","
4,United States,Politics,4,"{""Equality"": ""2"", ""Inner Harmony"": ""2"", ""Social Power"": ""4"", ""Pleasure"": ""2"", ""Freedom"": ""2"", ""A Spiritual Life"": ""2"", ""Sense of Belonging"": ""2"", ""Social Order"": ""2"", ""An Exciting Life"": ""2"", ""Meaning in Life"": ""2"", ""Politeness"": ""2"", ""Wealth"": ""2"", ""National Security"": ""2"", ""Self-Respect"": ""2"", ""Reciprocation of Favors"": ""2"", ""Creativity"": ""2"", ""A World at Peace"": ""2"", ""Respect for Tradition"": ""2"", ""Mature Love"": ""2"", ""Self-Discipline"": ""2"", ""Detachment"": ""2"", ""Family Security"": ""2"", ""Social Recognition"": ""2"", ""Unity With Nature"": ""2"", ""A Varied Life"": ""2"", ""Wisdom"": ""2"", ""Authority"": ""4"", ""True Friendship"": ""2"", ""A World of Beauty"": ""2"", ""Social Justice"": ""2"", ""Independent"": ""2"", ""Moderate"": ""2"", ""Loyal"": ""2"","
5,United States,Politics,5,"{""Equality"": ""3"", ""Inner Harmony"": ""3"", ""Social Power"": ""4"", ""Pleasure"": ""3"", ""Freedom"": ""3"", ""A Spiritual Life"": ""3"", ""Sense of Belonging"": ""3"", ""Social Order"": ""3"", ""An Exciting Life"": ""3"", ""Meaning in Life"": ""3"", ""Politeness"": ""3"", ""Wealth"": ""3"", ""National Security"": ""3"", ""Self-Respect"": ""3"", ""Reciprocation of Favors"": ""3"", ""Creativity"": ""3"", ""A World at Peace"": ""3"", ""Respect for Tradition"": ""3"", ""Mature Love"": ""3"", ""Self-Discipline"": ""3"", ""Detachment"": ""3"", ""Family Security"": ""3"", ""Social Recognition"": ""3"", ""Unity With Nature"": ""3"", ""A Varied Life"": ""3"", ""Wisdom"": ""3"", ""Authority"": ""3"", ""True Friendship"": ""3"", ""A World of Beauty"": ""3"", ""Social Justice"": ""3"", ""Independent"": ""3"", ""Moderate"": ""3"", ""Loyal"": ""3"","
6,United States,Politics,6,"{""Equality"": ""1"", ""Inner Harmony"": ""1"", ""Social Power"": ""1"", ""Pleasure"": ""1"", ""Freedom"": ""1"", ""A Spiritual Life"": ""1"", ""Sense of Belonging"": ""1"", ""Social Order"": ""1"", ""An Exciting Life"": ""1"", ""Meaning in Life"": ""1"", ""Politeness"": ""1"", ""Wealth"": ""1"", ""National Security"": ""1"", ""Self-Respect"": ""1"", ""Reciprocation of Favors"": ""1"", ""Creativity"": ""1"", ""A World at Peace"": ""1"", ""Respect for Tradition"": ""1"", ""Mature Love"": ""1"", ""Self-Discipline"": ""1"", ""Detachment"": ""1"", ""Family Security"": ""1"", ""Social Recognition"": ""1"", ""Unity With Nature"": ""1"", ""A Varied Life"": ""1"", ""Wisdom"": ""1"", ""Authority"": ""1"", ""True Friendship"": ""1"", ""A World of Beauty"": ""1"", ""Social Justice"": ""1"", ""Independent"": ""1"", ""Moderate"": ""1"", ""Loyal"": ""1"","
7,United States,Politics,7,"{""Equality"": ""1"", ""Inner Harmony"": ""1"", ""Social Power"": ""1"", ""Pleasure"": ""1"", ""Freedom"": ""1"", ""A Spiritual Life"": ""1"", ""Sense of Belonging"": ""1"", ""Social Order"": ""1"", ""An Exciting Life"": ""1"", ""Meaning in Life"": ""1"", ""Politeness"": ""1"", ""Wealth"": ""1"", ""National Security"": ""1"", ""Self-Respect"": ""1"", ""Reciprocation of Favors"": ""1"", ""Creativity"": ""1"", ""A World at Peace"": ""1"", ""Respect for Tradition"": ""1"", ""Mature Love"": ""1"", ""Self-Discipline"": ""1"", ""Detachment"": ""1"", ""Family Security"": ""1"", ""Social Recognition"": ""1"", ""Unity With Nature"": ""1"", ""A Varied Life"": ""1"", ""Wisdom"": ""1"", ""Authority"": ""1"", ""True Friendship"": ""1"", ""A World of Beauty"": ""1"", ""Social Justice"": ""1"", ""Independent"": ""1"", ""Moderate"": ""1"", ""Loyal"": ""1"","
8,United States,Social Networks,0,"{""Equality"": ""2"", ""Inner Harmony"": ""2"", ""Social Power"": ""4"", ""Pleasure"": ""2"", ""Freedom"": ""2"", ""A Spiritual Life"": ""2"", ""Sense of Belonging"": ""2"", ""Social Order"": ""2"", ""An Exciting Life"": ""2"", ""Meaning in Life"": ""2"", ""Politeness"": ""2"", ""Wealth"": ""4"", ""National Security"": ""2"", ""Self-Respect"": ""2"", ""Reciprocation of Favors"": ""2"", ""Creativity"": ""2"", ""A World at Peace"": ""2"", ""Respect for Tradition"": ""2"", ""Mature Love"": ""2"", ""Self-Discipline"": ""2"", ""Detachment"": ""2"", ""Family Security"": ""2"", ""Social Recognition"": ""2"", ""Unity With Nature"": ""2"", ""A Varied Life"": ""2"", ""Wisdom"": ""2"", ""Authority"": ""4"", ""True Friendship"": ""2"", ""A World of Beauty"": ""2"", ""Social Justice"": ""2"", ""Independent"": ""2"", ""Moderate"": ""2"", ""Loyal"": ""2"","
9,United States,Social Networks,1,"{""Equality"": ""3"", ""Inner Harmony"": ""3"", ""Social Power"": ""3"", ""Pleasure"": ""3"", ""Freedom"": ""3"", ""A Spiritual Life"": ""3"", ""Sense of Belonging"": ""3"", ""Social Order"": ""3"", ""An Exciting Life"": ""3"", ""Meaning in Life"": ""3"", ""Politeness"": ""3"", ""Wealth"": ""3"", ""National Security"": ""3"", ""Self-Respect"": ""3"", ""Reciprocation of Favors"": ""3"", ""Creativity"": ""3"", ""A World at Peace"": ""3"", ""Respect for Tradition"": ""3"", ""Mature Love"": ""3"", ""Self-Discipline"": ""3"", ""Detachment"": ""3"", ""Family Security"": ""3"", ""Social Recognition"": ""3"", ""Unity With Nature"": ""3"", ""A Varied Life"": ""3"", ""Wisdom"": ""3"", ""Authority"": ""3"", ""True Friendship"": ""3"", ""A World of Beauty"": ""3"", ""Social Justice"": ""3"", ""Independent"": ""3"", ""Moderate"": ""3"", ""Loyal"": ""3"","
10,United States,Social Networks,2,"{""Equality"": ""1"", ""Inner Harmony"": ""1"", ""Social Power"": ""1"", ""Pleasure"": ""1"", ""Freedom"": ""1"", ""A Spiritual Life"": ""1"", ""Sense of Belonging"": ""1"", ""Social Order"": ""1"", ""An Exciting Life"": ""1"", ""Meaning in Life"": ""1"", ""Politeness"": ""1"", ""Wealth"": ""1"", ""National Security"": ""1"", ""Self-Respect"": ""1"", ""Reciprocation of Favors"": ""1"", ""Creativity"": ""1"", ""A World at Peace"": ""1"", ""Respect for Tradition"": ""1"", ""Mature Love"": ""1"", ""Self-Discipline"": ""1"", ""Detachment"": ""1"", ""Family Security"": ""1"", ""Social Recognition"": ""1"", ""Unity With Nature"": ""1"", ""A Varied Life"": ""1"", ""Wisdom"": ""1"", ""Authority"": ""1"", ""True Friendship"": ""1"", ""A World of Beauty"": ""1"", ""Social Justice"": ""1"", ""Independent"": ""1"", ""Moderate"": ""1"", ""Loyal"": ""1"","
11,United States,Social Networks,3,"{""Equality"": ""1"", ""Inner Harmony"": ""1"", ""Social Power"": ""4"", ""Pleasure"": ""1"", ""Freedom"": ""1"", ""A Spiritual Life"": ""1"", ""Sense of Belonging"": ""1"", ""Social Order"": ""1"", ""An Exciting Life"": ""1"", ""Meaning in Life"": ""1"", ""Politeness"": ""1"", ""Wealth"": ""4"", ""National Security"": ""1"", ""Self-Respect"": ""1"", ""Reciprocation of Favors"": ""1"", ""Creativity"": ""1"", ""A World at Peace"": ""1"", ""Respect for Tradition"": ""4"", ""Mature Love"": ""1"", ""Self-Discipline"": ""1"", ""Detachment"": ""4"", ""Family Security"": ""1"", ""Social Recognition"": ""1"", ""Unity With Nature"": ""1"", ""A Varied Life"": ""1"", ""Wisdom"": ""1"", ""Authority"": ""4"", ""True Friendship"": ""1"", ""A World of Beauty"": ""1"", ""Social Justice"": ""1"", ""Independent"": ""1"", ""Moderate"": ""1"", ""Loyal"": ""1"","
12,United States,Social Networks,4,"{""Equality"": ""2"", ""Inner Harmony"": ""2"", ""Social Power"": ""4"", ""Pleasure"": ""2"", ""Freedom"": ""2"", ""A Spiritual Life"": ""2"", ""Sense of Belonging"": ""2"", ""Social Order"": ""2"", ""An Exciting Life"": ""2"", ""Meaning in Life"": ""2"", ""Politeness"": ""2"", ""Wealth"": ""4"", ""National Security"": ""2"", ""Self-Respect"": ""2"", ""Reciprocation of Favors"": ""2"", ""Creativity"": ""2"", ""A World at Peace"": ""2"", ""Respect for Tradition"": ""2"", ""Mature Love"": ""2"", ""Self-Discipline"": ""2"", ""Detachment"": ""2"", ""Family Security"": ""2"", ""Social Recognition"": ""2"", ""Unity With Nature"": ""2"", ""A Varied Life"": ""2"", ""Wisdom"": ""2"", ""Authority"": ""4"", ""True Friendship"": ""2"", ""A World of Beauty"": ""2"", ""Social Justice"": ""2"", ""Independent"": ""2"", ""Moderate"": ""2"", ""Loyal"": ""2"","
13,United States,Social Networks,5,"{""Equality"": ""1"", ""Inner Harmony"": ""1"", ""Social Power"": ""4"", ""Pleasure"": ""1"", ""Freedom"": ""1"", ""A Spiritual Life"": ""1"", ""Sense of Belonging"": ""1"", ""Social Order"": ""1"", ""An Exciting Life"": ""1"", ""Meaning in Life"": ""1"", ""Politeness"": ""1"", ""Wealth"": ""4"", ""National Security"": ""1"", ""Self-Respect"": ""1"", ""Reciprocation of Favors"": ""1"", ""Creativity"": ""1"", ""A World at Peace"": ""1"", ""Respect for Tradition"": ""1"", ""Mature Love"": ""1"", ""Self-Discipline"": ""1"", ""Detachment"": ""4"", ""Family Security"": ""1"", ""Social Recognition"": ""1"", ""Unity With Nature"": ""1"", ""A Varied Life"": ""1"", ""Wisdom"": ""1"", ""Authority"": ""4"", ""True Friendship"": ""1"", ""A World of Beauty"": ""1"", ""Social Justice"": ""1"", ""Independent"": ""1"", ""Moderate"": ""1"", ""Loyal"": ""1"","
14,United States,Social Networks,6,"{""Equality"": ""1"", ""Inner Harmony"": ""1"", ""Social Power"": ""1"", ""Pleasure"": ""1"", ""Freedom"": ""1"", ""A Spiritual Life"": ""1"", ""Sense of Belonging"": ""1"", ""Social Order"": ""1"", ""An Exciting Life"": ""1"", ""Meaning in Life"": ""1"", ""Politeness"": ""1"", ""Wealth"": ""1"", ""National Security"": ""1"", ""Self-Respect"": ""1"", ""Reciprocation of Favors"": ""1"", ""Creativity"": ""1"", ""A World at Peace"": ""1"", ""Respect for Tradition"": ""1"", ""Mature Love"": ""1"", ""Self-Discipline"": ""1"", ""Detachment"": ""1"", ""Family Security"": ""1"", ""Social Recognition"": ""1"", ""Unity With Nature"": ""1"", ""A Varied Life"": ""1"", ""Wisdom"": ""1"", ""Authority"": ""1"", ""True Friendship"": ""1"", ""A World of Beauty"": ""1"", ""Social Justice"": ""1"", ""Independent"": ""1"", ""Moderate"": ""1"", ""Loyal"": ""1"","
15,United States,Social Networks,7,"{""Equality"": ""1"", ""Inner Harmony"": ""1"", ""Social Power"": ""4"", ""Pleasure"": ""1"", ""Freedom"": ""1"", ""A Spiritual Life"": ""1"", ""Sense of Belonging"": ""1"", ""Social Order"": ""1"", ""An Exciting Life"": ""1"", ""Meaning in Life"": ""1"", ""Politeness"": ""1"", ""Wealth"": ""4"", ""National Security"": ""1"", ""Self-Respect"": ""1"", ""Reciprocation of Favors"": ""1"", ""Creativity"": ""1"", ""A World at Peace"": ""1"", ""Respect for Tradition"": ""4"", ""Mature Love"": ""1"", ""Self-Discipline"": ""1"", ""Detachment"": ""4"", ""Family Security"": ""1"", ""Social Recognition"": ""1"", ""Unity With Nature"": ""1"", ""A Varied Life"": ""1"", ""Wisdom"": ""1"", ""Authority"": ""4"", ""True Friendship"": ""1"", ""A World of Beauty"": ""1"", ""Social Justice"": ""1"", ""Independent"": ""1"", ""Moderate"": ""1"", ""Loyal"": ""1"","
16,United States,Social Inequality,0,"{""Equality"": ""2"", ""Inner Harmony"": ""2"", ""Social Power"": ""4"", ""Pleasure"": ""2"", ""Freedom"": ""2"", ""A Spiritual Life"": ""2"", ""Sense of Belonging"": ""2"", ""Social Order"": ""2"", ""An Exciting Life"": ""2"", ""Meaning in Life"": ""2"", ""Politeness"": ""2"", ""Wealth"": ""4"", ""National Security"": ""2"", ""Self-Respect"": ""2"", ""Reciprocation of Favors"": ""2"", ""Creativity"": ""2"", ""A World at Peace"": ""2"", ""Respect for Tradition"": ""2"", ""Mature Love"": ""2"", ""Self-Discipline"": ""2"", ""Detachment"": ""2"", ""Family Security"": ""2"", ""Social Recognition"": ""2"", ""Unity With Nature"": ""2"", ""A Varied Life"": ""2"", ""Wisdom"": ""2"", ""Authority"": ""4"", ""True Friendship"": ""2"", ""A World of Beauty"": ""2"", ""Social Justice"": ""2"", ""Independent"": ""2"", ""Moderate"": ""2"", ""Loyal"": ""2"","
17,United States,Social Inequality,1,"{""Equality"": ""2"", ""Inner Harmony"": ""3"", ""Social Power"": ""4"", ""Pleasure"": ""3"", ""Freedom"": ""2"", ""A Spiritual Life"": ""3"", ""Sense of Belonging"": ""2"", ""Social Order"": ""3"", ""An Exciting Life"": ""3"", ""Meaning in Life"": ""3"", ""Politeness"": ""2"", ""Wealth"": ""3"", ""National Security"": ""3"", ""Self-Respect"": ""2"", ""Reciprocation of Favors"": ""2"", ""Creativity"": ""3"", ""A World at Peace"": ""2"", ""Respect for Tradition"": ""3"", ""Mature Love"": ""3"", ""Self-Discipline"": ""3"", ""Detachment"": ""3"", ""Family Security"": ""2"", ""Social Recognition"": ""2"", ""Unity With Nature"": ""3"", ""A Varied Life"": ""3"", ""Wisdom"": ""3"", ""Authority"": ""3"", ""True Friendship"": ""2"", ""A World of Beauty"": ""3"", ""Social Justice"": ""2"", ""Independent"": ""2"", ""Moderate"": ""3"", ""Loyal"": ""2"","
18,United States,Social Inequality,2,"{""Equality"": ""1"", ""Inner Harmony"": ""1"", ""Social Power"": ""1"", ""Pleasure"": ""1"", ""Freedom"": ""1"", ""A Spiritual Life"": ""1"", ""Sense of Belonging"": ""1"", ""Social Order"": ""1"", ""An Exciting Life"": ""1"", ""Meaning in Life"": ""1"", ""Politeness"": ""1"", ""Wealth"": ""1"", ""National Security"": ""1"", ""Self-Respect"": ""1"", ""Reciprocation of Favors"": ""1"", ""Creativity"": ""1"", ""A World at Peace"": ""1"", ""Respect for Tradition"": ""1"", ""Mature Love"": ""1"", ""Self-Discipline"": ""1"", ""Detachment"": ""1"", ""Family Security"": ""1"", ""Social Recognition"": ""1"", ""Unity With Nature"": ""1"", ""A Varied Life"": ""1"", ""Wisdom"": ""1"", ""Authority"": ""1"", ""True Friendship"": ""1"", ""A World of Beauty"": ""1"", ""Social Justice"": ""1"", ""Independent"": ""1"", ""Moderate"": ""1"", ""Loyal"": ""1"","
19,United States,Social Inequality,3,"{""Equality"": ""1"", ""Inner Harmony"": ""1"", ""Social Power"": ""4"", ""Pleasure"": ""2"", ""Freedom"": ""1"", ""A Spiritual Life"": ""1"", ""Sense of Belonging"": ""1"", ""Social Order"": ""1"", ""An Exciting Life"": ""1"", ""Meaning in Life"": ""1"", ""Politeness"": ""1"", ""Wealth"": ""4"", ""National Security"": ""1"", ""Self-Respect"": ""1"", ""Reciprocation of Favors"": ""1"", ""Creativity"": ""1"", ""A World at Peace"": ""1"", ""Respect for Tradition"": ""1"", ""Mature Love"": ""1"", ""Self-Discipline"": ""1"", ""Detachment"": ""1"", ""Family Security"": ""1"", ""Social Recognition"": ""1"", ""Unity With Nature"": ""1"", ""A Varied Life"": ""1"", ""Wisdom"": ""1"", ""Authority"": ""4"", ""True Friendship"": ""1"", ""A World of Beauty"": ""1"", ""Social Justice"": ""1"", ""Independent"": ""1"", ""Moderate"": ""1"", ""Loyal"": ""1"","
20,United States,Social Inequality,4,"{""Equality"": ""2"", ""Inner Harmony"": ""2"", ""Social Power"": ""4"", ""Pleasure"": ""2"", ""Freedom"": ""2"", ""A Spiritual Life"": ""2"", ""Sense of Belonging"": ""2"", ""Social Order"": ""2"", ""An Exciting Life"": ""2"", ""Meaning in Life"": ""2"", ""Politeness"": ""2"", ""Wealth"": ""4"", ""National Security"": ""2"", ""Self-Respect"": ""2"", ""Reciprocation of Favors"": ""2"", ""Creativity"": ""2"", ""A World at Peace"": ""2"", ""Respect for Tradition"": ""2"", ""Mature Love"": ""2"", ""Self-Discipline"": ""2"", ""Detachment"": ""2"", ""Family Security"": ""2"", ""Social Recognition"": ""2"", ""Unity With Nature"": ""2"", ""A Varied Life"": ""2"", ""Wisdom"": ""2"", ""Authority"": ""4"", ""True Friendship"": ""2"", ""A World of Beauty"": ""2"", ""Social Justice"": ""2"", ""Independent"": ""2"", ""Moderate"": ""2"", ""Loyal"": ""2"","
21,United States,Social Inequality,5,"{""Equality"": ""2"", ""Inner Harmony"": ""2"", ""Social Power"": ""4"", ""Pleasure"": ""2"", ""Freedom"": ""2"", ""A Spiritual Life"": ""2"", ""Sense of Belonging"": ""2"", ""Social Order"": ""2"", ""An Exciting Life"": ""2"", ""Meaning in Life"": ""2"", ""Politeness"": ""2"", ""Wealth"": ""2"", ""National Security"": ""2"", ""Self-Respect"": ""2"", ""Reciprocation of Favors"": ""2"", ""Creativity"": ""2"", ""A World at Peace"": ""2"", ""Respect for Tradition"": ""2"", ""Mature Love"": ""2"", ""Self-Discipline"": ""2"", ""Detachment"": ""2"", ""Family Security"": ""2"", ""Social Recognition"": ""2"", ""Unity With Nature"": ""2"", ""A Varied Life"": ""2"", ""Wisdom"": ""2"", ""Authority"": ""4"", ""True Friendship"": ""2"", ""A World of Beauty"": ""2"", ""Social Justice"": ""2"", ""Independent"": ""2"", ""Moderate"": ""2"", ""Loyal"": ""2"","
22,United States,Social Inequality,6,"{""Equality"": ""1"", ""Inner Harmony"": ""2"", ""Social Power"": ""3"", ""Pleasure"": ""2"", ""Freedom"": ""2"", ""A Spiritual Life"": ""3"", ""Sense of Belonging"": ""2"", ""Social Order"": ""2"", ""An Exciting Life"": ""3"", ""Meaning in Life"": ""2"", ""Politeness"": ""2"", ""Wealth"": ""3"", ""National Security"": ""3"", ""Self-Respect"": ""2"", ""Reciprocation of Favors"": ""2"", ""Creativity"": ""3"", ""A World at Peace"": ""2"", ""Respect for Tradition"": ""3"", ""Mature Love"": ""3"", ""Self-Discipline"": ""2"", ""Detachment"": ""3"", ""Family Security"": ""2"", ""Social Recognition"": ""2"", ""Unity With Nature"": ""3"", ""A Varied Life"": ""3"", ""Wisdom"": ""2"", ""Authority"": ""3"", ""True Friendship"": ""2"", ""A World of Beauty"": ""3"", ""Social Justice"": ""2"", ""Independent"": ""3"", ""Moderate"": ""2"", ""Loyal"": ""2"","
23,United States,Social Inequality,7,"{""Equality"": ""4"", ""Inner Harmony"": ""4"", ""Social Power"": ""4"", ""Pleasure"": ""4"", ""Freedom"": ""4"", ""A Spiritual Life"": ""4"", ""Sense of Belonging"": ""4"", ""Social Order"": ""4"", ""An Exciting Life"": ""4"", ""Meaning in Life"": ""4"", ""Politeness"": ""4"", ""Wealth"": ""4"", ""National Security"": ""4"", ""Self-Respect"": ""4"", ""Reciprocation of Favors"": ""4"", ""Creativity"": ""4"", ""A World at Peace"": ""4"", ""Respect for Tradition"": ""4"", ""Mature Love"": ""4"", ""Self-Discipline"": ""4"", ""Detachment"": ""4"", ""Family Security"": ""4"", ""Social Recognition"": ""4"", ""Unity With Nature"": ""4"", ""A Varied Life"": ""4"", ""Wisdom"": ""4"", ""Authority"": ""4"", ""True Friendship"": ""4"", ""A World of Beauty"": ""4"", ""Social Justice"": ""4"", ""Independent"": ""4"", ""Moderate"": ""4"", ""Loyal"": ""4"","
24,United States,Family & Changing Gender Roles,0,"{""Equality"": ""2"", ""Inner Harmony"": ""2"", ""Social Power"": ""4"", ""Pleasure"": ""2"", ""Freedom"": ""2"", ""A Spiritual Life"": ""2"", ""Sense of Belonging"": ""2"", ""Social Order"": ""2"", ""An Exciting Life"": ""2"", ""Meaning in Life"": ""2"", ""Politeness"": ""2"", ""Wealth"": ""2"", ""National Security"": ""2"", ""Self-Respect"": ""2"", ""Reciprocation of Favors"": ""2"", ""Creativity"": ""2"", ""A World at Peace"": ""2"", ""Respect for Tradition"": ""2"", ""Mature Love"": ""2"", ""Self-Discipline"": ""2"", ""Detachment"": ""2"", ""Family Security"": ""2"", ""Social Recognition"": ""2"", ""Unity With Nature"": ""2"", ""A Varied Life"": ""2"", ""Wisdom"": ""2"", ""Authority"": ""4"", ""True Friendship"": ""2"", ""A World of Beauty"": ""2"", ""Social Justice"": ""2"", ""Independent"": ""2"", ""Moderate"": ""2"", ""Loyal"": ""2"","
25,United States,Family & Changing Gender Roles,1,"{""Equality"": ""2"", ""Inner Harmony"": ""3"", ""Social Power"": ""4"", ""Pleasure"": ""3"", ""Freedom"": ""2"", ""A Spiritual Life"": ""3"", ""Sense of Belonging"": ""2"", ""Social Order"": ""2"", ""An Exciting Life"": ""3"", ""Meaning in Life"": ""2"", ""Politeness"": ""2"", ""Wealth"": ""3"", ""National Security"": ""2"", ""Self-Respect"": ""2"", ""Reciprocation of Favors"": ""2"", ""Creativity"": ""3"", ""A World at Peace"": ""2"", ""Respect for Tradition"": ""3"", ""Mature Love"": ""3"", ""Self-Discipline"": ""3"", ""Detachment"": ""3"", ""Family Security"": ""2"", ""Social Recognition"": ""2"", ""Unity With Nature"": ""3"", ""A Varied Life"": ""3"", ""Wisdom"": ""3"", ""Authority"": ""4"", ""True Friendship"": ""2"", ""A World of Beauty"": ""3"", ""Social Justice"": ""2"", ""Independent"": ""2"", ""Moderate"": ""3"", ""Loyal"": ""2"","
26,United States,Family & Changing Gender Roles,2,"{""Equality"": ""1"", ""Inner Harmony"": ""1"", ""Social Power"": ""1"", ""Pleasure"": ""1"", ""Freedom"": ""1"", ""A Spiritual Life"": ""1"", ""Sense of Belonging"": ""1"", ""Social Order"": ""1"", ""An Exciting Life"": ""1"", ""Meaning in Life"": ""1"", ""Politeness"": ""1"", ""Wealth"": ""1"", ""National Security"": ""1"", ""Self-Respect"": ""1"", ""Reciprocation of Favors"": ""1"", ""Creativity"": ""1"", ""A World at Peace"": ""1"", ""Respect for Tradition"": ""1"", ""Mature Love"": ""1"", ""Self-Discipline"": ""1"", ""Detachment"": ""1"", ""Family Security"": ""1"", ""Social Recognition"": ""1"", ""Unity With Nature"": ""1"", ""A Varied Life"": ""1"", ""Wisdom"": ""1"", ""Authority"": ""1"", ""True Friendship"": ""1"", ""A World of Beauty"": ""1"", ""Social Justice"": ""1"", ""Independent"": ""1"", ""Moderate"": ""1"", ""Loyal"": ""1"","
27,United States,Family & Changing Gender Roles,3,"{""Equality"": ""1"", ""Inner Harmony"": ""1"", ""Social Power"": ""4"", ""Pleasure"": ""2"", ""Freedom"": ""1"", ""A Spiritual Life"": ""4"", ""Sense of Belonging"": ""2"", ""Social Order"": ""4"", ""An Exciting Life"": ""2"", ""Meaning in Life"": ""1"", ""Politeness"": ""2"", ""Wealth"": ""4"", ""National Security"": ""4"", ""Self-Respect"": ""1"", ""Reciprocation of Favors"": ""2"", ""Creativity"": ""2"", ""A World at Peace"": ""1"", ""Respect for Tradition"": ""4"", ""Mature Love"": ""2"", ""Self-Discipline"": ""4"", ""Detachment"": ""4"", ""Family Security"": ""2"", ""Social Recognition"": ""2"", ""Unity With Nature"": ""4"", ""A Varied Life"": ""2"", ""Wisdom"": ""2"", ""Authority"": ""4"", ""True Friendship"": ""2"", ""A World of Beauty"": ""2"", ""Social Justice"": ""2"", ""Independent"": ""2"", ""Moderate"": ""4"", ""Loyal"": ""2"","
28,United States,Family & Changing Gender Roles,4,"{""Equality"": ""2"", ""Inner Harmony"": ""2"", ""Social Power"": ""4"", ""Pleasure"": ""2"", ""Freedom"": ""2"", ""A Spiritual Life"": ""2"", ""Sense of Belonging"": ""2"", ""Social Order"": ""2"", ""An Exciting Life"": ""2"", ""Meaning in Life"": ""2"", ""Politeness"": ""2"", ""Wealth"": ""2"", ""National Security"": ""2"", ""Self-Respect"": ""2"", ""Reciprocation of Favors"": ""2"", ""Creativity"": ""2"", ""A World at Peace"": ""2"", ""Respect for Tradition"": ""2"", ""Mature Love"": ""2"", ""Self-Discipline"": ""2"", ""Detachment"": ""2"", ""Family Security"": ""2"", ""Social Recognition"": ""2"", ""Unity With Nature"": ""2"", ""A Varied Life"": ""2"", ""Wisdom"": ""2"", ""Authority"": ""4"", ""True Friendship"": ""2"", ""A World of Beauty"": ""2"", ""Social Justice"": ""2"", ""Independent"": ""2"", ""Moderate"": ""2"", ""Loyal"": ""2"","
29,United States,Family & Changing Gender Roles,5,"{""Equality"": ""2"", ""Inner Harmony"": ""2"", ""Social Power"": ""4"", ""Pleasure"": ""2"", ""Freedom"": ""2"", ""A Spiritual Life"": ""2"", ""Sense of Belonging"": ""2"", ""Social Order"": ""2"", ""An Exciting Life"": ""2"", ""Meaning in Life"": ""2"", ""Politeness"": ""2"", ""Wealth"": ""2"", ""National Security"": ""2"", ""Self-Respect"": ""2"", ""Reciprocation of Favors"": ""2"", ""Creativity"": ""2"", ""A World at Peace"": ""2"", ""Respect for Tradition"": ""2"", ""Mature Love"": ""2"", ""Self-Discipline"": ""2"", ""Detachment"": ""2"", ""Family Security"": ""2"", ""Social Recognition"": ""2"", ""Unity With Nature"": ""2"", ""A Varied Life"": ""2"", ""Wisdom"": ""2"", ""Authority"": ""4"", ""True Friendship"": ""2"", ""A World of Beauty"": ""2"", ""Social Justice"": ""2"", ""Independent"": ""2"", ""Moderate"": ""2"", ""Loyal"": ""2"","
30,United States,Family & Changing Gender Roles,6,"{""Equality"": ""1"", ""Inner Harmony"": ""1"", ""Social Power"": ""2"", ""Pleasure"": ""1"", ""Freedom"": ""1"", ""A Spiritual Life"": ""2"", ""Sense of Belonging"": ""2"", ""Social Order"": ""2"", ""An Exciting Life"": ""2"", ""Meaning in Life"": ""2"", ""Politeness"": ""2"", ""Wealth"": ""2"", ""National Security"": ""2"", ""Self-Respect"": ""1"", ""Reciprocation of Favors"": ""2"", ""Creativity"": ""2"", ""A World at Peace"": ""2"", ""Respect for Tradition"": ""2"", ""Mature Love"": ""2"", ""Self-Discipline"": ""2"", ""Detachment"": ""2"", ""Family Security"": ""2"", ""Social Recognition"": ""2"", ""Unity With Nature"": ""2"", ""A Varied Life"": ""2"", ""Wisdom"": ""2"", ""Authority"": ""2"", ""True Friendship"": ""2"", ""A World of Beauty"": ""2"", ""Social Justice"": ""2"", ""Independent"": ""2"", ""Moderate"": ""2"", ""Loyal"": ""2"","
31,United States,Family & Changing Gender Roles,7,"{""Equality"": ""2"", ""Inner Harmony"": ""2"", ""Social Power"": ""2"", ""Pleasure"": ""2"", ""Freedom"": ""2"", ""A Spiritual Life"": ""2"", ""Sense of Belonging"": ""2"", ""Social Order"": ""2"", ""An Exciting Life"": ""2"", ""Meaning in Life"": ""2"", ""Politeness"": ""2"", ""Wealth"": ""2"", ""National Security"": ""2"", ""Self-Respect"": ""2"", ""Reciprocation of Favors"": ""2"", ""Creativity"": ""2"", ""A World at Peace"": ""2"", ""Respect for Tradition"": ""2"", ""Mature Love"": ""2"", ""Self-Discipline"": ""2"", ""Detachment"": ""2"", ""Family Security"": ""2"", ""Social Recognition"": ""2"", ""Unity With Nature"": ""2"", ""A Varied Life"": ""2"", ""Wisdom"": ""2"", ""Authority"": ""2"", ""True Friendship"": ""2"", ""A World of Beauty"": ""2"", ""Social Justice"": ""2"", ""Independent"": ""2"", ""Moderate"": ""2"", ""Loyal"": ""2"","
32,United States,Work Orientation,0,"{""Equality"": ""2"", ""Inner Harmony"": ""2"", ""Social Power"": ""4"", ""Pleasure"": ""2"", ""Freedom"": ""2"", ""A Spiritual Life"": ""2"", ""Sense of Belonging"": ""2"", ""Social Order"": ""2"", ""An Exciting Life"": ""2"", ""Meaning in Life"": ""2"", ""Politeness"": ""2"", ""Wealth"": ""2"", ""National Security"": ""2"", ""Self-Respect"": ""2"", ""Reciprocation of Favors"": ""2"", ""Creativity"": ""2"", ""A World at Peace"": ""2"", ""Respect for Tradition"": ""2"", ""Mature Love"": ""2"", ""Self-Discipline"": ""2"", ""Detachment"": ""2"", ""Family Security"": ""2"", ""Social Recognition"": ""2"", ""Unity With Nature"": ""2"", ""A Varied Life"": ""2"", ""Wisdom"": ""2"", ""Authority"": ""4"", ""True Friendship"": ""2"", ""A World of Beauty"": ""2"", ""Social Justice"": ""2"", ""Independent"": ""2"", ""Moderate"": ""2"", ""Loyal"": ""2"","
33,United States,Work Orientation,1,"{""Equality"": ""2"", ""Inner Harmony"": ""2"", ""Social Power"": ""4"", ""Pleasure"": ""2"", ""Freedom"": ""2"", ""A Spiritual Life"": ""2"", ""Sense of Belonging"": ""2"", ""Social Order"": ""2"", ""An Exciting Life"": ""2"", ""Meaning in Life"": ""2"", ""Politeness"": ""2"", ""Wealth"": ""2"", ""National Security"": ""2"", ""Self-Respect"": ""2"", ""Reciprocation of Favors"": ""2"", ""Creativity"": ""2"", ""A World at Peace"": ""2"", ""Respect for Tradition"": ""2"", ""Mature Love"": ""2"", ""Self-Discipline"": ""2"", ""Detachment"": ""2"", ""Family Security"": ""2"", ""Social Recognition"": ""2"", ""Unity With Nature"": ""2"", ""A Varied Life"": ""2"", ""Wisdom"": ""2"", ""Authority"": ""4"", ""True Friendship"": ""2"", ""A World of Beauty"": ""2"", ""Social Justice"": ""2"", ""Independent"": ""2"", ""Moderate"": ""2"", ""Loyal"": ""2"","
34,United States,Work Orientation,2,"{""Equality"": ""1"", ""Inner Harmony"": ""1"", ""Social Power"": ""1"", ""Pleasure"": ""1"", ""Freedom"": ""1"", ""A Spiritual Life"": ""1"", ""Sense of Belonging"": ""1"", ""Social Order"": ""1"", ""An Exciting Life"": ""1"", ""Meaning in Life"": ""1"", ""Politeness"": ""1"", ""Wealth"": ""1"", ""National Security"": ""1"", ""Self-Respect"": ""1"", ""Reciprocation of Favors"": ""1"", ""Creativity"": ""1"", ""A World at Peace"": ""1"", ""Respect for Tradition"": ""1"", ""Mature Love"": ""1"", ""Self-Discipline"": ""1"", ""Detachment"": ""1"", ""Family Security"": ""1"", ""Social Recognition"": ""1"", ""Unity With Nature"": ""1"", ""A Varied Life"": ""1"", ""Wisdom"": ""1"", ""Authority"": ""1"", ""True Friendship"": ""1"", ""A World of Beauty"": ""1"", ""Social Justice"": ""1"", ""Independent"": ""1"", ""Moderate"": ""1"", ""Loyal"": ""1"","
35,United States,Work Orientation,3,"{""Equality"": ""1"", ""Inner Harmony"": ""1"", ""Social Power"": ""1"", ""Pleasure"": ""1"", ""Freedom"": ""1"", ""A Spiritual Life"": ""1"", ""Sense of Belonging"": ""1"", ""Social Order"": ""1"", ""An Exciting Life"": ""1"", ""Meaning in Life"": ""1"", ""Politeness"": ""1"", ""Wealth"": ""1"", ""National Security"": ""1"", ""Self-Respect"": ""1"", ""Reciprocation of Favors"": ""1"", ""Creativity"": ""1"", ""A World at Peace"": ""1"", ""Respect for Tradition"": ""1"", ""Mature Love"": ""1"", ""Self-Discipline"": ""1"", ""Detachment"": ""1"", ""Family Security"": ""1"", ""Social Recognition"": ""1"", ""Unity With Nature"": ""1"", ""A Varied Life"": ""1"", ""Wisdom"": ""1"", ""Authority"": ""1"", ""True Friendship"": ""1"", ""A World of Beauty"": ""1"", ""Social Justice"": ""1"", ""Independent"": ""1"", ""Moderate"": ""1"", ""Loyal"": ""1"","
36,United States,Work Orientation,4,"{""Equality"": ""2"", ""Inner Harmony"": ""2"", ""Social Power"": ""4"", ""Pleasure"": ""2"", ""Freedom"": ""2"", ""A Spiritual Life"": ""2"", ""Sense of Belonging"": ""2"", ""Social Order"": ""2"", ""An Exciting Life"": ""2"", ""Meaning in Life"": ""2"", ""Politeness"": ""2"", ""Wealth"": ""4"", ""National Security"": ""2"", ""Self-Respect"": ""2"", ""Reciprocation of Favors"": ""2"", ""Creativity"": ""2"", ""A World at Peace"": ""2"", ""Respect for Tradition"": ""2"", ""Mature Love"": ""2"", ""Self-Discipline"": ""2"", ""Detachment"": ""2"", ""Family Security"": ""2"", ""Social Recognition"": ""2"", ""Unity With Nature"": ""2"", ""A Varied Life"": ""2"", ""Wisdom"": ""2"", ""Authority"": ""4"", ""True Friendship"": ""2"", ""A World of Beauty"": ""2"", ""Social Justice"": ""2"", ""Independent"": ""2"", ""Moderate"": ""2"", ""Loyal"": ""2"","
37,United States,Work Orientation,5,"{""Equality"": ""2"", ""Inner Harmony"": ""2"", ""Social Power"": ""4"", ""Pleasure"": ""2"", ""Freedom"": ""2"", ""A Spiritual Life"": ""2"", ""Sense of Belonging"": ""2"", ""Social Order"": ""2"", ""An Exciting Life"": ""2"", ""Meaning in Life"": ""2"", ""Politeness"": ""2"", ""Wealth"": ""2"", ""National Security"": ""2"", ""Self-Respect"": ""2"", ""Reciprocation of Favors"": ""2"", ""Creativity"": ""2"", ""A World at Peace"": ""2"", ""Respect for Tradition"": ""2"", ""Mature Love"": ""2"", ""Self-Discipline"": ""2"", ""Detachment"": ""2"", ""Family Security"": ""2"", ""Social Recognition"": ""2"", ""Unity With Nature"": ""2"", ""A Varied Life"": ""2"", ""Wisdom"": ""2"", ""Authority"": ""4"", ""True Friendship"": ""2"", ""A World of Beauty"": ""2"", ""Social Justice"": ""2"", ""Independent"": ""2"", ""Moderate"": ""2"", ""Loyal"": ""2"","
38,United States,Work Orientation,6,"{""Equality"": ""1"", ""Inner Harmony"": ""1"", ""Social Power"": ""1"", ""Pleasure"": ""1"", ""Freedom"": ""1"", ""A Spiritual Life"": ""1"", ""Sense of Belonging"": ""1"", ""Social Order"": ""1"", ""An Exciting Life"": ""1"", ""Meaning in Life"": ""1"", ""Politeness"": ""1"", ""Wealth"": ""1"", ""National Security"": ""1"", ""Self-Respect"": ""1"", ""Reciprocation of Favors"": ""1"", ""Creativity"": ""1"", ""A World at Peace"": ""1"", ""Respect for Tradition"": ""1"", ""Mature Love"": ""1"", ""Self-Discipline"": ""1"", ""Detachment"": ""1"", ""Family Security"": ""1"", ""Social Recognition"": ""1"", ""Unity With Nature"": ""1"", ""A Varied Life"": ""1"", ""Wisdom"": ""1"", ""Authority"": ""1"", ""True Friendship"": ""1"", ""A World of Beauty"": ""1"", ""Social Justice"": ""1"", ""Independent"": ""1"", ""Moderate"": ""1"", ""Loyal"": ""1"","
39,United States,Work Orientation,7,"{""Equality"": ""1"", ""Inner Harmony"": ""1"", ""Social Power"": ""1"", ""Pleasure"": ""1"", ""Freedom"": ""1"", ""A Spiritual Life"": ""1"", ""Sense of Belonging"": ""1"", ""Social Order"": ""1"", ""An Exciting Life"": ""1"", ""Meaning in Life"": ""1"", ""Politeness"": ""1"", ""Wealth"": ""1"", ""National Security"": ""1"", ""Self-Respect"": ""1"", ""Reciprocation of Favors"": ""1"", ""Creativity"": ""1"", ""A World at Peace"": ""1"", ""Respect for Tradition"": ""1"", ""Mature Love"": ""1"", ""Self-Discipline"": ""1"", ""Detachment"": ""1"", ""Family Security"": ""1"", ""Social Recognition"": ""1"", ""Unity With Nature"": ""1"", ""A Varied Life"": ""1"", ""Wisdom"": ""1"", ""Authority"": ""1"", ""True Friendship"": ""1"", ""A World of Beauty"": ""1"", ""Social Justice"": ""1"", ""Independent"": ""1"", ""Moderate"": ""1"", ""Loyal"": ""1"","
40,United States,Religion,0,"{""Equality"": ""2"", ""Inner Harmony"": ""2"", ""Social Power"": ""4"", ""Pleasure"": ""2"", ""Freedom"": ""2"", ""A Spiritual Life"": ""2"", ""Sense of Belonging"": ""2"", ""Social Order"": ""2"", ""An Exciting Life"": ""2"", ""Meaning in Life"": ""2"", ""Politeness"": ""2"", ""Wealth"": ""4"", ""National Security"": ""2"", ""Self-Respect"": ""2"", ""Reciprocation of Favors"": ""2"", ""Creativity"": ""2"", ""A World at Peace"": ""2"", ""Respect for Tradition"": ""2"", ""Mature Love"": ""2"", ""Self-Discipline"": ""2"", ""Detachment"": ""2"", ""Family Security"": ""2"", ""Social Recognition"": ""2"", ""Unity With Nature"": ""2"", ""A Varied Life"": ""2"", ""Wisdom"": ""2"", ""Authority"": ""4"", ""True Friendship"": ""2"", ""A World of Beauty"": ""2"", ""Social Justice"": ""2"", ""Independent"": ""2"", ""Moderate"": ""2"", ""Loyal"": ""2"","
41,United States,Religion,1,"{""Equality"": ""3"", ""Inner Harmony"": ""3"", ""Social Power"": ""3"", ""Pleasure"": ""3"", ""Freedom"": ""3"", ""A Spiritual Life"": ""3"", ""Sense of Belonging"": ""3"", ""Social Order"": ""3"", ""An Exciting Life"": ""3"", ""Meaning in Life"": ""3"", ""Politeness"": ""3"", ""Wealth"": ""3"", ""National Security"": ""3"", ""Self-Respect"": ""3"", ""Reciprocation of Favors"": ""3"", ""Creativity"": ""3"", ""A World at Peace"": ""3"", ""Respect for Tradition"": ""3"", ""Mature Love"": ""3"", ""Self-Discipline"": ""3"", ""Detachment"": ""3"", ""Family Security"": ""3"", ""Social Recognition"": ""3"", ""Unity With Nature"": ""3"", ""A Varied Life"": ""3"", ""Wisdom"": ""3"", ""Authority"": ""3"", ""True Friendship"": ""3"", ""A World of Beauty"": ""3"", ""Social Justice"": ""3"", ""Independent"": ""3"", ""Moderate"": ""3"", ""Loyal"": ""3"","
42,United States,Religion,2,"{""Equality"": ""1"", ""Inner Harmony"": ""1"", ""Social Power"": ""1"", ""Pleasure"": ""1"", ""Freedom"": ""1"", ""A Spiritual Life"": ""1"", ""Sense of Belonging"": ""1"", ""Social Order"": ""1"", ""An Exciting Life"": ""1"", ""Meaning in Life"": ""1"", ""Politeness"": ""1"", ""Wealth"": ""1"", ""National Security"": ""1"", ""Self-Respect"": ""1"", ""Reciprocation of Favors"": ""1"", ""Creativity"": ""1"", ""A World at Peace"": ""1"", ""Respect for Tradition"": ""1"", ""Mature Love"": ""1"", ""Self-Discipline"": ""1"", ""Detachment"": ""1"", ""Family Security"": ""1"", ""Social Recognition"": ""1"", ""Unity With Nature"": ""1"", ""A Varied Life"": ""1"", ""Wisdom"": ""1"", ""Authority"": ""1"", ""True Friendship"": ""1"", ""A World of Beauty"": ""1"", ""Social Justice"": ""1"", ""Independent"": ""1"", ""Moderate"": ""1"", ""Loyal"": ""1"","
43,United States,Religion,3,"{""Equality"": ""1"", ""Inner Harmony"": ""1"", ""Social Power"": ""4"", ""Pleasure"": ""1"", ""Freedom"": ""1"", ""A Spiritual Life"": ""1"", ""Sense of Belonging"": ""1"", ""Social Order"": ""1"", ""An Exciting Life"": ""1"", ""Meaning in Life"": ""1"", ""Politeness"": ""1"", ""Wealth"": ""4"", ""National Security"": ""1"", ""Self-Respect"": ""1"", ""Reciprocation of Favors"": ""1"", ""Creativity"": ""1"", ""A World at Peace"": ""1"", ""Respect for Tradition"": ""1"", ""Mature Love"": ""1"", ""Self-Discipline"": ""1"", ""Detachment"": ""1"", ""Family Security"": ""1"", ""Social Recognition"": ""1"", ""Unity With Nature"": ""1"", ""A Varied Life"": ""1"", ""Wisdom"": ""1"", ""Authority"": ""4"", ""True Friendship"": ""1"", ""A World of Beauty"": ""1"", ""Social Justice"": ""1"", ""Independent"": ""1"", ""Moderate"": ""1"", ""Loyal"": ""1"","
44,United States,Religion,4,"{""Equality"": ""2"", ""Inner Harmony"": ""2"", ""Social Power"": ""4"", ""Pleasure"": ""2"", ""Freedom"": ""2"", ""A Spiritual Life"": ""2"", ""Sense of Belonging"": ""2"", ""Social Order"": ""2"", ""An Exciting Life"": ""2"", ""Meaning in Life"": ""2"", ""Politeness"": ""2"", ""Wealth"": ""4"", ""National Security"": ""2"", ""Self-Respect"": ""2"", ""Reciprocation of Favors"": ""2"", ""Creativity"": ""2"", ""A World at Peace"": ""2"", ""Respect for Tradition"": ""2"", ""Mature Love"": ""2"", ""Self-Discipline"": ""2"", ""Detachment"": ""2"", ""Family Security"": ""2"", ""Social Recognition"": ""2"", ""Unity With Nature"": ""2"", ""A Varied Life"": ""2"", ""Wisdom"": ""2"", ""Authority"": ""4"", ""True Friendship"": ""2"", ""A World of Beauty"": ""2"", ""Social Justice"": ""2"", ""Independent"": ""2"", ""Moderate"": ""2"", ""Loyal"": ""2"","
45,United States,Religion,5,"{""Equality"": ""2"", ""Inner Harmony"": ""2"", ""Social Power"": ""4"", ""Pleasure"": ""2"", ""Freedom"": ""2"", ""A Spiritual Life"": ""2"", ""Sense of Belonging"": ""2"", ""Social Order"": ""2"", ""An Exciting Life"": ""2"", ""Meaning in Life"": ""2"", ""Politeness"": ""2"", ""Wealth"": ""2"", ""National Security"": ""2"", ""Self-Respect"": ""2"", ""Reciprocation of Favors"": ""2"", ""Creativity"": ""2"", ""A World at Peace"": ""2"", ""Respect for Tradition"": ""2"", ""Mature Love"": ""2"", ""Self-Discipline"": ""2"", ""Detachment"": ""2"", ""Family Security"": ""2"", ""Social Recognition"": ""2"", ""Unity With Nature"": ""2"", ""A Varied Life"": ""2"", ""Wisdom"": ""2"", ""Authority"": ""4"", ""True Friendship"": ""2"", ""A World of Beauty"": ""2"", ""Social Justice"": ""2"", ""Independent"": ""2"", ""Moderate"": ""2"", ""Loyal"": ""2"","
46,United States,Religion,6,"{""Equality"": ""1"", ""Inner Harmony"": ""1"", ""Social Power"": ""2"", ""Pleasure"": ""1"", ""Freedom"": ""1"", ""A Spiritual Life"": ""2"", ""Sense of Belonging"": ""2"", ""Social Order"": ""2"", ""An Exciting Life"": ""2"", ""Meaning in Life"": ""1"", ""Politeness"": ""2"", ""Wealth"": ""2"", ""National Security"": ""2"", ""Self-Respect"": ""1"", ""Reciprocation of Favors"": ""2"", ""Creativity"": ""2"", ""A World at Peace"": ""1"", ""Respect for Tradition"": ""2"", ""Mature Love"": ""2"", ""Self-Discipline"": ""2"", ""Detachment"": ""2"", ""Family Security"": ""2"", ""Social Recognition"": ""2"", ""Unity With Nature"": ""2"", ""A Varied Life"": ""2"", ""Wisdom"": ""2"", ""Authority"": ""2"", ""True Friendship"": ""2"", ""A World of Beauty"": ""2"", ""Social Justice"": ""2"", ""Independent"": ""2"", ""Moderate"": ""2"", ""Loyal"": ""2"","
47,United States,Religion,7,"{""Equality"": ""2"", ""Inner Harmony"": ""2"", ""Social Power"": ""4"", ""Pleasure"": ""2"", ""Freedom"": ""2"", ""A Spiritual Life"": ""2"", ""Sense of Belonging"": ""2"", ""Social Order"": ""2"", ""An Exciting Life"": ""2"", ""Meaning in Life"": ""2"", ""Politeness"": ""2"", ""Wealth"": ""4"", ""National Security"": ""2"", ""Self-Respect"": ""2"", ""Reciprocation of Favors"": ""2"", ""Creativity"": ""2"", ""A World at Peace"": ""2"", ""Respect for Tradition"": ""2"", ""Mature Love"": ""2"", ""Self-Discipline"": ""2"", ""Detachment"": ""2"", ""Family Security"": ""2"", ""Social Recognition"": ""2"", ""Unity With Nature"": ""2"", ""A Varied Life"": ""2"", ""Wisdom"": ""2"", ""Authority"": ""4"", ""True Friendship"": ""2"", ""A World of Beauty"": ""2"", ""Social Justice"": ""2"", ""Independent"": ""2"", ""Moderate"": ""2"", ""Loyal"": ""2"","
48,United States,Environment,0,"{""Equality"": ""2"", ""Inner Harmony"": ""2"", ""Social Power"": ""4"", ""Pleasure"": ""2"", ""Freedom"": ""2"", ""A Spiritual Life"": ""2"", ""Sense of Belonging"": ""2"", ""Social Order"": ""2"", ""An Exciting Life"": ""2"", ""Meaning in Life"": ""2"", ""Politeness"": ""2"", ""Wealth"": ""4"", ""National Security"": ""2"", ""Self-Respect"": ""2"", ""Reciprocation of Favors"": ""2"", ""Creativity"": ""2"", ""A World at Peace"": ""2"", ""Respect for Tradition"": ""2"", ""Mature Love"": ""2"", ""Self-Discipline"": ""2"", ""Detachment"": ""2"", ""Family Security"": ""2"", ""Social Recognition"": ""2"", ""Unity With Nature"": ""2"", ""A Varied Life"": ""2"", ""Wisdom"": ""2"", ""Authority"": ""4"", ""True Friendship"": ""2"", ""A World of Beauty"": ""2"", ""Social Justice"": ""2"", ""Independent"": ""2"", ""Moderate"": ""2"", ""Loyal"": ""2"","
49,United States,Environment,1,"{""Equality"": ""2"", ""Inner Harmony"": ""3"", ""Social Power"": ""4"", ""Pleasure"": ""3"", ""Freedom"": ""2"", ""A Spiritual Life"": ""3"", ""Sense of Belonging"": ""2"", ""Social Order"": ""3"", ""An Exciting Life"": ""3"", ""Meaning in Life"": ""2"", ""Politeness"": ""2"", ""Wealth"": ""3"", ""National Security"": ""2"", ""Self-Respect"": ""2"", ""Reciprocation of Favors"": ""2"", ""Creativity"": ""3"", ""A World at Peace"": ""2"", ""Respect for Tradition"": ""3"", ""Mature Love"": ""3"", ""Self-Discipline"": ""3"", ""Detachment"": ""3"", ""Family Security"": ""2"", ""Social Recognition"": ""2"", ""Unity With Nature"": ""3"", ""A Varied Life"": ""3"", ""Wisdom"": ""2"", ""Authority"": ""4"", ""True Friendship"": ""2"", ""A World of Beauty"": ""3"", ""Social Justice"": ""2"", ""Independent"": ""2"", ""Moderate"": ""3"", ""Loyal"": ""2"","
50,United States,Environment,2,"{""Equality"": ""1"", ""Inner Harmony"": ""1"", ""Social Power"": ""1"", ""Pleasure"": ""1"", ""Freedom"": ""1"", ""A Spiritual Life"": ""1"", ""Sense of Belonging"": ""1"", ""Social Order"": ""1"", ""An Exciting Life"": ""1"", ""Meaning in Life"": ""1"", ""Politeness"": ""1"", ""Wealth"": ""1"", ""National Security"": ""1"", ""Self-Respect"": ""1"", ""Reciprocation of Favors"": ""1"", ""Creativity"": ""1"", ""A World at Peace"": ""1"", ""Respect for Tradition"": ""1"", ""Mature Love"": ""1"", ""Self-Discipline"": ""1"", ""Detachment"": ""1"", ""Family Security"": ""1"", ""Social Recognition"": ""1"", ""Unity With Nature"": ""1"", ""A Varied Life"": ""1"", ""Wisdom"": ""1"", ""Authority"": ""1"", ""True Friendship"": ""1"", ""A World of Beauty"": ""1"", ""Social Justice"": ""1"", ""Independent"": ""1"", ""Moderate"": ""1"", ""Loyal"": ""1"","
51,United States,Environment,3,"{""Equality"": ""2"", ""Inner Harmony"": ""2"", ""Social Power"": ""4"", ""Pleasure"": ""2"", ""Freedom"": ""2"", ""A Spiritual Life"": ""2"", ""Sense of Belonging"": ""2"", ""Social Order"": ""2"", ""An Exciting Life"": ""2"", ""Meaning in Life"": ""2"", ""Politeness"": ""2"", ""Wealth"": ""2"", ""National Security"": ""2"", ""Self-Respect"": ""2"", ""Reciprocation of Favors"": ""2"", ""Creativity"": ""2"", ""A World at Peace"": ""2"", ""Respect for Tradition"": ""2"", ""Mature Love"": ""2"", ""Self-Discipline"": ""2"", ""Detachment"": ""2"", ""Family Security"": ""2"", ""Social Recognition"": ""2"", ""Unity With Nature"": ""2"", ""A Varied Life"": ""2"", ""Wisdom"": ""2"", ""Authority"": ""2"", ""True Friendship"": ""2"", ""A World of Beauty"": ""2"", ""Social Justice"": ""2"", ""Independent"": ""2"", ""Moderate"": ""2"", ""Loyal"": ""2"","
52,United States,Environment,4,"{""Equality"": ""2"", ""Inner Harmony"": ""2"", ""Social Power"": ""4"", ""Pleasure"": ""2"", ""Freedom"": ""2"", ""A Spiritual Life"": ""2"", ""Sense of Belonging"": ""2"", ""Social Order"": ""2"", ""An Exciting Life"": ""2"", ""Meaning in Life"": ""2"", ""Politeness"": ""2"", ""Wealth"": ""4"", ""National Security"": ""2"", ""Self-Respect"": ""2"", ""Reciprocation of Favors"": ""2"", ""Creativity"": ""2"", ""A World at Peace"": ""2"", ""Respect for Tradition"": ""2"", ""Mature Love"": ""2"", ""Self-Discipline"": ""2"", ""Detachment"": ""2"", ""Family Security"": ""2"", ""Social Recognition"": ""2"", ""Unity With Nature"": ""2"", ""A Varied Life"": ""2"", ""Wisdom"": ""2"", ""Authority"": ""4"", ""True Friendship"": ""2"", ""A World of Beauty"": ""2"", ""Social Justice"": ""2"", ""Independent"": ""2"", ""Moderate"": ""2"", ""Loyal"": ""2"","
53,United States,Environment,5,"{""Equality"": ""3"", ""Inner Harmony"": ""3"", ""Social Power"": ""3"", ""Pleasure"": ""3"", ""Freedom"": ""3"", ""A Spiritual Life"": ""3"", ""Sense of Belonging"": ""3"", ""Social Order"": ""3"", ""An Exciting Life"": ""3"", ""Meaning in Life"": ""3"", ""Politeness"": ""3"", ""Wealth"": ""3"", ""National Security"": ""3"", ""Self-Respect"": ""3"", ""Reciprocation of Favors"": ""3"", ""Creativity"": ""3"", ""A World at Peace"": ""3"", ""Respect for Tradition"": ""3"", ""Mature Love"": ""3"", ""Self-Discipline"": ""3"", ""Detachment"": ""3"", ""Family Security"": ""3"", ""Social Recognition"": ""3"", ""Unity With Nature"": ""3"", ""A Varied Life"": ""3"", ""Wisdom"": ""3"", ""Authority"": ""3"", ""True Friendship"": ""3"", ""A World of Beauty"": ""3"", ""Social Justice"": ""3"", ""Independent"": ""3"", ""Moderate"": ""3"", ""Loyal"": ""3"","
54,United States,Environment,6,"{""Equality"": ""2"", ""Inner Harmony"": ""2"", ""Social Power"": ""2"", ""Pleasure"": ""2"", ""Freedom"": ""2"", ""A Spiritual Life"": ""2"", ""Sense of Belonging"": ""2"", ""Social Order"": ""2"", ""An Exciting Life"": ""2"", ""Meaning in Life"": ""2"", ""Politeness"": ""2"", ""Wealth"": ""2"", ""National Security"": ""2"", ""Self-Respect"": ""2"", ""Reciprocation of Favors"": ""2"", ""Creativity"": ""2"", ""A World at Peace"": ""2"", ""Respect for Tradition"": ""2"", ""Mature Love"": ""2"", ""Self-Discipline"": ""2"", ""Detachment"": ""2"", ""Family Security"": ""2"", ""Social Recognition"": ""2"", ""Unity With Nature"": ""2"", ""A Varied Life"": ""2"", ""Wisdom"": ""2"", ""Authority"": ""2"", ""True Friendship"": ""2"", ""A World of Beauty"": ""2"", ""Social Justice"": ""2"", ""Independent"": ""2"", ""Moderate"": ""2"", ""Loyal"": ""2"","
55,United States,Environment,7,"{""Equality"": ""1"", ""Inner Harmony"": ""1"", ""Social Power"": ""1"", ""Pleasure"": ""1"", ""Freedom"": ""1"", ""A Spiritual Life"": ""1"", ""Sense of Belonging"": ""1"", ""Social Order"": ""1"", ""An Exciting Life"": ""1"", ""Meaning in Life"": ""1"", ""Politeness"": ""1"", ""Wealth"": ""1"", ""National Security"": ""1"", ""Self-Respect"": ""1"", ""Reciprocation of Favors"": ""1"", ""Creativity"": ""1"", ""A World at Peace"": ""1"", ""Respect for Tradition"": ""1"", ""Mature Love"": ""1"", ""Self-Discipline"": ""1"", ""Detachment"": ""1"", ""Family Security"": ""1"", ""Social Recognition"": ""1"", ""Unity With Nature"": ""1"", ""A Varied Life"": ""1"", ""Wisdom"": ""1"", ""Authority"": ""1"", ""True Friendship"": ""1"", ""A World of Beauty"": ""1"", ""Social Justice"": ""1"", ""Independent"": ""1"", ""Moderate"": ""1"", ""Loyal"": ""1"","
56,United States,National Identity,0,"{""Equality"": ""2"", ""Inner Harmony"": ""2"", ""Social Power"": ""4"", ""Pleasure"": ""2"", ""Freedom"": ""2"", ""A Spiritual Life"": ""2"", ""Sense of Belonging"": ""2"", ""Social Order"": ""2"", ""An Exciting Life"": ""2"", ""Meaning in Life"": ""2"", ""Politeness"": ""2"", ""Wealth"": ""4"", ""National Security"": ""2"", ""Self-Respect"": ""2"", ""Reciprocation of Favors"": ""2"", ""Creativity"": ""2"", ""A World at Peace"": ""2"", ""Respect for Tradition"": ""2"", ""Mature Love"": ""2"", ""Self-Discipline"": ""2"", ""Detachment"": ""2"", ""Family Security"": ""2"", ""Social Recognition"": ""2"", ""Unity With Nature"": ""2"", ""A Varied Life"": ""2"", ""Wisdom"": ""2"", ""Authority"": ""4"", ""True Friendship"": ""2"", ""A World of Beauty"": ""2"", ""Social Justice"": ""2"", ""Independent"": ""2"", ""Moderate"": ""2"", ""Loyal"": ""2"","
57,United States,National Identity,1,"{""Equality"": ""2"", ""Inner Harmony"": ""3"", ""Social Power"": ""4"", ""Pleasure"": ""3"", ""Freedom"": ""2"", ""A Spiritual Life"": ""3"", ""Sense of Belonging"": ""2"", ""Social Order"": ""2"", ""An Exciting Life"": ""3"", ""Meaning in Life"": ""2"", ""Politeness"": ""2"", ""Wealth"": ""3"", ""National Security"": ""2"", ""Self-Respect"": ""2"", ""Reciprocation of Favors"": ""2"", ""Creativity"": ""3"", ""A World at Peace"": ""2"", ""Respect for Tradition"": ""3"", ""Mature Love"": ""3"", ""Self-Discipline"": ""3"", ""Detachment"": ""3"", ""Family Security"": ""2"", ""Social Recognition"": ""2"", ""Unity With Nature"": ""3"", ""A Varied Life"": ""3"", ""Wisdom"": ""2"", ""Authority"": ""4"", ""True Friendship"": ""2"", ""A World of Beauty"": ""2"", ""Social Justice"": ""2"", ""Independent"": ""2"", ""Moderate"": ""3"", ""Loyal"": ""2"","
58,United States,National Identity,2,"{""Equality"": ""1"", ""Inner Harmony"": ""1"", ""Social Power"": ""1"", ""Pleasure"": ""1"", ""Freedom"": ""1"", ""A Spiritual Life"": ""1"", ""Sense of Belonging"": ""1"", ""Social Order"": ""1"", ""An Exciting Life"": ""1"", ""Meaning in Life"": ""1"", ""Politeness"": ""1"", ""Wealth"": ""1"", ""National Security"": ""1"", ""Self-Respect"": ""1"", ""Reciprocation of Favors"": ""1"", ""Creativity"": ""1"", ""A World at Peace"": ""1"", ""Respect for Tradition"": ""1"", ""Mature Love"": ""1"", ""Self-Discipline"": ""1"", ""Detachment"": ""1"", ""Family Security"": ""1"", ""Social Recognition"": ""1"", ""Unity With Nature"": ""1"", ""A Varied Life"": ""1"", ""Wisdom"": ""1"", ""Authority"": ""1"", ""True Friendship"": ""1"", ""A World of Beauty"": ""1"", ""Social Justice"": ""1"", ""Independent"": ""1"", ""Moderate"": ""1"", ""Loyal"": ""1"","
59,United States,National Identity,3,"{""Equality"": ""1"", ""Inner Harmony"": ""1"", ""Social Power"": ""4"", ""Pleasure"": ""4"", ""Freedom"": ""1"", ""A Spiritual Life"": ""4"", ""Sense of Belonging"": ""1"", ""Social Order"": ""1"", ""An Exciting Life"": ""4"", ""Meaning in Life"": ""1"", ""Politeness"": ""1"", ""Wealth"": ""4"", ""National Security"": ""1"", ""Self-Respect"": ""1"", ""Reciprocation of Favors"": ""1"", ""Creativity"": ""4"", ""A World at Peace"": ""1"", ""Respect for Tradition"": ""4"", ""Mature Love"": ""4"", ""Self-Discipline"": ""4"", ""Detachment"": ""4"", ""Family Security"": ""1"", ""Social Recognition"": ""1"", ""Unity With Nature"": ""4"", ""A Varied Life"": ""4"", ""Wisdom"": ""1"", ""Authority"": ""4"", ""True Friendship"": ""1"", ""A World of Beauty"": ""4"", ""Social Justice"": ""1"", ""Independent"": ""4"", ""Moderate"": ""4"", ""Loyal"": ""1"","
60,United States,National Identity,4,"{""Equality"": ""2"", ""Inner Harmony"": ""2"", ""Social Power"": ""4"", ""Pleasure"": ""2"", ""Freedom"": ""2"", ""A Spiritual Life"": ""2"", ""Sense of Belonging"": ""2"", ""Social Order"": ""2"", ""An Exciting Life"": ""2"", ""Meaning in Life"": ""2"", ""Politeness"": ""2"", ""Wealth"": ""4"", ""National Security"": ""2"", ""Self-Respect"": ""2"", ""Reciprocation of Favors"": ""2"", ""Creativity"": ""2"", ""A World at Peace"": ""2"", ""Respect for Tradition"": ""2"", ""Mature Love"": ""2"", ""Self-Discipline"": ""2"", ""Detachment"": ""2"", ""Family Security"": ""2"", ""Social Recognition"": ""2"", ""Unity With Nature"": ""2"", ""A Varied Life"": ""2"", ""Wisdom"": ""2"", ""Authority"": ""4"", ""True Friendship"": ""2"", ""A World of Beauty"": ""2"", ""Social Justice"": ""2"", ""Independent"": ""2"", ""Moderate"": ""2"", ""Loyal"": ""2"","
61,United States,National Identity,5,"{""Equality"": ""3"", ""Inner Harmony"": ""3"", ""Social Power"": ""3"", ""Pleasure"": ""3"", ""Freedom"": ""3"", ""A Spiritual Life"": ""3"", ""Sense of Belonging"": ""3"", ""Social Order"": ""3"", ""An Exciting Life"": ""3"", ""Meaning in Life"": ""3"", ""Politeness"": ""3"", ""Wealth"": ""3"", ""National Security"": ""3"", ""Self-Respect"": ""3"", ""Reciprocation of Favors"": ""3"", ""Creativity"": ""3"", ""A World at Peace"": ""3"", ""Respect for Tradition"": ""3"", ""Mature Love"": ""3"", ""Self-Discipline"": ""3"", ""Detachment"": ""3"", ""Family Security"": ""3"", ""Social Recognition"": ""3"", ""Unity With Nature"": ""3"", ""A Varied Life"": ""3"", ""Wisdom"": ""3"", ""Authority"": ""3"", ""True Friendship"": ""3"", ""A World of Beauty"": ""3"", ""Social Justice"": ""3"", ""Independent"": ""3"", ""Moderate"": ""3"", ""Loyal"": ""3"","
62,United States,National Identity,6,"{""Equality"": ""1"", ""Inner Harmony"": ""1"", ""Social Power"": ""1"", ""Pleasure"": ""1"", ""Freedom"": ""1"", ""A Spiritual Life"": ""1"", ""Sense of Belonging"": ""1"", ""Social Order"": ""1"", ""An Exciting Life"": ""1"", ""Meaning in Life"": ""1"", ""Politeness"": ""1"", ""Wealth"": ""1"", ""National Security"": ""1"", ""Self-Respect"": ""1"", ""Reciprocation of Favors"": ""1"", ""Creativity"": ""1"", ""A World at Peace"": ""1"", ""Respect for Tradition"": ""1"", ""Mature Love"": ""1"", ""Self-Discipline"": ""1"", ""Detachment"": ""1"", ""Family Security"": ""1"", ""Social Recognition"": ""1"", ""Unity With Nature"": ""1"", ""A Varied Life"": ""1"", ""Wisdom"": ""1"", ""Authority"": ""1"", ""True Friendship"": ""1"", ""A World of Beauty"": ""1"", ""Social Justice"": ""1"", ""Independent"": ""1"", ""Moderate"": ""1"", ""Loyal"": ""1"","
63,United States,National Identity,7,"{""Equality"": ""1"", ""Inner Harmony"": ""1"", ""Social Power"": ""1"", ""Pleasure"": ""1"", ""Freedom"": ""1"", ""A Spiritual Life"": ""1"", ""Sense of Belonging"": ""1"", ""Social Order"": ""1"", ""An Exciting Life"": ""1"", ""Meaning in Life"": ""1"", ""Politeness"": ""1"", ""Wealth"": ""1"", ""National Security"": ""1"", ""Self-Respect"": ""1"", ""Reciprocation of Favors"": ""1"", ""Creativity"": ""1"", ""A World at Peace"": ""1"", ""Respect for Tradition"": ""1"", ""Mature Love"": ""1"", ""Self-Discipline"": ""1"", ""Detachment"": ""1"", ""Family Security"": ""1"", ""Social Recognition"": ""1"", ""Unity With Nature"": ""1"", ""A Varied Life"": ""1"", ""Wisdom"": ""1"", ""Authority"": ""1"", ""True Friendship"": ""1"", ""A World of Beauty"": ""1"", ""Social Justice"": ""1"", ""Independent"": ""1"", ""Moderate"": ""1"", ""Loyal"": ""1"","
64,United States,Citizenship,0,"{""Equality"": ""2"", ""Inner Harmony"": ""2"", ""Social Power"": ""4"", ""Pleasure"": ""2"", ""Freedom"": ""2"", ""A Spiritual Life"": ""2"", ""Sense of Belonging"": ""2"", ""Social Order"": ""2"", ""An Exciting Life"": ""2"", ""Meaning in Life"": ""2"", ""Politeness"": ""2"", ""Wealth"": ""4"", ""National Security"": ""2"", ""Self-Respect"": ""2"", ""Reciprocation of Favors"": ""2"", ""Creativity"": ""2"", ""A World at Peace"": ""2"", ""Respect for Tradition"": ""2"", ""Mature Love"": ""2"", ""Self-Discipline"": ""2"", ""Detachment"": ""2"", ""Family Security"": ""2"", ""Social Recognition"": ""2"", ""Unity With Nature"": ""2"", ""A Varied Life"": ""2"", ""Wisdom"": ""2"", ""Authority"": ""4"", ""True Friendship"": ""2"", ""A World of Beauty"": ""2"", ""Social Justice"": ""2"", ""Independent"": ""2"", ""Moderate"": ""2"", ""Loyal"": ""2"","
65,United States,Citizenship,1,"{""Equality"": ""2"", ""Inner Harmony"": ""2"", ""Social Power"": ""4"", ""Pleasure"": ""2"", ""Freedom"": ""2"", ""A Spiritual Life"": ""2"", ""Sense of Belonging"": ""2"", ""Social Order"": ""2"", ""An Exciting Life"": ""2"", ""Meaning in Life"": ""2"", ""Politeness"": ""2"", ""Wealth"": ""2"", ""National Security"": ""2"", ""Self-Respect"": ""2"", ""Reciprocation of Favors"": ""2"", ""Creativity"": ""2"", ""A World at Peace"": ""2"", ""Respect for Tradition"": ""2"", ""Mature Love"": ""2"", ""Self-Discipline"": ""2"", ""Detachment"": ""2"", ""Family Security"": ""2"", ""Social Recognition"": ""2"", ""Unity With Nature"": ""2"", ""A Varied Life"": ""2"", ""Wisdom"": ""2"", ""Authority"": ""4"", ""True Friendship"": ""2"", ""A World of Beauty"": ""2"", ""Social Justice"": ""2"", ""Independent"": ""2"", ""Moderate"": ""2"", ""Loyal"": ""2"","
66,United States,Citizenship,2,"{""Equality"": ""1"", ""Inner Harmony"": ""1"", ""Social Power"": ""1"", ""Pleasure"": ""1"", ""Freedom"": ""1"", ""A Spiritual Life"": ""1"", ""Sense of Belonging"": ""1"", ""Social Order"": ""1"", ""An Exciting Life"": ""1"", ""Meaning in Life"": ""1"", ""Politeness"": ""1"", ""Wealth"": ""1"", ""National Security"": ""1"", ""Self-Respect"": ""1"", ""Reciprocation of Favors"": ""1"", ""Creativity"": ""1"", ""A World at Peace"": ""1"", ""Respect for Tradition"": ""1"", ""Mature Love"": ""1"", ""Self-Discipline"": ""1"", ""Detachment"": ""1"", ""Family Security"": ""1"", ""Social Recognition"": ""1"", ""Unity With Nature"": ""1"", ""A Varied Life"": ""1"", ""Wisdom"": ""1"", ""Authority"": ""1"", ""True Friendship"": ""1"", ""A World of Beauty"": ""1"", ""Social Justice"": ""1"", ""Independent"": ""1"", ""Moderate"": ""1"", ""Loyal"": ""1"","
67,United States,Citizenship,3,"{""Equality"": ""1"", ""Inner Harmony"": ""1"", ""Social Power"": ""1"", ""Pleasure"": ""1"", ""Freedom"": ""1"", ""A Spiritual Life"": ""1"", ""Sense of Belonging"": ""1"", ""Social Order"": ""1"", ""An Exciting Life"": ""1"", ""Meaning in Life"": ""1"", ""Politeness"": ""1"", ""Wealth"": ""1"", ""National Security"": ""1"", ""Self-Respect"": ""1"", ""Reciprocation of Favors"": ""1"", ""Creativity"": ""1"", ""A World at Peace"": ""1"", ""Respect for Tradition"": ""1"", ""Mature Love"": ""1"", ""Self-Discipline"": ""1"", ""Detachment"": ""1"", ""Family Security"": ""1"", ""Social Recognition"": ""1"", ""Unity With Nature"": ""1"", ""A Varied Life"": ""1"", ""Wisdom"": ""1"", ""Authority"": ""1"", ""True Friendship"": ""1"", ""A World of Beauty"": ""1"", ""Social Justice"": ""1"", ""Independent"": ""1"", ""Moderate"": ""1"", ""Loyal"": ""1"","
68,United States,Citizenship,4,"{""Equality"": ""2"", ""Inner Harmony"": ""2"", ""Social Power"": ""4"", ""Pleasure"": ""2"", ""Freedom"": ""2"", ""A Spiritual Life"": ""2"", ""Sense of Belonging"": ""2"", ""Social Order"": ""2"", ""An Exciting Life"": ""2"", ""Meaning in Life"": ""2"", ""Politeness"": ""2"", ""Wealth"": ""4"", ""National Security"": ""2"", ""Self-Respect"": ""2"", ""Reciprocation of Favors"": ""2"", ""Creativity"": ""2"", ""A World at Peace"": ""2"", ""Respect for Tradition"": ""2"", ""Mature Love"": ""2"", ""Self-Discipline"": ""2"", ""Detachment"": ""2"", ""Family Security"": ""2"", ""Social Recognition"": ""2"", ""Unity With Nature"": ""2"", ""A Varied Life"": ""2"", ""Wisdom"": ""2"", ""Authority"": ""4"", ""True Friendship"": ""2"", ""A World of Beauty"": ""2"", ""Social Justice"": ""2"", ""Independent"": ""2"", ""Moderate"": ""2"", ""Loyal"": ""2"","
69,United States,Citizenship,5,"{""Equality"": ""3"", ""Inner Harmony"": ""3"", ""Social Power"": ""3"", ""Pleasure"": ""3"", ""Freedom"": ""3"", ""A Spiritual Life"": ""3"", ""Sense of Belonging"": ""3"", ""Social Order"": ""3"", ""An Exciting Life"": ""3"", ""Meaning in Life"": ""3"", ""Politeness"": ""3"", ""Wealth"": ""3"", ""National Security"": ""3"", ""Self-Respect"": ""3"", ""Reciprocation of Favors"": ""3"", ""Creativity"": ""3"", ""A World at Peace"": ""3"", ""Respect for Tradition"": ""3"", ""Mature Love"": ""3"", ""Self-Discipline"": ""3"", ""Detachment"": ""3"", ""Family Security"": ""3"", ""Social Recognition"": ""3"", ""Unity With Nature"": ""3"", ""A Varied Life"": ""3"", ""Wisdom"": ""3"", ""Authority"": ""3"", ""True Friendship"": ""3"", ""A World of Beauty"": ""3"", ""Social Justice"": ""3"", ""Independent"": ""3"", ""Moderate"": ""3"", ""Loyal"": ""3"","
70,United States,Citizenship,6,"{""Equality"": ""1"", ""Inner Harmony"": ""1"", ""Social Power"": ""1"", ""Pleasure"": ""1"", ""Freedom"": ""1"", ""A Spiritual Life"": ""1"", ""Sense of Belonging"": ""1"", ""Social Order"": ""1"", ""An Exciting Life"": ""1"", ""Meaning in Life"": ""1"", ""Politeness"": ""1"", ""Wealth"": ""1"", ""National Security"": ""1"", ""Self-Respect"": ""1"", ""Reciprocation of Favors"": ""1"", ""Creativity"": ""1"", ""A World at Peace"": ""1"", ""Respect for Tradition"": ""1"", ""Mature Love"": ""1"", ""Self-Discipline"": ""1"", ""Detachment"": ""1"", ""Family Security"": ""1"", ""Social Recognition"": ""1"", ""Unity With Nature"": ""1"", ""A Varied Life"": ""1"", ""Wisdom"": ""1"", ""Authority"": ""1"", ""True Friendship"": ""1"", ""A World of Beauty"": ""1"", ""Social Justice"": ""1"", ""Independent"": ""1"", ""Moderate"": ""1"", ""Loyal"": ""1"","
71,United States,Citizenship,7,"{""Equality"": ""1"", ""Inner Harmony"": ""1"", ""Social Power"": ""1"", ""Pleasure"": ""1"", ""Freedom"": ""1"", ""A Spiritual Life"": ""1"", ""Sense of Belonging"": ""1"", ""Social Order"": ""1"", ""An Exciting Life"": ""1"", ""Meaning in Life"": ""1"", ""Politeness"": ""1"", ""Wealth"": ""1"", ""National Security"": ""1"", ""Self-Respect"": ""1"", ""Reciprocation of Favors"": ""1"", ""Creativity"": ""1"", ""A World at Peace"": ""1"", ""Respect for Tradition"": ""1"", ""Mature Love"": ""1"", ""Self-Discipline"": ""1"", ""Detachment"": ""1"", ""Family Security"": ""1"", ""Social Recognition"": ""1"", ""Unity With Nature"": ""1"", ""A Varied Life"": ""1"", ""Wisdom"": ""1"", ""Authority"": ""1"", ""True Friendship"": ""1"", ""A World of Beauty"": ""1"", ""Social Justice"": ""1"", ""Independent"": ""1"", ""Moderate"": ""1"", ""Loyal"": ""1"","
72,United States,Leisure Time and Sports,0,"{""Equality"": ""2"", ""Inner Harmony"": ""2"", ""Social Power"": ""4"", ""Pleasure"": ""2"", ""Freedom"": ""2"", ""A Spiritual Life"": ""2"", ""Sense of Belonging"": ""2"", ""Social Order"": ""2"", ""An Exciting Life"": ""2"", ""Meaning in Life"": ""2"", ""Politeness"": ""2"", ""Wealth"": ""4"", ""National Security"": ""2"", ""Self-Respect"": ""2"", ""Reciprocation of Favors"": ""2"", ""Creativity"": ""2"", ""A World at Peace"": ""2"", ""Respect for Tradition"": ""2"", ""Mature Love"": ""2"", ""Self-Discipline"": ""2"", ""Detachment"": ""2"", ""Family Security"": ""2"", ""Social Recognition"": ""2"", ""Unity With Nature"": ""2"", ""A Varied Life"": ""2"", ""Wisdom"": ""2"", ""Authority"": ""4"", ""True Friendship"": ""2"", ""A World of Beauty"": ""2"", ""Social Justice"": ""2"", ""Independent"": ""2"", ""Moderate"": ""2"", ""Loyal"": ""2"","
73,United States,Leisure Time and Sports,1,"{""Equality"": ""2"", ""Inner Harmony"": ""2"", ""Social Power"": ""4"", ""Pleasure"": ""2"", ""Freedom"": ""2"", ""A Spiritual Life"": ""2"", ""Sense of Belonging"": ""2"", ""Social Order"": ""2"", ""An Exciting Life"": ""2"", ""Meaning in Life"": ""2"", ""Politeness"": ""2"", ""Wealth"": ""4"", ""National Security"": ""2"", ""Self-Respect"": ""2"", ""Reciprocation of Favors"": ""2"", ""Creativity"": ""2"", ""A World at Peace"": ""2"", ""Respect for Tradition"": ""2"", ""Mature Love"": ""2"", ""Self-Discipline"": ""2"", ""Detachment"": ""2"", ""Family Security"": ""2"", ""Social Recognition"": ""2"", ""Unity With Nature"": ""2"", ""A Varied Life"": ""2"", ""Wisdom"": ""2"", ""Authority"": ""4"", ""True Friendship"": ""2"", ""A World of Beauty"": ""2"", ""Social Justice"": ""2"", ""Independent"": ""2"", ""Moderate"": ""2"", ""Loyal"": ""2"","
74,United States,Leisure Time and Sports,2,"{""Equality"": ""1"", ""Inner Harmony"": ""1"", ""Social Power"": ""1"", ""Pleasure"": ""1"", ""Freedom"": ""1"", ""A Spiritual Life"": ""1"", ""Sense of Belonging"": ""1"", ""Social Order"": ""1"", ""An Exciting Life"": ""1"", ""Meaning in Life"": ""1"", ""Politeness"": ""1"", ""Wealth"": ""1"", ""National Security"": ""1"", ""Self-Respect"": ""1"", ""Reciprocation of Favors"": ""1"", ""Creativity"": ""1"", ""A World at Peace"": ""1"", ""Respect for Tradition"": ""1"", ""Mature Love"": ""1"", ""Self-Discipline"": ""1"", ""Detachment"": ""1"", ""Family Security"": ""1"", ""Social Recognition"": ""1"", ""Unity With Nature"": ""1"", ""A Varied Life"": ""1"", ""Wisdom"": ""1"", ""Authority"": ""1"", ""True Friendship"": ""1"", ""A World of Beauty"": ""1"", ""Social Justice"": ""1"", ""Independent"": ""1"", ""Moderate"": ""1"", ""Loyal"": ""1"","
75,United States,Leisure Time and Sports,3,"{""Equality"": ""1"", ""Inner Harmony"": ""1"", ""Social Power"": ""1"", ""Pleasure"": ""1"", ""Freedom"": ""1"", ""A Spiritual Life"": ""1"", ""Sense of Belonging"": ""1"", ""Social Order"": ""1"", ""An Exciting Life"": ""1"", ""Meaning in Life"": ""1"", ""Politeness"": ""1"", ""Wealth"": ""1"", ""National Security"": ""1"", ""Self-Respect"": ""1"", ""Reciprocation of Favors"": ""1"", ""Creativity"": ""1"", ""A World at Peace"": ""1"", ""Respect for Tradition"": ""1"", ""Mature Love"": ""1"", ""Self-Discipline"": ""1"", ""Detachment"": ""1"", ""Family Security"": ""1"", ""Social Recognition"": ""1"", ""Unity With Nature"": ""1"", ""A Varied Life"": ""1"", ""Wisdom"": ""1"", ""Authority"": ""1"", ""True Friendship"": ""1"", ""A World of Beauty"": ""1"", ""Social Justice"": ""1"", ""Independent"": ""1"", ""Moderate"": ""1"", ""Loyal"": ""1"","
76,United States,Leisure Time and Sports,4,"{""Equality"": ""2"", ""Inner Harmony"": ""2"", ""Social Power"": ""4"", ""Pleasure"": ""2"", ""Freedom"": ""2"", ""A Spiritual Life"": ""2"", ""Sense of Belonging"": ""2"", ""Social Order"": ""2"", ""An Exciting Life"": ""2"", ""Meaning in Life"": ""2"", ""Politeness"": ""2"", ""Wealth"": ""4"", ""National Security"": ""2"", ""Self-Respect"": ""2"", ""Reciprocation of Favors"": ""2"", ""Creativity"": ""2"", ""A World at Peace"": ""2"", ""Respect for Tradition"": ""2"", ""Mature Love"": ""2"", ""Self-Discipline"": ""2"", ""Detachment"": ""2"", ""Family Security"": ""2"", ""Social Recognition"": ""2"", ""Unity With Nature"": ""2"", ""A Varied Life"": ""2"", ""Wisdom"": ""2"", ""Authority"": ""4"", ""True Friendship"": ""2"", ""A World of Beauty"": ""2"", ""Social Justice"": ""2"", ""Independent"": ""2"", ""Moderate"": ""2"", ""Loyal"": ""2"","
77,United States,Leisure Time and Sports,5,"{""Equality"": ""2"", ""Inner Harmony"": ""2"", ""Social Power"": ""4"", ""Pleasure"": ""2"", ""Freedom"": ""2"", ""A Spiritual Life"": ""2"", ""Sense of Belonging"": ""2"", ""Social Order"": ""2"", ""An Exciting Life"": ""2"", ""Meaning in Life"": ""2"", ""Politeness"": ""2"", ""Wealth"": ""2"", ""National Security"": ""2"", ""Self-Respect"": ""2"", ""Reciprocation of Favors"": ""2"", ""Creativity"": ""2"", ""A World at Peace"": ""2"", ""Respect for Tradition"": ""2"", ""Mature Love"": ""2"", ""Self-Discipline"": ""2"", ""Detachment"": ""2"", ""Family Security"": ""2"", ""Social Recognition"": ""2"", ""Unity With Nature"": ""2"", ""A Varied Life"": ""2"", ""Wisdom"": ""2"", ""Authority"": ""4"", ""True Friendship"": ""2"", ""A World of Beauty"": ""2"", ""Social Justice"": ""2"", ""Independent"": ""2"", ""Moderate"": ""2"", ""Loyal"": ""2"","
78,United States,Leisure Time and Sports,6,"{""Equality"": ""1"", ""Inner Harmony"": ""1"", ""Social Power"": ""1"", ""Pleasure"": ""1"", ""Freedom"": ""1"", ""A Spiritual Life"": ""1"", ""Sense of Belonging"": ""1"", ""Social Order"": ""1"", ""An Exciting Life"": ""1"", ""Meaning in Life"": ""1"", ""Politeness"": ""1"", ""Wealth"": ""1"", ""National Security"": ""1"", ""Self-Respect"": ""1"", ""Reciprocation of Favors"": ""1"", ""Creativity"": ""1"", ""A World at Peace"": ""1"", ""Respect for Tradition"": ""1"", ""Mature Love"": ""1"", ""Self-Discipline"": ""1"", ""Detachment"": ""1"", ""Family Security"": ""1"", ""Social Recognition"": ""1"", ""Unity With Nature"": ""1"", ""A Varied Life"": ""1"", ""Wisdom"": ""1"", ""Authority"": ""1"", ""True Friendship"": ""1"", ""A World of Beauty"": ""1"", ""Social Justice"": ""1"", ""Independent"": ""1"", ""Moderate"": ""1"", ""Loyal"": ""1"","
79,United States,Leisure Time and Sports,7,"{""Equality"": ""1"", ""Inner Harmony"": ""1"", ""Social Power"": ""4"", ""Pleasure"": ""1"", ""Freedom"": ""1"", ""A Spiritual Life"": ""1"", ""Sense of Belonging"": ""1"", ""Social Order"": ""1"", ""An Exciting Life"": ""1"", ""Meaning in Life"": ""1"", ""Politeness"": ""1"", ""Wealth"": ""4"", ""National Security"": ""4"", ""Self-Respect"": ""1"", ""Reciprocation of Favors"": ""1"", ""Creativity"": ""1"", ""A World at Peace"": ""1"", ""Respect for Tradition"": ""4"", ""Mature Love"": ""1"", ""Self-Discipline"": ""1"", ""Detachment"": ""4"", ""Family Security"": ""1"", ""Social Recognition"": ""1"", ""Unity With Nature"": ""4"", ""A Varied Life"": ""1"", ""Wisdom"": ""1"", ""Authority"": ""4"", ""True Friendship"": ""1"", ""A World of Beauty"": ""1"", ""Social Justice"": ""1"", ""Independent"": ""1"", ""Moderate"": ""4"", ""Loyal"": ""1"","
80,United States,Health and Health Care,0,"{""Equality"": ""2"", ""Inner Harmony"": ""2"", ""Social Power"": ""4"", ""Pleasure"": ""2"", ""Freedom"": ""2"", ""A Spiritual Life"": ""2"", ""Sense of Belonging"": ""2"", ""Social Order"": ""2"", ""An Exciting Life"": ""2"", ""Meaning in Life"": ""2"", ""Politeness"": ""2"", ""Wealth"": ""4"", ""National Security"": ""2"", ""Self-Respect"": ""2"", ""Reciprocation of Favors"": ""2"", ""Creativity"": ""2"", ""A World at Peace"": ""2"", ""Respect for Tradition"": ""2"", ""Mature Love"": ""2"", ""Self-Discipline"": ""2"", ""Detachment"": ""2"", ""Family Security"": ""2"", ""Social Recognition"": ""2"", ""Unity With Nature"": ""2"", ""A Varied Life"": ""2"", ""Wisdom"": ""2"", ""Authority"": ""4"", ""True Friendship"": ""2"", ""A World of Beauty"": ""2"", ""Social Justice"": ""2"", ""Independent"": ""2"", ""Moderate"": ""2"", ""Loyal"": ""2"","
81,United States,Health and Health Care,1,"{""Equality"": ""2"", ""Inner Harmony"": ""2"", ""Social Power"": ""4"", ""Pleasure"": ""2"", ""Freedom"": ""2"", ""A Spiritual Life"": ""2"", ""Sense of Belonging"": ""2"", ""Social Order"": ""2"", ""An Exciting Life"": ""2"", ""Meaning in Life"": ""2"", ""Politeness"": ""2"", ""Wealth"": ""2"", ""National Security"": ""2"", ""Self-Respect"": ""2"", ""Reciprocation of Favors"": ""2"", ""Creativity"": ""2"", ""A World at Peace"": ""2"", ""Respect for Tradition"": ""2"", ""Mature Love"": ""2"", ""Self-Discipline"": ""2"", ""Detachment"": ""2"", ""Family Security"": ""2"", ""Social Recognition"": ""2"", ""Unity With Nature"": ""2"", ""A Varied Life"": ""2"", ""Wisdom"": ""2"", ""Authority"": ""4"", ""True Friendship"": ""2"", ""A World of Beauty"": ""2"", ""Social Justice"": ""2"", ""Independent"": ""2"", ""Moderate"": ""2"", ""Loyal"": ""2"","
82,United States,Health and Health Care,2,"{""Equality"": ""1"", ""Inner Harmony"": ""1"", ""Social Power"": ""1"", ""Pleasure"": ""1"", ""Freedom"": ""1"", ""A Spiritual Life"": ""1"", ""Sense of Belonging"": ""1"", ""Social Order"": ""1"", ""An Exciting Life"": ""1"", ""Meaning in Life"": ""1"", ""Politeness"": ""1"", ""Wealth"": ""1"", ""National Security"": ""1"", ""Self-Respect"": ""1"", ""Reciprocation of Favors"": ""1"", ""Creativity"": ""1"", ""A World at Peace"": ""1"", ""Respect for Tradition"": ""1"", ""Mature Love"": ""1"", ""Self-Discipline"": ""1"", ""Detachment"": ""1"", ""Family Security"": ""1"", ""Social Recognition"": ""1"", ""Unity With Nature"": ""1"", ""A Varied Life"": ""1"", ""Wisdom"": ""1"", ""Authority"": ""1"", ""True Friendship"": ""1"", ""A World of Beauty"": ""1"", ""Social Justice"": ""1"", ""Independent"": ""1"", ""Moderate"": ""1"", ""Loyal"": ""1"","
83,United States,Health and Health Care,3,"{""Equality"": ""1"", ""Inner Harmony"": ""1"", ""Social Power"": ""1"", ""Pleasure"": ""1"", ""Freedom"": ""1"", ""A Spiritual Life"": ""1"", ""Sense of Belonging"": ""1"", ""Social Order"": ""1"", ""An Exciting Life"": ""1"", ""Meaning in Life"": ""1"", ""Politeness"": ""1"", ""Wealth"": ""1"", ""National Security"": ""1"", ""Self-Respect"": ""1"", ""Reciprocation of Favors"": ""1"", ""Creativity"": ""1"", ""A World at Peace"": ""1"", ""Respect for Tradition"": ""1"", ""Mature Love"": ""1"", ""Self-Discipline"": ""1"", ""Detachment"": ""1"", ""Family Security"": ""1"", ""Social Recognition"": ""1"", ""Unity With Nature"": ""1"", ""A Varied Life"": ""1"", ""Wisdom"": ""1"", ""Authority"": ""1"", ""True Friendship"": ""1"", ""A World of Beauty"": ""1"", ""Social Justice"": ""1"", ""Independent"": ""1"", ""Moderate"": ""1"", ""Loyal"": ""1"","
84,United States,Health and Health Care,4,"{""Equality"": ""2"", ""Inner Harmony"": ""2"", ""Social Power"": ""4"", ""Pleasure"": ""2"", ""Freedom"": ""2"", ""A Spiritual Life"": ""2"", ""Sense of Belonging"": ""2"", ""Social Order"": ""2"", ""An Exciting Life"": ""2"", ""Meaning in Life"": ""2"", ""Politeness"": ""2"", ""Wealth"": ""4"", ""National Security"": ""2"", ""Self-Respect"": ""2"", ""Reciprocation of Favors"": ""2"", ""Creativity"": ""2"", ""A World at Peace"": ""2"", ""Respect for Tradition"": ""2"", ""Mature Love"": ""2"", ""Self-Discipline"": ""2"", ""Detachment"": ""2"", ""Family Security"": ""2"", ""Social Recognition"": ""2"", ""Unity With Nature"": ""2"", ""A Varied Life"": ""2"", ""Wisdom"": ""2"", ""Authority"": ""4"", ""True Friendship"": ""2"", ""A World of Beauty"": ""2"", ""Social Justice"": ""2"", ""Independent"": ""2"", ""Moderate"": ""2"", ""Loyal"": ""2"","
85,United States,Health and Health Care,5,"{""Equality"": ""2"", ""Inner Harmony"": ""2"", ""Social Power"": ""4"", ""Pleasure"": ""2"", ""Freedom"": ""2"", ""A Spiritual Life"": ""2"", ""Sense of Belonging"": ""2"", ""Social Order"": ""2"", ""An Exciting Life"": ""2"", ""Meaning in Life"": ""2"", ""Politeness"": ""2"", ""Wealth"": ""2"", ""National Security"": ""2"", ""Self-Respect"": ""2"", ""Reciprocation of Favors"": ""2"", ""Creativity"": ""2"", ""A World at Peace"": ""2"", ""Respect for Tradition"": ""2"", ""Mature Love"": ""2"", ""Self-Discipline"": ""2"", ""Detachment"": ""2"", ""Family Security"": ""2"", ""Social Recognition"": ""2"", ""Unity With Nature"": ""2"", ""A Varied Life"": ""2"", ""Wisdom"": ""2"", ""Authority"": ""4"", ""True Friendship"": ""2"", ""A World of Beauty"": ""2"", ""Social Justice"": ""2"", ""Independent"": ""2"", ""Moderate"": ""2"", ""Loyal"": ""2"","
86,United States,Health and Health Care,6,"{""Equality"": ""2"", ""Inner Harmony"": ""2"", ""Social Power"": ""2"", ""Pleasure"": ""2"", ""Freedom"": ""2"", ""A Spiritual Life"": ""2"", ""Sense of Belonging"": ""2"", ""Social Order"": ""2"", ""An Exciting Life"": ""2"", ""Meaning in Life"": ""2"", ""Politeness"": ""2"", ""Wealth"": ""2"", ""National Security"": ""2"", ""Self-Respect"": ""2"", ""Reciprocation of Favors"": ""2"", ""Creativity"": ""2"", ""A World at Peace"": ""2"", ""Respect for Tradition"": ""2"", ""Mature Love"": ""2"", ""Self-Discipline"": ""2"", ""Detachment"": ""2"", ""Family Security"": ""2"", ""Social Recognition"": ""2"", ""Unity With Nature"": ""2"", ""A Varied Life"": ""2"", ""Wisdom"": ""2"", ""Authority"": ""2"", ""True Friendship"": ""2"", ""A World of Beauty"": ""2"", ""Social Justice"": ""2"", ""Independent"": ""2"", ""Moderate"": ""2"", ""Loyal"": ""2"","
87,United States,Health and Health Care,7,"{""Equality"": ""2"", ""Inner Harmony"": ""2"", ""Social Power"": ""2"", ""Pleasure"": ""2"", ""Freedom"": ""2"", ""A Spiritual Life"": ""2"", ""Sense of Belonging"": ""2"", ""Social Order"": ""2"", ""An Exciting Life"": ""2"", ""Meaning in Life"": ""2"", ""Politeness"": ""2"", ""Wealth"": ""2"", ""National Security"": ""2"", ""Self-Respect"": ""2"", ""Reciprocation of Favors"": ""2"", ""Creativity"": ""2"", ""A World at Peace"": ""2"", ""Respect for Tradition"": ""2"", ""Mature Love"": ""2"", ""Self-Discipline"": ""2"", ""Detachment"": ""2"", ""Family Security"": ""2"", ""Social Recognition"": ""2"", ""Unity With Nature"": ""2"", ""A Varied Life"": ""2"", ""Wisdom"": ""2"", ""Authority"": ""2"", ""True Friendship"": ""2"", ""A World of Beauty"": ""2"", ""Social Justice"": ""2"", ""Independent"": ""2"", ""Moderate"": ""2"", ""Loyal"": ""2"","
88,India,Politics,0,"{""Equality"": ""2"", ""Inner Harmony"": ""2"", ""Social Power"": ""4"", ""Pleasure"": ""2"", ""Freedom"": ""2"", ""A Spiritual Life"": ""2"", ""Sense of Belonging"": ""2"", ""Social Order"": ""2"", ""An Exciting Life"": ""2"", ""Meaning in Life"": ""2"", ""Politeness"": ""2"", ""Wealth"": ""4"", ""National Security"": ""2"", ""Self-Respect"": ""2"", ""Reciprocation of Favors"": ""2"", ""Creativity"": ""2"", ""A World at Peace"": ""2"", ""Respect for Tradition"": ""2"", ""Mature Love"": ""2"", ""Self-Discipline"": ""2"", ""Detachment"": ""2"", ""Family Security"": ""2"", ""Social Recognition"": ""2"", ""Unity With Nature"": ""2"", ""A Varied Life"": ""2"", ""Wisdom"": ""2"", ""Authority"": ""4"", ""True Friendship"": ""2"", ""A World of Beauty"": ""2"", ""Social Justice"": ""2"", ""Independent"": ""2"", ""Moderate"": ""2"", ""Loyal"": ""2"","
89,India,Politics,1,"{""Equality"": ""2"", ""Inner Harmony"": ""2"", ""Social Power"": ""4"", ""Pleasure"": ""2"", ""Freedom"": ""2"", ""A Spiritual Life"": ""2"", ""Sense of Belonging"": ""2"", ""Social Order"": ""2"", ""An Exciting Life"": ""2"", ""Meaning in Life"": ""2"", ""Politeness"": ""2"", ""Wealth"": ""4"", ""National Security"": ""2"", ""Self-Respect"": ""2"", ""Reciprocation of Favors"": ""2"", ""Creativity"": ""2"", ""A World at Peace"": ""2"", ""Respect for Tradition"": ""2"", ""Mature Love"": ""2"", ""Self-Discipline"": ""2"", ""Detachment"": ""2"", ""Family Security"": ""2"", ""Social Recognition"": ""2"", ""Unity With Nature"": ""2"", ""A Varied Life"": ""2"", ""Wisdom"": ""2"", ""Authority"": ""4"", ""True Friendship"": ""2"", ""A World of Beauty"": ""2"", ""Social Justice"": ""2"", ""Independent"": ""2"", ""Moderate"": ""2"", ""Loyal"": ""2"","
90,India,Politics,2,"{""Equality"": ""1"", ""Inner Harmony"": ""1"", ""Social Power"": ""1"", ""Pleasure"": ""1"", ""Freedom"": ""1"", ""A Spiritual Life"": ""1"", ""Sense of Belonging"": ""1"", ""Social Order"": ""1"", ""An Exciting Life"": ""1"", ""Meaning in Life"": ""1"", ""Politeness"": ""1"", ""Wealth"": ""1"", ""National Security"": ""1"", ""Self-Respect"": ""1"", ""Reciprocation of Favors"": ""1"", ""Creativity"": ""1"", ""A World at Peace"": ""1"", ""Respect for Tradition"": ""1"", ""Mature Love"": ""1"", ""Self-Discipline"": ""1"", ""Detachment"": ""1"", ""Family Security"": ""1"", ""Social Recognition"": ""1"", ""Unity With Nature"": ""1"", ""A Varied Life"": ""1"", ""Wisdom"": ""1"", ""Authority"": ""1"", ""True Friendship"": ""1"", ""A World of Beauty"": ""1"", ""Social Justice"": ""1"", ""Independent"": ""1"", ""Moderate"": ""1"", ""Loyal"": ""1"","
91,India,Politics,3,"{""Equality"": ""2"", ""Inner Harmony"": ""2"", ""Social Power"": ""4"", ""Pleasure"": ""2"", ""Freedom"": ""2"", ""A Spiritual Life"": ""2"", ""Sense of Belonging"": ""2"", ""Social Order"": ""2"", ""An Exciting Life"": ""2"", ""Meaning in Life"": ""2"", ""Politeness"": ""2"", ""Wealth"": ""2"", ""National Security"": ""2"", ""Self-Respect"": ""2"", ""Reciprocation of Favors"": ""2"", ""Creativity"": ""2"", ""A World at Peace"": ""2"", ""Respect for Tradition"": ""2"", ""Mature Love"": ""2"", ""Self-Discipline"": ""2"", ""Detachment"": ""2"", ""Family Security"": ""2"", ""Social Recognition"": ""2"", ""Unity With Nature"": ""2"", ""A Varied Life"": ""2"", ""Wisdom"": ""2"", ""Authority"": ""2"", ""True Friendship"": ""2"", ""A World of Beauty"": ""2"", ""Social Justice"": ""2"", ""Independent"": ""2"", ""Moderate"": ""2"", ""Loyal"": ""2"","
92,India,Politics,4,"{""Equality"": ""2"", ""Inner Harmony"": ""2"", ""Social Power"": ""4"", ""Pleasure"": ""2"", ""Freedom"": ""2"", ""A Spiritual Life"": ""2"", ""Sense of Belonging"": ""2"", ""Social Order"": ""2"", ""An Exciting Life"": ""2"", ""Meaning in Life"": ""2"", ""Politeness"": ""2"", ""Wealth"": ""4"", ""National Security"": ""2"", ""Self-Respect"": ""2"", ""Reciprocation of Favors"": ""2"", ""Creativity"": ""2"", ""A World at Peace"": ""2"", ""Respect for Tradition"": ""2"", ""Mature Love"": ""2"", ""Self-Discipline"": ""2"", ""Detachment"": ""2"", ""Family Security"": ""2"", ""Social Recognition"": ""2"", ""Unity With Nature"": ""2"", ""A Varied Life"": ""2"", ""Wisdom"": ""2"", ""Authority"": ""4"", ""True Friendship"": ""2"", ""A World of Beauty"": ""2"", ""Social Justice"": ""2"", ""Independent"": ""2"", ""Moderate"": ""2"", ""Loyal"": ""2"","
93,India,Politics,5,"{""Equality"": ""2"", ""Inner Harmony"": ""2"", ""Social Power"": ""4"", ""Pleasure"": ""2"", ""Freedom"": ""2"", ""A Spiritual Life"": ""2"", ""Sense of Belonging"": ""2"", ""Social Order"": ""2"", ""An Exciting Life"": ""2"", ""Meaning in Life"": ""2"", ""Politeness"": ""2"", ""Wealth"": ""2"", ""National Security"": ""2"", ""Self-Respect"": ""2"", ""Reciprocation of Favors"": ""2"", ""Creativity"": ""2"", ""A World at Peace"": ""2"", ""Respect for Tradition"": ""2"", ""Mature Love"": ""2"", ""Self-Discipline"": ""2"", ""Detachment"": ""2"", ""Family Security"": ""2"", ""Social Recognition"": ""2"", ""Unity With Nature"": ""2"", ""A Varied Life"": ""2"", ""Wisdom"": ""2"", ""Authority"": ""4"", ""True Friendship"": ""2"", ""A World of Beauty"": ""2"", ""Social Justice"": ""2"", ""Independent"": ""2"", ""Moderate"": ""2"", ""Loyal"": ""2"","
94,India,Politics,6,"{""Equality"": ""2"", ""Inner Harmony"": ""2"", ""Social Power"": ""2"", ""Pleasure"": ""2"", ""Freedom"": ""2"", ""A Spiritual Life"": ""2"", ""Sense of Belonging"": ""2"", ""Social Order"": ""2"", ""An Exciting Life"": ""2"", ""Meaning in Life"": ""2"", ""Politeness"": ""2"", ""Wealth"": ""2"", ""National Security"": ""2"", ""Self-Respect"": ""2"", ""Reciprocation of Favors"": ""2"", ""Creativity"": ""2"", ""A World at Peace"": ""2"", ""Respect for Tradition"": ""2"", ""Mature Love"": ""2"", ""Self-Discipline"": ""2"", ""Detachment"": ""2"", ""Family Security"": ""2"", ""Social Recognition"": ""2"", ""Unity With Nature"": ""2"", ""A Varied Life"": ""2"", ""Wisdom"": ""2"", ""Authority"": ""2"", ""True Friendship"": ""2"", ""A World of Beauty"": ""2"", ""Social Justice"": ""2"", ""Independent"": ""2"", ""Moderate"": ""2"", ""Loyal"": ""2"","
95,India,Politics,7,"{""Equality"": ""4"", ""Inner Harmony"": ""4"", ""Social Power"": ""4"", ""Pleasure"": ""4"", ""Freedom"": ""4"", ""A Spiritual Life"": ""4"", ""Sense of Belonging"": ""4"", ""Social Order"": ""4"", ""An Exciting Life"": ""4"", ""Meaning in Life"": ""4"", ""Politeness"": ""4"", ""Wealth"": ""4"", ""National Security"": ""4"", ""Self-Respect"": ""4"", ""Reciprocation of Favors"": ""4"", ""Creativity"": ""4"", ""A World at Peace"": ""4"", ""Respect for Tradition"": ""4"", ""Mature Love"": ""4"", ""Self-Discipline"": ""4"", ""Detachment"": ""4"", ""Family Security"": ""4"", ""Social Recognition"": ""4"", ""Unity With Nature"": ""4"", ""A Varied Life"": ""4"", ""Wisdom"": ""4"", ""Authority"": ""4"", ""True Friendship"": ""4"", ""A World of Beauty"": ""4"", ""Social Justice"": ""4"", ""Independent"": ""4"", ""Moderate"": ""4"", ""Loyal"": ""4"","
96,India,Social Networks,0,"{""Equality"": ""2"", ""Inner Harmony"": ""2"", ""Social Power"": ""4"", ""Pleasure"": ""2"", ""Freedom"": ""2"", ""A Spiritual Life"": ""2"", ""Sense of Belonging"": ""2"", ""Social Order"": ""2"", ""An Exciting Life"": ""2"", ""Meaning in Life"": ""2"", ""Politeness"": ""2"", ""Wealth"": ""4"", ""National Security"": ""4"", ""Self-Respect"": ""2"", ""Reciprocation of Favors"": ""2"", ""Creativity"": ""2"", ""A World at Peace"": ""2"", ""Respect for Tradition"": ""2"", ""Mature Love"": ""2"", ""Self-Discipline"": ""2"", ""Detachment"": ""2"", ""Family Security"": ""2"", ""Social Recognition"": ""2"", ""Unity With Nature"": ""2"", ""A Varied Life"": ""2"", ""Wisdom"": ""2"", ""Authority"": ""4"", ""True Friendship"": ""2"", ""A World of Beauty"": ""2"", ""Social Justice"": ""2"", ""Independent"": ""2"", ""Moderate"": ""2"", ""Loyal"": ""2"","
97,India,Social Networks,1,"{""Equality"": ""3"", ""Inner Harmony"": ""3"", ""Social Power"": ""4"", ""Pleasure"": ""3"", ""Freedom"": ""3"", ""A Spiritual Life"": ""4"", ""Sense of Belonging"": ""3"", ""Social Order"": ""3"", ""An Exciting Life"": ""3"", ""Meaning in Life"": ""3"", ""Politeness"": ""3"", ""Wealth"": ""4"", ""National Security"": ""3"", ""Self-Respect"": ""3"", ""Reciprocation of Favors"": ""3"", ""Creativity"": ""3"", ""A World at Peace"": ""3"", ""Respect for Tradition"": ""3"", ""Mature Love"": ""3"", ""Self-Discipline"": ""3"", ""Detachment"": ""3"", ""Family Security"": ""3"", ""Social Recognition"": ""3"", ""Unity With Nature"": ""3"", ""A Varied Life"": ""3"", ""Wisdom"": ""3"", ""Authority"": ""4"", ""True Friendship"": ""3"", ""A World of Beauty"": ""3"", ""Social Justice"": ""3"", ""Independent"": ""3"", ""Moderate"": ""3"", ""Loyal"": ""3"","
98,India,Social Networks,2,"{""Equality"": ""1"", ""Inner Harmony"": ""1"", ""Social Power"": ""1"", ""Pleasure"": ""1"", ""Freedom"": ""1"", ""A Spiritual Life"": ""1"", ""Sense of Belonging"": ""1"", ""Social Order"": ""1"", ""An Exciting Life"": ""1"", ""Meaning in Life"": ""1"", ""Politeness"": ""1"", ""Wealth"": ""1"", ""National Security"": ""1"", ""Self-Respect"": ""1"", ""Reciprocation of Favors"": ""1"", ""Creativity"": ""1"", ""A World at Peace"": ""1"", ""Respect for Tradition"": ""1"", ""Mature Love"": ""1"", ""Self-Discipline"": ""1"", ""Detachment"": ""1"", ""Family Security"": ""1"", ""Social Recognition"": ""1"", ""Unity With Nature"": ""1"", ""A Varied Life"": ""1"", ""Wisdom"": ""1"", ""Authority"": ""1"", ""True Friendship"": ""1"", ""A World of Beauty"": ""1"", ""Social Justice"": ""1"", ""Independent"": ""1"", ""Moderate"": ""1"", ""Loyal"": ""1"","
99,India,Social Networks,3,"{""Equality"": ""1"", ""Inner Harmony"": ""1"", ""Social Power"": ""4"", ""Pleasure"": ""1"", ""Freedom"": ""1"", ""A Spiritual Life"": ""1"", ""Sense of Belonging"": ""1"", ""Social Order"": ""1"", ""An Exciting Life"": ""1"", ""Meaning in Life"": ""1"", ""Politeness"": ""1"", ""Wealth"": ""4"", ""National Security"": ""1"", ""Self-Respect"": ""1"", ""Reciprocation of Favors"": ""1"", ""Creativity"": ""1"", ""A World at Peace"": ""1"", ""Respect for Tradition"": ""4"", ""Mature Love"": ""1"", ""Self-Discipline"": ""1"", ""Detachment"": ""1"", ""Family Security"": ""1"", ""Social Recognition"": ""1"", ""Unity With Nature"": ""1"", ""A Varied Life"": ""1"", ""Wisdom"": ""1"", ""Authority"": ""4"", ""True Friendship"": ""1"", ""A World of Beauty"": ""1"", ""Social Justice"": ""1"", ""Independent"": ""1"", ""Moderate"": ""1"", ""Loyal"": ""1"","
100,India,Social Networks,4,"{""Equality"": ""2"", ""Inner Harmony"": ""2"", ""Social Power"": ""4"", ""Pleasure"": ""2"", ""Freedom"": ""2"", ""A Spiritual Life"": ""2"", ""Sense of Belonging"": ""2"", ""Social Order"": ""2"", ""An Exciting Life"": ""2"", ""Meaning in Life"": ""2"", ""Politeness"": ""2"", ""Wealth"": ""4"", ""National Security"": ""2"", ""Self-Respect"": ""2"", ""Reciprocation of Favors"": ""2"", ""Creativity"": ""2"", ""A World at Peace"": ""2"", ""Respect for Tradition"": ""2"", ""Mature Love"": ""2"", ""Self-Discipline"": ""2"", ""Detachment"": ""2"", ""Family Security"": ""2"", ""Social Recognition"": ""2"", ""Unity With Nature"": ""2"", ""A Varied Life"": ""2"", ""Wisdom"": ""2"", ""Authority"": ""4"", ""True Friendship"": ""2"", ""A World of Beauty"": ""2"", ""Social Justice"": ""2"", ""Independent"": ""2"", ""Moderate"": ""2"", ""Loyal"": ""2"","
101,India,Social Networks,5,"{""Equality"": ""2"", ""Inner Harmony"": ""2"", ""Social Power"": ""4"", ""Pleasure"": ""2"", ""Freedom"": ""2"", ""A Spiritual Life"": ""2"", ""Sense of Belonging"": ""2"", ""Social Order"": ""2"", ""An Exciting Life"": ""2"", ""Meaning in Life"": ""2"", ""Politeness"": ""2"", ""Wealth"": ""4"", ""National Security"": ""2"", ""Self-Respect"": ""2"", ""Reciprocation of Favors"": ""2"", ""Creativity"": ""2"", ""A World at Peace"": ""2"", ""Respect for Tradition"": ""2"", ""Mature Love"": ""2"", ""Self-Discipline"": ""2"", ""Detachment"": ""2"", ""Family Security"": ""2"", ""Social Recognition"": ""2"", ""Unity With Nature"": ""2"", ""A Varied Life"": ""2"", ""Wisdom"": ""2"", ""Authority"": ""4"", ""True Friendship"": ""2"", ""A World of Beauty"": ""2"", ""Social Justice"": ""2"", ""Independent"": ""2"", ""Moderate"": ""2"", ""Loyal"": ""2"","
102,India,Social Networks,6,"{""Equality"": ""2"", ""Inner Harmony"": ""2"", ""Social Power"": ""2"", ""Pleasure"": ""2"", ""Freedom"": ""2"", ""A Spiritual Life"": ""2"", ""Sense of Belonging"": ""2"", ""Social Order"": ""2"", ""An Exciting Life"": ""2"", ""Meaning in Life"": ""2"", ""Politeness"": ""2"", ""Wealth"": ""2"", ""National Security"": ""2"", ""Self-Respect"": ""2"", ""Reciprocation of Favors"": ""2"", ""Creativity"": ""2"", ""A World at Peace"": ""2"", ""Respect for Tradition"": ""2"", ""Mature Love"": ""2"", ""Self-Discipline"": ""2"", ""Detachment"": ""2"", ""Family Security"": ""2"", ""Social Recognition"": ""2"", ""Unity With Nature"": ""2"", ""A Varied Life"": ""2"", ""Wisdom"": ""2"", ""Authority"": ""2"", ""True Friendship"": ""2"", ""A World of Beauty"": ""2"", ""Social Justice"": ""2"", ""Independent"": ""2"", ""Moderate"": ""2"", ""Loyal"": ""2"","
103,India,Social Networks,7,"{""Equality"": ""1"", ""Inner Harmony"": ""1"", ""Social Power"": ""4"", ""Pleasure"": ""1"", ""Freedom"": ""1"", ""A Spiritual Life"": ""1"", ""Sense of Belonging"": ""1"", ""Social Order"": ""1"", ""An Exciting Life"": ""1"", ""Meaning in Life"": ""1"", ""Politeness"": ""1"", ""Wealth"": ""4"", ""National Security"": ""1"", ""Self-Respect"": ""1"", ""Reciprocation of Favors"": ""1"", ""Creativity"": ""1"", ""A World at Peace"": ""1"", ""Respect for Tradition"": ""4"", ""Mature Love"": ""1"", ""Self-Discipline"": ""1"", ""Detachment"": ""1"", ""Family Security"": ""1"", ""Social Recognition"": ""1"", ""Unity With Nature"": ""1"", ""A Varied Life"": ""1"", ""Wisdom"": ""1"", ""Authority"": ""4"", ""True Friendship"": ""1"", ""A World of Beauty"": ""1"", ""Social Justice"": ""1"", ""Independent"": ""1"", ""Moderate"": ""1"", ""Loyal"": ""1"","
104,India,Social Inequality,0,"{""Equality"": ""2"", ""Inner Harmony"": ""2"", ""Social Power"": ""4"", ""Pleasure"": ""2"", ""Freedom"": ""2"", ""A Spiritual Life"": ""2"", ""Sense of Belonging"": ""2"", ""Social Order"": ""2"", ""An Exciting Life"": ""2"", ""Meaning in Life"": ""2"", ""Politeness"": ""2"", ""Wealth"": ""4"", ""National Security"": ""2"", ""Self-Respect"": ""2"", ""Reciprocation of Favors"": ""2"", ""Creativity"": ""2"", ""A World at Peace"": ""2"", ""Respect for Tradition"": ""2"", ""Mature Love"": ""2"", ""Self-Discipline"": ""2"", ""Detachment"": ""2"", ""Family Security"": ""2"", ""Social Recognition"": ""2"", ""Unity With Nature"": ""2"", ""A Varied Life"": ""2"", ""Wisdom"": ""2"", ""Authority"": ""4"", ""True Friendship"": ""2"", ""A World of Beauty"": ""2"", ""Social Justice"": ""2"", ""Independent"": ""2"", ""Moderate"": ""2"", ""Loyal"": ""2"","
105,India,Social Inequality,1,"{""Equality"": ""2"", ""Inner Harmony"": ""2"", ""Social Power"": ""4"", ""Pleasure"": ""2"", ""Freedom"": ""2"", ""A Spiritual Life"": ""2"", ""Sense of Belonging"": ""2"", ""Social Order"": ""2"", ""An Exciting Life"": ""2"", ""Meaning in Life"": ""2"", ""Politeness"": ""2"", ""Wealth"": ""4"", ""National Security"": ""2"", ""Self-Respect"": ""2"", ""Reciprocation of Favors"": ""2"", ""Creativity"": ""2"", ""A World at Peace"": ""2"", ""Respect for Tradition"": ""2"", ""Mature Love"": ""2"", ""Self-Discipline"": ""2"", ""Detachment"": ""2"", ""Family Security"": ""2"", ""Social Recognition"": ""2"", ""Unity With Nature"": ""2"", ""A Varied Life"": ""2"", ""Wisdom"": ""2"", ""Authority"": ""4"", ""True Friendship"": ""2"", ""A World of Beauty"": ""2"", ""Social Justice"": ""2"", ""Independent"": ""2"", ""Moderate"": ""2"", ""Loyal"": ""2"","
106,India,Social Inequality,2,"{""Equality"": ""1"", ""Inner Harmony"": ""1"", ""Social Power"": ""1"", ""Pleasure"": ""1"", ""Freedom"": ""1"", ""A Spiritual Life"": ""1"", ""Sense of Belonging"": ""1"", ""Social Order"": ""1"", ""An Exciting Life"": ""1"", ""Meaning in Life"": ""1"", ""Politeness"": ""1"", ""Wealth"": ""1"", ""National Security"": ""1"", ""Self-Respect"": ""1"", ""Reciprocation of Favors"": ""1"", ""Creativity"": ""1"", ""A World at Peace"": ""1"", ""Respect for Tradition"": ""1"", ""Mature Love"": ""1"", ""Self-Discipline"": ""1"", ""Detachment"": ""1"", ""Family Security"": ""1"", ""Social Recognition"": ""1"", ""Unity With Nature"": ""1"", ""A Varied Life"": ""1"", ""Wisdom"": ""1"", ""Authority"": ""1"", ""True Friendship"": ""1"", ""A World of Beauty"": ""1"", ""Social Justice"": ""1"", ""Independent"": ""1"", ""Moderate"": ""1"", ""Loyal"": ""1"","
107,India,Social Inequality,3,"{""Equality"": ""1"", ""Inner Harmony"": ""1"", ""Social Power"": ""4"", ""Pleasure"": ""1"", ""Freedom"": ""1"", ""A Spiritual Life"": ""1"", ""Sense of Belonging"": ""1"", ""Social Order"": ""1"", ""An Exciting Life"": ""1"", ""Meaning in Life"": ""1"", ""Politeness"": ""1"", ""Wealth"": ""4"", ""National Security"": ""1"", ""Self-Respect"": ""1"", ""Reciprocation of Favors"": ""1"", ""Creativity"": ""1"", ""A World at Peace"": ""1"", ""Respect for Tradition"": ""1"", ""Mature Love"": ""1"", ""Self-Discipline"": ""1"", ""Detachment"": ""1"", ""Family Security"": ""1"", ""Social Recognition"": ""1"", ""Unity With Nature"": ""1"", ""A Varied Life"": ""1"", ""Wisdom"": ""1"", ""Authority"": ""4"", ""True Friendship"": ""1"", ""A World of Beauty"": ""1"", ""Social Justice"": ""1"", ""Independent"": ""1"", ""Moderate"": ""1"", ""Loyal"": ""1"","
108,India,Social Inequality,4,"{""Equality"": ""2"", ""Inner Harmony"": ""2"", ""Social Power"": ""4"", ""Pleasure"": ""2"", ""Freedom"": ""2"", ""A Spiritual Life"": ""2"", ""Sense of Belonging"": ""2"", ""Social Order"": ""2"", ""An Exciting Life"": ""2"", ""Meaning in Life"": ""2"", ""Politeness"": ""2"", ""Wealth"": ""4"", ""National Security"": ""2"", ""Self-Respect"": ""2"", ""Reciprocation of Favors"": ""2"", ""Creativity"": ""2"", ""A World at Peace"": ""2"", ""Respect for Tradition"": ""2"", ""Mature Love"": ""2"", ""Self-Discipline"": ""2"", ""Detachment"": ""2"", ""Family Security"": ""2"", ""Social Recognition"": ""2"", ""Unity With Nature"": ""2"", ""A Varied Life"": ""2"", ""Wisdom"": ""2"", ""Authority"": ""4"", ""True Friendship"": ""2"", ""A World of Beauty"": ""2"", ""Social Justice"": ""2"", ""Independent"": ""2"", ""Moderate"": ""2"", ""Loyal"": ""2"","
109,India,Social Inequality,5,"{""Equality"": ""2"", ""Inner Harmony"": ""2"", ""Social Power"": ""4"", ""Pleasure"": ""2"", ""Freedom"": ""2"", ""A Spiritual Life"": ""2"", ""Sense of Belonging"": ""2"", ""Social Order"": ""2"", ""An Exciting Life"": ""2"", ""Meaning in Life"": ""2"", ""Politeness"": ""2"", ""Wealth"": ""2"", ""National Security"": ""2"", ""Self-Respect"": ""2"", ""Reciprocation of Favors"": ""2"", ""Creativity"": ""2"", ""A World at Peace"": ""2"", ""Respect for Tradition"": ""2"", ""Mature Love"": ""2"", ""Self-Discipline"": ""2"", ""Detachment"": ""2"", ""Family Security"": ""2"", ""Social Recognition"": ""2"", ""Unity With Nature"": ""2"", ""A Varied Life"": ""2"", ""Wisdom"": ""2"", ""Authority"": ""2"", ""True Friendship"": ""2"", ""A World of Beauty"": ""2"", ""Social Justice"": ""2"", ""Independent"": ""2"", ""Moderate"": ""2"", ""Loyal"": ""2"","
110,India,Social Inequality,6,"{""Equality"": ""1"", ""Inner Harmony"": ""1"", ""Social Power"": ""4"", ""Pleasure"": ""1"", ""Freedom"": ""1"", ""A Spiritual Life"": ""1"", ""Sense of Belonging"": ""1"", ""Social Order"": ""1"", ""An Exciting Life"": ""1"", ""Meaning in Life"": ""1"", ""Politeness"": ""1"", ""Wealth"": ""4"", ""National Security"": ""4"", ""Self-Respect"": ""1"", ""Reciprocation of Favors"": ""1"", ""Creativity"": ""1"", ""A World at Peace"": ""1"", ""Respect for Tradition"": ""1"", ""Mature Love"": ""1"", ""Self-Discipline"": ""1"", ""Detachment"": ""1"", ""Family Security"": ""1"", ""Social Recognition"": ""1"", ""Unity With Nature"": ""1"", ""A Varied Life"": ""1"", ""Wisdom"": ""1"", ""Authority"": ""4"", ""True Friendship"": ""1"", ""A World of Beauty"": ""1"", ""Social Justice"": ""1"", ""Independent"": ""1"", ""Moderate"": ""1"", ""Loyal"": ""1"","
111,India,Social Inequality,7,"{""Equality"": ""4"", ""Inner Harmony"": ""4"", ""Social Power"": ""4"", ""Pleasure"": ""4"", ""Freedom"": ""4"", ""A Spiritual Life"": ""4"", ""Sense of Belonging"": ""4"", ""Social Order"": ""4"", ""An Exciting Life"": ""4"", ""Meaning in Life"": ""4"", ""Politeness"": ""4"", ""Wealth"": ""4"", ""National Security"": ""4"", ""Self-Respect"": ""4"", ""Reciprocation of Favors"": ""4"", ""Creativity"": ""4"", ""A World at Peace"": ""4"", ""Respect for Tradition"": ""4"", ""Mature Love"": ""4"", ""Self-Discipline"": ""4"", ""Detachment"": ""4"", ""Family Security"": ""4"", ""Social Recognition"": ""4"", ""Unity With Nature"": ""4"", ""A Varied Life"": ""4"", ""Wisdom"": ""4"", ""Authority"": ""4"", ""True Friendship"": ""4"", ""A World of Beauty"": ""4"", ""Social Justice"": ""4"", ""Independent"": ""4"", ""Moderate"": ""4"", ""Loyal"": ""4"","
112,India,Family & Changing Gender Roles,0,"{""Equality"": ""2"", ""Inner Harmony"": ""2"", ""Social Power"": ""4"", ""Pleasure"": ""2"", ""Freedom"": ""2"", ""A Spiritual Life"": ""2"", ""Sense of Belonging"": ""2"", ""Social Order"": ""2"", ""An Exciting Life"": ""2"", ""Meaning in Life"": ""2"", ""Politeness"": ""2"", ""Wealth"": ""2"", ""National Security"": ""2"", ""Self-Respect"": ""2"", ""Reciprocation of Favors"": ""2"", ""Creativity"": ""2"", ""A World at Peace"": ""2"", ""Respect for Tradition"": ""2"", ""Mature Love"": ""2"", ""Self-Discipline"": ""2"", ""Detachment"": ""2"", ""Family Security"": ""2"", ""Social Recognition"": ""2"", ""Unity With Nature"": ""2"", ""A Varied Life"": ""2"", ""Wisdom"": ""2"", ""Authority"": ""4"", ""True Friendship"": ""2"", ""A World of Beauty"": ""2"", ""Social Justice"": ""2"", ""Independent"": ""2"", ""Moderate"": ""2"", ""Loyal"": ""2"","
113,India,Family & Changing Gender Roles,1,"{""Equality"": ""2"", ""Inner Harmony"": ""2"", ""Social Power"": ""4"", ""Pleasure"": ""2"", ""Freedom"": ""2"", ""A Spiritual Life"": ""2"", ""Sense of Belonging"": ""2"", ""Social Order"": ""2"", ""An Exciting Life"": ""2"", ""Meaning in Life"": ""2"", ""Politeness"": ""2"", ""Wealth"": ""2"", ""National Security"": ""2"", ""Self-Respect"": ""2"", ""Reciprocation of Favors"": ""2"", ""Creativity"": ""2"", ""A World at Peace"": ""2"", ""Respect for Tradition"": ""2"", ""Mature Love"": ""2"", ""Self-Discipline"": ""2"", ""Detachment"": ""2"", ""Family Security"": ""2"", ""Social Recognition"": ""2"", ""Unity With Nature"": ""2"", ""A Varied Life"": ""2"", ""Wisdom"": ""2"", ""Authority"": ""4"", ""True Friendship"": ""2"", ""A World of Beauty"": ""2"", ""Social Justice"": ""2"", ""Independent"": ""2"", ""Moderate"": ""2"", ""Loyal"": ""2"","
114,India,Family & Changing Gender Roles,2,"{""Equality"": ""1"", ""Inner Harmony"": ""1"", ""Social Power"": ""1"", ""Pleasure"": ""1"", ""Freedom"": ""1"", ""A Spiritual Life"": ""1"", ""Sense of Belonging"": ""1"", ""Social Order"": ""1"", ""An Exciting Life"": ""1"", ""Meaning in Life"": ""1"", ""Politeness"": ""1"", ""Wealth"": ""1"", ""National Security"": ""1"", ""Self-Respect"": ""1"", ""Reciprocation of Favors"": ""1"", ""Creativity"": ""1"", ""A World at Peace"": ""1"", ""Respect for Tradition"": ""1"", ""Mature Love"": ""1"", ""Self-Discipline"": ""1"", ""Detachment"": ""1"", ""Family Security"": ""1"", ""Social Recognition"": ""1"", ""Unity With Nature"": ""1"", ""A Varied Life"": ""1"", ""Wisdom"": ""1"", ""Authority"": ""1"", ""True Friendship"": ""1"", ""A World of Beauty"": ""1"", ""Social Justice"": ""1"", ""Independent"": ""1"", ""Moderate"": ""1"", ""Loyal"": ""1"","
115,India,Family & Changing Gender Roles,3,"{""Equality"": ""2"", ""Inner Harmony"": ""2"", ""Social Power"": ""2"", ""Pleasure"": ""2"", ""Freedom"": ""2"", ""A Spiritual Life"": ""2"", ""Sense of Belonging"": ""2"", ""Social Order"": ""2"", ""An Exciting Life"": ""2"", ""Meaning in Life"": ""2"", ""Politeness"": ""2"", ""Wealth"": ""2"", ""National Security"": ""2"", ""Self-Respect"": ""2"", ""Reciprocation of Favors"": ""2"", ""Creativity"": ""2"", ""A World at Peace"": ""2"", ""Respect for Tradition"": ""2"", ""Mature Love"": ""2"", ""Self-Discipline"": ""2"", ""Detachment"": ""2"", ""Family Security"": ""2"", ""Social Recognition"": ""2"", ""Unity With Nature"": ""2"", ""A Varied Life"": ""2"", ""Wisdom"": ""2"", ""Authority"": ""2"", ""True Friendship"": ""2"", ""A World of Beauty"": ""2"", ""Social Justice"": ""2"", ""Independent"": ""2"", ""Moderate"": ""2"", ""Loyal"": ""2"","
116,India,Family & Changing Gender Roles,4,"{""Equality"": ""2"", ""Inner Harmony"": ""2"", ""Social Power"": ""4"", ""Pleasure"": ""2"", ""Freedom"": ""2"", ""A Spiritual Life"": ""2"", ""Sense of Belonging"": ""2"", ""Social Order"": ""2"", ""An Exciting Life"": ""2"", ""Meaning in Life"": ""2"", ""Politeness"": ""2"", ""Wealth"": ""2"", ""National Security"": ""2"", ""Self-Respect"": ""2"", ""Reciprocation of Favors"": ""2"", ""Creativity"": ""2"", ""A World at Peace"": ""2"", ""Respect for Tradition"": ""2"", ""Mature Love"": ""2"", ""Self-Discipline"": ""2"", ""Detachment"": ""2"", ""Family Security"": ""2"", ""Social Recognition"": ""2"", ""Unity With Nature"": ""2"", ""A Varied Life"": ""2"", ""Wisdom"": ""2"", ""Authority"": ""4"", ""True Friendship"": ""2"", ""A World of Beauty"": ""2"", ""Social Justice"": ""2"", ""Independent"": ""2"", ""Moderate"": ""2"", ""Loyal"": ""2"","
117,India,Family & Changing Gender Roles,5,"{""Equality"": ""3"", ""Inner Harmony"": ""3"", ""Social Power"": ""4"", ""Pleasure"": ""3"", ""Freedom"": ""3"", ""A Spiritual Life"": ""4"", ""Sense of Belonging"": ""3"", ""Social Order"": ""3"", ""An Exciting Life"": ""3"", ""Meaning in Life"": ""3"", ""Politeness"": ""3"", ""Wealth"": ""3"", ""National Security"": ""3"", ""Self-Respect"": ""3"", ""Reciprocation of Favors"": ""3"", ""Creativity"": ""3"", ""A World at Peace"": ""3"", ""Respect for Tradition"": ""3"", ""Mature Love"": ""3"", ""Self-Discipline"": ""3"", ""Detachment"": ""3"", ""Family Security"": ""3"", ""Social Recognition"": ""3"", ""Unity With Nature"": ""3"", ""A Varied Life"": ""3"", ""Wisdom"": ""3"", ""Authority"": ""3"", ""True Friendship"": ""3"", ""A World of Beauty"": ""3"", ""Social Justice"": ""3"", ""Independent"": ""3"", ""Moderate"": ""3"", ""Loyal"": ""3"","
118,India,Family & Changing Gender Roles,6,"{""Equality"": ""2"", ""Inner Harmony"": ""2"", ""Social Power"": ""2"", ""Pleasure"": ""2"", ""Freedom"": ""2"", ""A Spiritual Life"": ""2"", ""Sense of Belonging"": ""2"", ""Social Order"": ""2"", ""An Exciting Life"": ""2"", ""Meaning in Life"": ""2"", ""Politeness"": ""2"", ""Wealth"": ""2"", ""National Security"": ""2"", ""Self-Respect"": ""2"", ""Reciprocation of Favors"": ""2"", ""Creativity"": ""2"", ""A World at Peace"": ""2"", ""Respect for Tradition"": ""2"", ""Mature Love"": ""2"", ""Self-Discipline"": ""2"", ""Detachment"": ""2"", ""Family Security"": ""2"", ""Social Recognition"": ""2"", ""Unity With Nature"": ""2"", ""A Varied Life"": ""2"", ""Wisdom"": ""2"", ""Authority"": ""2"", ""True Friendship"": ""2"", ""A World of Beauty"": ""2"", ""Social Justice"": ""2"", ""Independent"": ""2"", ""Moderate"": ""2"", ""Loyal"": ""2"","
119,India,Family & Changing Gender Roles,7,"{""Equality"": ""4"", ""Inner Harmony"": ""4"", ""Social Power"": ""4"", ""Pleasure"": ""4"", ""Freedom"": ""4"", ""A Spiritual Life"": ""4"", ""Sense of Belonging"": ""4"", ""Social Order"": ""4"", ""An Exciting Life"": ""4"", ""Meaning in Life"": ""4"", ""Politeness"": ""4"", ""Wealth"": ""4"", ""National Security"": ""4"", ""Self-Respect"": ""4"", ""Reciprocation of Favors"": ""4"", ""Creativity"": ""4"", ""A World at Peace"": ""4"", ""Respect for Tradition"": ""4"", ""Mature Love"": ""4"", ""Self-Discipline"": ""4"", ""Detachment"": ""4"", ""Family Security"": ""4"", ""Social Recognition"": ""4"", ""Unity With Nature"": ""4"", ""A Varied Life"": ""4"", ""Wisdom"": ""4"", ""Authority"": ""4"", ""True Friendship"": ""4"", ""A World of Beauty"": ""4"", ""Social Justice"": ""4"", ""Independent"": ""4"", ""Moderate"": ""4"", ""Loyal"": ""4"","
120,India,Work Orientation,0,"{""Equality"": ""2"", ""Inner Harmony"": ""2"", ""Social Power"": ""4"", ""Pleasure"": ""2"", ""Freedom"": ""2"", ""A Spiritual Life"": ""2"", ""Sense of Belonging"": ""2"", ""Social Order"": ""2"", ""An Exciting Life"": ""2"", ""Meaning in Life"": ""2"", ""Politeness"": ""2"", ""Wealth"": ""4"", ""National Security"": ""2"", ""Self-Respect"": ""2"", ""Reciprocation of Favors"": ""2"", ""Creativity"": ""2"", ""A World at Peace"": ""2"", ""Respect for Tradition"": ""2"", ""Mature Love"": ""2"", ""Self-Discipline"": ""2"", ""Detachment"": ""2"", ""Family Security"": ""2"", ""Social Recognition"": ""2"", ""Unity With Nature"": ""2"", ""A Varied Life"": ""2"", ""Wisdom"": ""2"", ""Authority"": ""4"", ""True Friendship"": ""2"", ""A World of Beauty"": ""2"", ""Social Justice"": ""2"", ""Independent"": ""2"", ""Moderate"": ""2"", ""Loyal"": ""2"","
121,India,Work Orientation,1,"{""Equality"": ""2"", ""Inner Harmony"": ""2"", ""Social Power"": ""4"", ""Pleasure"": ""2"", ""Freedom"": ""2"", ""A Spiritual Life"": ""2"", ""Sense of Belonging"": ""2"", ""Social Order"": ""2"", ""An Exciting Life"": ""2"", ""Meaning in Life"": ""2"", ""Politeness"": ""2"", ""Wealth"": ""2"", ""National Security"": ""2"", ""Self-Respect"": ""2"", ""Reciprocation of Favors"": ""2"", ""Creativity"": ""2"", ""A World at Peace"": ""2"", ""Respect for Tradition"": ""2"", ""Mature Love"": ""2"", ""Self-Discipline"": ""2"", ""Detachment"": ""2"", ""Family Security"": ""2"", ""Social Recognition"": ""2"", ""Unity With Nature"": ""2"", ""A Varied Life"": ""2"", ""Wisdom"": ""2"", ""Authority"": ""4"", ""True Friendship"": ""2"", ""A World of Beauty"": ""2"", ""Social Justice"": ""2"", ""Independent"": ""2"", ""Moderate"": ""2"", ""Loyal"": ""2"","
122,India,Work Orientation,2,"{""Equality"": ""1"", ""Inner Harmony"": ""1"", ""Social Power"": ""1"", ""Pleasure"": ""1"", ""Freedom"": ""1"", ""A Spiritual Life"": ""1"", ""Sense of Belonging"": ""1"", ""Social Order"": ""1"", ""An Exciting Life"": ""1"", ""Meaning in Life"": ""1"", ""Politeness"": ""1"", ""Wealth"": ""1"", ""National Security"": ""1"", ""Self-Respect"": ""1"", ""Reciprocation of Favors"": ""1"", ""Creativity"": ""1"", ""A World at Peace"": ""1"", ""Respect for Tradition"": ""1"", ""Mature Love"": ""1"", ""Self-Discipline"": ""1"", ""Detachment"": ""1"", ""Family Security"": ""1"", ""Social Recognition"": ""1"", ""Unity With Nature"": ""1"", ""A Varied Life"": ""1"", ""Wisdom"": ""1"", ""Authority"": ""1"", ""True Friendship"": ""1"", ""A World of Beauty"": ""1"", ""Social Justice"": ""1"", ""Independent"": ""1"", ""Moderate"": ""1"", ""Loyal"": ""1"","
123,India,Work Orientation,3,"{""Equality"": ""1"", ""Inner Harmony"": ""1"", ""Social Power"": ""4"", ""Pleasure"": ""1"", ""Freedom"": ""1"", ""A Spiritual Life"": ""1"", ""Sense of Belonging"": ""1"", ""Social Order"": ""1"", ""An Exciting Life"": ""1"", ""Meaning in Life"": ""1"", ""Politeness"": ""1"", ""Wealth"": ""4"", ""National Security"": ""1"", ""Self-Respect"": ""1"", ""Reciprocation of Favors"": ""1"", ""Creativity"": ""1"", ""A World at Peace"": ""1"", ""Respect for Tradition"": ""1"", ""Mature Love"": ""1"", ""Self-Discipline"": ""1"", ""Detachment"": ""1"", ""Family Security"": ""1"", ""Social Recognition"": ""1"", ""Unity With Nature"": ""1"", ""A Varied Life"": ""1"", ""Wisdom"": ""1"", ""Authority"": ""4"", ""True Friendship"": ""1"", ""A World of Beauty"": ""1"", ""Social Justice"": ""1"", ""Independent"": ""1"", ""Moderate"": ""1"", ""Loyal"": ""1"","
124,India,Work Orientation,4,"{""Equality"": ""2"", ""Inner Harmony"": ""2"", ""Social Power"": ""4"", ""Pleasure"": ""2"", ""Freedom"": ""2"", ""A Spiritual Life"": ""2"", ""Sense of Belonging"": ""2"", ""Social Order"": ""2"", ""An Exciting Life"": ""2"", ""Meaning in Life"": ""2"", ""Politeness"": ""2"", ""Wealth"": ""4"", ""National Security"": ""4"", ""Self-Respect"": ""2"", ""Reciprocation of Favors"": ""2"", ""Creativity"": ""2"", ""A World at Peace"": ""2"", ""Respect for Tradition"": ""2"", ""Mature Love"": ""2"", ""Self-Discipline"": ""2"", ""Detachment"": ""2"", ""Family Security"": ""2"", ""Social Recognition"": ""2"", ""Unity With Nature"": ""2"", ""A Varied Life"": ""2"", ""Wisdom"": ""2"", ""Authority"": ""4"", ""True Friendship"": ""2"", ""A World of Beauty"": ""2"", ""Social Justice"": ""2"", ""Independent"": ""2"", ""Moderate"": ""2"", ""Loyal"": ""2"","
125,India,Work Orientation,5,"{""Equality"": ""3"", ""Inner Harmony"": ""3"", ""Social Power"": ""3"", ""Pleasure"": ""3"", ""Freedom"": ""3"", ""A Spiritual Life"": ""3"", ""Sense of Belonging"": ""3"", ""Social Order"": ""3"", ""An Exciting Life"": ""3"", ""Meaning in Life"": ""3"", ""Politeness"": ""3"", ""Wealth"": ""3"", ""National Security"": ""3"", ""Self-Respect"": ""3"", ""Reciprocation of Favors"": ""3"", ""Creativity"": ""3"", ""A World at Peace"": ""3"", ""Respect for Tradition"": ""3"", ""Mature Love"": ""3"", ""Self-Discipline"": ""3"", ""Detachment"": ""3"", ""Family Security"": ""3"", ""Social Recognition"": ""3"", ""Unity With Nature"": ""3"", ""A Varied Life"": ""3"", ""Wisdom"": ""3"", ""Authority"": ""3"", ""True Friendship"": ""3"", ""A World of Beauty"": ""3"", ""Social Justice"": ""3"", ""Independent"": ""3"", ""Moderate"": ""3"", ""Loyal"": ""3"","
126,India,Work Orientation,6,"{""Equality"": ""2"", ""Inner Harmony"": ""2"", ""Social Power"": ""2"", ""Pleasure"": ""2"", ""Freedom"": ""2"", ""A Spiritual Life"": ""2"", ""Sense of Belonging"": ""2"", ""Social Order"": ""2"", ""An Exciting Life"": ""2"", ""Meaning in Life"": ""2"", ""Politeness"": ""2"", ""Wealth"": ""2"", ""National Security"": ""2"", ""Self-Respect"": ""2"", ""Reciprocation of Favors"": ""2"", ""Creativity"": ""2"", ""A World at Peace"": ""2"", ""Respect for Tradition"": ""2"", ""Mature Love"": ""2"", ""Self-Discipline"": ""2"", ""Detachment"": ""2"", ""Family Security"": ""2"", ""Social Recognition"": ""2"", ""Unity With Nature"": ""2"", ""A Varied Life"": ""2"", ""Wisdom"": ""2"", ""Authority"": ""2"", ""True Friendship"": ""2"", ""A World of Beauty"": ""2"", ""Social Justice"": ""2"", ""Independent"": ""2"", ""Moderate"": ""2"", ""Loyal"": ""2"","
127,India,Work Orientation,7,"{""Equality"": ""1"", ""Inner Harmony"": ""2"", ""Social Power"": ""4"", ""Pleasure"": ""3"", ""Freedom"": ""2"", ""A Spiritual Life"": ""2"", ""Sense of Belonging"": ""1"", ""Social Order"": ""2"", ""An Exciting Life"": ""2"", ""Meaning in Life"": ""2"", ""Politeness"": ""2"", ""Wealth"": ""4"", ""National Security"": ""2"", ""Self-Respect"": ""2"", ""Reciprocation of Favors"": ""2"", ""Creativity"": ""2"", ""A World at Peace"": ""2"", ""Respect for Tradition"": ""2"", ""Mature Love"": ""2"", ""Self-Discipline"": ""2"", ""Detachment"": ""2"", ""Family Security"": ""2"", ""Social Recognition"": ""2"", ""Unity With Nature"": ""2"", ""A Varied Life"": ""2"", ""Wisdom"": ""2"", ""Authority"": ""4"", ""True Friendship"": ""2"", ""A World of Beauty"": ""2"", ""Social Justice"": ""2"", ""Independent"": ""2"", ""Moderate"": ""2"", ""Loyal"": ""2"","
128,India,Religion,0,"{""Equality"": ""2"", ""Inner Harmony"": ""2"", ""Social Power"": ""4"", ""Pleasure"": ""2"", ""Freedom"": ""2"", ""A Spiritual Life"": ""2"", ""Sense of Belonging"": ""2"", ""Social Order"": ""2"", ""An Exciting Life"": ""2"", ""Meaning in Life"": ""2"", ""Politeness"": ""2"", ""Wealth"": ""4"", ""National Security"": ""2"", ""Self-Respect"": ""2"", ""Reciprocation of Favors"": ""2"", ""Creativity"": ""2"", ""A World at Peace"": ""2"", ""Respect for Tradition"": ""2"", ""Mature Love"": ""2"", ""Self-Discipline"": ""2"", ""Detachment"": ""2"", ""Family Security"": ""2"", ""Social Recognition"": ""2"", ""Unity With Nature"": ""2"", ""A Varied Life"": ""2"", ""Wisdom"": ""2"", ""Authority"": ""4"", ""True Friendship"": ""2"", ""A World of Beauty"": ""2"", ""Social Justice"": ""2"", ""Independent"": ""2"", ""Moderate"": ""2"", ""Loyal"": ""2"","
129,India,Religion,1,"{""Equality"": ""2"", ""Inner Harmony"": ""2"", ""Social Power"": ""4"", ""Pleasure"": ""2"", ""Freedom"": ""2"", ""A Spiritual Life"": ""1"", ""Sense of Belonging"": ""2"", ""Social Order"": ""2"", ""An Exciting Life"": ""2"", ""Meaning in Life"": ""1"", ""Politeness"": ""2"", ""Wealth"": ""4"", ""National Security"": ""2"", ""Self-Respect"": ""2"", ""Reciprocation of Favors"": ""2"", ""Creativity"": ""2"", ""A World at Peace"": ""1"", ""Respect for Tradition"": ""2"", ""Mature Love"": ""2"", ""Self-Discipline"": ""2"", ""Detachment"": ""2"", ""Family Security"": ""2"", ""Social Recognition"": ""2"", ""Unity With Nature"": ""2"", ""A Varied Life"": ""2"", ""Wisdom"": ""2"", ""Authority"": ""4"", ""True Friendship"": ""2"", ""A World of Beauty"": ""2"", ""Social Justice"": ""2"", ""Independent"": ""2"", ""Moderate"": ""2"", ""Loyal"": ""2"","
130,India,Religion,2,"{""Equality"": ""1"", ""Inner Harmony"": ""1"", ""Social Power"": ""1"", ""Pleasure"": ""1"", ""Freedom"": ""1"", ""A Spiritual Life"": ""1"", ""Sense of Belonging"": ""1"", ""Social Order"": ""1"", ""An Exciting Life"": ""1"", ""Meaning in Life"": ""1"", ""Politeness"": ""1"", ""Wealth"": ""1"", ""National Security"": ""1"", ""Self-Respect"": ""1"", ""Reciprocation of Favors"": ""1"", ""Creativity"": ""1"", ""A World at Peace"": ""1"", ""Respect for Tradition"": ""1"", ""Mature Love"": ""1"", ""Self-Discipline"": ""1"", ""Detachment"": ""1"", ""Family Security"": ""1"", ""Social Recognition"": ""1"", ""Unity With Nature"": ""1"", ""A Varied Life"": ""1"", ""Wisdom"": ""1"", ""Authority"": ""1"", ""True Friendship"": ""1"", ""A World of Beauty"": ""1"", ""Social Justice"": ""1"", ""Independent"": ""1"", ""Moderate"": ""1"", ""Loyal"": ""1"","
131,India,Religion,3,"{""Equality"": ""1"", ""Inner Harmony"": ""1"", ""Social Power"": ""4"", ""Pleasure"": ""4"", ""Freedom"": ""1"", ""A Spiritual Life"": ""1"", ""Sense of Belonging"": ""1"", ""Social Order"": ""1"", ""An Exciting Life"": ""4"", ""Meaning in Life"": ""1"", ""Politeness"": ""1"", ""Wealth"": ""4"", ""National Security"": ""1"", ""Self-Respect"": ""1"", ""Reciprocation of Favors"": ""1"", ""Creativity"": ""4"", ""A World at Peace"": ""1"", ""Respect for Tradition"": ""1"", ""Mature Love"": ""4"", ""Self-Discipline"": ""1"", ""Detachment"": ""4"", ""Family Security"": ""1"", ""Social Recognition"": ""1"", ""Unity With Nature"": ""4"", ""A Varied Life"": ""4"", ""Wisdom"": ""1"", ""Authority"": ""4"", ""True Friendship"": ""1"", ""A World of Beauty"": ""1"", ""Social Justice"": ""1"", ""Independent"": ""4"", ""Moderate"": ""4"", ""Loyal"": ""1"","
132,India,Religion,4,"{""Equality"": ""2"", ""Inner Harmony"": ""2"", ""Social Power"": ""4"", ""Pleasure"": ""2"", ""Freedom"": ""2"", ""A Spiritual Life"": ""2"", ""Sense of Belonging"": ""2"", ""Social Order"": ""2"", ""An Exciting Life"": ""2"", ""Meaning in Life"": ""2"", ""Politeness"": ""2"", ""Wealth"": ""4"", ""National Security"": ""2"", ""Self-Respect"": ""2"", ""Reciprocation of Favors"": ""2"", ""Creativity"": ""2"", ""A World at Peace"": ""2"", ""Respect for Tradition"": ""2"", ""Mature Love"": ""2"", ""Self-Discipline"": ""2"", ""Detachment"": ""2"", ""Family Security"": ""2"", ""Social Recognition"": ""2"", ""Unity With Nature"": ""2"", ""A Varied Life"": ""2"", ""Wisdom"": ""2"", ""Authority"": ""4"", ""True Friendship"": ""2"", ""A World of Beauty"": ""2"", ""Social Justice"": ""2"", ""Independent"": ""2"", ""Moderate"": ""2"", ""Loyal"": ""2"","
133,India,Religion,5,"{""Equality"": ""2"", ""Inner Harmony"": ""2"", ""Social Power"": ""4"", ""Pleasure"": ""2"", ""Freedom"": ""2"", ""A Spiritual Life"": ""2"", ""Sense of Belonging"": ""2"", ""Social Order"": ""2"", ""An Exciting Life"": ""2"", ""Meaning in Life"": ""2"", ""Politeness"": ""2"", ""Wealth"": ""2"", ""National Security"": ""2"", ""Self-Respect"": ""2"", ""Reciprocation of Favors"": ""2"", ""Creativity"": ""2"", ""A World at Peace"": ""2"", ""Respect for Tradition"": ""2"", ""Mature Love"": ""2"", ""Self-Discipline"": ""2"", ""Detachment"": ""2"", ""Family Security"": ""2"", ""Social Recognition"": ""2"", ""Unity With Nature"": ""2"", ""A Varied Life"": ""2"", ""Wisdom"": ""2"", ""Authority"": ""4"", ""True Friendship"": ""2"", ""A World of Beauty"": ""2"", ""Social Justice"": ""2"", ""Independent"": ""2"", ""Moderate"": ""2"", ""Loyal"": ""2"","
134,India,Religion,6,"{""Equality"": ""1"", ""Inner Harmony"": ""1"", ""Social Power"": ""4"", ""Pleasure"": ""1"", ""Freedom"": ""1"", ""A Spiritual Life"": ""1"", ""Sense of Belonging"": ""1"", ""Social Order"": ""1"", ""An Exciting Life"": ""4"", ""Meaning in Life"": ""1"", ""Politeness"": ""1"", ""Wealth"": ""4"", ""National Security"": ""4"", ""Self-Respect"": ""1"", ""Reciprocation of Favors"": ""1"", ""Creativity"": ""4"", ""A World at Peace"": ""1"", ""Respect for Tradition"": ""1"", ""Mature Love"": ""4"", ""Self-Discipline"": ""1"", ""Detachment"": ""1"", ""Family Security"": ""1"", ""Social Recognition"": ""1"", ""Unity With Nature"": ""1"", ""A Varied Life"": ""4"", ""Wisdom"": ""1"", ""Authority"": ""4"", ""True Friendship"": ""1"", ""A World of Beauty"": ""1"", ""Social Justice"": ""1"", ""Independent"": ""4"", ""Moderate"": ""4"", ""Loyal"": ""1"","
135,India,Religion,7,"{""Equality"": ""1"", ""Inner Harmony"": ""1"", ""Social Power"": ""4"", ""Pleasure"": ""4"", ""Freedom"": ""1"", ""A Spiritual Life"": ""1"", ""Sense of Belonging"": ""1"", ""Social Order"": ""1"", ""An Exciting Life"": ""4"", ""Meaning in Life"": ""1"", ""Politeness"": ""1"", ""Wealth"": ""4"", ""National Security"": ""4"", ""Self-Respect"": ""1"", ""Reciprocation of Favors"": ""1"", ""Creativity"": ""4"", ""A World at Peace"": ""1"", ""Respect for Tradition"": ""1"", ""Mature Love"": ""4"", ""Self-Discipline"": ""1"", ""Detachment"": ""4"", ""Family Security"": ""1"", ""Social Recognition"": ""1"", ""Unity With Nature"": ""4"", ""A Varied Life"": ""4"", ""Wisdom"": ""1"", ""Authority"": ""4"", ""True Friendship"": ""1"", ""A World of Beauty"": ""4"", ""Social Justice"": ""1"", ""Independent"": ""4"", ""Moderate"": ""4"", ""Loyal"": ""1"","
136,India,Environment,0,"{""Equality"": ""2"", ""Inner Harmony"": ""2"", ""Social Power"": ""4"", ""Pleasure"": ""2"", ""Freedom"": ""2"", ""A Spiritual Life"": ""2"", ""Sense of Belonging"": ""2"", ""Social Order"": ""2"", ""An Exciting Life"": ""2"", ""Meaning in Life"": ""2"", ""Politeness"": ""2"", ""Wealth"": ""4"", ""National Security"": ""2"", ""Self-Respect"": ""2"", ""Reciprocation of Favors"": ""2"", ""Creativity"": ""2"", ""A World at Peace"": ""2"", ""Respect for Tradition"": ""2"", ""Mature Love"": ""2"", ""Self-Discipline"": ""2"", ""Detachment"": ""2"", ""Family Security"": ""2"", ""Social Recognition"": ""2"", ""Unity With Nature"": ""2"", ""A Varied Life"": ""2"", ""Wisdom"": ""2"", ""Authority"": ""4"", ""True Friendship"": ""2"", ""A World of Beauty"": ""2"", ""Social Justice"": ""2"", ""Independent"": ""2"", ""Moderate"": ""2"", ""Loyal"": ""2"","
137,India,Environment,1,"{""Equality"": ""2"", ""Inner Harmony"": ""2"", ""Social Power"": ""4"", ""Pleasure"": ""2"", ""Freedom"": ""2"", ""A Spiritual Life"": ""2"", ""Sense of Belonging"": ""2"", ""Social Order"": ""2"", ""An Exciting Life"": ""2"", ""Meaning in Life"": ""2"", ""Politeness"": ""2"", ""Wealth"": ""2"", ""National Security"": ""2"", ""Self-Respect"": ""2"", ""Reciprocation of Favors"": ""2"", ""Creativity"": ""2"", ""A World at Peace"": ""2"", ""Respect for Tradition"": ""2"", ""Mature Love"": ""2"", ""Self-Discipline"": ""2"", ""Detachment"": ""2"", ""Family Security"": ""2"", ""Social Recognition"": ""2"", ""Unity With Nature"": ""2"", ""A Varied Life"": ""2"", ""Wisdom"": ""2"", ""Authority"": ""4"", ""True Friendship"": ""2"", ""A World of Beauty"": ""2"", ""Social Justice"": ""2"", ""Independent"": ""2"", ""Moderate"": ""2"", ""Loyal"": ""2"","
138,India,Environment,2,"{""Equality"": ""1"", ""Inner Harmony"": ""1"", ""Social Power"": ""2"", ""Pleasure"": ""1"", ""Freedom"": ""1"", ""A Spiritual Life"": ""1"", ""Sense of Belonging"": ""1"", ""Social Order"": ""1"", ""An Exciting Life"": ""2"", ""Meaning in Life"": ""1"", ""Politeness"": ""1"", ""Wealth"": ""2"", ""National Security"": ""1"", ""Self-Respect"": ""1"", ""Reciprocation of Favors"": ""1"", ""Creativity"": ""2"", ""A World at Peace"": ""1"", ""Respect for Tradition"": ""1"", ""Mature Love"": ""1"", ""Self-Discipline"": ""1"", ""Detachment"": ""1"", ""Family Security"": ""1"", ""Social Recognition"": ""1"", ""Unity With Nature"": ""1"", ""A Varied Life"": ""2"", ""Wisdom"": ""1"", ""Authority"": ""2"", ""True Friendship"": ""1"", ""A World of Beauty"": ""1"", ""Social Justice"": ""1"", ""Independent"": ""2"", ""Moderate"": ""1"", ""Loyal"": ""1"","
139,India,Environment,3,"{""Equality"": ""2"", ""Inner Harmony"": ""2"", ""Social Power"": ""4"", ""Pleasure"": ""2"", ""Freedom"": ""2"", ""A Spiritual Life"": ""2"", ""Sense of Belonging"": ""2"", ""Social Order"": ""2"", ""An Exciting Life"": ""2"", ""Meaning in Life"": ""2"", ""Politeness"": ""2"", ""Wealth"": ""2"", ""National Security"": ""2"", ""Self-Respect"": ""2"", ""Reciprocation of Favors"": ""2"", ""Creativity"": ""2"", ""A World at Peace"": ""2"", ""Respect for Tradition"": ""2"", ""Mature Love"": ""2"", ""Self-Discipline"": ""2"", ""Detachment"": ""2"", ""Family Security"": ""2"", ""Social Recognition"": ""2"", ""Unity With Nature"": ""2"", ""A Varied Life"": ""2"", ""Wisdom"": ""2"", ""Authority"": ""2"", ""True Friendship"": ""2"", ""A World of Beauty"": ""2"", ""Social Justice"": ""2"", ""Independent"": ""2"", ""Moderate"": ""2"", ""Loyal"": ""2"","
140,India,Environment,4,"{""Equality"": ""2"", ""Inner Harmony"": ""2"", ""Social Power"": ""4"", ""Pleasure"": ""2"", ""Freedom"": ""2"", ""A Spiritual Life"": ""2"", ""Sense of Belonging"": ""2"", ""Social Order"": ""2"", ""An Exciting Life"": ""2"", ""Meaning in Life"": ""2"", ""Politeness"": ""2"", ""Wealth"": ""4"", ""National Security"": ""2"", ""Self-Respect"": ""2"", ""Reciprocation of Favors"": ""2"", ""Creativity"": ""2"", ""A World at Peace"": ""2"", ""Respect for Tradition"": ""2"", ""Mature Love"": ""2"", ""Self-Discipline"": ""2"", ""Detachment"": ""2"", ""Family Security"": ""2"", ""Social Recognition"": ""2"", ""Unity With Nature"": ""2"", ""A Varied Life"": ""2"", ""Wisdom"": ""2"", ""Authority"": ""4"", ""True Friendship"": ""2"", ""A World of Beauty"": ""2"", ""Social Justice"": ""2"", ""Independent"": ""2"", ""Moderate"": ""2"", ""Loyal"": ""2"","
141,India,Environment,5,"{""Equality"": ""2"", ""Inner Harmony"": ""3"", ""Social Power"": ""4"", ""Pleasure"": ""3"", ""Freedom"": ""2"", ""A Spiritual Life"": ""4"", ""Sense of Belonging"": ""2"", ""Social Order"": ""3"", ""An Exciting Life"": ""3"", ""Meaning in Life"": ""2"", ""Politeness"": ""2"", ""Wealth"": ""3"", ""National Security"": ""2"", ""Self-Respect"": ""2"", ""Reciprocation of Favors"": ""2"", ""Creativity"": ""3"", ""A World at Peace"": ""2"", ""Respect for Tradition"": ""2"", ""Mature Love"": ""3"", ""Self-Discipline"": ""3"", ""Detachment"": ""3"", ""Family Security"": ""2"", ""Social Recognition"": ""2"", ""Unity With Nature"": ""3"", ""A Varied Life"": ""3"", ""Wisdom"": ""2"", ""Authority"": ""4"", ""True Friendship"": ""2"", ""A World of Beauty"": ""3"", ""Social Justice"": ""2"", ""Independent"": ""3"", ""Moderate"": ""3"", ""Loyal"": ""2"","
142,India,Environment,6,"{""Equality"": ""2"", ""Inner Harmony"": ""2"", ""Social Power"": ""2"", ""Pleasure"": ""2"", ""Freedom"": ""2"", ""A Spiritual Life"": ""2"", ""Sense of Belonging"": ""2"", ""Social Order"": ""2"", ""An Exciting Life"": ""2"", ""Meaning in Life"": ""2"", ""Politeness"": ""2"", ""Wealth"": ""2"", ""National Security"": ""2"", ""Self-Respect"": ""2"", ""Reciprocation of Favors"": ""2"", ""Creativity"": ""2"", ""A World at Peace"": ""2"", ""Respect for Tradition"": ""2"", ""Mature Love"": ""2"", ""Self-Discipline"": ""2"", ""Detachment"": ""2"", ""Family Security"": ""2"", ""Social Recognition"": ""2"", ""Unity With Nature"": ""2"", ""A Varied Life"": ""2"", ""Wisdom"": ""2"", ""Authority"": ""2"", ""True Friendship"": ""2"", ""A World of Beauty"": ""2"", ""Social Justice"": ""2"", ""Independent"": ""2"", ""Moderate"": ""2"", ""Loyal"": ""2"","
143,India,Environment,7,"{""Equality"": ""2"", ""Inner Harmony"": ""2"", ""Social Power"": ""4"", ""Pleasure"": ""2"", ""Freedom"": ""2"", ""A Spiritual Life"": ""2"", ""Sense of Belonging"": ""2"", ""Social Order"": ""2"", ""An Exciting Life"": ""2"", ""Meaning in Life"": ""2"", ""Politeness"": ""2"", ""Wealth"": ""2"", ""National Security"": ""2"", ""Self-Respect"": ""2"", ""Reciprocation of Favors"": ""2"", ""Creativity"": ""2"", ""A World at Peace"": ""2"", ""Respect for Tradition"": ""2"", ""Mature Love"": ""2"", ""Self-Discipline"": ""2"", ""Detachment"": ""2"", ""Family Security"": ""2"", ""Social Recognition"": ""2"", ""Unity With Nature"": ""2"", ""A Varied Life"": ""2"", ""Wisdom"": ""2"", ""Authority"": ""2"", ""True Friendship"": ""2"", ""A World of Beauty"": ""2"", ""Social Justice"": ""2"", ""Independent"": ""2"", ""Moderate"": ""2"", ""Loyal"": ""2"","
144,India,National Identity,0,"{""Equality"": ""2"", ""Inner Harmony"": ""2"", ""Social Power"": ""4"", ""Pleasure"": ""2"", ""Freedom"": ""2"", ""A Spiritual Life"": ""2"", ""Sense of Belonging"": ""2"", ""Social Order"": ""2"", ""An Exciting Life"": ""2"", ""Meaning in Life"": ""2"", ""Politeness"": ""2"", ""Wealth"": ""4"", ""National Security"": ""2"", ""Self-Respect"": ""2"", ""Reciprocation of Favors"": ""2"", ""Creativity"": ""2"", ""A World at Peace"": ""2"", ""Respect for Tradition"": ""2"", ""Mature Love"": ""2"", ""Self-Discipline"": ""2"", ""Detachment"": ""2"", ""Family Security"": ""2"", ""Social Recognition"": ""2"", ""Unity With Nature"": ""2"", ""A Varied Life"": ""2"", ""Wisdom"": ""2"", ""Authority"": ""4"", ""True Friendship"": ""2"", ""A World of Beauty"": ""2"", ""Social Justice"": ""2"", ""Independent"": ""2"", ""Moderate"": ""2"", ""Loyal"": ""2"","
145,India,National Identity,1,"{""Equality"": ""2"", ""Inner Harmony"": ""2"", ""Social Power"": ""4"", ""Pleasure"": ""2"", ""Freedom"": ""2"", ""A Spiritual Life"": ""2"", ""Sense of Belonging"": ""2"", ""Social Order"": ""2"", ""An Exciting Life"": ""2"", ""Meaning in Life"": ""2"", ""Politeness"": ""2"", ""Wealth"": ""2"", ""National Security"": ""2"", ""Self-Respect"": ""2"", ""Reciprocation of Favors"": ""2"", ""Creativity"": ""2"", ""A World at Peace"": ""2"", ""Respect for Tradition"": ""2"", ""Mature Love"": ""2"", ""Self-Discipline"": ""2"", ""Detachment"": ""2"", ""Family Security"": ""2"", ""Social Recognition"": ""2"", ""Unity With Nature"": ""2"", ""A Varied Life"": ""2"", ""Wisdom"": ""2"", ""Authority"": ""4"", ""True Friendship"": ""2"", ""A World of Beauty"": ""2"", ""Social Justice"": ""2"", ""Independent"": ""2"", ""Moderate"": ""2"", ""Loyal"": ""2"","
146,India,National Identity,2,"{""Equality"": ""1"", ""Inner Harmony"": ""1"", ""Social Power"": ""1"", ""Pleasure"": ""1"", ""Freedom"": ""1"", ""A Spiritual Life"": ""1"", ""Sense of Belonging"": ""1"", ""Social Order"": ""1"", ""An Exciting Life"": ""1"", ""Meaning in Life"": ""1"", ""Politeness"": ""1"", ""Wealth"": ""1"", ""National Security"": ""1"", ""Self-Respect"": ""1"", ""Reciprocation of Favors"": ""1"", ""Creativity"": ""1"", ""A World at Peace"": ""1"", ""Respect for Tradition"": ""1"", ""Mature Love"": ""1"", ""Self-Discipline"": ""1"", ""Detachment"": ""1"", ""Family Security"": ""1"", ""Social Recognition"": ""1"", ""Unity With Nature"": ""1"", ""A Varied Life"": ""1"", ""Wisdom"": ""1"", ""Authority"": ""1"", ""True Friendship"": ""1"", ""A World of Beauty"": ""1"", ""Social Justice"": ""1"", ""Independent"": ""1"", ""Moderate"": ""1"", ""Loyal"": ""1"","
147,India,National Identity,3,"{""Equality"": ""1"", ""Inner Harmony"": ""1"", ""Social Power"": ""4"", ""Pleasure"": ""4"", ""Freedom"": ""1"", ""A Spiritual Life"": ""1"", ""Sense of Belonging"": ""1"", ""Social Order"": ""1"", ""An Exciting Life"": ""4"", ""Meaning in Life"": ""1"", ""Politeness"": ""1"", ""Wealth"": ""4"", ""National Security"": ""1"", ""Self-Respect"": ""1"", ""Reciprocation of Favors"": ""1"", ""Creativity"": ""4"", ""A World at Peace"": ""1"", ""Respect for Tradition"": ""1"", ""Mature Love"": ""4"", ""Self-Discipline"": ""4"", ""Detachment"": ""4"", ""Family Security"": ""1"", ""Social Recognition"": ""1"", ""Unity With Nature"": ""1"", ""A Varied Life"": ""4"", ""Wisdom"": ""1"", ""Authority"": ""4"", ""True Friendship"": ""1"", ""A World of Beauty"": ""1"", ""Social Justice"": ""1"", ""Independent"": ""4"", ""Moderate"": ""4"", ""Loyal"": ""1"","
148,India,National Identity,4,"{""Equality"": ""2"", ""Inner Harmony"": ""2"", ""Social Power"": ""4"", ""Pleasure"": ""2"", ""Freedom"": ""2"", ""A Spiritual Life"": ""2"", ""Sense of Belonging"": ""2"", ""Social Order"": ""2"", ""An Exciting Life"": ""2"", ""Meaning in Life"": ""2"", ""Politeness"": ""2"", ""Wealth"": ""2"", ""National Security"": ""2"", ""Self-Respect"": ""2"", ""Reciprocation of Favors"": ""2"", ""Creativity"": ""2"", ""A World at Peace"": ""2"", ""Respect for Tradition"": ""2"", ""Mature Love"": ""2"", ""Self-Discipline"": ""2"", ""Detachment"": ""2"", ""Family Security"": ""2"", ""Social Recognition"": ""2"", ""Unity With Nature"": ""2"", ""A Varied Life"": ""2"", ""Wisdom"": ""2"", ""Authority"": ""4"", ""True Friendship"": ""2"", ""A World of Beauty"": ""2"", ""Social Justice"": ""2"", ""Independent"": ""2"", ""Moderate"": ""2"", ""Loyal"": ""2"","
149,India,National Identity,5,"{""Equality"": ""3"", ""Inner Harmony"": ""3"", ""Social Power"": ""4"", ""Pleasure"": ""3"", ""Freedom"": ""3"", ""A Spiritual Life"": ""3"", ""Sense of Belonging"": ""3"", ""Social Order"": ""3"", ""An Exciting Life"": ""3"", ""Meaning in Life"": ""3"", ""Politeness"": ""3"", ""Wealth"": ""3"", ""National Security"": ""3"", ""Self-Respect"": ""3"", ""Reciprocation of Favors"": ""3"", ""Creativity"": ""3"", ""A World at Peace"": ""3"", ""Respect for Tradition"": ""3"", ""Mature Love"": ""3"", ""Self-Discipline"": ""3"", ""Detachment"": ""3"", ""Family Security"": ""3"", ""Social Recognition"": ""3"", ""Unity With Nature"": ""3"", ""A Varied Life"": ""3"", ""Wisdom"": ""3"", ""Authority"": ""3"", ""True Friendship"": ""3"", ""A World of Beauty"": ""3"", ""Social Justice"": ""3"", ""Independent"": ""3"", ""Moderate"": ""3"", ""Loyal"": ""3"","
150,India,National Identity,6,"{""Equality"": ""1"", ""Inner Harmony"": ""1"", ""Social Power"": ""1"", ""Pleasure"": ""1"", ""Freedom"": ""1"", ""A Spiritual Life"": ""1"", ""Sense of Belonging"": ""1"", ""Social Order"": ""1"", ""An Exciting Life"": ""1"", ""Meaning in Life"": ""1"", ""Politeness"": ""1"", ""Wealth"": ""1"", ""National Security"": ""1"", ""Self-Respect"": ""1"", ""Reciprocation of Favors"": ""1"", ""Creativity"": ""1"", ""A World at Peace"": ""1"", ""Respect for Tradition"": ""1"", ""Mature Love"": ""1"", ""Self-Discipline"": ""1"", ""Detachment"": ""1"", ""Family Security"": ""1"", ""Social Recognition"": ""1"", ""Unity With Nature"": ""1"", ""A Varied Life"": ""1"", ""Wisdom"": ""1"", ""Authority"": ""1"", ""True Friendship"": ""1"", ""A World of Beauty"": ""1"", ""Social Justice"": ""1"", ""Independent"": ""1"", ""Moderate"": ""1"", ""Loyal"": ""1"","
151,India,National Identity,7,"{""Equality"": ""1"", ""Inner Harmony"": ""1"", ""Social Power"": ""4"", ""Pleasure"": ""4"", ""Freedom"": ""1"", ""A Spiritual Life"": ""1"", ""Sense of Belonging"": ""1"", ""Social Order"": ""1"", ""An Exciting Life"": ""4"", ""Meaning in Life"": ""1"", ""Politeness"": ""1"", ""Wealth"": ""4"", ""National Security"": ""1"", ""Self-Respect"": ""1"", ""Reciprocation of Favors"": ""1"", ""Creativity"": ""4"", ""A World at Peace"": ""1"", ""Respect for Tradition"": ""1"", ""Mature Love"": ""4"", ""Self-Discipline"": ""4"", ""Detachment"": ""4"", ""Family Security"": ""1"", ""Social Recognition"": ""1"", ""Unity With Nature"": ""1"", ""A Varied Life"": ""4"", ""Wisdom"": ""1"", ""Authority"": ""4"", ""True Friendship"": ""1"", ""A World of Beauty"": ""1"", ""Social Justice"": ""1"", ""Independent"": ""4"", ""Moderate"": ""4"", ""Loyal"": ""1"","
152,India,Citizenship,0,"{""Equality"": ""2"", ""Inner Harmony"": ""2"", ""Social Power"": ""4"", ""Pleasure"": ""2"", ""Freedom"": ""2"", ""A Spiritual Life"": ""2"", ""Sense of Belonging"": ""2"", ""Social Order"": ""2"", ""An Exciting Life"": ""2"", ""Meaning in Life"": ""2"", ""Politeness"": ""2"", ""Wealth"": ""4"", ""National Security"": ""2"", ""Self-Respect"": ""2"", ""Reciprocation of Favors"": ""2"", ""Creativity"": ""2"", ""A World at Peace"": ""2"", ""Respect for Tradition"": ""2"", ""Mature Love"": ""2"", ""Self-Discipline"": ""2"", ""Detachment"": ""2"", ""Family Security"": ""2"", ""Social Recognition"": ""2"", ""Unity With Nature"": ""2"", ""A Varied Life"": ""2"", ""Wisdom"": ""2"", ""Authority"": ""4"", ""True Friendship"": ""2"", ""A World of Beauty"": ""2"", ""Social Justice"": ""2"", ""Independent"": ""2"", ""Moderate"": ""2"", ""Loyal"": ""2"","
153,India,Citizenship,1,"{""Equality"": ""2"", ""Inner Harmony"": ""2"", ""Social Power"": ""4"", ""Pleasure"": ""2"", ""Freedom"": ""2"", ""A Spiritual Life"": ""2"", ""Sense of Belonging"": ""2"", ""Social Order"": ""2"", ""An Exciting Life"": ""2"", ""Meaning in Life"": ""2"", ""Politeness"": ""2"", ""Wealth"": ""2"", ""National Security"": ""2"", ""Self-Respect"": ""2"", ""Reciprocation of Favors"": ""2"", ""Creativity"": ""2"", ""A World at Peace"": ""2"", ""Respect for Tradition"": ""2"", ""Mature Love"": ""2"", ""Self-Discipline"": ""2"", ""Detachment"": ""2"", ""Family Security"": ""2"", ""Social Recognition"": ""2"", ""Unity With Nature"": ""2"", ""A Varied Life"": ""2"", ""Wisdom"": ""2"", ""Authority"": ""4"", ""True Friendship"": ""2"", ""A World of Beauty"": ""2"", ""Social Justice"": ""2"", ""Independent"": ""2"", ""Moderate"": ""2"", ""Loyal"": ""2"","
154,India,Citizenship,2,"{""Equality"": ""1"", ""Inner Harmony"": ""1"", ""Social Power"": ""1"", ""Pleasure"": ""1"", ""Freedom"": ""1"", ""A Spiritual Life"": ""1"", ""Sense of Belonging"": ""1"", ""Social Order"": ""1"", ""An Exciting Life"": ""1"", ""Meaning in Life"": ""1"", ""Politeness"": ""1"", ""Wealth"": ""1"", ""National Security"": ""1"", ""Self-Respect"": ""1"", ""Reciprocation of Favors"": ""1"", ""Creativity"": ""1"", ""A World at Peace"": ""1"", ""Respect for Tradition"": ""1"", ""Mature Love"": ""1"", ""Self-Discipline"": ""1"", ""Detachment"": ""1"", ""Family Security"": ""1"", ""Social Recognition"": ""1"", ""Unity With Nature"": ""1"", ""A Varied Life"": ""1"", ""Wisdom"": ""1"", ""Authority"": ""1"", ""True Friendship"": ""1"", ""A World of Beauty"": ""1"", ""Social Justice"": ""1"", ""Independent"": ""1"", ""Moderate"": ""1"", ""Loyal"": ""1"","
155,India,Citizenship,3,"{""Equality"": ""1"", ""Inner Harmony"": ""1"", ""Social Power"": ""4"", ""Pleasure"": ""1"", ""Freedom"": ""1"", ""A Spiritual Life"": ""1"", ""Sense of Belonging"": ""1"", ""Social Order"": ""1"", ""An Exciting Life"": ""1"", ""Meaning in Life"": ""1"", ""Politeness"": ""1"", ""Wealth"": ""4"", ""National Security"": ""1"", ""Self-Respect"": ""1"", ""Reciprocation of Favors"": ""1"", ""Creativity"": ""1"", ""A World at Peace"": ""1"", ""Respect for Tradition"": ""1"", ""Mature Love"": ""1"", ""Self-Discipline"": ""1"", ""Detachment"": ""1"", ""Family Security"": ""1"", ""Social Recognition"": ""1"", ""Unity With Nature"": ""1"", ""A Varied Life"": ""1"", ""Wisdom"": ""1"", ""Authority"": ""4"", ""True Friendship"": ""1"", ""A World of Beauty"": ""1"", ""Social Justice"": ""1"", ""Independent"": ""1"", ""Moderate"": ""1"", ""Loyal"": ""1"","
156,India,Citizenship,4,"{""Equality"": ""2"", ""Inner Harmony"": ""2"", ""Social Power"": ""4"", ""Pleasure"": ""2"", ""Freedom"": ""2"", ""A Spiritual Life"": ""2"", ""Sense of Belonging"": ""2"", ""Social Order"": ""2"", ""An Exciting Life"": ""2"", ""Meaning in Life"": ""2"", ""Politeness"": ""2"", ""Wealth"": ""4"", ""National Security"": ""2"", ""Self-Respect"": ""2"", ""Reciprocation of Favors"": ""2"", ""Creativity"": ""2"", ""A World at Peace"": ""2"", ""Respect for Tradition"": ""2"", ""Mature Love"": ""2"", ""Self-Discipline"": ""2"", ""Detachment"": ""2"", ""Family Security"": ""2"", ""Social Recognition"": ""2"", ""Unity With Nature"": ""2"", ""A Varied Life"": ""2"", ""Wisdom"": ""2"", ""Authority"": ""4"", ""True Friendship"": ""2"", ""A World of Beauty"": ""2"", ""Social Justice"": ""2"", ""Independent"": ""2"", ""Moderate"": ""2"", ""Loyal"": ""2"","
157,India,Citizenship,5,"{""Equality"": ""3"", ""Inner Harmony"": ""3"", ""Social Power"": ""4"", ""Pleasure"": ""3"", ""Freedom"": ""3"", ""A Spiritual Life"": ""3"", ""Sense of Belonging"": ""3"", ""Social Order"": ""3"", ""An Exciting Life"": ""3"", ""Meaning in Life"": ""3"", ""Politeness"": ""3"", ""Wealth"": ""3"", ""National Security"": ""3"", ""Self-Respect"": ""3"", ""Reciprocation of Favors"": ""3"", ""Creativity"": ""3"", ""A World at Peace"": ""3"", ""Respect for Tradition"": ""3"", ""Mature Love"": ""3"", ""Self-Discipline"": ""3"", ""Detachment"": ""3"", ""Family Security"": ""3"", ""Social Recognition"": ""3"", ""Unity With Nature"": ""3"", ""A Varied Life"": ""3"", ""Wisdom"": ""3"", ""Authority"": ""3"", ""True Friendship"": ""3"", ""A World of Beauty"": ""3"", ""Social Justice"": ""3"", ""Independent"": ""3"", ""Moderate"": ""3"", ""Loyal"": ""3"","
158,India,Citizenship,6,"{""Equality"": ""2"", ""Inner Harmony"": ""2"", ""Social Power"": ""3"", ""Pleasure"": ""2"", ""Freedom"": ""2"", ""A Spiritual Life"": ""3"", ""Sense of Belonging"": ""2"", ""Social Order"": ""2"", ""An Exciting Life"": ""2"", ""Meaning in Life"": ""2"", ""Politeness"": ""2"", ""Wealth"": ""3"", ""National Security"": ""2"", ""Self-Respect"": ""2"", ""Reciprocation of Favors"": ""2"", ""Creativity"": ""2"", ""A World at Peace"": ""2"", ""Respect for Tradition"": ""2"", ""Mature Love"": ""2"", ""Self-Discipline"": ""2"", ""Detachment"": ""3"", ""Family Security"": ""2"", ""Social Recognition"": ""2"", ""Unity With Nature"": ""2"", ""A Varied Life"": ""2"", ""Wisdom"": ""2"", ""Authority"": ""3"", ""True Friendship"": ""2"", ""A World of Beauty"": ""2"", ""Social Justice"": ""2"", ""Independent"": ""2"", ""Moderate"": ""2"", ""Loyal"": ""2"","
159,India,Citizenship,7,"{""Equality"": ""1"", ""Inner Harmony"": ""1"", ""Social Power"": ""1"", ""Pleasure"": ""1"", ""Freedom"": ""1"", ""A Spiritual Life"": ""1"", ""Sense of Belonging"": ""1"", ""Social Order"": ""1"", ""An Exciting Life"": ""1"", ""Meaning in Life"": ""1"", ""Politeness"": ""1"", ""Wealth"": ""1"", ""National Security"": ""1"", ""Self-Respect"": ""1"", ""Reciprocation of Favors"": ""1"", ""Creativity"": ""1"", ""A World at Peace"": ""1"", ""Respect for Tradition"": ""1"", ""Mature Love"": ""1"", ""Self-Discipline"": ""1"", ""Detachment"": ""1"", ""Family Security"": ""1"", ""Social Recognition"": ""1"", ""Unity With Nature"": ""1"", ""A Varied Life"": ""1"", ""Wisdom"": ""1"", ""Authority"": ""1"", ""True Friendship"": ""1"", ""A World of Beauty"": ""1"", ""Social Justice"": ""1"", ""Independent"": ""1"", ""Moderate"": ""1"", ""Loyal"": ""1"","
160,India,Leisure Time and Sports,0,"{""Equality"": ""2"", ""Inner Harmony"": ""2"", ""Social Power"": ""4"", ""Pleasure"": ""2"", ""Freedom"": ""2"", ""A Spiritual Life"": ""2"", ""Sense of Belonging"": ""2"", ""Social Order"": ""2"", ""An Exciting Life"": ""2"", ""Meaning in Life"": ""2"", ""Politeness"": ""2"", ""Wealth"": ""4"", ""National Security"": ""2"", ""Self-Respect"": ""2"", ""Reciprocation of Favors"": ""2"", ""Creativity"": ""2"", ""A World at Peace"": ""2"", ""Respect for Tradition"": ""2"", ""Mature Love"": ""2"", ""Self-Discipline"": ""2"", ""Detachment"": ""2"", ""Family Security"": ""2"", ""Social Recognition"": ""2"", ""Unity With Nature"": ""2"", ""A Varied Life"": ""2"", ""Wisdom"": ""2"", ""Authority"": ""4"", ""True Friendship"": ""2"", ""A World of Beauty"": ""2"", ""Social Justice"": ""2"", ""Independent"": ""2"", ""Moderate"": ""2"", ""Loyal"": ""2"","
161,India,Leisure Time and Sports,1,"{""Equality"": ""3"", ""Inner Harmony"": ""3"", ""Social Power"": ""3"", ""Pleasure"": ""3"", ""Freedom"": ""3"", ""A Spiritual Life"": ""3"", ""Sense of Belonging"": ""3"", ""Social Order"": ""3"", ""An Exciting Life"": ""3"", ""Meaning in Life"": ""3"", ""Politeness"": ""3"", ""Wealth"": ""3"", ""National Security"": ""3"", ""Self-Respect"": ""3"", ""Reciprocation of Favors"": ""3"", ""Creativity"": ""3"", ""A World at Peace"": ""3"", ""Respect for Tradition"": ""3"", ""Mature Love"": ""3"", ""Self-Discipline"": ""3"", ""Detachment"": ""3"", ""Family Security"": ""3"", ""Social Recognition"": ""3"", ""Unity With Nature"": ""3"", ""A Varied Life"": ""3"", ""Wisdom"": ""3"", ""Authority"": ""3"", ""True Friendship"": ""3"", ""A World of Beauty"": ""3"", ""Social Justice"": ""3"", ""Independent"": ""3"", ""Moderate"": ""3"", ""Loyal"": ""3"","
162,India,Leisure Time and Sports,2,"{""Equality"": ""1"", ""Inner Harmony"": ""1"", ""Social Power"": ""1"", ""Pleasure"": ""1"", ""Freedom"": ""1"", ""A Spiritual Life"": ""1"", ""Sense of Belonging"": ""1"", ""Social Order"": ""1"", ""An Exciting Life"": ""1"", ""Meaning in Life"": ""1"", ""Politeness"": ""1"", ""Wealth"": ""1"", ""National Security"": ""1"", ""Self-Respect"": ""1"", ""Reciprocation of Favors"": ""1"", ""Creativity"": ""1"", ""A World at Peace"": ""1"", ""Respect for Tradition"": ""1"", ""Mature Love"": ""1"", ""Self-Discipline"": ""1"", ""Detachment"": ""1"", ""Family Security"": ""1"", ""Social Recognition"": ""1"", ""Unity With Nature"": ""1"", ""A Varied Life"": ""1"", ""Wisdom"": ""1"", ""Authority"": ""1"", ""True Friendship"": ""1"", ""A World of Beauty"": ""1"", ""Social Justice"": ""1"", ""Independent"": ""1"", ""Moderate"": ""1"", ""Loyal"": ""1"","
163,India,Leisure Time and Sports,3,"{""Equality"": ""1"", ""Inner Harmony"": ""1"", ""Social Power"": ""4"", ""Pleasure"": ""1"", ""Freedom"": ""1"", ""A Spiritual Life"": ""1"", ""Sense of Belonging"": ""1"", ""Social Order"": ""1"", ""An Exciting Life"": ""1"", ""Meaning in Life"": ""1"", ""Politeness"": ""1"", ""Wealth"": ""4"", ""National Security"": ""1"", ""Self-Respect"": ""1"", ""Reciprocation of Favors"": ""1"", ""Creativity"": ""1"", ""A World at Peace"": ""1"", ""Respect for Tradition"": ""1"", ""Mature Love"": ""1"", ""Self-Discipline"": ""1"", ""Detachment"": ""1"", ""Family Security"": ""1"", ""Social Recognition"": ""1"", ""Unity With Nature"": ""1"", ""A Varied Life"": ""1"", ""Wisdom"": ""1"", ""Authority"": ""4"", ""True Friendship"": ""1"", ""A World of Beauty"": ""1"", ""Social Justice"": ""1"", ""Independent"": ""1"", ""Moderate"": ""1"", ""Loyal"": ""1"","
164,India,Leisure Time and Sports,4,"{""Equality"": ""2"", ""Inner Harmony"": ""2"", ""Social Power"": ""4"", ""Pleasure"": ""2"", ""Freedom"": ""2"", ""A Spiritual Life"": ""2"", ""Sense of Belonging"": ""2"", ""Social Order"": ""2"", ""An Exciting Life"": ""2"", ""Meaning in Life"": ""2"", ""Politeness"": ""2"", ""Wealth"": ""4"", ""National Security"": ""4"", ""Self-Respect"": ""2"", ""Reciprocation of Favors"": ""2"", ""Creativity"": ""2"", ""A World at Peace"": ""2"", ""Respect for Tradition"": ""2"", ""Mature Love"": ""2"", ""Self-Discipline"": ""2"", ""Detachment"": ""2"", ""Family Security"": ""2"", ""Social Recognition"": ""2"", ""Unity With Nature"": ""2"", ""A Varied Life"": ""2"", ""Wisdom"": ""2"", ""Authority"": ""4"", ""True Friendship"": ""2"", ""A World of Beauty"": ""2"", ""Social Justice"": ""2"", ""Independent"": ""2"", ""Moderate"": ""2"", ""Loyal"": ""2"","
165,India,Leisure Time and Sports,5,"{""Equality"": ""2"", ""Inner Harmony"": ""2"", ""Social Power"": ""4"", ""Pleasure"": ""2"", ""Freedom"": ""2"", ""A Spiritual Life"": ""2"", ""Sense of Belonging"": ""2"", ""Social Order"": ""2"", ""An Exciting Life"": ""2"", ""Meaning in Life"": ""2"", ""Politeness"": ""2"", ""Wealth"": ""2"", ""National Security"": ""2"", ""Self-Respect"": ""2"", ""Reciprocation of Favors"": ""2"", ""Creativity"": ""2"", ""A World at Peace"": ""2"", ""Respect for Tradition"": ""2"", ""Mature Love"": ""2"", ""Self-Discipline"": ""2"", ""Detachment"": ""2"", ""Family Security"": ""2"", ""Social Recognition"": ""2"", ""Unity With Nature"": ""2"", ""A Varied Life"": ""2"", ""Wisdom"": ""2"", ""Authority"": ""4"", ""True Friendship"": ""2"", ""A World of Beauty"": ""2"", ""Social Justice"": ""2"", ""Independent"": ""2"", ""Moderate"": ""2"", ""Loyal"": ""2"","
166,India,Leisure Time and Sports,6,"{""Equality"": ""2"", ""Inner Harmony"": ""2"", ""Social Power"": ""2"", ""Pleasure"": ""2"", ""Freedom"": ""2"", ""A Spiritual Life"": ""2"", ""Sense of Belonging"": ""2"", ""Social Order"": ""2"", ""An Exciting Life"": ""2"", ""Meaning in Life"": ""2"", ""Politeness"": ""2"", ""Wealth"": ""2"", ""National Security"": ""2"", ""Self-Respect"": ""2"", ""Reciprocation of Favors"": ""2"", ""Creativity"": ""2"", ""A World at Peace"": ""2"", ""Respect for Tradition"": ""2"", ""Mature Love"": ""2"", ""Self-Discipline"": ""2"", ""Detachment"": ""2"", ""Family Security"": ""2"", ""Social Recognition"": ""2"", ""Unity With Nature"": ""2"", ""A Varied Life"": ""2"", ""Wisdom"": ""2"", ""Authority"": ""2"", ""True Friendship"": ""2"", ""A World of Beauty"": ""2"", ""Social Justice"": ""2"", ""Independent"": ""2"", ""Moderate"": ""2"", ""Loyal"": ""2"","
167,India,Leisure Time and Sports,7,"{""Equality"": ""1"", ""Inner Harmony"": ""1"", ""Social Power"": ""4"", ""Pleasure"": ""1"", ""Freedom"": ""1"", ""A Spiritual Life"": ""1"", ""Sense of Belonging"": ""1"", ""Social Order"": ""1"", ""An Exciting Life"": ""1"", ""Meaning in Life"": ""1"", ""Politeness"": ""1"", ""Wealth"": ""4"", ""National Security"": ""4"", ""Self-Respect"": ""1"", ""Reciprocation of Favors"": ""1"", ""Creativity"": ""1"", ""A World at Peace"": ""1"", ""Respect for Tradition"": ""4"", ""Mature Love"": ""1"", ""Self-Discipline"": ""1"", ""Detachment"": ""1"", ""Family Security"": ""1"", ""Social Recognition"": ""1"", ""Unity With Nature"": ""1"", ""A Varied Life"": ""1"", ""Wisdom"": ""1"", ""Authority"": ""4"", ""True Friendship"": ""1"", ""A World of Beauty"": ""1"", ""Social Justice"": ""1"", ""Independent"": ""1"", ""Moderate"": ""1"", ""Loyal"": ""1"","
168,India,Health and Health Care,0,"{""Equality"": ""2"", ""Inner Harmony"": ""2"", ""Social Power"": ""4"", ""Pleasure"": ""2"", ""Freedom"": ""2"", ""A Spiritual Life"": ""2"", ""Sense of Belonging"": ""2"", ""Social Order"": ""2"", ""An Exciting Life"": ""2"", ""Meaning in Life"": ""2"", ""Politeness"": ""2"", ""Wealth"": ""4"", ""National Security"": ""2"", ""Self-Respect"": ""2"", ""Reciprocation of Favors"": ""2"", ""Creativity"": ""2"", ""A World at Peace"": ""2"", ""Respect for Tradition"": ""2"", ""Mature Love"": ""2"", ""Self-Discipline"": ""2"", ""Detachment"": ""2"", ""Family Security"": ""2"", ""Social Recognition"": ""2"", ""Unity With Nature"": ""2"", ""A Varied Life"": ""2"", ""Wisdom"": ""2"", ""Authority"": ""4"", ""True Friendship"": ""2"", ""A World of Beauty"": ""2"", ""Social Justice"": ""2"", ""Independent"": ""2"", ""Moderate"": ""2"", ""Loyal"": ""2"","
169,India,Health and Health Care,1,"{""Equality"": ""2"", ""Inner Harmony"": ""2"", ""Social Power"": ""4"", ""Pleasure"": ""2"", ""Freedom"": ""2"", ""A Spiritual Life"": ""2"", ""Sense of Belonging"": ""2"", ""Social Order"": ""2"", ""An Exciting Life"": ""2"", ""Meaning in Life"": ""2"", ""Politeness"": ""2"", ""Wealth"": ""2"", ""National Security"": ""2"", ""Self-Respect"": ""2"", ""Reciprocation of Favors"": ""2"", ""Creativity"": ""2"", ""A World at Peace"": ""2"", ""Respect for Tradition"": ""2"", ""Mature Love"": ""2"", ""Self-Discipline"": ""2"", ""Detachment"": ""2"", ""Family Security"": ""2"", ""Social Recognition"": ""2"", ""Unity With Nature"": ""2"", ""A Varied Life"": ""2"", ""Wisdom"": ""2"", ""Authority"": ""4"", ""True Friendship"": ""2"", ""A World of Beauty"": ""2"", ""Social Justice"": ""2"", ""Independent"": ""2"", ""Moderate"": ""2"", ""Loyal"": ""2"","
170,India,Health and Health Care,2,"{""Equality"": ""1"", ""Inner Harmony"": ""1"", ""Social Power"": ""1"", ""Pleasure"": ""1"", ""Freedom"": ""1"", ""A Spiritual Life"": ""1"", ""Sense of Belonging"": ""1"", ""Social Order"": ""1"", ""An Exciting Life"": ""1"", ""Meaning in Life"": ""1"", ""Politeness"": ""1"", ""Wealth"": ""1"", ""National Security"": ""1"", ""Self-Respect"": ""1"", ""Reciprocation of Favors"": ""1"", ""Creativity"": ""1"", ""A World at Peace"": ""1"", ""Respect for Tradition"": ""1"", ""Mature Love"": ""1"", ""Self-Discipline"": ""1"", ""Detachment"": ""1"", ""Family Security"": ""1"", ""Social Recognition"": ""1"", ""Unity With Nature"": ""1"", ""A Varied Life"": ""1"", ""Wisdom"": ""1"", ""Authority"": ""1"", ""True Friendship"": ""1"", ""A World of Beauty"": ""1"", ""Social Justice"": ""1"", ""Independent"": ""1"", ""Moderate"": ""1"", ""Loyal"": ""1"","
171,India,Health and Health Care,3,"{""Equality"": ""1"", ""Inner Harmony"": ""1"", ""Social Power"": ""1"", ""Pleasure"": ""1"", ""Freedom"": ""1"", ""A Spiritual Life"": ""1"", ""Sense of Belonging"": ""1"", ""Social Order"": ""1"", ""An Exciting Life"": ""1"", ""Meaning in Life"": ""1"", ""Politeness"": ""1"", ""Wealth"": ""1"", ""National Security"": ""1"", ""Self-Respect"": ""1"", ""Reciprocation of Favors"": ""1"", ""Creativity"": ""1"", ""A World at Peace"": ""1"", ""Respect for Tradition"": ""1"", ""Mature Love"": ""1"", ""Self-Discipline"": ""1"", ""Detachment"": ""1"", ""Family Security"": ""1"", ""Social Recognition"": ""1"", ""Unity With Nature"": ""1"", ""A Varied Life"": ""1"", ""Wisdom"": ""1"", ""Authority"": ""1"", ""True Friendship"": ""1"", ""A World of Beauty"": ""1"", ""Social Justice"": ""1"", ""Independent"": ""1"", ""Moderate"": ""1"", ""Loyal"": ""1"","
172,India,Health and Health Care,4,"{""Equality"": ""2"", ""Inner Harmony"": ""2"", ""Social Power"": ""4"", ""Pleasure"": ""2"", ""Freedom"": ""2"", ""A Spiritual Life"": ""2"", ""Sense of Belonging"": ""2"", ""Social Order"": ""2"", ""An Exciting Life"": ""2"", ""Meaning in Life"": ""2"", ""Politeness"": ""2"", ""Wealth"": ""4"", ""National Security"": ""2"", ""Self-Respect"": ""2"", ""Reciprocation of Favors"": ""2"", ""Creativity"": ""2"", ""A World at Peace"": ""2"", ""Respect for Tradition"": ""2"", ""Mature Love"": ""2"", ""Self-Discipline"": ""2"", ""Detachment"": ""2"", ""Family Security"": ""2"", ""Social Recognition"": ""2"", ""Unity With Nature"": ""2"", ""A Varied Life"": ""2"", ""Wisdom"": ""2"", ""Authority"": ""4"", ""True Friendship"": ""2"", ""A World of Beauty"": ""2"", ""Social Justice"": ""2"", ""Independent"": ""2"", ""Moderate"": ""2"", ""Loyal"": ""2"","
173,India,Health and Health Care,5,"{""Equality"": ""3"", ""Inner Harmony"": ""3"", ""Social Power"": ""3"", ""Pleasure"": ""3"", ""Freedom"": ""3"", ""A Spiritual Life"": ""3"", ""Sense of Belonging"": ""3"", ""Social Order"": ""3"", ""An Exciting Life"": ""3"", ""Meaning in Life"": ""3"", ""Politeness"": ""3"", ""Wealth"": ""3"", ""National Security"": ""3"", ""Self-Respect"": ""3"", ""Reciprocation of Favors"": ""3"", ""Creativity"": ""3"", ""A World at Peace"": ""3"", ""Respect for Tradition"": ""3"", ""Mature Love"": ""3"", ""Self-Discipline"": ""3"", ""Detachment"": ""3"", ""Family Security"": ""3"", ""Social Recognition"": ""3"", ""Unity With Nature"": ""3"", ""A Varied Life"": ""3"", ""Wisdom"": ""3"", ""Authority"": ""3"", ""True Friendship"": ""3"", ""A World of Beauty"": ""3"", ""Social Justice"": ""3"", ""Independent"": ""3"", ""Moderate"": ""3"", ""Loyal"": ""3"","
174,India,Health and Health Care,6,"{""Equality"": ""1"", ""Inner Harmony"": ""1"", ""Social Power"": ""1"", ""Pleasure"": ""1"", ""Freedom"": ""1"", ""A Spiritual Life"": ""1"", ""Sense of Belonging"": ""1"", ""Social Order"": ""1"", ""An Exciting Life"": ""1"", ""Meaning in Life"": ""1"", ""Politeness"": ""1"", ""Wealth"": ""1"", ""National Security"": ""1"", ""Self-Respect"": ""1"", ""Reciprocation of Favors"": ""1"", ""Creativity"": ""1"", ""A World at Peace"": ""1"", ""Respect for Tradition"": ""1"", ""Mature Love"": ""1"", ""Self-Discipline"": ""1"", ""Detachment"": ""1"", ""Family Security"": ""1"", ""Social Recognition"": ""1"", ""Unity With Nature"": ""1"", ""A Varied Life"": ""1"", ""Wisdom"": ""1"", ""Authority"": ""1"", ""True Friendship"": ""1"", ""A World of Beauty"": ""1"", ""Social Justice"": ""1"", ""Independent"": ""1"", ""Moderate"": ""1"", ""Loyal"": ""1"","
175,India,Health and Health Care,7,"{""Equality"": ""1"", ""Inner Harmony"": ""1"", ""Social Power"": ""1"", ""Pleasure"": ""1"", ""Freedom"": ""1"", ""A Spiritual Life"": ""1"", ""Sense of Belonging"": ""1"", ""Social Order"": ""1"", ""An Exciting Life"": ""1"", ""Meaning in Life"": ""1"", ""Politeness"": ""1"", ""Wealth"": ""1"", ""National Security"": ""1"", ""Self-Respect"": ""1"", ""Reciprocation of Favors"": ""1"", ""Creativity"": ""1"", ""A World at Peace"": ""1"", ""Respect for Tradition"": ""1"", ""Mature Love"": ""1"", ""Self-Discipline"": ""1"", ""Detachment"": ""1"", ""Family Security"": ""1"", ""Social Recognition"": ""1"", ""Unity With Nature"": ""1"", ""A Varied Life"": ""1"", ""Wisdom"": ""1"", ""Authority"": ""1"", ""True Friendship"": ""1"", ""A World of Beauty"": ""1"", ""Social Justice"": ""1"", ""Independent"": ""1"", ""Moderate"": ""1"", ""Loyal"": ""1"","
176,Pakistan,Politics,0,"{""Equality"": ""2"", ""Inner Harmony"": ""2"", ""Social Power"": ""4"", ""Pleasure"": ""2"", ""Freedom"": ""2"", ""A Spiritual Life"": ""2"", ""Sense of Belonging"": ""2"", ""Social Order"": ""2"", ""An Exciting Life"": ""2"", ""Meaning in Life"": ""2"", ""Politeness"": ""2"", ""Wealth"": ""4"", ""National Security"": ""2"", ""Self-Respect"": ""2"", ""Reciprocation of Favors"": ""2"", ""Creativity"": ""2"", ""A World at Peace"": ""2"", ""Respect for Tradition"": ""2"", ""Mature Love"": ""2"", ""Self-Discipline"": ""2"", ""Detachment"": ""2"", ""Family Security"": ""2"", ""Social Recognition"": ""2"", ""Unity With Nature"": ""2"", ""A Varied Life"": ""2"", ""Wisdom"": ""2"", ""Authority"": ""4"", ""True Friendship"": ""2"", ""A World of Beauty"": ""2"", ""Social Justice"": ""2"", ""Independent"": ""2"", ""Moderate"": ""2"", ""Loyal"": ""2"","
177,Pakistan,Politics,1,"{""Equality"": ""2"", ""Inner Harmony"": ""3"", ""Social Power"": ""4"", ""Pleasure"": ""3"", ""Freedom"": ""2"", ""A Spiritual Life"": ""3"", ""Sense of Belonging"": ""2"", ""Social Order"": ""2"", ""An Exciting Life"": ""3"", ""Meaning in Life"": ""3"", ""Politeness"": ""2"", ""Wealth"": ""3"", ""National Security"": ""2"", ""Self-Respect"": ""2"", ""Reciprocation of Favors"": ""2"", ""Creativity"": ""3"", ""A World at Peace"": ""2"", ""Respect for Tradition"": ""3"", ""Mature Love"": ""3"", ""Self-Discipline"": ""3"", ""Detachment"": ""3"", ""Family Security"": ""2"", ""Social Recognition"": ""2"", ""Unity With Nature"": ""3"", ""A Varied Life"": ""3"", ""Wisdom"": ""3"", ""Authority"": ""4"", ""True Friendship"": ""2"", ""A World of Beauty"": ""3"", ""Social Justice"": ""2"", ""Independent"": ""2"", ""Moderate"": ""3"", ""Loyal"": ""2"","
178,Pakistan,Politics,2,"{""Equality"": ""1"", ""Inner Harmony"": ""1"", ""Social Power"": ""1"", ""Pleasure"": ""1"", ""Freedom"": ""1"", ""A Spiritual Life"": ""1"", ""Sense of Belonging"": ""1"", ""Social Order"": ""1"", ""An Exciting Life"": ""1"", ""Meaning in Life"": ""1"", ""Politeness"": ""1"", ""Wealth"": ""1"", ""National Security"": ""1"", ""Self-Respect"": ""1"", ""Reciprocation of Favors"": ""1"", ""Creativity"": ""1"", ""A World at Peace"": ""1"", ""Respect for Tradition"": ""1"", ""Mature Love"": ""1"", ""Self-Discipline"": ""1"", ""Detachment"": ""1"", ""Family Security"": ""1"", ""Social Recognition"": ""1"", ""Unity With Nature"": ""1"", ""A Varied Life"": ""1"", ""Wisdom"": ""1"", ""Authority"": ""1"", ""True Friendship"": ""1"", ""A World of Beauty"": ""1"", ""Social Justice"": ""1"", ""Independent"": ""1"", ""Moderate"": ""1"", ""Loyal"": ""1"","
179,Pakistan,Politics,3,"{""Equality"": ""1"", ""Inner Harmony"": ""1"", ""Social Power"": ""1"", ""Pleasure"": ""1"", ""Freedom"": ""1"", ""A Spiritual Life"": ""1"", ""Sense of Belonging"": ""1"", ""Social Order"": ""1"", ""An Exciting Life"": ""1"", ""Meaning in Life"": ""1"", ""Politeness"": ""1"", ""Wealth"": ""1"", ""National Security"": ""1"", ""Self-Respect"": ""1"", ""Reciprocation of Favors"": ""1"", ""Creativity"": ""1"", ""A World at Peace"": ""1"", ""Respect for Tradition"": ""1"", ""Mature Love"": ""1"", ""Self-Discipline"": ""1"", ""Detachment"": ""1"", ""Family Security"": ""1"", ""Social Recognition"": ""1"", ""Unity With Nature"": ""1"", ""A Varied Life"": ""1"", ""Wisdom"": ""1"", ""Authority"": ""1"", ""True Friendship"": ""1"", ""A World of Beauty"": ""1"", ""Social Justice"": ""1"", ""Independent"": ""1"", ""Moderate"": ""1"", ""Loyal"": ""1"","
180,Pakistan,Politics,4,"{""Equality"": ""2"", ""Inner Harmony"": ""2"", ""Social Power"": ""4"", ""Pleasure"": ""2"", ""Freedom"": ""2"", ""A Spiritual Life"": ""2"", ""Sense of Belonging"": ""2"", ""Social Order"": ""2"", ""An Exciting Life"": ""2"", ""Meaning in Life"": ""2"", ""Politeness"": ""2"", ""Wealth"": ""4"", ""National Security"": ""2"", ""Self-Respect"": ""2"", ""Reciprocation of Favors"": ""2"", ""Creativity"": ""2"", ""A World at Peace"": ""2"", ""Respect for Tradition"": ""2"", ""Mature Love"": ""2"", ""Self-Discipline"": ""2"", ""Detachment"": ""2"", ""Family Security"": ""2"", ""Social Recognition"": ""2"", ""Unity With Nature"": ""2"", ""A Varied Life"": ""2"", ""Wisdom"": ""2"", ""Authority"": ""4"", ""True Friendship"": ""2"", ""A World of Beauty"": ""2"", ""Social Justice"": ""2"", ""Independent"": ""2"", ""Moderate"": ""2"", ""Loyal"": ""2"","
181,Pakistan,Politics,5,"{""Equality"": ""3"", ""Inner Harmony"": ""3"", ""Social Power"": ""4"", ""Pleasure"": ""3"", ""Freedom"": ""3"", ""A Spiritual Life"": ""3"", ""Sense of Belonging"": ""3"", ""Social Order"": ""3"", ""An Exciting Life"": ""3"", ""Meaning in Life"": ""3"", ""Politeness"": ""3"", ""Wealth"": ""3"", ""National Security"": ""3"", ""Self-Respect"": ""3"", ""Reciprocation of Favors"": ""3"", ""Creativity"": ""3"", ""A World at Peace"": ""3"", ""Respect for Tradition"": ""3"", ""Mature Love"": ""3"", ""Self-Discipline"": ""3"", ""Detachment"": ""3"", ""Family Security"": ""3"", ""Social Recognition"": ""3"", ""Unity With Nature"": ""3"", ""A Varied Life"": ""3"", ""Wisdom"": ""3"", ""Authority"": ""3"", ""True Friendship"": ""3"", ""A World of Beauty"": ""3"", ""Social Justice"": ""3"", ""Independent"": ""3"", ""Moderate"": ""3"", ""Loyal"": ""3"","
182,Pakistan,Politics,6,"{""Equality"": ""3"", ""Inner Harmony"": ""3"", ""Social Power"": ""3"", ""Pleasure"": ""3"", ""Freedom"": ""3"", ""A Spiritual Life"": ""3"", ""Sense of Belonging"": ""3"", ""Social Order"": ""3"", ""An Exciting Life"": ""3"", ""Meaning in Life"": ""3"", ""Politeness"": ""3"", ""Wealth"": ""3"", ""National Security"": ""3"", ""Self-Respect"": ""3"", ""Reciprocation of Favors"": ""3"", ""Creativity"": ""3"", ""A World at Peace"": ""3"", ""Respect for Tradition"": ""3"", ""Mature Love"": ""3"", ""Self-Discipline"": ""3"", ""Detachment"": ""3"", ""Family Security"": ""3"", ""Social Recognition"": ""3"", ""Unity With Nature"": ""3"", ""A Varied Life"": ""3"", ""Wisdom"": ""3"", ""Authority"": ""3"", ""True Friendship"": ""3"", ""A World of Beauty"": ""3"", ""Social Justice"": ""3"", ""Independent"": ""3"", ""Moderate"": ""3"", ""Loyal"": ""3"","
183,Pakistan,Politics,7,"{""Equality"": ""1"", ""Inner Harmony"": ""1"", ""Social Power"": ""1"", ""Pleasure"": ""1"", ""Freedom"": ""1"", ""A Spiritual Life"": ""1"", ""Sense of Belonging"": ""1"", ""Social Order"": ""1"", ""An Exciting Life"": ""1"", ""Meaning in Life"": ""1"", ""Politeness"": ""1"", ""Wealth"": ""1"", ""National Security"": ""1"", ""Self-Respect"": ""1"", ""Reciprocation of Favors"": ""1"", ""Creativity"": ""1"", ""A World at Peace"": ""1"", ""Respect for Tradition"": ""1"", ""Mature Love"": ""1"", ""Self-Discipline"": ""1"", ""Detachment"": ""1"", ""Family Security"": ""1"", ""Social Recognition"": ""1"", ""Unity With Nature"": ""1"", ""A Varied Life"": ""1"", ""Wisdom"": ""1"", ""Authority"": ""1"", ""True Friendship"": ""1"", ""A World of Beauty"": ""1"", ""Social Justice"": ""1"", ""Independent"": ""1"", ""Moderate"": ""1"", ""Loyal"": ""1"","
184,Pakistan,Social Networks,0,"{""Equality"": ""2"", ""Inner Harmony"": ""2"", ""Social Power"": ""4"", ""Pleasure"": ""2"", ""Freedom"": ""2"", ""A Spiritual Life"": ""2"", ""Sense of Belonging"": ""2"", ""Social Order"": ""2"", ""An Exciting Life"": ""2"", ""Meaning in Life"": ""2"", ""Politeness"": ""2"", ""Wealth"": ""4"", ""National Security"": ""2"", ""Self-Respect"": ""2"", ""Reciprocation of Favors"": ""2"", ""Creativity"": ""2"", ""A World at Peace"": ""2"", ""Respect for Tradition"": ""2"", ""Mature Love"": ""2"", ""Self-Discipline"": ""2"", ""Detachment"": ""2"", ""Family Security"": ""2"", ""Social Recognition"": ""2"", ""Unity With Nature"": ""2"", ""A Varied Life"": ""2"", ""Wisdom"": ""2"", ""Authority"": ""4"", ""True Friendship"": ""2"", ""A World of Beauty"": ""2"", ""Social Justice"": ""2"", ""Independent"": ""2"", ""Moderate"": ""2"", ""Loyal"": ""2"","
185,Pakistan,Social Networks,1,"{""Equality"": ""3"", ""Inner Harmony"": ""3"", ""Social Power"": ""3"", ""Pleasure"": ""3"", ""Freedom"": ""3"", ""A Spiritual Life"": ""3"", ""Sense of Belonging"": ""3"", ""Social Order"": ""3"", ""An Exciting Life"": ""3"", ""Meaning in Life"": ""3"", ""Politeness"": ""3"", ""Wealth"": ""3"", ""National Security"": ""3"", ""Self-Respect"": ""3"", ""Reciprocation of Favors"": ""3"", ""Creativity"": ""3"", ""A World at Peace"": ""3"", ""Respect for Tradition"": ""3"", ""Mature Love"": ""3"", ""Self-Discipline"": ""3"", ""Detachment"": ""3"", ""Family Security"": ""3"", ""Social Recognition"": ""3"", ""Unity With Nature"": ""3"", ""A Varied Life"": ""3"", ""Wisdom"": ""3"", ""Authority"": ""3"", ""True Friendship"": ""3"", ""A World of Beauty"": ""3"", ""Social Justice"": ""3"", ""Independent"": ""3"", ""Moderate"": ""3"", ""Loyal"": ""3"","
186,Pakistan,Social Networks,2,"{""Equality"": ""1"", ""Inner Harmony"": ""1"", ""Social Power"": ""1"", ""Pleasure"": ""1"", ""Freedom"": ""1"", ""A Spiritual Life"": ""1"", ""Sense of Belonging"": ""1"", ""Social Order"": ""1"", ""An Exciting Life"": ""1"", ""Meaning in Life"": ""1"", ""Politeness"": ""1"", ""Wealth"": ""1"", ""National Security"": ""1"", ""Self-Respect"": ""1"", ""Reciprocation of Favors"": ""1"", ""Creativity"": ""1"", ""A World at Peace"": ""1"", ""Respect for Tradition"": ""1"", ""Mature Love"": ""1"", ""Self-Discipline"": ""1"", ""Detachment"": ""1"", ""Family Security"": ""1"", ""Social Recognition"": ""1"", ""Unity With Nature"": ""1"", ""A Varied Life"": ""1"", ""Wisdom"": ""1"", ""Authority"": ""1"", ""True Friendship"": ""1"", ""A World of Beauty"": ""1"", ""Social Justice"": ""1"", ""Independent"": ""1"", ""Moderate"": ""1"", ""Loyal"": ""1"","
187,Pakistan,Social Networks,3,"{""Equality"": ""1"", ""Inner Harmony"": ""1"", ""Social Power"": ""4"", ""Pleasure"": ""1"", ""Freedom"": ""1"", ""A Spiritual Life"": ""1"", ""Sense of Belonging"": ""1"", ""Social Order"": ""1"", ""An Exciting Life"": ""1"", ""Meaning in Life"": ""1"", ""Politeness"": ""1"", ""Wealth"": ""4"", ""National Security"": ""1"", ""Self-Respect"": ""1"", ""Reciprocation of Favors"": ""1"", ""Creativity"": ""1"", ""A World at Peace"": ""1"", ""Respect for Tradition"": ""4"", ""Mature Love"": ""1"", ""Self-Discipline"": ""1"", ""Detachment"": ""1"", ""Family Security"": ""1"", ""Social Recognition"": ""1"", ""Unity With Nature"": ""1"", ""A Varied Life"": ""1"", ""Wisdom"": ""1"", ""Authority"": ""4"", ""True Friendship"": ""1"", ""A World of Beauty"": ""1"", ""Social Justice"": ""1"", ""Independent"": ""1"", ""Moderate"": ""1"", ""Loyal"": ""1"","
188,Pakistan,Social Networks,4,"{""Equality"": ""2"", ""Inner Harmony"": ""2"", ""Social Power"": ""4"", ""Pleasure"": ""2"", ""Freedom"": ""2"", ""A Spiritual Life"": ""2"", ""Sense of Belonging"": ""2"", ""Social Order"": ""2"", ""An Exciting Life"": ""2"", ""Meaning in Life"": ""2"", ""Politeness"": ""2"", ""Wealth"": ""4"", ""National Security"": ""2"", ""Self-Respect"": ""2"", ""Reciprocation of Favors"": ""2"", ""Creativity"": ""2"", ""A World at Peace"": ""2"", ""Respect for Tradition"": ""2"", ""Mature Love"": ""2"", ""Self-Discipline"": ""2"", ""Detachment"": ""2"", ""Family Security"": ""2"", ""Social Recognition"": ""2"", ""Unity With Nature"": ""2"", ""A Varied Life"": ""2"", ""Wisdom"": ""2"", ""Authority"": ""4"", ""True Friendship"": ""2"", ""A World of Beauty"": ""2"", ""Social Justice"": ""2"", ""Independent"": ""2"", ""Moderate"": ""2"", ""Loyal"": ""2"","
189,Pakistan,Social Networks,5,"{""Equality"": ""3"", ""Inner Harmony"": ""3"", ""Social Power"": ""3"", ""Pleasure"": ""3"", ""Freedom"": ""3"", ""A Spiritual Life"": ""3"", ""Sense of Belonging"": ""3"", ""Social Order"": ""3"", ""An Exciting Life"": ""3"", ""Meaning in Life"": ""3"", ""Politeness"": ""3"", ""Wealth"": ""3"", ""National Security"": ""3"", ""Self-Respect"": ""3"", ""Reciprocation of Favors"": ""3"", ""Creativity"": ""3"", ""A World at Peace"": ""3"", ""Respect for Tradition"": ""3"", ""Mature Love"": ""3"", ""Self-Discipline"": ""3"", ""Detachment"": ""3"", ""Family Security"": ""3"", ""Social Recognition"": ""3"", ""Unity With Nature"": ""3"", ""A Varied Life"": ""3"", ""Wisdom"": ""3"", ""Authority"": ""3"", ""True Friendship"": ""3"", ""A World of Beauty"": ""3"", ""Social Justice"": ""3"", ""Independent"": ""3"", ""Moderate"": ""3"", ""Loyal"": ""3"","
190,Pakistan,Social Networks,6,"{""Equality"": ""1"", ""Inner Harmony"": ""1"", ""Social Power"": ""1"", ""Pleasure"": ""1"", ""Freedom"": ""1"", ""A Spiritual Life"": ""1"", ""Sense of Belonging"": ""1"", ""Social Order"": ""1"", ""An Exciting Life"": ""1"", ""Meaning in Life"": ""1"", ""Politeness"": ""1"", ""Wealth"": ""1"", ""National Security"": ""1"", ""Self-Respect"": ""1"", ""Reciprocation of Favors"": ""1"", ""Creativity"": ""1"", ""A World at Peace"": ""1"", ""Respect for Tradition"": ""1"", ""Mature Love"": ""1"", ""Self-Discipline"": ""1"", ""Detachment"": ""1"", ""Family Security"": ""1"", ""Social Recognition"": ""1"", ""Unity With Nature"": ""1"", ""A Varied Life"": ""1"", ""Wisdom"": ""1"", ""Authority"": ""1"", ""True Friendship"": ""1"", ""A World of Beauty"": ""1"", ""Social Justice"": ""1"", ""Independent"": ""1"", ""Moderate"": ""1"", ""Loyal"": ""1"","
191,Pakistan,Social Networks,7,"{""Equality"": ""1"", ""Inner Harmony"": ""1"", ""Social Power"": ""4"", ""Pleasure"": ""1"", ""Freedom"": ""1"", ""A Spiritual Life"": ""1"", ""Sense of Belonging"": ""1"", ""Social Order"": ""1"", ""An Exciting Life"": ""1"", ""Meaning in Life"": ""1"", ""Politeness"": ""1"", ""Wealth"": ""4"", ""National Security"": ""1"", ""Self-Respect"": ""1"", ""Reciprocation of Favors"": ""1"", ""Creativity"": ""1"", ""A World at Peace"": ""1"", ""Respect for Tradition"": ""1"", ""Mature Love"": ""1"", ""Self-Discipline"": ""1"", ""Detachment"": ""1"", ""Family Security"": ""1"", ""Social Recognition"": ""1"", ""Unity With Nature"": ""1"", ""A Varied Life"": ""1"", ""Wisdom"": ""1"", ""Authority"": ""4"", ""True Friendship"": ""1"", ""A World of Beauty"": ""1"", ""Social Justice"": ""1"", ""Independent"": ""1"", ""Moderate"": ""1"", ""Loyal"": ""1"","
192,Pakistan,Social Inequality,0,"{""Equality"": ""2"", ""Inner Harmony"": ""2"", ""Social Power"": ""4"", ""Pleasure"": ""2"", ""Freedom"": ""2"", ""A Spiritual Life"": ""2"", ""Sense of Belonging"": ""2"", ""Social Order"": ""2"", ""An Exciting Life"": ""2"", ""Meaning in Life"": ""2"", ""Politeness"": ""2"", ""Wealth"": ""4"", ""National Security"": ""2"", ""Self-Respect"": ""2"", ""Reciprocation of Favors"": ""2"", ""Creativity"": ""2"", ""A World at Peace"": ""2"", ""Respect for Tradition"": ""2"", ""Mature Love"": ""2"", ""Self-Discipline"": ""2"", ""Detachment"": ""2"", ""Family Security"": ""2"", ""Social Recognition"": ""2"", ""Unity With Nature"": ""2"", ""A Varied Life"": ""2"", ""Wisdom"": ""2"", ""Authority"": ""4"", ""True Friendship"": ""2"", ""A World of Beauty"": ""2"", ""Social Justice"": ""2"", ""Independent"": ""2"", ""Moderate"": ""2"", ""Loyal"": ""2"","
193,Pakistan,Social Inequality,1,"{""Equality"": ""2"", ""Inner Harmony"": ""3"", ""Social Power"": ""4"", ""Pleasure"": ""3"", ""Freedom"": ""2"", ""A Spiritual Life"": ""3"", ""Sense of Belonging"": ""2"", ""Social Order"": ""2"", ""An Exciting Life"": ""3"", ""Meaning in Life"": ""2"", ""Politeness"": ""2"", ""Wealth"": ""4"", ""National Security"": ""2"", ""Self-Respect"": ""2"", ""Reciprocation of Favors"": ""2"", ""Creativity"": ""3"", ""A World at Peace"": ""2"", ""Respect for Tradition"": ""2"", ""Mature Love"": ""3"", ""Self-Discipline"": ""3"", ""Detachment"": ""3"", ""Family Security"": ""2"", ""Social Recognition"": ""2"", ""Unity With Nature"": ""3"", ""A Varied Life"": ""3"", ""Wisdom"": ""2"", ""Authority"": ""4"", ""True Friendship"": ""2"", ""A World of Beauty"": ""2"", ""Social Justice"": ""2"", ""Independent"": ""2"", ""Moderate"": ""3"", ""Loyal"": ""2"","
194,Pakistan,Social Inequality,2,"{""Equality"": ""1"", ""Inner Harmony"": ""1"", ""Social Power"": ""1"", ""Pleasure"": ""1"", ""Freedom"": ""1"", ""A Spiritual Life"": ""1"", ""Sense of Belonging"": ""1"", ""Social Order"": ""1"", ""An Exciting Life"": ""1"", ""Meaning in Life"": ""1"", ""Politeness"": ""1"", ""Wealth"": ""1"", ""National Security"": ""1"", ""Self-Respect"": ""1"", ""Reciprocation of Favors"": ""1"", ""Creativity"": ""1"", ""A World at Peace"": ""1"", ""Respect for Tradition"": ""1"", ""Mature Love"": ""1"", ""Self-Discipline"": ""1"", ""Detachment"": ""1"", ""Family Security"": ""1"", ""Social Recognition"": ""1"", ""Unity With Nature"": ""1"", ""A Varied Life"": ""1"", ""Wisdom"": ""1"", ""Authority"": ""1"", ""True Friendship"": ""1"", ""A World of Beauty"": ""1"", ""Social Justice"": ""1"", ""Independent"": ""1"", ""Moderate"": ""1"", ""Loyal"": ""1"","
195,Pakistan,Social Inequality,3,"{""Equality"": ""1"", ""Inner Harmony"": ""1"", ""Social Power"": ""4"", ""Pleasure"": ""4"", ""Freedom"": ""1"", ""A Spiritual Life"": ""4"", ""Sense of Belonging"": ""1"", ""Social Order"": ""1"", ""An Exciting Life"": ""4"", ""Meaning in Life"": ""1"", ""Politeness"": ""1"", ""Wealth"": ""4"", ""National Security"": ""1"", ""Self-Respect"": ""1"", ""Reciprocation of Favors"": ""1"", ""Creativity"": ""4"", ""A World at Peace"": ""1"", ""Respect for Tradition"": ""4"", ""Mature Love"": ""4"", ""Self-Discipline"": ""4"", ""Detachment"": ""4"", ""Family Security"": ""1"", ""Social Recognition"": ""1"", ""Unity With Nature"": ""4"", ""A Varied Life"": ""4"", ""Wisdom"": ""1"", ""Authority"": ""4"", ""True Friendship"": ""1"", ""A World of Beauty"": ""4"", ""Social Justice"": ""1"", ""Independent"": ""4"", ""Moderate"": ""4"", ""Loyal"": ""1"","
196,Pakistan,Social Inequality,4,"{""Equality"": ""2"", ""Inner Harmony"": ""2"", ""Social Power"": ""4"", ""Pleasure"": ""2"", ""Freedom"": ""2"", ""A Spiritual Life"": ""2"", ""Sense of Belonging"": ""2"", ""Social Order"": ""2"", ""An Exciting Life"": ""2"", ""Meaning in Life"": ""2"", ""Politeness"": ""2"", ""Wealth"": ""4"", ""National Security"": ""2"", ""Self-Respect"": ""2"", ""Reciprocation of Favors"": ""2"", ""Creativity"": ""2"", ""A World at Peace"": ""2"", ""Respect for Tradition"": ""2"", ""Mature Love"": ""2"", ""Self-Discipline"": ""2"", ""Detachment"": ""2"", ""Family Security"": ""2"", ""Social Recognition"": ""2"", ""Unity With Nature"": ""2"", ""A Varied Life"": ""2"", ""Wisdom"": ""2"", ""Authority"": ""4"", ""True Friendship"": ""2"", ""A World of Beauty"": ""2"", ""Social Justice"": ""2"", ""Independent"": ""2"", ""Moderate"": ""2"", ""Loyal"": ""2"","
197,Pakistan,Social Inequality,5,"{""Equality"": ""2"", ""Inner Harmony"": ""2"", ""Social Power"": ""4"", ""Pleasure"": ""2"", ""Freedom"": ""2"", ""A Spiritual Life"": ""2"", ""Sense of Belonging"": ""2"", ""Social Order"": ""2"", ""An Exciting Life"": ""2"", ""Meaning in Life"": ""2"", ""Politeness"": ""2"", ""Wealth"": ""2"", ""National Security"": ""2"", ""Self-Respect"": ""2"", ""Reciprocation of Favors"": ""2"", ""Creativity"": ""2"", ""A World at Peace"": ""2"", ""Respect for Tradition"": ""2"", ""Mature Love"": ""2"", ""Self-Discipline"": ""2"", ""Detachment"": ""2"", ""Family Security"": ""2"", ""Social Recognition"": ""2"", ""Unity With Nature"": ""2"", ""A Varied Life"": ""2"", ""Wisdom"": ""2"", ""Authority"": ""4"", ""True Friendship"": ""2"", ""A World of Beauty"": ""2"", ""Social Justice"": ""2"", ""Independent"": ""2"", ""Moderate"": ""2"", ""Loyal"": ""2"","
198,Pakistan,Social Inequality,6,"{""Equality"": ""2"", ""Inner Harmony"": ""2"", ""Social Power"": ""2"", ""Pleasure"": ""2"", ""Freedom"": ""2"", ""A Spiritual Life"": ""2"", ""Sense of Belonging"": ""2"", ""Social Order"": ""2"", ""An Exciting Life"": ""2"", ""Meaning in Life"": ""2"", ""Politeness"": ""2"", ""Wealth"": ""2"", ""National Security"": ""2"", ""Self-Respect"": ""2"", ""Reciprocation of Favors"": ""2"", ""Creativity"": ""2"", ""A World at Peace"": ""2"", ""Respect for Tradition"": ""2"", ""Mature Love"": ""2"", ""Self-Discipline"": ""2"", ""Detachment"": ""2"", ""Family Security"": ""2"", ""Social Recognition"": ""2"", ""Unity With Nature"": ""2"", ""A Varied Life"": ""2"", ""Wisdom"": ""2"", ""Authority"": ""2"", ""True Friendship"": ""2"", ""A World of Beauty"": ""2"", ""Social Justice"": ""2"", ""Independent"": ""2"", ""Moderate"": ""2"", ""Loyal"": ""2"","
199,Pakistan,Social Inequality,7,"{""Equality"": ""1"", ""Inner Harmony"": ""1"", ""Social Power"": ""4"", ""Pleasure"": ""1"", ""Freedom"": ""1"", ""A Spiritual Life"": ""1"", ""Sense of Belonging"": ""1"", ""Social Order"": ""1"", ""An Exciting Life"": ""1"", ""Meaning in Life"": ""1"", ""Politeness"": ""1"", ""Wealth"": ""4"", ""National Security"": ""1"", ""Self-Respect"": ""1"", ""Reciprocation of Favors"": ""1"", ""Creativity"": ""1"", ""A World at Peace"": ""1"", ""Respect for Tradition"": ""1"", ""Mature Love"": ""1"", ""Self-Discipline"": ""1"", ""Detachment"": ""1"", ""Family Security"": ""1"", ""Social Recognition"": ""1"", ""Unity With Nature"": ""1"", ""A Varied Life"": ""1"", ""Wisdom"": ""1"", ""Authority"": ""4"", ""True Friendship"": ""1"", ""A World of Beauty"": ""1"", ""Social Justice"": ""1"", ""Independent"": ""1"", ""Moderate"": ""1"", ""Loyal"": ""1"","
200,Pakistan,Family & Changing Gender Roles,0,"{""Equality"": ""2"", ""Inner Harmony"": ""2"", ""Social Power"": ""4"", ""Pleasure"": ""2"", ""Freedom"": ""2"", ""A Spiritual Life"": ""2"", ""Sense of Belonging"": ""2"", ""Social Order"": ""2"", ""An Exciting Life"": ""2"", ""Meaning in Life"": ""2"", ""Politeness"": ""2"", ""Wealth"": ""4"", ""National Security"": ""2"", ""Self-Respect"": ""2"", ""Reciprocation of Favors"": ""2"", ""Creativity"": ""2"", ""A World at Peace"": ""2"", ""Respect for Tradition"": ""2"", ""Mature Love"": ""2"", ""Self-Discipline"": ""2"", ""Detachment"": ""2"", ""Family Security"": ""2"", ""Social Recognition"": ""2"", ""Unity With Nature"": ""2"", ""A Varied Life"": ""2"", ""Wisdom"": ""2"", ""Authority"": ""4"", ""True Friendship"": ""2"", ""A World of Beauty"": ""2"", ""Social Justice"": ""2"", ""Independent"": ""2"", ""Moderate"": ""2"", ""Loyal"": ""2"","
201,Pakistan,Family & Changing Gender Roles,1,"{""Equality"": ""2"", ""Inner Harmony"": ""2"", ""Social Power"": ""4"", ""Pleasure"": ""2"", ""Freedom"": ""2"", ""A Spiritual Life"": ""2"", ""Sense of Belonging"": ""2"", ""Social Order"": ""2"", ""An Exciting Life"": ""2"", ""Meaning in Life"": ""2"", ""Politeness"": ""2"", ""Wealth"": ""2"", ""National Security"": ""2"", ""Self-Respect"": ""2"", ""Reciprocation of Favors"": ""2"", ""Creativity"": ""2"", ""A World at Peace"": ""2"", ""Respect for Tradition"": ""2"", ""Mature Love"": ""2"", ""Self-Discipline"": ""2"", ""Detachment"": ""2"", ""Family Security"": ""2"", ""Social Recognition"": ""2"", ""Unity With Nature"": ""2"", ""A Varied Life"": ""2"", ""Wisdom"": ""2"", ""Authority"": ""4"", ""True Friendship"": ""2"", ""A World of Beauty"": ""2"", ""Social Justice"": ""2"", ""Independent"": ""2"", ""Moderate"": ""2"", ""Loyal"": ""2"","
202,Pakistan,Family & Changing Gender Roles,2,"{""Equality"": ""2"", ""Inner Harmony"": ""2"", ""Social Power"": ""2"", ""Pleasure"": ""2"", ""Freedom"": ""2"", ""A Spiritual Life"": ""2"", ""Sense of Belonging"": ""2"", ""Social Order"": ""2"", ""An Exciting Life"": ""2"", ""Meaning in Life"": ""2"", ""Politeness"": ""2"", ""Wealth"": ""2"", ""National Security"": ""2"", ""Self-Respect"": ""2"", ""Reciprocation of Favors"": ""2"", ""Creativity"": ""2"", ""A World at Peace"": ""2"", ""Respect for Tradition"": ""2"", ""Mature Love"": ""2"", ""Self-Discipline"": ""2"", ""Detachment"": ""2"", ""Family Security"": ""2"", ""Social Recognition"": ""2"", ""Unity With Nature"": ""2"", ""A Varied Life"": ""2"", ""Wisdom"": ""2"", ""Authority"": ""2"", ""True Friendship"": ""2"", ""A World of Beauty"": ""2"", ""Social Justice"": ""2"", ""Independent"": ""2"", ""Moderate"": ""2"", ""Loyal"": ""2"","
203,Pakistan,Family & Changing Gender Roles,3,"{""Equality"": ""2"", ""Inner Harmony"": ""2"", ""Social Power"": ""4"", ""Pleasure"": ""2"", ""Freedom"": ""2"", ""A Spiritual Life"": ""4"", ""Sense of Belonging"": ""2"", ""Social Order"": ""2"", ""An Exciting Life"": ""4"", ""Meaning in Life"": ""2"", ""Politeness"": ""2"", ""Wealth"": ""4"", ""National Security"": ""4"", ""Self-Respect"": ""2"", ""Reciprocation of Favors"": ""4"", ""Creativity"": ""4"", ""A World at Peace"": ""2"", ""Respect for Tradition"": ""4"", ""Mature Love"": ""4"", ""Self-Discipline"": ""4"", ""Detachment"": ""4"", ""Family Security"": ""2"", ""Social Recognition"": ""2"", ""Unity With Nature"": ""4"", ""A Varied Life"": ""4"", ""Wisdom"": ""2"", ""Authority"": ""4"", ""True Friendship"": ""2"", ""A World of Beauty"": ""4"", ""Social Justice"": ""2"", ""Independent"": ""4"", ""Moderate"": ""4"", ""Loyal"": ""2"","
204,Pakistan,Family & Changing Gender Roles,4,"{""Equality"": ""2"", ""Inner Harmony"": ""2"", ""Social Power"": ""4"", ""Pleasure"": ""2"", ""Freedom"": ""2"", ""A Spiritual Life"": ""2"", ""Sense of Belonging"": ""2"", ""Social Order"": ""2"", ""An Exciting Life"": ""2"", ""Meaning in Life"": ""2"", ""Politeness"": ""2"", ""Wealth"": ""2"", ""National Security"": ""2"", ""Self-Respect"": ""2"", ""Reciprocation of Favors"": ""2"", ""Creativity"": ""2"", ""A World at Peace"": ""2"", ""Respect for Tradition"": ""2"", ""Mature Love"": ""2"", ""Self-Discipline"": ""2"", ""Detachment"": ""2"", ""Family Security"": ""2"", ""Social Recognition"": ""2"", ""Unity With Nature"": ""2"", ""A Varied Life"": ""2"", ""Wisdom"": ""2"", ""Authority"": ""4"", ""True Friendship"": ""2"", ""A World of Beauty"": ""2"", ""Social Justice"": ""2"", ""Independent"": ""2"", ""Moderate"": ""2"", ""Loyal"": ""2"","
205,Pakistan,Family & Changing Gender Roles,5,"{""Equality"": ""2"", ""Inner Harmony"": ""2"", ""Social Power"": ""4"", ""Pleasure"": ""2"", ""Freedom"": ""2"", ""A Spiritual Life"": ""2"", ""Sense of Belonging"": ""2"", ""Social Order"": ""2"", ""An Exciting Life"": ""2"", ""Meaning in Life"": ""2"", ""Politeness"": ""2"", ""Wealth"": ""2"", ""National Security"": ""2"", ""Self-Respect"": ""2"", ""Reciprocation of Favors"": ""2"", ""Creativity"": ""2"", ""A World at Peace"": ""2"", ""Respect for Tradition"": ""2"", ""Mature Love"": ""2"", ""Self-Discipline"": ""2"", ""Detachment"": ""2"", ""Family Security"": ""2"", ""Social Recognition"": ""2"", ""Unity With Nature"": ""2"", ""A Varied Life"": ""2"", ""Wisdom"": ""2"", ""Authority"": ""4"", ""True Friendship"": ""2"", ""A World of Beauty"": ""2"", ""Social Justice"": ""2"", ""Independent"": ""2"", ""Moderate"": ""2"", ""Loyal"": ""2"","
206,Pakistan,Family & Changing Gender Roles,6,"{""Equality"": ""2"", ""Inner Harmony"": ""2"", ""Social Power"": ""2"", ""Pleasure"": ""2"", ""Freedom"": ""2"", ""A Spiritual Life"": ""2"", ""Sense of Belonging"": ""2"", ""Social Order"": ""2"", ""An Exciting Life"": ""2"", ""Meaning in Life"": ""2"", ""Politeness"": ""2"", ""Wealth"": ""2"", ""National Security"": ""2"", ""Self-Respect"": ""2"", ""Reciprocation of Favors"": ""2"", ""Creativity"": ""2"", ""A World at Peace"": ""2"", ""Respect for Tradition"": ""2"", ""Mature Love"": ""2"", ""Self-Discipline"": ""2"", ""Detachment"": ""2"", ""Family Security"": ""2"", ""Social Recognition"": ""2"", ""Unity With Nature"": ""2"", ""A Varied Life"": ""2"", ""Wisdom"": ""2"", ""Authority"": ""2"", ""True Friendship"": ""2"", ""A World of Beauty"": ""2"", ""Social Justice"": ""2"", ""Independent"": ""2"", ""Moderate"": ""2"", ""Loyal"": ""2"","
207,Pakistan,Family & Changing Gender Roles,7,"{""Equality"": ""2"", ""Inner Harmony"": ""2"", ""Social Power"": ""2"", ""Pleasure"": ""2"", ""Freedom"": ""2"", ""A Spiritual Life"": ""2"", ""Sense of Belonging"": ""2"", ""Social Order"": ""2"", ""An Exciting Life"": ""2"", ""Meaning in Life"": ""2"", ""Politeness"": ""2"", ""Wealth"": ""2"", ""National Security"": ""2"", ""Self-Respect"": ""2"", ""Reciprocation of Favors"": ""2"", ""Creativity"": ""2"", ""A World at Peace"": ""2"", ""Respect for Tradition"": ""2"", ""Mature Love"": ""2"", ""Self-Discipline"": ""2"", ""Detachment"": ""2"", ""Family Security"": ""2"", ""Social Recognition"": ""2"", ""Unity With Nature"": ""2"", ""A Varied Life"": ""2"", ""Wisdom"": ""2"", ""Authority"": ""2"", ""True Friendship"": ""2"", ""A World of Beauty"": ""2"", ""Social Justice"": ""2"", ""Independent"": ""2"", ""Moderate"": ""2"", ""Loyal"": ""2"","
208,Pakistan,Work Orientation,0,"{""Equality"": ""2"", ""Inner Harmony"": ""2"", ""Social Power"": ""4"", ""Pleasure"": ""2"", ""Freedom"": ""2"", ""A Spiritual Life"": ""2"", ""Sense of Belonging"": ""2"", ""Social Order"": ""2"", ""An Exciting Life"": ""2"", ""Meaning in Life"": ""2"", ""Politeness"": ""2"", ""Wealth"": ""4"", ""National Security"": ""2"", ""Self-Respect"": ""2"", ""Reciprocation of Favors"": ""2"", ""Creativity"": ""2"", ""A World at Peace"": ""2"", ""Respect for Tradition"": ""2"", ""Mature Love"": ""2"", ""Self-Discipline"": ""2"", ""Detachment"": ""2"", ""Family Security"": ""2"", ""Social Recognition"": ""2"", ""Unity With Nature"": ""2"", ""A Varied Life"": ""2"", ""Wisdom"": ""2"", ""Authority"": ""4"", ""True Friendship"": ""2"", ""A World of Beauty"": ""2"", ""Social Justice"": ""2"", ""Independent"": ""2"", ""Moderate"": ""2"", ""Loyal"": ""2"","
209,Pakistan,Work Orientation,1,"{""Equality"": ""2"", ""Inner Harmony"": ""3"", ""Social Power"": ""4"", ""Pleasure"": ""3"", ""Freedom"": ""3"", ""A Spiritual Life"": ""4"", ""Sense of Belonging"": ""2"", ""Social Order"": ""3"", ""An Exciting Life"": ""3"", ""Meaning in Life"": ""3"", ""Politeness"": ""2"", ""Wealth"": ""3"", ""National Security"": ""2"", ""Self-Respect"": ""2"", ""Reciprocation of Favors"": ""2"", ""Creativity"": ""3"", ""A World at Peace"": ""2"", ""Respect for Tradition"": ""3"", ""Mature Love"": ""3"", ""Self-Discipline"": ""3"", ""Detachment"": ""3"", ""Family Security"": ""2"", ""Social Recognition"": ""2"", ""Unity With Nature"": ""3"", ""A Varied Life"": ""3"", ""Wisdom"": ""3"", ""Authority"": ""4"", ""True Friendship"": ""2"", ""A World of Beauty"": ""3"", ""Social Justice"": ""2"", ""Independent"": ""3"", ""Moderate"": ""3"", ""Loyal"": ""2"","
210,Pakistan,Work Orientation,2,"{""Equality"": ""1"", ""Inner Harmony"": ""1"", ""Social Power"": ""1"", ""Pleasure"": ""1"", ""Freedom"": ""1"", ""A Spiritual Life"": ""1"", ""Sense of Belonging"": ""1"", ""Social Order"": ""1"", ""An Exciting Life"": ""1"", ""Meaning in Life"": ""1"", ""Politeness"": ""1"", ""Wealth"": ""1"", ""National Security"": ""1"", ""Self-Respect"": ""1"", ""Reciprocation of Favors"": ""1"", ""Creativity"": ""1"", ""A World at Peace"": ""1"", ""Respect for Tradition"": ""1"", ""Mature Love"": ""1"", ""Self-Discipline"": ""1"", ""Detachment"": ""1"", ""Family Security"": ""1"", ""Social Recognition"": ""1"", ""Unity With Nature"": ""1"", ""A Varied Life"": ""1"", ""Wisdom"": ""1"", ""Authority"": ""1"", ""True Friendship"": ""1"", ""A World of Beauty"": ""1"", ""Social Justice"": ""1"", ""Independent"": ""1"", ""Moderate"": ""1"", ""Loyal"": ""1"","
211,Pakistan,Work Orientation,3,"{""Equality"": ""1"", ""Inner Harmony"": ""1"", ""Social Power"": ""1"", ""Pleasure"": ""1"", ""Freedom"": ""1"", ""A Spiritual Life"": ""1"", ""Sense of Belonging"": ""1"", ""Social Order"": ""1"", ""An Exciting Life"": ""1"", ""Meaning in Life"": ""1"", ""Politeness"": ""1"", ""Wealth"": ""1"", ""National Security"": ""1"", ""Self-Respect"": ""1"", ""Reciprocation of Favors"": ""1"", ""Creativity"": ""1"", ""A World at Peace"": ""1"", ""Respect for Tradition"": ""1"", ""Mature Love"": ""1"", ""Self-Discipline"": ""1"", ""Detachment"": ""1"", ""Family Security"": ""1"", ""Social Recognition"": ""1"", ""Unity With Nature"": ""1"", ""A Varied Life"": ""1"", ""Wisdom"": ""1"", ""Authority"": ""1"", ""True Friendship"": ""1"", ""A World of Beauty"": ""1"", ""Social Justice"": ""1"", ""Independent"": ""1"", ""Moderate"": ""1"", ""Loyal"": ""1"","
212,Pakistan,Work Orientation,4,"{""Equality"": ""2"", ""Inner Harmony"": ""2"", ""Social Power"": ""4"", ""Pleasure"": ""2"", ""Freedom"": ""2"", ""A Spiritual Life"": ""2"", ""Sense of Belonging"": ""2"", ""Social Order"": ""2"", ""An Exciting Life"": ""2"", ""Meaning in Life"": ""2"", ""Politeness"": ""2"", ""Wealth"": ""4"", ""National Security"": ""2"", ""Self-Respect"": ""2"", ""Reciprocation of Favors"": ""2"", ""Creativity"": ""2"", ""A World at Peace"": ""2"", ""Respect for Tradition"": ""2"", ""Mature Love"": ""2"", ""Self-Discipline"": ""2"", ""Detachment"": ""2"", ""Family Security"": ""2"", ""Social Recognition"": ""2"", ""Unity With Nature"": ""2"", ""A Varied Life"": ""2"", ""Wisdom"": ""2"", ""Authority"": ""4"", ""True Friendship"": ""2"", ""A World of Beauty"": ""2"", ""Social Justice"": ""2"", ""Independent"": ""2"", ""Moderate"": ""2"", ""Loyal"": ""2"","
213,Pakistan,Work Orientation,5,"{""Equality"": ""2"", ""Inner Harmony"": ""2"", ""Social Power"": ""4"", ""Pleasure"": ""2"", ""Freedom"": ""2"", ""A Spiritual Life"": ""2"", ""Sense of Belonging"": ""2"", ""Social Order"": ""2"", ""An Exciting Life"": ""2"", ""Meaning in Life"": ""2"", ""Politeness"": ""2"", ""Wealth"": ""2"", ""National Security"": ""2"", ""Self-Respect"": ""2"", ""Reciprocation of Favors"": ""2"", ""Creativity"": ""2"", ""A World at Peace"": ""2"", ""Respect for Tradition"": ""2"", ""Mature Love"": ""2"", ""Self-Discipline"": ""2"", ""Detachment"": ""2"", ""Family Security"": ""2"", ""Social Recognition"": ""2"", ""Unity With Nature"": ""2"", ""A Varied Life"": ""2"", ""Wisdom"": ""2"", ""Authority"": ""4"", ""True Friendship"": ""2"", ""A World of Beauty"": ""2"", ""Social Justice"": ""2"", ""Independent"": ""2"", ""Moderate"": ""2"", ""Loyal"": ""2"","
214,Pakistan,Work Orientation,6,"{""Equality"": ""2"", ""Inner Harmony"": ""2"", ""Social Power"": ""2"", ""Pleasure"": ""2"", ""Freedom"": ""2"", ""A Spiritual Life"": ""2"", ""Sense of Belonging"": ""2"", ""Social Order"": ""2"", ""An Exciting Life"": ""2"", ""Meaning in Life"": ""2"", ""Politeness"": ""2"", ""Wealth"": ""2"", ""National Security"": ""2"", ""Self-Respect"": ""2"", ""Reciprocation of Favors"": ""2"", ""Creativity"": ""2"", ""A World at Peace"": ""2"", ""Respect for Tradition"": ""2"", ""Mature Love"": ""2"", ""Self-Discipline"": ""2"", ""Detachment"": ""2"", ""Family Security"": ""2"", ""Social Recognition"": ""2"", ""Unity With Nature"": ""2"", ""A Varied Life"": ""2"", ""Wisdom"": ""2"", ""Authority"": ""2"", ""True Friendship"": ""2"", ""A World of Beauty"": ""2"", ""Social Justice"": ""2"", ""Independent"": ""2"", ""Moderate"": ""2"", ""Loyal"": ""2"","
215,Pakistan,Work Orientation,7,"{""Equality"": ""1"", ""Inner Harmony"": ""1"", ""Social Power"": ""1"", ""Pleasure"": ""1"", ""Freedom"": ""1"", ""A Spiritual Life"": ""1"", ""Sense of Belonging"": ""1"", ""Social Order"": ""1"", ""An Exciting Life"": ""1"", ""Meaning in Life"": ""1"", ""Politeness"": ""1"", ""Wealth"": ""1"", ""National Security"": ""1"", ""Self-Respect"": ""1"", ""Reciprocation of Favors"": ""1"", ""Creativity"": ""1"", ""A World at Peace"": ""1"", ""Respect for Tradition"": ""1"", ""Mature Love"": ""1"", ""Self-Discipline"": ""1"", ""Detachment"": ""1"", ""Family Security"": ""1"", ""Social Recognition"": ""1"", ""Unity With Nature"": ""1"", ""A Varied Life"": ""1"", ""Wisdom"": ""1"", ""Authority"": ""1"", ""True Friendship"": ""1"", ""A World of Beauty"": ""1"", ""Social Justice"": ""1"", ""Independent"": ""1"", ""Moderate"": ""1"", ""Loyal"": ""1"","
216,Pakistan,Religion,0,"{""Equality"": ""2"", ""Inner Harmony"": ""2"", ""Social Power"": ""4"", ""Pleasure"": ""2"", ""Freedom"": ""2"", ""A Spiritual Life"": ""2"", ""Sense of Belonging"": ""2"", ""Social Order"": ""2"", ""An Exciting Life"": ""2"", ""Meaning in Life"": ""2"", ""Politeness"": ""2"", ""Wealth"": ""4"", ""National Security"": ""2"", ""Self-Respect"": ""2"", ""Reciprocation of Favors"": ""2"", ""Creativity"": ""2"", ""A World at Peace"": ""2"", ""Respect for Tradition"": ""2"", ""Mature Love"": ""2"", ""Self-Discipline"": ""2"", ""Detachment"": ""2"", ""Family Security"": ""2"", ""Social Recognition"": ""2"", ""Unity With Nature"": ""2"", ""A Varied Life"": ""2"", ""Wisdom"": ""2"", ""Authority"": ""4"", ""True Friendship"": ""2"", ""A World of Beauty"": ""2"", ""Social Justice"": ""2"", ""Independent"": ""2"", ""Moderate"": ""2"", ""Loyal"": ""2"","
217,Pakistan,Religion,1,"{""Equality"": ""3"", ""Inner Harmony"": ""3"", ""Social Power"": ""4"", ""Pleasure"": ""3"", ""Freedom"": ""3"", ""A Spiritual Life"": ""1"", ""Sense of Belonging"": ""3"", ""Social Order"": ""3"", ""An Exciting Life"": ""3"", ""Meaning in Life"": ""3"", ""Politeness"": ""3"", ""Wealth"": ""3"", ""National Security"": ""3"", ""Self-Respect"": ""3"", ""Reciprocation of Favors"": ""3"", ""Creativity"": ""3"", ""A World at Peace"": ""1"", ""Respect for Tradition"": ""3"", ""Mature Love"": ""3"", ""Self-Discipline"": ""3"", ""Detachment"": ""3"", ""Family Security"": ""3"", ""Social Recognition"": ""3"", ""Unity With Nature"": ""3"", ""A Varied Life"": ""3"", ""Wisdom"": ""3"", ""Authority"": ""4"", ""True Friendship"": ""3"", ""A World of Beauty"": ""3"", ""Social Justice"": ""3"", ""Independent"": ""3"", ""Moderate"": ""3"", ""Loyal"": ""3"","
218,Pakistan,Religion,2,"{""Equality"": ""1"", ""Inner Harmony"": ""1"", ""Social Power"": ""4"", ""Pleasure"": ""1"", ""Freedom"": ""1"", ""A Spiritual Life"": ""1"", ""Sense of Belonging"": ""1"", ""Social Order"": ""1"", ""An Exciting Life"": ""1"", ""Meaning in Life"": ""1"", ""Politeness"": ""1"", ""Wealth"": ""4"", ""National Security"": ""1"", ""Self-Respect"": ""1"", ""Reciprocation of Favors"": ""1"", ""Creativity"": ""1"", ""A World at Peace"": ""1"", ""Respect for Tradition"": ""1"", ""Mature Love"": ""1"", ""Self-Discipline"": ""1"", ""Detachment"": ""1"", ""Family Security"": ""1"", ""Social Recognition"": ""1"", ""Unity With Nature"": ""1"", ""A Varied Life"": ""1"", ""Wisdom"": ""1"", ""Authority"": ""4"", ""True Friendship"": ""1"", ""A World of Beauty"": ""1"", ""Social Justice"": ""1"", ""Independent"": ""1"", ""Moderate"": ""1"", ""Loyal"": ""1"","
219,Pakistan,Religion,3,"{""Equality"": ""4"", ""Inner Harmony"": ""4"", ""Social Power"": ""4"", ""Pleasure"": ""4"", ""Freedom"": ""4"", ""A Spiritual Life"": ""4"", ""Sense of Belonging"": ""4"", ""Social Order"": ""4"", ""An Exciting Life"": ""4"", ""Meaning in Life"": ""4"", ""Politeness"": ""4"", ""Wealth"": ""4"", ""National Security"": ""4"", ""Self-Respect"": ""4"", ""Reciprocation of Favors"": ""4"", ""Creativity"": ""4"", ""A World at Peace"": ""4"", ""Respect for Tradition"": ""4"", ""Mature Love"": ""4"", ""Self-Discipline"": ""4"", ""Detachment"": ""4"", ""Family Security"": ""4"", ""Social Recognition"": ""4"", ""Unity With Nature"": ""4"", ""A Varied Life"": ""4"", ""Wisdom"": ""4"", ""Authority"": ""4"", ""True Friendship"": ""4"", ""A World of Beauty"": ""4"", ""Social Justice"": ""4"", ""Independent"": ""4"", ""Moderate"": ""4"", ""Loyal"": ""4"","
220,Pakistan,Religion,4,"{""Equality"": ""2"", ""Inner Harmony"": ""2"", ""Social Power"": ""4"", ""Pleasure"": ""2"", ""Freedom"": ""2"", ""A Spiritual Life"": ""2"", ""Sense of Belonging"": ""2"", ""Social Order"": ""2"", ""An Exciting Life"": ""2"", ""Meaning in Life"": ""2"", ""Politeness"": ""2"", ""Wealth"": ""4"", ""National Security"": ""2"", ""Self-Respect"": ""2"", ""Reciprocation of Favors"": ""2"", ""Creativity"": ""2"", ""A World at Peace"": ""2"", ""Respect for Tradition"": ""2"", ""Mature Love"": ""2"", ""Self-Discipline"": ""2"", ""Detachment"": ""2"", ""Family Security"": ""2"", ""Social Recognition"": ""2"", ""Unity With Nature"": ""2"", ""A Varied Life"": ""2"", ""Wisdom"": ""2"", ""Authority"": ""4"", ""True Friendship"": ""2"", ""A World of Beauty"": ""2"", ""Social Justice"": ""2"", ""Independent"": ""2"", ""Moderate"": ""2"", ""Loyal"": ""2"","
221,Pakistan,Religion,5,"{""Equality"": ""2"", ""Inner Harmony"": ""2"", ""Social Power"": ""4"", ""Pleasure"": ""2"", ""Freedom"": ""2"", ""A Spiritual Life"": ""1"", ""Sense of Belonging"": ""2"", ""Social Order"": ""2"", ""An Exciting Life"": ""2"", ""Meaning in Life"": ""2"", ""Politeness"": ""2"", ""Wealth"": ""2"", ""National Security"": ""2"", ""Self-Respect"": ""2"", ""Reciprocation of Favors"": ""2"", ""Creativity"": ""2"", ""A World at Peace"": ""2"", ""Respect for Tradition"": ""2"", ""Mature Love"": ""2"", ""Self-Discipline"": ""2"", ""Detachment"": ""2"", ""Family Security"": ""2"", ""Social Recognition"": ""2"", ""Unity With Nature"": ""2"", ""A Varied Life"": ""2"", ""Wisdom"": ""2"", ""Authority"": ""4"", ""True Friendship"": ""2"", ""A World of Beauty"": ""2"", ""Social Justice"": ""2"", ""Independent"": ""2"", ""Moderate"": ""2"", ""Loyal"": ""2"","
222,Pakistan,Religion,6,"{""Equality"": ""2"", ""Inner Harmony"": ""2"", ""Social Power"": ""2"", ""Pleasure"": ""2"", ""Freedom"": ""2"", ""A Spiritual Life"": ""2"", ""Sense of Belonging"": ""2"", ""Social Order"": ""2"", ""An Exciting Life"": ""2"", ""Meaning in Life"": ""2"", ""Politeness"": ""2"", ""Wealth"": ""2"", ""National Security"": ""2"", ""Self-Respect"": ""2"", ""Reciprocation of Favors"": ""2"", ""Creativity"": ""2"", ""A World at Peace"": ""2"", ""Respect for Tradition"": ""2"", ""Mature Love"": ""2"", ""Self-Discipline"": ""2"", ""Detachment"": ""2"", ""Family Security"": ""2"", ""Social Recognition"": ""2"", ""Unity With Nature"": ""2"", ""A Varied Life"": ""2"", ""Wisdom"": ""2"", ""Authority"": ""2"", ""True Friendship"": ""2"", ""A World of Beauty"": ""2"", ""Social Justice"": ""2"", ""Independent"": ""2"", ""Moderate"": ""2"", ""Loyal"": ""2"","
223,Pakistan,Religion,7,"{""Equality"": ""1"", ""Inner Harmony"": ""1"", ""Social Power"": ""4"", ""Pleasure"": ""4"", ""Freedom"": ""4"", ""A Spiritual Life"": ""1"", ""Sense of Belonging"": ""1"", ""Social Order"": ""1"", ""An Exciting Life"": ""4"", ""Meaning in Life"": ""1"", ""Politeness"": ""1"", ""Wealth"": ""4"", ""National Security"": ""1"", ""Self-Respect"": ""1"", ""Reciprocation of Favors"": ""1"", ""Creativity"": ""4"", ""A World at Peace"": ""1"", ""Respect for Tradition"": ""1"", ""Mature Love"": ""4"", ""Self-Discipline"": ""4"", ""Detachment"": ""4"", ""Family Security"": ""1"", ""Social Recognition"": ""1"", ""Unity With Nature"": ""4"", ""A Varied Life"": ""4"", ""Wisdom"": ""1"", ""Authority"": ""4"", ""True Friendship"": ""1"", ""A World of Beauty"": ""1"", ""Social Justice"": ""1"", ""Independent"": ""4"", ""Moderate"": ""4"", ""Loyal"": ""1"","
224,Pakistan,Environment,0,"{""Equality"": ""2"", ""Inner Harmony"": ""2"", ""Social Power"": ""4"", ""Pleasure"": ""2"", ""Freedom"": ""2"", ""A Spiritual Life"": ""2"", ""Sense of Belonging"": ""2"", ""Social Order"": ""2"", ""An Exciting Life"": ""2"", ""Meaning in Life"": ""2"", ""Politeness"": ""2"", ""Wealth"": ""4"", ""National Security"": ""2"", ""Self-Respect"": ""2"", ""Reciprocation of Favors"": ""2"", ""Creativity"": ""2"", ""A World at Peace"": ""2"", ""Respect for Tradition"": ""2"", ""Mature Love"": ""2"", ""Self-Discipline"": ""2"", ""Detachment"": ""2"", ""Family Security"": ""2"", ""Social Recognition"": ""2"", ""Unity With Nature"": ""2"", ""A Varied Life"": ""2"", ""Wisdom"": ""2"", ""Authority"": ""4"", ""True Friendship"": ""2"", ""A World of Beauty"": ""2"", ""Social Justice"": ""2"", ""Independent"": ""2"", ""Moderate"": ""2"", ""Loyal"": ""2"","
225,Pakistan,Environment,1,"{""Equality"": ""2"", ""Inner Harmony"": ""2"", ""Social Power"": ""4"", ""Pleasure"": ""2"", ""Freedom"": ""2"", ""A Spiritual Life"": ""2"", ""Sense of Belonging"": ""2"", ""Social Order"": ""2"", ""An Exciting Life"": ""2"", ""Meaning in Life"": ""2"", ""Politeness"": ""2"", ""Wealth"": ""2"", ""National Security"": ""2"", ""Self-Respect"": ""2"", ""Reciprocation of Favors"": ""2"", ""Creativity"": ""2"", ""A World at Peace"": ""2"", ""Respect for Tradition"": ""2"", ""Mature Love"": ""2"", ""Self-Discipline"": ""2"", ""Detachment"": ""2"", ""Family Security"": ""2"", ""Social Recognition"": ""2"", ""Unity With Nature"": ""2"", ""A Varied Life"": ""2"", ""Wisdom"": ""2"", ""Authority"": ""4"", ""True Friendship"": ""2"", ""A World of Beauty"": ""2"", ""Social Justice"": ""2"", ""Independent"": ""2"", ""Moderate"": ""2"", ""Loyal"": ""2"","
226,Pakistan,Environment,2,"{""Equality"": ""2"", ""Inner Harmony"": ""2"", ""Social Power"": ""2"", ""Pleasure"": ""2"", ""Freedom"": ""2"", ""A Spiritual Life"": ""2"", ""Sense of Belonging"": ""2"", ""Social Order"": ""2"", ""An Exciting Life"": ""2"", ""Meaning in Life"": ""2"", ""Politeness"": ""2"", ""Wealth"": ""2"", ""National Security"": ""2"", ""Self-Respect"": ""2"", ""Reciprocation of Favors"": ""2"", ""Creativity"": ""2"", ""A World at Peace"": ""2"", ""Respect for Tradition"": ""2"", ""Mature Love"": ""2"", ""Self-Discipline"": ""2"", ""Detachment"": ""2"", ""Family Security"": ""2"", ""Social Recognition"": ""2"", ""Unity With Nature"": ""2"", ""A Varied Life"": ""2"", ""Wisdom"": ""2"", ""Authority"": ""2"", ""True Friendship"": ""2"", ""A World of Beauty"": ""2"", ""Social Justice"": ""2"", ""Independent"": ""2"", ""Moderate"": ""2"", ""Loyal"": ""2"","
227,Pakistan,Environment,3,"{""Equality"": ""2"", ""Inner Harmony"": ""2"", ""Social Power"": ""4"", ""Pleasure"": ""2"", ""Freedom"": ""2"", ""A Spiritual Life"": ""4"", ""Sense of Belonging"": ""2"", ""Social Order"": ""2"", ""An Exciting Life"": ""4"", ""Meaning in Life"": ""2"", ""Politeness"": ""2"", ""Wealth"": ""4"", ""National Security"": ""2"", ""Self-Respect"": ""2"", ""Reciprocation of Favors"": ""2"", ""Creativity"": ""4"", ""A World at Peace"": ""2"", ""Respect for Tradition"": ""4"", ""Mature Love"": ""4"", ""Self-Discipline"": ""4"", ""Detachment"": ""4"", ""Family Security"": ""2"", ""Social Recognition"": ""2"", ""Unity With Nature"": ""4"", ""A Varied Life"": ""4"", ""Wisdom"": ""2"", ""Authority"": ""4"", ""True Friendship"": ""2"", ""A World of Beauty"": ""4"", ""Social Justice"": ""2"", ""Independent"": ""4"", ""Moderate"": ""4"", ""Loyal"": ""2"","
228,Pakistan,Environment,4,"{""Equality"": ""2"", ""Inner Harmony"": ""2"", ""Social Power"": ""4"", ""Pleasure"": ""2"", ""Freedom"": ""2"", ""A Spiritual Life"": ""2"", ""Sense of Belonging"": ""2"", ""Social Order"": ""2"", ""An Exciting Life"": ""2"", ""Meaning in Life"": ""2"", ""Politeness"": ""2"", ""Wealth"": ""4"", ""National Security"": ""2"", ""Self-Respect"": ""2"", ""Reciprocation of Favors"": ""2"", ""Creativity"": ""2"", ""A World at Peace"": ""2"", ""Respect for Tradition"": ""2"", ""Mature Love"": ""2"", ""Self-Discipline"": ""2"", ""Detachment"": ""2"", ""Family Security"": ""2"", ""Social Recognition"": ""2"", ""Unity With Nature"": ""2"", ""A Varied Life"": ""2"", ""Wisdom"": ""2"", ""Authority"": ""4"", ""True Friendship"": ""2"", ""A World of Beauty"": ""2"", ""Social Justice"": ""2"", ""Independent"": ""2"", ""Moderate"": ""2"", ""Loyal"": ""2"","
229,Pakistan,Environment,5,"{""Equality"": ""2"", ""Inner Harmony"": ""2"", ""Social Power"": ""4"", ""Pleasure"": ""2"", ""Freedom"": ""2"", ""A Spiritual Life"": ""2"", ""Sense of Belonging"": ""2"", ""Social Order"": ""2"", ""An Exciting Life"": ""2"", ""Meaning in Life"": ""2"", ""Politeness"": ""2"", ""Wealth"": ""2"", ""National Security"": ""2"", ""Self-Respect"": ""2"", ""Reciprocation of Favors"": ""2"", ""Creativity"": ""2"", ""A World at Peace"": ""2"", ""Respect for Tradition"": ""2"", ""Mature Love"": ""2"", ""Self-Discipline"": ""2"", ""Detachment"": ""2"", ""Family Security"": ""2"", ""Social Recognition"": ""2"", ""Unity With Nature"": ""2"", ""A Varied Life"": ""2"", ""Wisdom"": ""2"", ""Authority"": ""4"", ""True Friendship"": ""2"", ""A World of Beauty"": ""2"", ""Social Justice"": ""2"", ""Independent"": ""2"", ""Moderate"": ""2"", ""Loyal"": ""2"","
230,Pakistan,Environment,6,"{""Equality"": ""2"", ""Inner Harmony"": ""2"", ""Social Power"": ""2"", ""Pleasure"": ""2"", ""Freedom"": ""2"", ""A Spiritual Life"": ""2"", ""Sense of Belonging"": ""2"", ""Social Order"": ""2"", ""An Exciting Life"": ""2"", ""Meaning in Life"": ""2"", ""Politeness"": ""2"", ""Wealth"": ""2"", ""National Security"": ""2"", ""Self-Respect"": ""2"", ""Reciprocation of Favors"": ""2"", ""Creativity"": ""2"", ""A World at Peace"": ""2"", ""Respect for Tradition"": ""2"", ""Mature Love"": ""2"", ""Self-Discipline"": ""2"", ""Detachment"": ""2"", ""Family Security"": ""2"", ""Social Recognition"": ""2"", ""Unity With Nature"": ""2"", ""A Varied Life"": ""2"", ""Wisdom"": ""2"", ""Authority"": ""2"", ""True Friendship"": ""2"", ""A World of Beauty"": ""2"", ""Social Justice"": ""2"", ""Independent"": ""2"", ""Moderate"": ""2"", ""Loyal"": ""2"","
231,Pakistan,Environment,7,"{
""Equality"": ""1"",
""Inner Harmony"": ""1"",
""Social Power"": ""4"",
""Pleasure"": ""1"",
""Freedom"": ""1"",
""A Spiritual Life"": ""1"",
""Sense of Belonging"": ""1"",
""Social Order"": ""1"",
""An Exciting Life"": ""1"",
""Meaning in Life"": ""1"",
""Politeness"": ""1"",
""Wealth"": ""4"",
""National Security"": ""1"",
""Self-Respect"": ""1"",
""Reciprocation of Favors"": ""1"",
""Creativity"": ""1"",
""A World at Peace"": ""1"",
""Respect for Tradition"": ""1"",
""Mature Love"": ""1"",
""Self-Discipline"": ""1"",
""Detachment"": ""1"",
""Family Security"": ""1"",
""Social Recognition"": ""1"",
""Unity With Nature"": ""1"",
""A Varied Life"": ""1"",
""Wisdom"": ""1"",
""Authority"": ""4"",
""True Friendship"": ""1"",
""A World of Beauty"": ""1"",
""Social Justice"": ""1"",
""Independent"": ""1"",
""Moderate"": ""1"",
""Loyal"": ""1"",
""Ambitious"": ""1"","
232,Pakistan,National Identity,0,"{""Equality"": ""2"", ""Inner Harmony"": ""2"", ""Social Power"": ""4"", ""Pleasure"": ""2"", ""Freedom"": ""2"", ""A Spiritual Life"": ""2"", ""Sense of Belonging"": ""2"", ""Social Order"": ""2"", ""An Exciting Life"": ""2"", ""Meaning in Life"": ""2"", ""Politeness"": ""2"", ""Wealth"": ""4"", ""National Security"": ""2"", ""Self-Respect"": ""2"", ""Reciprocation of Favors"": ""2"", ""Creativity"": ""2"", ""A World at Peace"": ""2"", ""Respect for Tradition"": ""2"", ""Mature Love"": ""2"", ""Self-Discipline"": ""2"", ""Detachment"": ""2"", ""Family Security"": ""2"", ""Social Recognition"": ""2"", ""Unity With Nature"": ""2"", ""A Varied Life"": ""2"", ""Wisdom"": ""2"", ""Authority"": ""4"", ""True Friendship"": ""2"", ""A World of Beauty"": ""2"", ""Social Justice"": ""2"", ""Independent"": ""2"", ""Moderate"": ""2"", ""Loyal"": ""2"","
233,Pakistan,National Identity,1,"{""Equality"": ""2"", ""Inner Harmony"": ""2"", ""Social Power"": ""4"", ""Pleasure"": ""2"", ""Freedom"": ""2"", ""A Spiritual Life"": ""2"", ""Sense of Belonging"": ""2"", ""Social Order"": ""2"", ""An Exciting Life"": ""2"", ""Meaning in Life"": ""2"", ""Politeness"": ""2"", ""Wealth"": ""4"", ""National Security"": ""2"", ""Self-Respect"": ""2"", ""Reciprocation of Favors"": ""2"", ""Creativity"": ""2"", ""A World at Peace"": ""2"", ""Respect for Tradition"": ""2"", ""Mature Love"": ""2"", ""Self-Discipline"": ""2"", ""Detachment"": ""2"", ""Family Security"": ""2"", ""Social Recognition"": ""2"", ""Unity With Nature"": ""2"", ""A Varied Life"": ""2"", ""Wisdom"": ""2"", ""Authority"": ""4"", ""True Friendship"": ""2"", ""A World of Beauty"": ""2"", ""Social Justice"": ""2"", ""Independent"": ""2"", ""Moderate"": ""2"", ""Loyal"": ""2"","
234,Pakistan,National Identity,2,"{""Equality"": ""1"", ""Inner Harmony"": ""1"", ""Social Power"": ""1"", ""Pleasure"": ""1"", ""Freedom"": ""1"", ""A Spiritual Life"": ""1"", ""Sense of Belonging"": ""1"", ""Social Order"": ""1"", ""An Exciting Life"": ""1"", ""Meaning in Life"": ""1"", ""Politeness"": ""1"", ""Wealth"": ""1"", ""National Security"": ""1"", ""Self-Respect"": ""1"", ""Reciprocation of Favors"": ""1"", ""Creativity"": ""1"", ""A World at Peace"": ""1"", ""Respect for Tradition"": ""1"", ""Mature Love"": ""1"", ""Self-Discipline"": ""1"", ""Detachment"": ""1"", ""Family Security"": ""1"", ""Social Recognition"": ""1"", ""Unity With Nature"": ""1"", ""A Varied Life"": ""1"", ""Wisdom"": ""1"", ""Authority"": ""1"", ""True Friendship"": ""1"", ""A World of Beauty"": ""1"", ""Social Justice"": ""1"", ""Independent"": ""1"", ""Moderate"": ""1"", ""Loyal"": ""1"","
235,Pakistan,National Identity,3,"{""Equality"": ""1"", ""Inner Harmony"": ""1"", ""Social Power"": ""1"", ""Pleasure"": ""1"", ""Freedom"": ""1"", ""A Spiritual Life"": ""1"", ""Sense of Belonging"": ""1"", ""Social Order"": ""1"", ""An Exciting Life"": ""1"", ""Meaning in Life"": ""1"", ""Politeness"": ""1"", ""Wealth"": ""1"", ""National Security"": ""1"", ""Self-Respect"": ""1"", ""Reciprocation of Favors"": ""1"", ""Creativity"": ""1"", ""A World at Peace"": ""1"", ""Respect for Tradition"": ""1"", ""Mature Love"": ""1"", ""Self-Discipline"": ""1"", ""Detachment"": ""1"", ""Family Security"": ""1"", ""Social Recognition"": ""1"", ""Unity With Nature"": ""1"", ""A Varied Life"": ""1"", ""Wisdom"": ""1"", ""Authority"": ""1"", ""True Friendship"": ""1"", ""A World of Beauty"": ""1"", ""Social Justice"": ""1"", ""Independent"": ""1"", ""Moderate"": ""1"", ""Loyal"": ""1"","
236,Pakistan,National Identity,4,"{""Equality"": ""2"", ""Inner Harmony"": ""2"", ""Social Power"": ""4"", ""Pleasure"": ""2"", ""Freedom"": ""2"", ""A Spiritual Life"": ""2"", ""Sense of Belonging"": ""2"", ""Social Order"": ""2"", ""An Exciting Life"": ""2"", ""Meaning in Life"": ""2"", ""Politeness"": ""2"", ""Wealth"": ""4"", ""National Security"": ""2"", ""Self-Respect"": ""2"", ""Reciprocation of Favors"": ""2"", ""Creativity"": ""2"", ""A World at Peace"": ""2"", ""Respect for Tradition"": ""2"", ""Mature Love"": ""2"", ""Self-Discipline"": ""2"", ""Detachment"": ""2"", ""Family Security"": ""2"", ""Social Recognition"": ""2"", ""Unity With Nature"": ""2"", ""A Varied Life"": ""2"", ""Wisdom"": ""2"", ""Authority"": ""4"", ""True Friendship"": ""2"", ""A World of Beauty"": ""2"", ""Social Justice"": ""2"", ""Independent"": ""2"", ""Moderate"": ""2"", ""Loyal"": ""2"","
237,Pakistan,National Identity,5,"{""Equality"": ""3"", ""Inner Harmony"": ""3"", ""Social Power"": ""3"", ""Pleasure"": ""3"", ""Freedom"": ""3"", ""A Spiritual Life"": ""3"", ""Sense of Belonging"": ""3"", ""Social Order"": ""3"", ""An Exciting Life"": ""3"", ""Meaning in Life"": ""3"", ""Politeness"": ""3"", ""Wealth"": ""3"", ""National Security"": ""3"", ""Self-Respect"": ""3"", ""Reciprocation of Favors"": ""3"", ""Creativity"": ""3"", ""A World at Peace"": ""3"", ""Respect for Tradition"": ""3"", ""Mature Love"": ""3"", ""Self-Discipline"": ""3"", ""Detachment"": ""3"", ""Family Security"": ""3"", ""Social Recognition"": ""3"", ""Unity With Nature"": ""3"", ""A Varied Life"": ""3"", ""Wisdom"": ""3"", ""Authority"": ""3"", ""True Friendship"": ""3"", ""A World of Beauty"": ""3"", ""Social Justice"": ""3"", ""Independent"": ""3"", ""Moderate"": ""3"", ""Loyal"": ""3"","
238,Pakistan,National Identity,6,"{""Equality"": ""1"", ""Inner Harmony"": ""1"", ""Social Power"": ""1"", ""Pleasure"": ""1"", ""Freedom"": ""1"", ""A Spiritual Life"": ""1"", ""Sense of Belonging"": ""1"", ""Social Order"": ""1"", ""An Exciting Life"": ""1"", ""Meaning in Life"": ""1"", ""Politeness"": ""1"", ""Wealth"": ""1"", ""National Security"": ""1"", ""Self-Respect"": ""1"", ""Reciprocation of Favors"": ""1"", ""Creativity"": ""1"", ""A World at Peace"": ""1"", ""Respect for Tradition"": ""1"", ""Mature Love"": ""1"", ""Self-Discipline"": ""1"", ""Detachment"": ""1"", ""Family Security"": ""1"", ""Social Recognition"": ""1"", ""Unity With Nature"": ""1"", ""A Varied Life"": ""1"", ""Wisdom"": ""1"", ""Authority"": ""1"", ""True Friendship"": ""1"", ""A World of Beauty"": ""1"", ""Social Justice"": ""1"", ""Independent"": ""1"", ""Moderate"": ""1"", ""Loyal"": ""1"","
239,Pakistan,National Identity,7,"{
""Equality"": ""1"",
""Inner Harmony"": ""1"",
""Social Power"": ""1"",
""Pleasure"": ""1"",
""Freedom"": ""1"",
""A Spiritual Life"": ""1"",
""Sense of Belonging"": ""1"",
""Social Order"": ""1"",
""An Exciting Life"": ""1"",
""Meaning in Life"": ""1"",
""Politeness"": ""1"",
""Wealth"": ""1"",
""National Security"": ""1"",
""Self-Respect"": ""1"",
""Reciprocation of Favors"": ""1"",
""Creativity"": ""1"",
""A World at Peace"": ""1"",
""Respect for Tradition"": ""1"",
""Mature Love"": ""1"",
""Self-Discipline"": ""1"",
""Detachment"": ""1"",
""Family Security"": ""1"",
""Social Recognition"": ""1"",
""Unity With Nature"": ""1"",
""A Varied Life"": ""1"",
""Wisdom"": ""1"",
""Authority"": ""1"",
""True Friendship"": ""1"",
""A World of Beauty"": ""1"",
""Social Justice"": ""1"",
""Independent"": ""1"",
""Moderate"": ""1"",
""Loyal"": ""1"",
""Ambitious"": ""1"","
240,Pakistan,Citizenship,0,"{""Equality"": ""2"", ""Inner Harmony"": ""2"", ""Social Power"": ""4"", ""Pleasure"": ""2"", ""Freedom"": ""2"", ""A Spiritual Life"": ""2"", ""Sense of Belonging"": ""2"", ""Social Order"": ""2"", ""An Exciting Life"": ""2"", ""Meaning in Life"": ""2"", ""Politeness"": ""2"", ""Wealth"": ""4"", ""National Security"": ""2"", ""Self-Respect"": ""2"", ""Reciprocation of Favors"": ""2"", ""Creativity"": ""2"", ""A World at Peace"": ""2"", ""Respect for Tradition"": ""2"", ""Mature Love"": ""2"", ""Self-Discipline"": ""2"", ""Detachment"": ""2"", ""Family Security"": ""2"", ""Social Recognition"": ""2"", ""Unity With Nature"": ""2"", ""A Varied Life"": ""2"", ""Wisdom"": ""2"", ""Authority"": ""4"", ""True Friendship"": ""2"", ""A World of Beauty"": ""2"", ""Social Justice"": ""2"", ""Independent"": ""2"", ""Moderate"": ""2"", ""Loyal"": ""2"","
241,Pakistan,Citizenship,1,"{""Equality"": ""2"", ""Inner Harmony"": ""3"", ""Social Power"": ""4"", ""Pleasure"": ""3"", ""Freedom"": ""2"", ""A Spiritual Life"": ""3"", ""Sense of Belonging"": ""2"", ""Social Order"": ""2"", ""An Exciting Life"": ""3"", ""Meaning in Life"": ""2"", ""Politeness"": ""2"", ""Wealth"": ""3"", ""National Security"": ""2"", ""Self-Respect"": ""2"", ""Reciprocation of Favors"": ""2"", ""Creativity"": ""3"", ""A World at Peace"": ""2"", ""Respect for Tradition"": ""2"", ""Mature Love"": ""3"", ""Self-Discipline"": ""2"", ""Detachment"": ""3"", ""Family Security"": ""2"", ""Social Recognition"": ""2"", ""Unity With Nature"": ""3"", ""A Varied Life"": ""3"", ""Wisdom"": ""2"", ""Authority"": ""4"", ""True Friendship"": ""2"", ""A World of Beauty"": ""2"", ""Social Justice"": ""2"", ""Independent"": ""2"", ""Moderate"": ""2"", ""Loyal"": ""2"","
242,Pakistan,Citizenship,2,"{""Equality"": ""1"", ""Inner Harmony"": ""1"", ""Social Power"": ""1"", ""Pleasure"": ""1"", ""Freedom"": ""1"", ""A Spiritual Life"": ""1"", ""Sense of Belonging"": ""1"", ""Social Order"": ""1"", ""An Exciting Life"": ""1"", ""Meaning in Life"": ""1"", ""Politeness"": ""1"", ""Wealth"": ""1"", ""National Security"": ""1"", ""Self-Respect"": ""1"", ""Reciprocation of Favors"": ""1"", ""Creativity"": ""1"", ""A World at Peace"": ""1"", ""Respect for Tradition"": ""1"", ""Mature Love"": ""1"", ""Self-Discipline"": ""1"", ""Detachment"": ""1"", ""Family Security"": ""1"", ""Social Recognition"": ""1"", ""Unity With Nature"": ""1"", ""A Varied Life"": ""1"", ""Wisdom"": ""1"", ""Authority"": ""1"", ""True Friendship"": ""1"", ""A World of Beauty"": ""1"", ""Social Justice"": ""1"", ""Independent"": ""1"", ""Moderate"": ""1"", ""Loyal"": ""1"","
243,Pakistan,Citizenship,3,"{""Equality"": ""4"", ""Inner Harmony"": ""4"", ""Social Power"": ""4"", ""Pleasure"": ""4"", ""Freedom"": ""4"", ""A Spiritual Life"": ""4"", ""Sense of Belonging"": ""4"", ""Social Order"": ""4"", ""An Exciting Life"": ""4"", ""Meaning in Life"": ""4"", ""Politeness"": ""4"", ""Wealth"": ""4"", ""National Security"": ""4"", ""Self-Respect"": ""4"", ""Reciprocation of Favors"": ""4"", ""Creativity"": ""4"", ""A World at Peace"": ""4"", ""Respect for Tradition"": ""4"", ""Mature Love"": ""4"", ""Self-Discipline"": ""4"", ""Detachment"": ""4"", ""Family Security"": ""4"", ""Social Recognition"": ""4"", ""Unity With Nature"": ""4"", ""A Varied Life"": ""4"", ""Wisdom"": ""4"", ""Authority"": ""4"", ""True Friendship"": ""4"", ""A World of Beauty"": ""4"", ""Social Justice"": ""4"", ""Independent"": ""4"", ""Moderate"": ""4"", ""Loyal"": ""4"","
244,Pakistan,Citizenship,4,"{""Equality"": ""2"", ""Inner Harmony"": ""2"", ""Social Power"": ""4"", ""Pleasure"": ""2"", ""Freedom"": ""2"", ""A Spiritual Life"": ""2"", ""Sense of Belonging"": ""2"", ""Social Order"": ""2"", ""An Exciting Life"": ""2"", ""Meaning in Life"": ""2"", ""Politeness"": ""2"", ""Wealth"": ""2"", ""National Security"": ""2"", ""Self-Respect"": ""2"", ""Reciprocation of Favors"": ""2"", ""Creativity"": ""2"", ""A World at Peace"": ""2"", ""Respect for Tradition"": ""2"", ""Mature Love"": ""2"", ""Self-Discipline"": ""2"", ""Detachment"": ""2"", ""Family Security"": ""2"", ""Social Recognition"": ""2"", ""Unity With Nature"": ""2"", ""A Varied Life"": ""2"", ""Wisdom"": ""2"", ""Authority"": ""4"", ""True Friendship"": ""2"", ""A World of Beauty"": ""2"", ""Social Justice"": ""2"", ""Independent"": ""2"", ""Moderate"": ""2"", ""Loyal"": ""2"","
245,Pakistan,Citizenship,5,"{""Equality"": ""2"", ""Inner Harmony"": ""2"", ""Social Power"": ""4"", ""Pleasure"": ""2"", ""Freedom"": ""2"", ""A Spiritual Life"": ""2"", ""Sense of Belonging"": ""2"", ""Social Order"": ""2"", ""An Exciting Life"": ""2"", ""Meaning in Life"": ""2"", ""Politeness"": ""2"", ""Wealth"": ""2"", ""National Security"": ""2"", ""Self-Respect"": ""2"", ""Reciprocation of Favors"": ""2"", ""Creativity"": ""2"", ""A World at Peace"": ""2"", ""Respect for Tradition"": ""2"", ""Mature Love"": ""2"", ""Self-Discipline"": ""2"", ""Detachment"": ""2"", ""Family Security"": ""2"", ""Social Recognition"": ""2"", ""Unity With Nature"": ""2"", ""A Varied Life"": ""2"", ""Wisdom"": ""2"", ""Authority"": ""4"", ""True Friendship"": ""2"", ""A World of Beauty"": ""2"", ""Social Justice"": ""2"", ""Independent"": ""2"", ""Moderate"": ""2"", ""Loyal"": ""2"","
246,Pakistan,Citizenship,6,"{""Equality"": ""1"", ""Inner Harmony"": ""1"", ""Social Power"": ""1"", ""Pleasure"": ""1"", ""Freedom"": ""1"", ""A Spiritual Life"": ""1"", ""Sense of Belonging"": ""1"", ""Social Order"": ""1"", ""An Exciting Life"": ""1"", ""Meaning in Life"": ""1"", ""Politeness"": ""1"", ""Wealth"": ""1"", ""National Security"": ""1"", ""Self-Respect"": ""1"", ""Reciprocation of Favors"": ""1"", ""Creativity"": ""1"", ""A World at Peace"": ""1"", ""Respect for Tradition"": ""1"", ""Mature Love"": ""1"", ""Self-Discipline"": ""1"", ""Detachment"": ""1"", ""Family Security"": ""1"", ""Social Recognition"": ""1"", ""Unity With Nature"": ""1"", ""A Varied Life"": ""1"", ""Wisdom"": ""1"", ""Authority"": ""1"", ""True Friendship"": ""1"", ""A World of Beauty"": ""1"", ""Social Justice"": ""1"", ""Independent"": ""1"", ""Moderate"": ""1"", ""Loyal"": ""1"","
247,Pakistan,Citizenship,7,"{""Equality"": ""1"", ""Inner Harmony"": ""1"", ""Social Power"": ""1"", ""Pleasure"": ""1"", ""Freedom"": ""1"", ""A Spiritual Life"": ""1"", ""Sense of Belonging"": ""1"", ""Social Order"": ""1"", ""An Exciting Life"": ""1"", ""Meaning in Life"": ""1"", ""Politeness"": ""1"", ""Wealth"": ""1"", ""National Security"": ""1"", ""Self-Respect"": ""1"", ""Reciprocation of Favors"": ""1"", ""Creativity"": ""1"", ""A World at Peace"": ""1"", ""Respect for Tradition"": ""1"", ""Mature Love"": ""1"", ""Self-Discipline"": ""1"", ""Detachment"": ""1"", ""Family Security"": ""1"", ""Social Recognition"": ""1"", ""Unity With Nature"": ""1"", ""A Varied Life"": ""1"", ""Wisdom"": ""1"", ""Authority"": ""1"", ""True Friendship"": ""1"", ""A World of Beauty"": ""1"", ""Social Justice"": ""1"", ""Independent"": ""1"", ""Moderate"": ""1"", ""Loyal"": ""1"","
248,Pakistan,Leisure Time and Sports,0,"{""Equality"": ""2"", ""Inner Harmony"": ""2"", ""Social Power"": ""4"", ""Pleasure"": ""2"", ""Freedom"": ""2"", ""A Spiritual Life"": ""2"", ""Sense of Belonging"": ""2"", ""Social Order"": ""2"", ""An Exciting Life"": ""2"", ""Meaning in Life"": ""2"", ""Politeness"": ""2"", ""Wealth"": ""4"", ""National Security"": ""2"", ""Self-Respect"": ""2"", ""Reciprocation of Favors"": ""2"", ""Creativity"": ""2"", ""A World at Peace"": ""2"", ""Respect for Tradition"": ""2"", ""Mature Love"": ""2"", ""Self-Discipline"": ""2"", ""Detachment"": ""2"", ""Family Security"": ""2"", ""Social Recognition"": ""2"", ""Unity With Nature"": ""2"", ""A Varied Life"": ""2"", ""Wisdom"": ""2"", ""Authority"": ""4"", ""True Friendship"": ""2"", ""A World of Beauty"": ""2"", ""Social Justice"": ""2"", ""Independent"": ""2"", ""Moderate"": ""2"", ""Loyal"": ""2"","
249,Pakistan,Leisure Time and Sports,1,"{""Equality"": ""3"", ""Inner Harmony"": ""3"", ""Social Power"": ""3"", ""Pleasure"": ""3"", ""Freedom"": ""3"", ""A Spiritual Life"": ""3"", ""Sense of Belonging"": ""3"", ""Social Order"": ""3"", ""An Exciting Life"": ""3"", ""Meaning in Life"": ""3"", ""Politeness"": ""3"", ""Wealth"": ""3"", ""National Security"": ""3"", ""Self-Respect"": ""3"", ""Reciprocation of Favors"": ""3"", ""Creativity"": ""3"", ""A World at Peace"": ""3"", ""Respect for Tradition"": ""3"", ""Mature Love"": ""3"", ""Self-Discipline"": ""3"", ""Detachment"": ""3"", ""Family Security"": ""3"", ""Social Recognition"": ""3"", ""Unity With Nature"": ""3"", ""A Varied Life"": ""3"", ""Wisdom"": ""3"", ""Authority"": ""3"", ""True Friendship"": ""3"", ""A World of Beauty"": ""3"", ""Social Justice"": ""3"", ""Independent"": ""3"", ""Moderate"": ""3"", ""Loyal"": ""3"","
250,Pakistan,Leisure Time and Sports,2,"{""Equality"": ""1"", ""Inner Harmony"": ""1"", ""Social Power"": ""1"", ""Pleasure"": ""1"", ""Freedom"": ""1"", ""A Spiritual Life"": ""1"", ""Sense of Belonging"": ""1"", ""Social Order"": ""1"", ""An Exciting Life"": ""1"", ""Meaning in Life"": ""1"", ""Politeness"": ""1"", ""Wealth"": ""1"", ""National Security"": ""1"", ""Self-Respect"": ""1"", ""Reciprocation of Favors"": ""1"", ""Creativity"": ""1"", ""A World at Peace"": ""1"", ""Respect for Tradition"": ""1"", ""Mature Love"": ""1"", ""Self-Discipline"": ""1"", ""Detachment"": ""1"", ""Family Security"": ""1"", ""Social Recognition"": ""1"", ""Unity With Nature"": ""1"", ""A Varied Life"": ""1"", ""Wisdom"": ""1"", ""Authority"": ""1"", ""True Friendship"": ""1"", ""A World of Beauty"": ""1"", ""Social Justice"": ""1"", ""Independent"": ""1"", ""Moderate"": ""1"", ""Loyal"": ""1"","
251,Pakistan,Leisure Time and Sports,3,"{""Equality"": ""2"", ""Inner Harmony"": ""2"", ""Social Power"": ""2"", ""Pleasure"": ""2"", ""Freedom"": ""2"", ""A Spiritual Life"": ""2"", ""Sense of Belonging"": ""2"", ""Social Order"": ""2"", ""An Exciting Life"": ""2"", ""Meaning in Life"": ""2"", ""Politeness"": ""2"", ""Wealth"": ""2"", ""National Security"": ""2"", ""Self-Respect"": ""2"", ""Reciprocation of Favors"": ""2"", ""Creativity"": ""2"", ""A World at Peace"": ""2"", ""Respect for Tradition"": ""2"", ""Mature Love"": ""2"", ""Self-Discipline"": ""2"", ""Detachment"": ""2"", ""Family Security"": ""2"", ""Social Recognition"": ""2"", ""Unity With Nature"": ""2"", ""A Varied Life"": ""2"", ""Wisdom"": ""2"", ""Authority"": ""2"", ""True Friendship"": ""2"", ""A World of Beauty"": ""2"", ""Social Justice"": ""2"", ""Independent"": ""2"", ""Moderate"": ""2"", ""Loyal"": ""2"","
252,Pakistan,Leisure Time and Sports,4,"{""Equality"": ""2"", ""Inner Harmony"": ""2"", ""Social Power"": ""4"", ""Pleasure"": ""2"", ""Freedom"": ""2"", ""A Spiritual Life"": ""2"", ""Sense of Belonging"": ""2"", ""Social Order"": ""2"", ""An Exciting Life"": ""2"", ""Meaning in Life"": ""2"", ""Politeness"": ""2"", ""Wealth"": ""4"", ""National Security"": ""2"", ""Self-Respect"": ""2"", ""Reciprocation of Favors"": ""2"", ""Creativity"": ""2"", ""A World at Peace"": ""2"", ""Respect for Tradition"": ""2"", ""Mature Love"": ""2"", ""Self-Discipline"": ""2"", ""Detachment"": ""2"", ""Family Security"": ""2"", ""Social Recognition"": ""2"", ""Unity With Nature"": ""2"", ""A Varied Life"": ""2"", ""Wisdom"": ""2"", ""Authority"": ""4"", ""True Friendship"": ""2"", ""A World of Beauty"": ""2"", ""Social Justice"": ""2"", ""Independent"": ""2"", ""Moderate"": ""2"", ""Loyal"": ""2"","
253,Pakistan,Leisure Time and Sports,5,"{""Equality"": ""3"", ""Inner Harmony"": ""3"", ""Social Power"": ""3"", ""Pleasure"": ""3"", ""Freedom"": ""3"", ""A Spiritual Life"": ""3"", ""Sense of Belonging"": ""3"", ""Social Order"": ""3"", ""An Exciting Life"": ""3"", ""Meaning in Life"": ""3"", ""Politeness"": ""3"", ""Wealth"": ""3"", ""National Security"": ""3"", ""Self-Respect"": ""3"", ""Reciprocation of Favors"": ""3"", ""Creativity"": ""3"", ""A World at Peace"": ""3"", ""Respect for Tradition"": ""3"", ""Mature Love"": ""3"", ""Self-Discipline"": ""3"", ""Detachment"": ""3"", ""Family Security"": ""3"", ""Social Recognition"": ""3"", ""Unity With Nature"": ""3"", ""A Varied Life"": ""3"", ""Wisdom"": ""3"", ""Authority"": ""3"", ""True Friendship"": ""3"", ""A World of Beauty"": ""3"", ""Social Justice"": ""3"", ""Independent"": ""3"", ""Moderate"": ""3"", ""Loyal"": ""3"","
254,Pakistan,Leisure Time and Sports,6,"{""Equality"": ""2"", ""Inner Harmony"": ""2"", ""Social Power"": ""2"", ""Pleasure"": ""2"", ""Freedom"": ""2"", ""A Spiritual Life"": ""2"", ""Sense of Belonging"": ""2"", ""Social Order"": ""2"", ""An Exciting Life"": ""2"", ""Meaning in Life"": ""2"", ""Politeness"": ""2"", ""Wealth"": ""2"", ""National Security"": ""2"", ""Self-Respect"": ""2"", ""Reciprocation of Favors"": ""2"", ""Creativity"": ""2"", ""A World at Peace"": ""2"", ""Respect for Tradition"": ""2"", ""Mature Love"": ""2"", ""Self-Discipline"": ""2"", ""Detachment"": ""2"", ""Family Security"": ""2"", ""Social Recognition"": ""2"", ""Unity With Nature"": ""2"", ""A Varied Life"": ""2"", ""Wisdom"": ""2"", ""Authority"": ""2"", ""True Friendship"": ""2"", ""A World of Beauty"": ""2"", ""Social Justice"": ""2"", ""Independent"": ""2"", ""Moderate"": ""2"", ""Loyal"": ""2"","
255,Pakistan,Leisure Time and Sports,7,"{""Equality"": ""1"", ""Inner Harmony"": ""1"", ""Social Power"": ""1"", ""Pleasure"": ""1"", ""Freedom"": ""1"", ""A Spiritual Life"": ""1"", ""Sense of Belonging"": ""1"", ""Social Order"": ""1"", ""An Exciting Life"": ""1"", ""Meaning in Life"": ""1"", ""Politeness"": ""1"", ""Wealth"": ""1"", ""National Security"": ""1"", ""Self-Respect"": ""1"", ""Reciprocation of Favors"": ""1"", ""Creativity"": ""1"", ""A World at Peace"": ""1"", ""Respect for Tradition"": ""1"", ""Mature Love"": ""1"", ""Self-Discipline"": ""1"", ""Detachment"": ""1"", ""Family Security"": ""1"", ""Social Recognition"": ""1"", ""Unity With Nature"": ""1"", ""A Varied Life"": ""1"", ""Wisdom"": ""1"", ""Authority"": ""1"", ""True Friendship"": ""1"", ""A World of Beauty"": ""1"", ""Social Justice"": ""1"", ""Independent"": ""1"", ""Moderate"": ""1"", ""Loyal"": ""1"","
256,Pakistan,Health and Health Care,0,"{""Equality"": ""2"", ""Inner Harmony"": ""2"", ""Social Power"": ""4"", ""Pleasure"": ""2"", ""Freedom"": ""2"", ""A Spiritual Life"": ""2"", ""Sense of Belonging"": ""2"", ""Social Order"": ""2"", ""An Exciting Life"": ""2"", ""Meaning in Life"": ""2"", ""Politeness"": ""2"", ""Wealth"": ""4"", ""National Security"": ""2"", ""Self-Respect"": ""2"", ""Reciprocation of Favors"": ""2"", ""Creativity"": ""2"", ""A World at Peace"": ""2"", ""Respect for Tradition"": ""2"", ""Mature Love"": ""2"", ""Self-Discipline"": ""2"", ""Detachment"": ""2"", ""Family Security"": ""2"", ""Social Recognition"": ""2"", ""Unity With Nature"": ""2"", ""A Varied Life"": ""2"", ""Wisdom"": ""2"", ""Authority"": ""4"", ""True Friendship"": ""2"", ""A World of Beauty"": ""2"", ""Social Justice"": ""2"", ""Independent"": ""2"", ""Moderate"": ""2"", ""Loyal"": ""2"","
257,Pakistan,Health and Health Care,1,"{""Equality"": ""2"", ""Inner Harmony"": ""2"", ""Social Power"": ""4"", ""Pleasure"": ""2"", ""Freedom"": ""2"", ""A Spiritual Life"": ""2"", ""Sense of Belonging"": ""2"", ""Social Order"": ""2"", ""An Exciting Life"": ""2"", ""Meaning in Life"": ""2"", ""Politeness"": ""2"", ""Wealth"": ""4"", ""National Security"": ""2"", ""Self-Respect"": ""2"", ""Reciprocation of Favors"": ""2"", ""Creativity"": ""2"", ""A World at Peace"": ""2"", ""Respect for Tradition"": ""2"", ""Mature Love"": ""2"", ""Self-Discipline"": ""2"", ""Detachment"": ""2"", ""Family Security"": ""2"", ""Social Recognition"": ""2"", ""Unity With Nature"": ""2"", ""A Varied Life"": ""2"", ""Wisdom"": ""2"", ""Authority"": ""4"", ""True Friendship"": ""2"", ""A World of Beauty"": ""2"", ""Social Justice"": ""2"", ""Independent"": ""2"", ""Moderate"": ""2"", ""Loyal"": ""2"","
258,Pakistan,Health and Health Care,2,"{""Equality"": ""1"", ""Inner Harmony"": ""1"", ""Social Power"": ""1"", ""Pleasure"": ""1"", ""Freedom"": ""1"", ""A Spiritual Life"": ""1"", ""Sense of Belonging"": ""1"", ""Social Order"": ""1"", ""An Exciting Life"": ""1"", ""Meaning in Life"": ""1"", ""Politeness"": ""1"", ""Wealth"": ""1"", ""National Security"": ""1"", ""Self-Respect"": ""1"", ""Reciprocation of Favors"": ""1"", ""Creativity"": ""1"", ""A World at Peace"": ""1"", ""Respect for Tradition"": ""1"", ""Mature Love"": ""1"", ""Self-Discipline"": ""1"", ""Detachment"": ""1"", ""Family Security"": ""1"", ""Social Recognition"": ""1"", ""Unity With Nature"": ""1"", ""A Varied Life"": ""1"", ""Wisdom"": ""1"", ""Authority"": ""1"", ""True Friendship"": ""1"", ""A World of Beauty"": ""1"", ""Social Justice"": ""1"", ""Independent"": ""1"", ""Moderate"": ""1"", ""Loyal"": ""1"","
259,Pakistan,Health and Health Care,3,"{""Equality"": ""2"", ""Inner Harmony"": ""2"", ""Social Power"": ""4"", ""Pleasure"": ""2"", ""Freedom"": ""2"", ""A Spiritual Life"": ""2"", ""Sense of Belonging"": ""2"", ""Social Order"": ""2"", ""An Exciting Life"": ""2"", ""Meaning in Life"": ""2"", ""Politeness"": ""2"", ""Wealth"": ""2"", ""National Security"": ""2"", ""Self-Respect"": ""2"", ""Reciprocation of Favors"": ""2"", ""Creativity"": ""2"", ""A World at Peace"": ""2"", ""Respect for Tradition"": ""2"", ""Mature Love"": ""2"", ""Self-Discipline"": ""2"", ""Detachment"": ""2"", ""Family Security"": ""2"", ""Social Recognition"": ""2"", ""Unity With Nature"": ""2"", ""A Varied Life"": ""2"", ""Wisdom"": ""2"", ""Authority"": ""2"", ""True Friendship"": ""2"", ""A World of Beauty"": ""2"", ""Social Justice"": ""2"", ""Independent"": ""2"", ""Moderate"": ""2"", ""Loyal"": ""2"","
260,Pakistan,Health and Health Care,4,"{""Equality"": ""2"", ""Inner Harmony"": ""2"", ""Social Power"": ""4"", ""Pleasure"": ""2"", ""Freedom"": ""2"", ""A Spiritual Life"": ""2"", ""Sense of Belonging"": ""2"", ""Social Order"": ""2"", ""An Exciting Life"": ""2"", ""Meaning in Life"": ""2"", ""Politeness"": ""2"", ""Wealth"": ""2"", ""National Security"": ""2"", ""Self-Respect"": ""2"", ""Reciprocation of Favors"": ""2"", ""Creativity"": ""2"", ""A World at Peace"": ""2"", ""Respect for Tradition"": ""2"", ""Mature Love"": ""2"", ""Self-Discipline"": ""2"", ""Detachment"": ""2"", ""Family Security"": ""2"", ""Social Recognition"": ""2"", ""Unity With Nature"": ""2"", ""A Varied Life"": ""2"", ""Wisdom"": ""2"", ""Authority"": ""4"", ""True Friendship"": ""2"", ""A World of Beauty"": ""2"", ""Social Justice"": ""2"", ""Independent"": ""2"", ""Moderate"": ""2"", ""Loyal"": ""2"","
261,Pakistan,Health and Health Care,5,"{""Equality"": ""3"", ""Inner Harmony"": ""3"", ""Social Power"": ""3"", ""Pleasure"": ""3"", ""Freedom"": ""3"", ""A Spiritual Life"": ""3"", ""Sense of Belonging"": ""3"", ""Social Order"": ""3"", ""An Exciting Life"": ""3"", ""Meaning in Life"": ""3"", ""Politeness"": ""3"", ""Wealth"": ""3"", ""National Security"": ""3"", ""Self-Respect"": ""3"", ""Reciprocation of Favors"": ""3"", ""Creativity"": ""3"", ""A World at Peace"": ""3"", ""Respect for Tradition"": ""3"", ""Mature Love"": ""3"", ""Self-Discipline"": ""3"", ""Detachment"": ""3"", ""Family Security"": ""3"", ""Social Recognition"": ""3"", ""Unity With Nature"": ""3"", ""A Varied Life"": ""3"", ""Wisdom"": ""3"", ""Authority"": ""3"", ""True Friendship"": ""3"", ""A World of Beauty"": ""3"", ""Social Justice"": ""3"", ""Independent"": ""3"", ""Moderate"": ""3"", ""Loyal"": ""3"","
262,Pakistan,Health and Health Care,6,"{""Equality"": ""2"", ""Inner Harmony"": ""2"", ""Social Power"": ""2"", ""Pleasure"": ""2"", ""Freedom"": ""2"", ""A Spiritual Life"": ""2"", ""Sense of Belonging"": ""2"", ""Social Order"": ""2"", ""An Exciting Life"": ""2"", ""Meaning in Life"": ""2"", ""Politeness"": ""2"", ""Wealth"": ""2"", ""National Security"": ""2"", ""Self-Respect"": ""2"", ""Reciprocation of Favors"": ""2"", ""Creativity"": ""2"", ""A World at Peace"": ""2"", ""Respect for Tradition"": ""2"", ""Mature Love"": ""2"", ""Self-Discipline"": ""2"", ""Detachment"": ""2"", ""Family Security"": ""2"", ""Social Recognition"": ""2"", ""Unity With Nature"": ""2"", ""A Varied Life"": ""2"", ""Wisdom"": ""2"", ""Authority"": ""2"", ""True Friendship"": ""2"", ""A World of Beauty"": ""2"", ""Social Justice"": ""2"", ""Independent"": ""2"", ""Moderate"": ""2"", ""Loyal"": ""2"","
263,Pakistan,Health and Health Care,7,"{""Equality"": ""4"", ""Inner Harmony"": ""4"", ""Social Power"": ""4"", ""Pleasure"": ""4"", ""Freedom"": ""4"", ""A Spiritual Life"": ""4"", ""Sense of Belonging"": ""4"", ""Social Order"": ""4"", ""An Exciting Life"": ""4"", ""Meaning in Life"": ""4"", ""Politeness"": ""4"", ""Wealth"": ""4"", ""National Security"": ""4"", ""Self-Respect"": ""4"", ""Reciprocation of Favors"": ""4"", ""Creativity"": ""4"", ""A World at Peace"": ""4"", ""Respect for Tradition"": ""4"", ""Mature Love"": ""4"", ""Self-Discipline"": ""4"", ""Detachment"": ""4"", ""Family Security"": ""4"", ""Social Recognition"": ""4"", ""Unity With Nature"": ""4"", ""A Varied Life"": ""4"", ""Wisdom"": ""4"", ""Authority"": ""4"", ""True Friendship"": ""4"", ""A World of Beauty"": ""4"", ""Social Justice"": ""4"", ""Independent"": ""4"", ""Moderate"": ""4"", ""Loyal"": ""4"","
264,Nigeria,Politics,0,"{""Equality"": ""2"", ""Inner Harmony"": ""2"", ""Social Power"": ""4"", ""Pleasure"": ""2"", ""Freedom"": ""2"", ""A Spiritual Life"": ""2"", ""Sense of Belonging"": ""2"", ""Social Order"": ""2"", ""An Exciting Life"": ""2"", ""Meaning in Life"": ""2"", ""Politeness"": ""2"", ""Wealth"": ""4"", ""National Security"": ""2"", ""Self-Respect"": ""2"", ""Reciprocation of Favors"": ""2"", ""Creativity"": ""2"", ""A World at Peace"": ""2"", ""Respect for Tradition"": ""2"", ""Mature Love"": ""2"", ""Self-Discipline"": ""2"", ""Detachment"": ""2"", ""Family Security"": ""2"", ""Social Recognition"": ""2"", ""Unity With Nature"": ""2"", ""A Varied Life"": ""2"", ""Wisdom"": ""2"", ""Authority"": ""4"", ""True Friendship"": ""2"", ""A World of Beauty"": ""2"", ""Social Justice"": ""2"", ""Independent"": ""2"", ""Moderate"": ""2"", ""Loyal"": ""2"","
265,Nigeria,Politics,1,"{""Equality"": ""2"", ""Inner Harmony"": ""2"", ""Social Power"": ""4"", ""Pleasure"": ""2"", ""Freedom"": ""2"", ""A Spiritual Life"": ""2"", ""Sense of Belonging"": ""2"", ""Social Order"": ""2"", ""An Exciting Life"": ""2"", ""Meaning in Life"": ""2"", ""Politeness"": ""2"", ""Wealth"": ""2"", ""National Security"": ""2"", ""Self-Respect"": ""2"", ""Reciprocation of Favors"": ""2"", ""Creativity"": ""2"", ""A World at Peace"": ""2"", ""Respect for Tradition"": ""2"", ""Mature Love"": ""2"", ""Self-Discipline"": ""2"", ""Detachment"": ""2"", ""Family Security"": ""2"", ""Social Recognition"": ""2"", ""Unity With Nature"": ""2"", ""A Varied Life"": ""2"", ""Wisdom"": ""2"", ""Authority"": ""4"", ""True Friendship"": ""2"", ""A World of Beauty"": ""2"", ""Social Justice"": ""2"", ""Independent"": ""2"", ""Moderate"": ""2"", ""Loyal"": ""2"","
266,Nigeria,Politics,2,"{""Equality"": ""1"", ""Inner Harmony"": ""1"", ""Social Power"": ""1"", ""Pleasure"": ""1"", ""Freedom"": ""1"", ""A Spiritual Life"": ""1"", ""Sense of Belonging"": ""1"", ""Social Order"": ""1"", ""An Exciting Life"": ""1"", ""Meaning in Life"": ""1"", ""Politeness"": ""1"", ""Wealth"": ""1"", ""National Security"": ""1"", ""Self-Respect"": ""1"", ""Reciprocation of Favors"": ""1"", ""Creativity"": ""1"", ""A World at Peace"": ""1"", ""Respect for Tradition"": ""1"", ""Mature Love"": ""1"", ""Self-Discipline"": ""1"", ""Detachment"": ""1"", ""Family Security"": ""1"", ""Social Recognition"": ""1"", ""Unity With Nature"": ""1"", ""A Varied Life"": ""1"", ""Wisdom"": ""1"", ""Authority"": ""1"", ""True Friendship"": ""1"", ""A World of Beauty"": ""1"", ""Social Justice"": ""1"", ""Independent"": ""1"", ""Moderate"": ""1"", ""Loyal"": ""1"","
267,Nigeria,Politics,3,"{""Equality"": ""1"", ""Inner Harmony"": ""2"", ""Social Power"": ""4"", ""Pleasure"": ""4"", ""Freedom"": ""4"", ""A Spiritual Life"": ""4"", ""Sense of Belonging"": ""4"", ""Social Order"": ""4"", ""An Exciting Life"": ""4"", ""Meaning in Life"": ""4"", ""Politeness"": ""4"", ""Wealth"": ""4"", ""National Security"": ""4"", ""Self-Respect"": ""4"", ""Reciprocation of Favors"": ""4"", ""Creativity"": ""4"", ""A World at Peace"": ""4"", ""Respect for Tradition"": ""4"", ""Mature Love"": ""4"", ""Self-Discipline"": ""4"", ""Detachment"": ""4"", ""Family Security"": ""4"", ""Social Recognition"": ""4"", ""Unity With Nature"": ""4"", ""A Varied Life"": ""4"", ""Wisdom"": ""4"", ""Authority"": ""4"", ""True Friendship"": ""4"", ""A World of Beauty"": ""4"", ""Social Justice"": ""4"", ""Independent"": ""4"", ""Moderate"": ""4"", ""Loyal"": ""4"","
268,Nigeria,Politics,4,"{""Equality"": ""2"", ""Inner Harmony"": ""2"", ""Social Power"": ""4"", ""Pleasure"": ""2"", ""Freedom"": ""2"", ""A Spiritual Life"": ""2"", ""Sense of Belonging"": ""2"", ""Social Order"": ""2"", ""An Exciting Life"": ""2"", ""Meaning in Life"": ""2"", ""Politeness"": ""2"", ""Wealth"": ""4"", ""National Security"": ""2"", ""Self-Respect"": ""2"", ""Reciprocation of Favors"": ""2"", ""Creativity"": ""2"", ""A World at Peace"": ""2"", ""Respect for Tradition"": ""2"", ""Mature Love"": ""2"", ""Self-Discipline"": ""2"", ""Detachment"": ""2"", ""Family Security"": ""2"", ""Social Recognition"": ""2"", ""Unity With Nature"": ""2"", ""A Varied Life"": ""2"", ""Wisdom"": ""2"", ""Authority"": ""4"", ""True Friendship"": ""2"", ""A World of Beauty"": ""2"", ""Social Justice"": ""2"", ""Independent"": ""2"", ""Moderate"": ""2"", ""Loyal"": ""2"","
269,Nigeria,Politics,5,"{""Equality"": ""2"", ""Inner Harmony"": ""2"", ""Social Power"": ""4"", ""Pleasure"": ""2"", ""Freedom"": ""2"", ""A Spiritual Life"": ""2"", ""Sense of Belonging"": ""2"", ""Social Order"": ""2"", ""An Exciting Life"": ""2"", ""Meaning in Life"": ""2"", ""Politeness"": ""2"", ""Wealth"": ""2"", ""National Security"": ""2"", ""Self-Respect"": ""2"", ""Reciprocation of Favors"": ""2"", ""Creativity"": ""2"", ""A World at Peace"": ""2"", ""Respect for Tradition"": ""2"", ""Mature Love"": ""2"", ""Self-Discipline"": ""2"", ""Detachment"": ""2"", ""Family Security"": ""2"", ""Social Recognition"": ""2"", ""Unity With Nature"": ""2"", ""A Varied Life"": ""2"", ""Wisdom"": ""2"", ""Authority"": ""4"", ""True Friendship"": ""2"", ""A World of Beauty"": ""2"", ""Social Justice"": ""2"", ""Independent"": ""2"", ""Moderate"": ""2"", ""Loyal"": ""2"","
270,Nigeria,Politics,6,"{""Equality"": ""2"", ""Inner Harmony"": ""2"", ""Social Power"": ""2"", ""Pleasure"": ""2"", ""Freedom"": ""2"", ""A Spiritual Life"": ""2"", ""Sense of Belonging"": ""2"", ""Social Order"": ""2"", ""An Exciting Life"": ""2"", ""Meaning in Life"": ""2"", ""Politeness"": ""2"", ""Wealth"": ""2"", ""National Security"": ""2"", ""Self-Respect"": ""2"", ""Reciprocation of Favors"": ""2"", ""Creativity"": ""2"", ""A World at Peace"": ""2"", ""Respect for Tradition"": ""2"", ""Mature Love"": ""2"", ""Self-Discipline"": ""2"", ""Detachment"": ""2"", ""Family Security"": ""2"", ""Social Recognition"": ""2"", ""Unity With Nature"": ""2"", ""A Varied Life"": ""2"", ""Wisdom"": ""2"", ""Authority"": ""2"", ""True Friendship"": ""2"", ""A World of Beauty"": ""2"", ""Social Justice"": ""2"", ""Independent"": ""2"", ""Moderate"": ""2"", ""Loyal"": ""2"","
271,Nigeria,Politics,7,"{""Equality"": ""1"", ""Inner Harmony"": ""1"", ""Social Power"": ""1"", ""Pleasure"": ""1"", ""Freedom"": ""1"", ""A Spiritual Life"": ""1"", ""Sense of Belonging"": ""1"", ""Social Order"": ""1"", ""An Exciting Life"": ""1"", ""Meaning in Life"": ""1"", ""Politeness"": ""1"", ""Wealth"": ""1"", ""National Security"": ""1"", ""Self-Respect"": ""1"", ""Reciprocation of Favors"": ""1"", ""Creativity"": ""1"", ""A World at Peace"": ""1"", ""Respect for Tradition"": ""1"", ""Mature Love"": ""1"", ""Self-Discipline"": ""1"", ""Detachment"": ""1"", ""Family Security"": ""1"", ""Social Recognition"": ""1"", ""Unity With Nature"": ""1"", ""A Varied Life"": ""1"", ""Wisdom"": ""1"", ""Authority"": ""1"", ""True Friendship"": ""1"", ""A World of Beauty"": ""1"", ""Social Justice"": ""1"", ""Independent"": ""1"", ""Moderate"": ""1"", ""Loyal"": ""1"","
272,Nigeria,Social Networks,0,"{""Equality"": ""2"", ""Inner Harmony"": ""2"", ""Social Power"": ""4"", ""Pleasure"": ""2"", ""Freedom"": ""2"", ""A Spiritual Life"": ""2"", ""Sense of Belonging"": ""2"", ""Social Order"": ""2"", ""An Exciting Life"": ""2"", ""Meaning in Life"": ""2"", ""Politeness"": ""2"", ""Wealth"": ""4"", ""National Security"": ""2"", ""Self-Respect"": ""2"", ""Reciprocation of Favors"": ""2"", ""Creativity"": ""2"", ""A World at Peace"": ""2"", ""Respect for Tradition"": ""2"", ""Mature Love"": ""2"", ""Self-Discipline"": ""2"", ""Detachment"": ""2"", ""Family Security"": ""2"", ""Social Recognition"": ""2"", ""Unity With Nature"": ""2"", ""A Varied Life"": ""2"", ""Wisdom"": ""2"", ""Authority"": ""4"", ""True Friendship"": ""2"", ""A World of Beauty"": ""2"", ""Social Justice"": ""2"", ""Independent"": ""2"", ""Moderate"": ""2"", ""Loyal"": ""2"","
273,Nigeria,Social Networks,1,"{""Equality"": ""3"", ""Inner Harmony"": ""3"", ""Social Power"": ""3"", ""Pleasure"": ""3"", ""Freedom"": ""3"", ""A Spiritual Life"": ""3"", ""Sense of Belonging"": ""3"", ""Social Order"": ""3"", ""An Exciting Life"": ""3"", ""Meaning in Life"": ""3"", ""Politeness"": ""3"", ""Wealth"": ""3"", ""National Security"": ""3"", ""Self-Respect"": ""3"", ""Reciprocation of Favors"": ""3"", ""Creativity"": ""3"", ""A World at Peace"": ""3"", ""Respect for Tradition"": ""3"", ""Mature Love"": ""3"", ""Self-Discipline"": ""3"", ""Detachment"": ""3"", ""Family Security"": ""3"", ""Social Recognition"": ""3"", ""Unity With Nature"": ""3"", ""A Varied Life"": ""3"", ""Wisdom"": ""3"", ""Authority"": ""3"", ""True Friendship"": ""3"", ""A World of Beauty"": ""3"", ""Social Justice"": ""3"", ""Independent"": ""3"", ""Moderate"": ""3"", ""Loyal"": ""3"","
274,Nigeria,Social Networks,2,"{""Equality"": ""1"", ""Inner Harmony"": ""1"", ""Social Power"": ""1"", ""Pleasure"": ""1"", ""Freedom"": ""1"", ""A Spiritual Life"": ""1"", ""Sense of Belonging"": ""1"", ""Social Order"": ""1"", ""An Exciting Life"": ""1"", ""Meaning in Life"": ""1"", ""Politeness"": ""1"", ""Wealth"": ""1"", ""National Security"": ""1"", ""Self-Respect"": ""1"", ""Reciprocation of Favors"": ""1"", ""Creativity"": ""1"", ""A World at Peace"": ""1"", ""Respect for Tradition"": ""1"", ""Mature Love"": ""1"", ""Self-Discipline"": ""1"", ""Detachment"": ""1"", ""Family Security"": ""1"", ""Social Recognition"": ""1"", ""Unity With Nature"": ""1"", ""A Varied Life"": ""1"", ""Wisdom"": ""1"", ""Authority"": ""1"", ""True Friendship"": ""1"", ""A World of Beauty"": ""1"", ""Social Justice"": ""1"", ""Independent"": ""1"", ""Moderate"": ""1"", ""Loyal"": ""1"","
275,Nigeria,Social Networks,3,"{""Equality"": ""1"", ""Inner Harmony"": ""1"", ""Social Power"": ""1"", ""Pleasure"": ""1"", ""Freedom"": ""1"", ""A Spiritual Life"": ""1"", ""Sense of Belonging"": ""1"", ""Social Order"": ""1"", ""An Exciting Life"": ""1"", ""Meaning in Life"": ""1"", ""Politeness"": ""1"", ""Wealth"": ""1"", ""National Security"": ""1"", ""Self-Respect"": ""1"", ""Reciprocation of Favors"": ""1"", ""Creativity"": ""1"", ""A World at Peace"": ""1"", ""Respect for Tradition"": ""1"", ""Mature Love"": ""1"", ""Self-Discipline"": ""1"", ""Detachment"": ""1"", ""Family Security"": ""1"", ""Social Recognition"": ""1"", ""Unity With Nature"": ""1"", ""A Varied Life"": ""1"", ""Wisdom"": ""1"", ""Authority"": ""1"", ""True Friendship"": ""1"", ""A World of Beauty"": ""1"", ""Social Justice"": ""1"", ""Independent"": ""1"", ""Moderate"": ""1"", ""Loyal"": ""1"","
276,Nigeria,Social Networks,4,"{""Equality"": ""2"", ""Inner Harmony"": ""2"", ""Social Power"": ""4"", ""Pleasure"": ""2"", ""Freedom"": ""2"", ""A Spiritual Life"": ""2"", ""Sense of Belonging"": ""2"", ""Social Order"": ""2"", ""An Exciting Life"": ""2"", ""Meaning in Life"": ""2"", ""Politeness"": ""2"", ""Wealth"": ""4"", ""National Security"": ""2"", ""Self-Respect"": ""2"", ""Reciprocation of Favors"": ""2"", ""Creativity"": ""2"", ""A World at Peace"": ""2"", ""Respect for Tradition"": ""2"", ""Mature Love"": ""2"", ""Self-Discipline"": ""2"", ""Detachment"": ""2"", ""Family Security"": ""2"", ""Social Recognition"": ""2"", ""Unity With Nature"": ""2"", ""A Varied Life"": ""2"", ""Wisdom"": ""2"", ""Authority"": ""4"", ""True Friendship"": ""2"", ""A World of Beauty"": ""2"", ""Social Justice"": ""2"", ""Independent"": ""2"", ""Moderate"": ""2"", ""Loyal"": ""2"","
277,Nigeria,Social Networks,5,"{""Equality"": ""3"", ""Inner Harmony"": ""3"", ""Social Power"": ""3"", ""Pleasure"": ""3"", ""Freedom"": ""3"", ""A Spiritual Life"": ""3"", ""Sense of Belonging"": ""3"", ""Social Order"": ""3"", ""An Exciting Life"": ""3"", ""Meaning in Life"": ""3"", ""Politeness"": ""3"", ""Wealth"": ""3"", ""National Security"": ""3"", ""Self-Respect"": ""3"", ""Reciprocation of Favors"": ""3"", ""Creativity"": ""3"", ""A World at Peace"": ""3"", ""Respect for Tradition"": ""3"", ""Mature Love"": ""3"", ""Self-Discipline"": ""3"", ""Detachment"": ""3"", ""Family Security"": ""3"", ""Social Recognition"": ""3"", ""Unity With Nature"": ""3"", ""A Varied Life"": ""3"", ""Wisdom"": ""3"", ""Authority"": ""3"", ""True Friendship"": ""3"", ""A World of Beauty"": ""3"", ""Social Justice"": ""3"", ""Independent"": ""3"", ""Moderate"": ""3"", ""Loyal"": ""3"","
278,Nigeria,Social Networks,6,"{""Equality"": ""2"", ""Inner Harmony"": ""2"", ""Social Power"": ""2"", ""Pleasure"": ""2"", ""Freedom"": ""2"", ""A Spiritual Life"": ""2"", ""Sense of Belonging"": ""2"", ""Social Order"": ""2"", ""An Exciting Life"": ""2"", ""Meaning in Life"": ""2"", ""Politeness"": ""2"", ""Wealth"": ""2"", ""National Security"": ""2"", ""Self-Respect"": ""2"", ""Reciprocation of Favors"": ""2"", ""Creativity"": ""2"", ""A World at Peace"": ""2"", ""Respect for Tradition"": ""2"", ""Mature Love"": ""2"", ""Self-Discipline"": ""2"", ""Detachment"": ""2"", ""Family Security"": ""2"", ""Social Recognition"": ""2"", ""Unity With Nature"": ""2"", ""A Varied Life"": ""2"", ""Wisdom"": ""2"", ""Authority"": ""2"", ""True Friendship"": ""2"", ""A World of Beauty"": ""2"", ""Social Justice"": ""2"", ""Independent"": ""2"", ""Moderate"": ""2"", ""Loyal"": ""2"","
279,Nigeria,Social Networks,7,"{""Equality"": ""1"", ""Inner Harmony"": ""1"", ""Social Power"": ""4"", ""Pleasure"": ""1"", ""Freedom"": ""1"", ""A Spiritual Life"": ""1"", ""Sense of Belonging"": ""1"", ""Social Order"": ""1"", ""An Exciting Life"": ""1"", ""Meaning in Life"": ""1"", ""Politeness"": ""1"", ""Wealth"": ""4"", ""National Security"": ""1"", ""Self-Respect"": ""1"", ""Reciprocation of Favors"": ""1"", ""Creativity"": ""1"", ""A World at Peace"": ""1"", ""Respect for Tradition"": ""1"", ""Mature Love"": ""1"", ""Self-Discipline"": ""1"", ""Detachment"": ""1"", ""Family Security"": ""1"", ""Social Recognition"": ""1"", ""Unity With Nature"": ""1"", ""A Varied Life"": ""1"", ""Wisdom"": ""1"", ""Authority"": ""4"", ""True Friendship"": ""1"", ""A World of Beauty"": ""1"", ""Social Justice"": ""1"", ""Independent"": ""1"", ""Moderate"": ""1"", ""Loyal"": ""1"","
280,Nigeria,Social Inequality,0,"{""Equality"": ""2"", ""Inner Harmony"": ""2"", ""Social Power"": ""4"", ""Pleasure"": ""2"", ""Freedom"": ""2"", ""A Spiritual Life"": ""2"", ""Sense of Belonging"": ""2"", ""Social Order"": ""2"", ""An Exciting Life"": ""2"", ""Meaning in Life"": ""2"", ""Politeness"": ""2"", ""Wealth"": ""4"", ""National Security"": ""2"", ""Self-Respect"": ""2"", ""Reciprocation of Favors"": ""2"", ""Creativity"": ""2"", ""A World at Peace"": ""2"", ""Respect for Tradition"": ""2"", ""Mature Love"": ""2"", ""Self-Discipline"": ""2"", ""Detachment"": ""2"", ""Family Security"": ""2"", ""Social Recognition"": ""2"", ""Unity With Nature"": ""2"", ""A Varied Life"": ""2"", ""Wisdom"": ""2"", ""Authority"": ""4"", ""True Friendship"": ""2"", ""A World of Beauty"": ""2"", ""Social Justice"": ""2"", ""Independent"": ""2"", ""Moderate"": ""2"", ""Loyal"": ""2"","
281,Nigeria,Social Inequality,1,"{""Equality"": ""2"", ""Inner Harmony"": ""2"", ""Social Power"": ""4"", ""Pleasure"": ""2"", ""Freedom"": ""2"", ""A Spiritual Life"": ""2"", ""Sense of Belonging"": ""2"", ""Social Order"": ""2"", ""An Exciting Life"": ""2"", ""Meaning in Life"": ""2"", ""Politeness"": ""2"", ""Wealth"": ""2"", ""National Security"": ""2"", ""Self-Respect"": ""2"", ""Reciprocation of Favors"": ""2"", ""Creativity"": ""2"", ""A World at Peace"": ""2"", ""Respect for Tradition"": ""2"", ""Mature Love"": ""2"", ""Self-Discipline"": ""2"", ""Detachment"": ""2"", ""Family Security"": ""2"", ""Social Recognition"": ""2"", ""Unity With Nature"": ""2"", ""A Varied Life"": ""2"", ""Wisdom"": ""2"", ""Authority"": ""4"", ""True Friendship"": ""2"", ""A World of Beauty"": ""2"", ""Social Justice"": ""2"", ""Independent"": ""2"", ""Moderate"": ""2"", ""Loyal"": ""2"","
282,Nigeria,Social Inequality,2,"{""Equality"": ""1"", ""Inner Harmony"": ""1"", ""Social Power"": ""1"", ""Pleasure"": ""1"", ""Freedom"": ""1"", ""A Spiritual Life"": ""1"", ""Sense of Belonging"": ""1"", ""Social Order"": ""1"", ""An Exciting Life"": ""1"", ""Meaning in Life"": ""1"", ""Politeness"": ""1"", ""Wealth"": ""1"", ""National Security"": ""1"", ""Self-Respect"": ""1"", ""Reciprocation of Favors"": ""1"", ""Creativity"": ""1"", ""A World at Peace"": ""1"", ""Respect for Tradition"": ""1"", ""Mature Love"": ""1"", ""Self-Discipline"": ""1"", ""Detachment"": ""1"", ""Family Security"": ""1"", ""Social Recognition"": ""1"", ""Unity With Nature"": ""1"", ""A Varied Life"": ""1"", ""Wisdom"": ""1"", ""Authority"": ""1"", ""True Friendship"": ""1"", ""A World of Beauty"": ""1"", ""Social Justice"": ""1"", ""Independent"": ""1"", ""Moderate"": ""1"", ""Loyal"": ""1"","
283,Nigeria,Social Inequality,3,"{""Equality"": ""4"", ""Inner Harmony"": ""4"", ""Social Power"": ""4"", ""Pleasure"": ""4"", ""Freedom"": ""4"", ""A Spiritual Life"": ""4"", ""Sense of Belonging"": ""4"", ""Social Order"": ""4"", ""An Exciting Life"": ""4"", ""Meaning in Life"": ""4"", ""Politeness"": ""4"", ""Wealth"": ""4"", ""National Security"": ""4"", ""Self-Respect"": ""4"", ""Reciprocation of Favors"": ""4"", ""Creativity"": ""4"", ""A World at Peace"": ""4"", ""Respect for Tradition"": ""4"", ""Mature Love"": ""4"", ""Self-Discipline"": ""4"", ""Detachment"": ""4"", ""Family Security"": ""4"", ""Social Recognition"": ""4"", ""Unity With Nature"": ""4"", ""A Varied Life"": ""4"", ""Wisdom"": ""4"", ""Authority"": ""4"", ""True Friendship"": ""4"", ""A World of Beauty"": ""4"", ""Social Justice"": ""4"", ""Independent"": ""4"", ""Moderate"": ""4"", ""Loyal"": ""4"","
284,Nigeria,Social Inequality,4,"{""Equality"": ""2"", ""Inner Harmony"": ""2"", ""Social Power"": ""4"", ""Pleasure"": ""2"", ""Freedom"": ""2"", ""A Spiritual Life"": ""2"", ""Sense of Belonging"": ""2"", ""Social Order"": ""2"", ""An Exciting Life"": ""2"", ""Meaning in Life"": ""2"", ""Politeness"": ""2"", ""Wealth"": ""4"", ""National Security"": ""2"", ""Self-Respect"": ""2"", ""Reciprocation of Favors"": ""2"", ""Creativity"": ""2"", ""A World at Peace"": ""2"", ""Respect for Tradition"": ""2"", ""Mature Love"": ""2"", ""Self-Discipline"": ""2"", ""Detachment"": ""2"", ""Family Security"": ""2"", ""Social Recognition"": ""2"", ""Unity With Nature"": ""2"", ""A Varied Life"": ""2"", ""Wisdom"": ""2"", ""Authority"": ""4"", ""True Friendship"": ""2"", ""A World of Beauty"": ""2"", ""Social Justice"": ""2"", ""Independent"": ""2"", ""Moderate"": ""2"", ""Loyal"": ""2"","
285,Nigeria,Social Inequality,5,"{""Equality"": ""2"", ""Inner Harmony"": ""2"", ""Social Power"": ""4"", ""Pleasure"": ""2"", ""Freedom"": ""2"", ""A Spiritual Life"": ""2"", ""Sense of Belonging"": ""2"", ""Social Order"": ""2"", ""An Exciting Life"": ""2"", ""Meaning in Life"": ""2"", ""Politeness"": ""2"", ""Wealth"": ""2"", ""National Security"": ""2"", ""Self-Respect"": ""2"", ""Reciprocation of Favors"": ""2"", ""Creativity"": ""2"", ""A World at Peace"": ""2"", ""Respect for Tradition"": ""2"", ""Mature Love"": ""2"", ""Self-Discipline"": ""2"", ""Detachment"": ""2"", ""Family Security"": ""2"", ""Social Recognition"": ""2"", ""Unity With Nature"": ""2"", ""A Varied Life"": ""2"", ""Wisdom"": ""2"", ""Authority"": ""4"", ""True Friendship"": ""2"", ""A World of Beauty"": ""2"", ""Social Justice"": ""2"", ""Independent"": ""2"", ""Moderate"": ""2"", ""Loyal"": ""2"","
286,Nigeria,Social Inequality,6,"{""Equality"": ""2"", ""Inner Harmony"": ""2"", ""Social Power"": ""4"", ""Pleasure"": ""2"", ""Freedom"": ""2"", ""A Spiritual Life"": ""2"", ""Sense of Belonging"": ""2"", ""Social Order"": ""2"", ""An Exciting Life"": ""2"", ""Meaning in Life"": ""2"", ""Politeness"": ""2"", ""Wealth"": ""2"", ""National Security"": ""2"", ""Self-Respect"": ""2"", ""Reciprocation of Favors"": ""2"", ""Creativity"": ""2"", ""A World at Peace"": ""2"", ""Respect for Tradition"": ""2"", ""Mature Love"": ""2"", ""Self-Discipline"": ""2"", ""Detachment"": ""2"", ""Family Security"": ""2"", ""Social Recognition"": ""2"", ""Unity With Nature"": ""2"", ""A Varied Life"": ""2"", ""Wisdom"": ""2"", ""Authority"": ""2"", ""True Friendship"": ""2"", ""A World of Beauty"": ""2"", ""Social Justice"": ""2"", ""Independent"": ""2"", ""Moderate"": ""2"", ""Loyal"": ""2"","
287,Nigeria,Social Inequality,7,"{""Equality"": ""4"", ""Inner Harmony"": ""4"", ""Social Power"": ""4"", ""Pleasure"": ""4"", ""Freedom"": ""4"", ""A Spiritual Life"": ""4"", ""Sense of Belonging"": ""4"", ""Social Order"": ""4"", ""An Exciting Life"": ""4"", ""Meaning in Life"": ""4"", ""Politeness"": ""4"", ""Wealth"": ""4"", ""National Security"": ""4"", ""Self-Respect"": ""4"", ""Reciprocation of Favors"": ""4"", ""Creativity"": ""4"", ""A World at Peace"": ""4"", ""Respect for Tradition"": ""4"", ""Mature Love"": ""4"", ""Self-Discipline"": ""4"", ""Detachment"": ""4"", ""Family Security"": ""4"", ""Social Recognition"": ""4"", ""Unity With Nature"": ""4"", ""A Varied Life"": ""4"", ""Wisdom"": ""4"", ""Authority"": ""4"", ""True Friendship"": ""4"", ""A World of Beauty"": ""4"", ""Social Justice"": ""4"", ""Independent"": ""4"", ""Moderate"": ""4"", ""Loyal"": ""4"","
288,Nigeria,Family & Changing Gender Roles,0,"{""Equality"": ""2"", ""Inner Harmony"": ""2"", ""Social Power"": ""4"", ""Pleasure"": ""2"", ""Freedom"": ""2"", ""A Spiritual Life"": ""2"", ""Sense of Belonging"": ""2"", ""Social Order"": ""2"", ""An Exciting Life"": ""2"", ""Meaning in Life"": ""2"", ""Politeness"": ""2"", ""Wealth"": ""2"", ""National Security"": ""2"", ""Self-Respect"": ""2"", ""Reciprocation of Favors"": ""2"", ""Creativity"": ""2"", ""A World at Peace"": ""2"", ""Respect for Tradition"": ""2"", ""Mature Love"": ""2"", ""Self-Discipline"": ""2"", ""Detachment"": ""2"", ""Family Security"": ""2"", ""Social Recognition"": ""2"", ""Unity With Nature"": ""2"", ""A Varied Life"": ""2"", ""Wisdom"": ""2"", ""Authority"": ""4"", ""True Friendship"": ""2"", ""A World of Beauty"": ""2"", ""Social Justice"": ""2"", ""Independent"": ""2"", ""Moderate"": ""2"", ""Loyal"": ""2"","
289,Nigeria,Family & Changing Gender Roles,1,"{""Equality"": ""2"", ""Inner Harmony"": ""2"", ""Social Power"": ""4"", ""Pleasure"": ""2"", ""Freedom"": ""2"", ""A Spiritual Life"": ""2"", ""Sense of Belonging"": ""2"", ""Social Order"": ""2"", ""An Exciting Life"": ""2"", ""Meaning in Life"": ""2"", ""Politeness"": ""2"", ""Wealth"": ""2"", ""National Security"": ""2"", ""Self-Respect"": ""2"", ""Reciprocation of Favors"": ""2"", ""Creativity"": ""2"", ""A World at Peace"": ""2"", ""Respect for Tradition"": ""2"", ""Mature Love"": ""2"", ""Self-Discipline"": ""2"", ""Detachment"": ""2"", ""Family Security"": ""2"", ""Social Recognition"": ""2"", ""Unity With Nature"": ""2"", ""A Varied Life"": ""2"", ""Wisdom"": ""2"", ""Authority"": ""4"", ""True Friendship"": ""2"", ""A World of Beauty"": ""2"", ""Social Justice"": ""2"", ""Independent"": ""2"", ""Moderate"": ""2"", ""Loyal"": ""2"","
290,Nigeria,Family & Changing Gender Roles,2,"{""Equality"": ""1"", ""Inner Harmony"": ""1"", ""Social Power"": ""1"", ""Pleasure"": ""1"", ""Freedom"": ""1"", ""A Spiritual Life"": ""1"", ""Sense of Belonging"": ""1"", ""Social Order"": ""1"", ""An Exciting Life"": ""1"", ""Meaning in Life"": ""1"", ""Politeness"": ""1"", ""Wealth"": ""1"", ""National Security"": ""1"", ""Self-Respect"": ""1"", ""Reciprocation of Favors"": ""1"", ""Creativity"": ""1"", ""A World at Peace"": ""1"", ""Respect for Tradition"": ""1"", ""Mature Love"": ""1"", ""Self-Discipline"": ""1"", ""Detachment"": ""1"", ""Family Security"": ""1"", ""Social Recognition"": ""1"", ""Unity With Nature"": ""1"", ""A Varied Life"": ""1"", ""Wisdom"": ""1"", ""Authority"": ""1"", ""True Friendship"": ""1"", ""A World of Beauty"": ""1"", ""Social Justice"": ""1"", ""Independent"": ""1"", ""Moderate"": ""1"", ""Loyal"": ""1"","
291,Nigeria,Family & Changing Gender Roles,3,"{""Equality"": ""1"", ""Inner Harmony"": ""1"", ""Social Power"": ""4"", ""Pleasure"": ""1"", ""Freedom"": ""1"", ""A Spiritual Life"": ""4"", ""Sense of Belonging"": ""1"", ""Social Order"": ""1"", ""An Exciting Life"": ""1"", ""Meaning in Life"": ""1"", ""Politeness"": ""1"", ""Wealth"": ""4"", ""National Security"": ""4"", ""Self-Respect"": ""1"", ""Reciprocation of Favors"": ""1"", ""Creativity"": ""1"", ""A World at Peace"": ""1"", ""Respect for Tradition"": ""4"", ""Mature Love"": ""1"", ""Self-Discipline"": ""4"", ""Detachment"": ""4"", ""Family Security"": ""1"", ""Social Recognition"": ""1"", ""Unity With Nature"": ""4"", ""A Varied Life"": ""1"", ""Wisdom"": ""1"", ""Authority"": ""4"", ""True Friendship"": ""1"", ""A World of Beauty"": ""1"", ""Social Justice"": ""1"", ""Independent"": ""1"", ""Moderate"": ""4"", ""Loyal"": ""1"","
292,Nigeria,Family & Changing Gender Roles,4,"{""Equality"": ""2"", ""Inner Harmony"": ""2"", ""Social Power"": ""4"", ""Pleasure"": ""2"", ""Freedom"": ""2"", ""A Spiritual Life"": ""2"", ""Sense of Belonging"": ""2"", ""Social Order"": ""2"", ""An Exciting Life"": ""2"", ""Meaning in Life"": ""2"", ""Politeness"": ""2"", ""Wealth"": ""2"", ""National Security"": ""2"", ""Self-Respect"": ""2"", ""Reciprocation of Favors"": ""2"", ""Creativity"": ""2"", ""A World at Peace"": ""2"", ""Respect for Tradition"": ""2"", ""Mature Love"": ""2"", ""Self-Discipline"": ""2"", ""Detachment"": ""2"", ""Family Security"": ""2"", ""Social Recognition"": ""2"", ""Unity With Nature"": ""2"", ""A Varied Life"": ""2"", ""Wisdom"": ""2"", ""Authority"": ""4"", ""True Friendship"": ""2"", ""A World of Beauty"": ""2"", ""Social Justice"": ""2"", ""Independent"": ""2"", ""Moderate"": ""2"", ""Loyal"": ""2"","
293,Nigeria,Family & Changing Gender Roles,5,"{""Equality"": ""2"", ""Inner Harmony"": ""2"", ""Social Power"": ""4"", ""Pleasure"": ""2"", ""Freedom"": ""2"", ""A Spiritual Life"": ""2"", ""Sense of Belonging"": ""2"", ""Social Order"": ""2"", ""An Exciting Life"": ""2"", ""Meaning in Life"": ""2"", ""Politeness"": ""2"", ""Wealth"": ""2"", ""National Security"": ""2"", ""Self-Respect"": ""2"", ""Reciprocation of Favors"": ""2"", ""Creativity"": ""2"", ""A World at Peace"": ""2"", ""Respect for Tradition"": ""2"", ""Mature Love"": ""2"", ""Self-Discipline"": ""2"", ""Detachment"": ""2"", ""Family Security"": ""2"", ""Social Recognition"": ""2"", ""Unity With Nature"": ""2"", ""A Varied Life"": ""2"", ""Wisdom"": ""2"", ""Authority"": ""4"", ""True Friendship"": ""2"", ""A World of Beauty"": ""2"", ""Social Justice"": ""2"", ""Independent"": ""2"", ""Moderate"": ""2"", ""Loyal"": ""2"","
294,Nigeria,Family & Changing Gender Roles,6,"{""Equality"": ""2"", ""Inner Harmony"": ""2"", ""Social Power"": ""2"", ""Pleasure"": ""2"", ""Freedom"": ""2"", ""A Spiritual Life"": ""2"", ""Sense of Belonging"": ""2"", ""Social Order"": ""2"", ""An Exciting Life"": ""2"", ""Meaning in Life"": ""2"", ""Politeness"": ""2"", ""Wealth"": ""2"", ""National Security"": ""2"", ""Self-Respect"": ""2"", ""Reciprocation of Favors"": ""2"", ""Creativity"": ""2"", ""A World at Peace"": ""2"", ""Respect for Tradition"": ""2"", ""Mature Love"": ""2"", ""Self-Discipline"": ""2"", ""Detachment"": ""2"", ""Family Security"": ""2"", ""Social Recognition"": ""2"", ""Unity With Nature"": ""2"", ""A Varied Life"": ""2"", ""Wisdom"": ""2"", ""Authority"": ""2"", ""True Friendship"": ""2"", ""A World of Beauty"": ""2"", ""Social Justice"": ""2"", ""Independent"": ""2"", ""Moderate"": ""2"", ""Loyal"": ""2"","
295,Nigeria,Family & Changing Gender Roles,7,"{""Equality"": ""2"", ""Inner Harmony"": ""2"", ""Social Power"": ""2"", ""Pleasure"": ""2"", ""Freedom"": ""2"", ""A Spiritual Life"": ""2"", ""Sense of Belonging"": ""2"", ""Social Order"": ""2"", ""An Exciting Life"": ""2"", ""Meaning in Life"": ""2"", ""Politeness"": ""2"", ""Wealth"": ""2"", ""National Security"": ""2"", ""Self-Respect"": ""2"", ""Reciprocation of Favors"": ""2"", ""Creativity"": ""2"", ""A World at Peace"": ""2"", ""Respect for Tradition"": ""2"", ""Mature Love"": ""2"", ""Self-Discipline"": ""2"", ""Detachment"": ""2"", ""Family Security"": ""2"", ""Social Recognition"": ""2"", ""Unity With Nature"": ""2"", ""A Varied Life"": ""2"", ""Wisdom"": ""2"", ""Authority"": ""2"", ""True Friendship"": ""2"", ""A World of Beauty"": ""2"", ""Social Justice"": ""2"", ""Independent"": ""2"", ""Moderate"": ""2"", ""Loyal"": ""2"","
296,Nigeria,Work Orientation,0,"{""Equality"": ""2"", ""Inner Harmony"": ""2"", ""Social Power"": ""4"", ""Pleasure"": ""2"", ""Freedom"": ""2"", ""A Spiritual Life"": ""2"", ""Sense of Belonging"": ""2"", ""Social Order"": ""2"", ""An Exciting Life"": ""2"", ""Meaning in Life"": ""2"", ""Politeness"": ""2"", ""Wealth"": ""4"", ""National Security"": ""2"", ""Self-Respect"": ""2"", ""Reciprocation of Favors"": ""2"", ""Creativity"": ""2"", ""A World at Peace"": ""2"", ""Respect for Tradition"": ""2"", ""Mature Love"": ""2"", ""Self-Discipline"": ""2"", ""Detachment"": ""2"", ""Family Security"": ""2"", ""Social Recognition"": ""2"", ""Unity With Nature"": ""2"", ""A Varied Life"": ""2"", ""Wisdom"": ""2"", ""Authority"": ""4"", ""True Friendship"": ""2"", ""A World of Beauty"": ""2"", ""Social Justice"": ""2"", ""Independent"": ""2"", ""Moderate"": ""2"", ""Loyal"": ""2"","
297,Nigeria,Work Orientation,1,"{""Equality"": ""2"", ""Inner Harmony"": ""3"", ""Social Power"": ""4"", ""Pleasure"": ""3"", ""Freedom"": ""2"", ""A Spiritual Life"": ""3"", ""Sense of Belonging"": ""2"", ""Social Order"": ""3"", ""An Exciting Life"": ""3"", ""Meaning in Life"": ""3"", ""Politeness"": ""3"", ""Wealth"": ""3"", ""National Security"": ""3"", ""Self-Respect"": ""2"", ""Reciprocation of Favors"": ""3"", ""Creativity"": ""3"", ""A World at Peace"": ""3"", ""Respect for Tradition"": ""3"", ""Mature Love"": ""3"", ""Self-Discipline"": ""3"", ""Detachment"": ""3"", ""Family Security"": ""2"", ""Social Recognition"": ""3"", ""Unity With Nature"": ""3"", ""A Varied Life"": ""3"", ""Wisdom"": ""3"", ""Authority"": ""4"", ""True Friendship"": ""3"", ""A World of Beauty"": ""3"", ""Social Justice"": ""3"", ""Independent"": ""3"", ""Moderate"": ""3"", ""Loyal"": ""2"","
298,Nigeria,Work Orientation,2,"{""Equality"": ""1"", ""Inner Harmony"": ""1"", ""Social Power"": ""1"", ""Pleasure"": ""1"", ""Freedom"": ""1"", ""A Spiritual Life"": ""1"", ""Sense of Belonging"": ""1"", ""Social Order"": ""1"", ""An Exciting Life"": ""1"", ""Meaning in Life"": ""1"", ""Politeness"": ""1"", ""Wealth"": ""1"", ""National Security"": ""1"", ""Self-Respect"": ""1"", ""Reciprocation of Favors"": ""1"", ""Creativity"": ""1"", ""A World at Peace"": ""1"", ""Respect for Tradition"": ""1"", ""Mature Love"": ""1"", ""Self-Discipline"": ""1"", ""Detachment"": ""1"", ""Family Security"": ""1"", ""Social Recognition"": ""1"", ""Unity With Nature"": ""1"", ""A Varied Life"": ""1"", ""Wisdom"": ""1"", ""Authority"": ""1"", ""True Friendship"": ""1"", ""A World of Beauty"": ""1"", ""Social Justice"": ""1"", ""Independent"": ""1"", ""Moderate"": ""1"", ""Loyal"": ""1"","
299,Nigeria,Work Orientation,3,"{""Equality"": ""1"", ""Inner Harmony"": ""2"", ""Social Power"": ""4"", ""Pleasure"": ""2"", ""Freedom"": ""2"", ""A Spiritual Life"": ""4"", ""Sense of Belonging"": ""2"", ""Social Order"": ""4"", ""An Exciting Life"": ""4"", ""Meaning in Life"": ""2"", ""Politeness"": ""4"", ""Wealth"": ""2"", ""National Security"": ""4"", ""Self-Respect"": ""2"", ""Reciprocation of Favors"": ""4"", ""Creativity"": ""4"", ""A World at Peace"": ""2"", ""Respect for Tradition"": ""4"", ""Mature Love"": ""4"", ""Self-Discipline"": ""4"", ""Detachment"": ""4"", ""Family Security"": ""2"", ""Social Recognition"": ""2"", ""Unity With Nature"": ""4"", ""A Varied Life"": ""4"", ""Wisdom"": ""2"", ""Authority"": ""4"", ""True Friendship"": ""2"", ""A World of Beauty"": ""4"", ""Social Justice"": ""2"", ""Independent"": ""4"", ""Moderate"": ""4"", ""Loyal"": ""2"","
300,Nigeria,Work Orientation,4,"{
""Equality"": ""2"",
""Inner Harmony"": ""2"",
""Social Power"": ""4"",
""Pleasure"": ""2"",
""Freedom"": ""2"",
""A Spiritual Life"": ""2"",
""Sense of Belonging"": ""2"",
""Social Order"": ""2"",
""An Exciting Life"": ""2"",
""Meaning in Life"": ""2"",
""Politeness"": ""2"",
""Wealth"": ""4"",
""National Security"": ""2"",
""Self-Respect"": ""2"",
""Reciprocation of Favors"": ""2"",
""Creativity"": ""2"",
""A World at Peace"": ""2"",
""Respect for Tradition"": ""2"",
""Mature Love"": ""2"",
""Self-Discipline"": ""2"",
""Detachment"": ""2"",
""Family Security"": ""2"",
""Social Recognition"": ""2"",
""Unity With Nature"": ""2"",
""A Varied Life"": ""2"",
""Wisdom"": ""2"",
""Authority"": ""4"",
""True Friendship"": ""2"",
""A World of Beauty"": ""2"",
""Social Justice"": ""2"",
""Independent"": ""2"",
""Moderate"": ""2"",
""Loyal"": ""2"",
""Ambitious"": ""2"","
301,Nigeria,Work Orientation,5,"{""Equality"": ""2"", ""Inner Harmony"": ""3"", ""Social Power"": ""4"", ""Pleasure"": ""3"", ""Freedom"": ""3"", ""A Spiritual Life"": ""3"", ""Sense of Belonging"": ""3"", ""Social Order"": ""3"", ""An Exciting Life"": ""3"", ""Meaning in Life"": ""3"", ""Politeness"": ""3"", ""Wealth"": ""3"", ""National Security"": ""3"", ""Self-Respect"": ""3"", ""Reciprocation of Favors"": ""3"", ""Creativity"": ""3"", ""A World at Peace"": ""3"", ""Respect for Tradition"": ""3"", ""Mature Love"": ""3"", ""Self-Discipline"": ""3"", ""Detachment"": ""3"", ""Family Security"": ""3"", ""Social Recognition"": ""3"", ""Unity With Nature"": ""3"", ""A Varied Life"": ""3"", ""Wisdom"": ""3"", ""Authority"": ""3"", ""True Friendship"": ""3"", ""A World of Beauty"": ""3"", ""Social Justice"": ""3"", ""Independent"": ""3"", ""Moderate"": ""3"", ""Loyal"": ""3"","
302,Nigeria,Work Orientation,6,"{
""Equality"": ""3"",
""Inner Harmony"": ""3"",
""Social Power"": ""3"",
""Pleasure"": ""3"",
""Freedom"": ""3"",
""A Spiritual Life"": ""3"",
""Sense of Belonging"": ""3"",
""Social Order"": ""3"",
""An Exciting Life"": ""3"",
""Meaning in Life"": ""3"",
""Politeness"": ""3"",
""Wealth"": ""3"",
""National Security"": ""3"",
""Self-Respect"": ""3"",
""Reciprocation of Favors"": ""3"",
""Creativity"": ""3"",
""A World at Peace"": ""3"",
""Respect for Tradition"": ""3"",
""Mature Love"": ""3"",
""Self-Discipline"": ""3"",
""Detachment"": ""3"",
""Family Security"": ""3"",
""Social Recognition"": ""3"",
""Unity With Nature"": ""3"",
""A Varied Life"": ""3"",
""Wisdom"": ""3"",
""Authority"": ""3"",
""True Friendship"": ""3"",
""A World of Beauty"": ""3"",
""Social Justice"": ""3"",
""Independent"": ""3"",
""Moderate"": ""3"",
""Loyal"": ""3"",
""Ambitious"": ""3"","
303,Nigeria,Work Orientation,7,"{""Equality"": ""1"", ""Inner Harmony"": ""1"", ""Social Power"": ""1"", ""Pleasure"": ""1"", ""Freedom"": ""1"", ""A Spiritual Life"": ""1"", ""Sense of Belonging"": ""1"", ""Social Order"": ""1"", ""An Exciting Life"": ""1"", ""Meaning in Life"": ""1"", ""Politeness"": ""1"", ""Wealth"": ""1"", ""National Security"": ""1"", ""Self-Respect"": ""1"", ""Reciprocation of Favors"": ""1"", ""Creativity"": ""1"", ""A World at Peace"": ""1"", ""Respect for Tradition"": ""1"", ""Mature Love"": ""1"", ""Self-Discipline"": ""1"", ""Detachment"": ""1"", ""Family Security"": ""1"", ""Social Recognition"": ""1"", ""Unity With Nature"": ""1"", ""A Varied Life"": ""1"", ""Wisdom"": ""1"", ""Authority"": ""1"", ""True Friendship"": ""1"", ""A World of Beauty"": ""1"", ""Social Justice"": ""1"", ""Independent"": ""1"", ""Moderate"": ""1"", ""Loyal"": ""1"","
304,Nigeria,Religion,0,"{""Equality"": ""2"", ""Inner Harmony"": ""2"", ""Social Power"": ""4"", ""Pleasure"": ""2"", ""Freedom"": ""2"", ""A Spiritual Life"": ""2"", ""Sense of Belonging"": ""2"", ""Social Order"": ""2"", ""An Exciting Life"": ""2"", ""Meaning in Life"": ""2"", ""Politeness"": ""2"", ""Wealth"": ""4"", ""National Security"": ""2"", ""Self-Respect"": ""2"", ""Reciprocation of Favors"": ""2"", ""Creativity"": ""2"", ""A World at Peace"": ""2"", ""Respect for Tradition"": ""2"", ""Mature Love"": ""2"", ""Self-Discipline"": ""2"", ""Detachment"": ""2"", ""Family Security"": ""2"", ""Social Recognition"": ""2"", ""Unity With Nature"": ""2"", ""A Varied Life"": ""2"", ""Wisdom"": ""2"", ""Authority"": ""4"", ""True Friendship"": ""2"", ""A World of Beauty"": ""2"", ""Social Justice"": ""2"", ""Independent"": ""2"", ""Moderate"": ""2"", ""Loyal"": ""2"","
305,Nigeria,Religion,1,"{""Equality"": ""3"", ""Inner Harmony"": ""3"", ""Social Power"": ""4"", ""Pleasure"": ""3"", ""Freedom"": ""3"", ""A Spiritual Life"": ""4"", ""Sense of Belonging"": ""3"", ""Social Order"": ""3"", ""An Exciting Life"": ""3"", ""Meaning in Life"": ""3"", ""Politeness"": ""3"", ""Wealth"": ""4"", ""National Security"": ""3"", ""Self-Respect"": ""3"", ""Reciprocation of Favors"": ""3"", ""Creativity"": ""3"", ""A World at Peace"": ""3"", ""Respect for Tradition"": ""3"", ""Mature Love"": ""3"", ""Self-Discipline"": ""3"", ""Detachment"": ""3"", ""Family Security"": ""3"", ""Social Recognition"": ""3"", ""Unity With Nature"": ""3"", ""A Varied Life"": ""3"", ""Wisdom"": ""3"", ""Authority"": ""4"", ""True Friendship"": ""3"", ""A World of Beauty"": ""3"", ""Social Justice"": ""3"", ""Independent"": ""3"", ""Moderate"": ""3"", ""Loyal"": ""3"","
306,Nigeria,Religion,2,"{""Equality"": ""1"", ""Inner Harmony"": ""1"", ""Social Power"": ""1"", ""Pleasure"": ""1"", ""Freedom"": ""1"", ""A Spiritual Life"": ""1"", ""Sense of Belonging"": ""1"", ""Social Order"": ""1"", ""An Exciting Life"": ""1"", ""Meaning in Life"": ""1"", ""Politeness"": ""1"", ""Wealth"": ""1"", ""National Security"": ""1"", ""Self-Respect"": ""1"", ""Reciprocation of Favors"": ""1"", ""Creativity"": ""1"", ""A World at Peace"": ""1"", ""Respect for Tradition"": ""1"", ""Mature Love"": ""1"", ""Self-Discipline"": ""1"", ""Detachment"": ""1"", ""Family Security"": ""1"", ""Social Recognition"": ""1"", ""Unity With Nature"": ""1"", ""A Varied Life"": ""1"", ""Wisdom"": ""1"", ""Authority"": ""1"", ""True Friendship"": ""1"", ""A World of Beauty"": ""1"", ""Social Justice"": ""1"", ""Independent"": ""1"", ""Moderate"": ""1"", ""Loyal"": ""1"","
307,Nigeria,Religion,3,"{""Equality"": ""4"", ""Inner Harmony"": ""4"", ""Social Power"": ""4"", ""Pleasure"": ""4"", ""Freedom"": ""4"", ""A Spiritual Life"": ""4"", ""Sense of Belonging"": ""4"", ""Social Order"": ""4"", ""An Exciting Life"": ""4"", ""Meaning in Life"": ""4"", ""Politeness"": ""4"", ""Wealth"": ""4"", ""National Security"": ""4"", ""Self-Respect"": ""4"", ""Reciprocation of Favors"": ""4"", ""Creativity"": ""4"", ""A World at Peace"": ""4"", ""Respect for Tradition"": ""4"", ""Mature Love"": ""4"", ""Self-Discipline"": ""4"", ""Detachment"": ""4"", ""Family Security"": ""4"", ""Social Recognition"": ""4"", ""Unity With Nature"": ""4"", ""A Varied Life"": ""4"", ""Wisdom"": ""4"", ""Authority"": ""4"", ""True Friendship"": ""4"", ""A World of Beauty"": ""4"", ""Social Justice"": ""4"", ""Independent"": ""4"", ""Moderate"": ""4"", ""Loyal"": ""4"","
308,Nigeria,Religion,4,"{""Equality"": ""2"", ""Inner Harmony"": ""2"", ""Social Power"": ""4"", ""Pleasure"": ""2"", ""Freedom"": ""2"", ""A Spiritual Life"": ""2"", ""Sense of Belonging"": ""2"", ""Social Order"": ""2"", ""An Exciting Life"": ""2"", ""Meaning in Life"": ""2"", ""Politeness"": ""2"", ""Wealth"": ""4"", ""National Security"": ""2"", ""Self-Respect"": ""2"", ""Reciprocation of Favors"": ""2"", ""Creativity"": ""2"", ""A World at Peace"": ""2"", ""Respect for Tradition"": ""2"", ""Mature Love"": ""2"", ""Self-Discipline"": ""2"", ""Detachment"": ""2"", ""Family Security"": ""2"", ""Social Recognition"": ""2"", ""Unity With Nature"": ""2"", ""A Varied Life"": ""2"", ""Wisdom"": ""2"", ""Authority"": ""4"", ""True Friendship"": ""2"", ""A World of Beauty"": ""2"", ""Social Justice"": ""2"", ""Independent"": ""2"", ""Moderate"": ""2"", ""Loyal"": ""2"","
309,Nigeria,Religion,5,"{""Equality"": ""2"", ""Inner Harmony"": ""2"", ""Social Power"": ""4"", ""Pleasure"": ""2"", ""Freedom"": ""2"", ""A Spiritual Life"": ""2"", ""Sense of Belonging"": ""2"", ""Social Order"": ""2"", ""An Exciting Life"": ""2"", ""Meaning in Life"": ""2"", ""Politeness"": ""2"", ""Wealth"": ""2"", ""National Security"": ""2"", ""Self-Respect"": ""2"", ""Reciprocation of Favors"": ""2"", ""Creativity"": ""2"", ""A World at Peace"": ""2"", ""Respect for Tradition"": ""2"", ""Mature Love"": ""2"", ""Self-Discipline"": ""2"", ""Detachment"": ""2"", ""Family Security"": ""2"", ""Social Recognition"": ""2"", ""Unity With Nature"": ""2"", ""A Varied Life"": ""2"", ""Wisdom"": ""2"", ""Authority"": ""4"", ""True Friendship"": ""2"", ""A World of Beauty"": ""2"", ""Social Justice"": ""2"", ""Independent"": ""2"", ""Moderate"": ""2"", ""Loyal"": ""2"","
310,Nigeria,Religion,6,"{""Equality"": ""2"", ""Inner Harmony"": ""2"", ""Social Power"": ""3"", ""Pleasure"": ""2"", ""Freedom"": ""2"", ""A Spiritual Life"": ""2"", ""Sense of Belonging"": ""2"", ""Social Order"": ""2"", ""An Exciting Life"": ""2"", ""Meaning in Life"": ""2"", ""Politeness"": ""2"", ""Wealth"": ""2"", ""National Security"": ""2"", ""Self-Respect"": ""2"", ""Reciprocation of Favors"": ""2"", ""Creativity"": ""2"", ""A World at Peace"": ""2"", ""Respect for Tradition"": ""2"", ""Mature Love"": ""2"", ""Self-Discipline"": ""2"", ""Detachment"": ""2"", ""Family Security"": ""2"", ""Social Recognition"": ""2"", ""Unity With Nature"": ""2"", ""A Varied Life"": ""2"", ""Wisdom"": ""2"", ""Authority"": ""2"", ""True Friendship"": ""2"", ""A World of Beauty"": ""2"", ""Social Justice"": ""2"", ""Independent"": ""2"", ""Moderate"": ""2"", ""Loyal"": ""2"","
311,Nigeria,Religion,7,"{""Equality"": ""1"", ""Inner Harmony"": ""1"", ""Social Power"": ""1"", ""Pleasure"": ""1"", ""Freedom"": ""1"", ""A Spiritual Life"": ""1"", ""Sense of Belonging"": ""1"", ""Social Order"": ""1"", ""An Exciting Life"": ""1"", ""Meaning in Life"": ""1"", ""Politeness"": ""1"", ""Wealth"": ""1"", ""National Security"": ""1"", ""Self-Respect"": ""1"", ""Reciprocation of Favors"": ""1"", ""Creativity"": ""1"", ""A World at Peace"": ""1"", ""Respect for Tradition"": ""1"", ""Mature Love"": ""1"", ""Self-Discipline"": ""1"", ""Detachment"": ""1"", ""Family Security"": ""1"", ""Social Recognition"": ""1"", ""Unity With Nature"": ""1"", ""A Varied Life"": ""1"", ""Wisdom"": ""1"", ""Authority"": ""1"", ""True Friendship"": ""1"", ""A World of Beauty"": ""1"", ""Social Justice"": ""1"", ""Independent"": ""1"", ""Moderate"": ""1"", ""Loyal"": ""1"","
312,Nigeria,Environment,0,"{""Equality"": ""2"", ""Inner Harmony"": ""2"", ""Social Power"": ""4"", ""Pleasure"": ""2"", ""Freedom"": ""2"", ""A Spiritual Life"": ""2"", ""Sense of Belonging"": ""2"", ""Social Order"": ""2"", ""An Exciting Life"": ""2"", ""Meaning in Life"": ""2"", ""Politeness"": ""2"", ""Wealth"": ""4"", ""National Security"": ""2"", ""Self-Respect"": ""2"", ""Reciprocation of Favors"": ""2"", ""Creativity"": ""2"", ""A World at Peace"": ""2"", ""Respect for Tradition"": ""2"", ""Mature Love"": ""2"", ""Self-Discipline"": ""2"", ""Detachment"": ""2"", ""Family Security"": ""2"", ""Social Recognition"": ""2"", ""Unity With Nature"": ""2"", ""A Varied Life"": ""2"", ""Wisdom"": ""2"", ""Authority"": ""4"", ""True Friendship"": ""2"", ""A World of Beauty"": ""2"", ""Social Justice"": ""2"", ""Independent"": ""2"", ""Moderate"": ""2"", ""Loyal"": ""2"","
313,Nigeria,Environment,1,"{""Equality"": ""2"", ""Inner Harmony"": ""2"", ""Social Power"": ""4"", ""Pleasure"": ""2"", ""Freedom"": ""2"", ""A Spiritual Life"": ""2"", ""Sense of Belonging"": ""2"", ""Social Order"": ""2"", ""An Exciting Life"": ""2"", ""Meaning in Life"": ""2"", ""Politeness"": ""2"", ""Wealth"": ""2"", ""National Security"": ""2"", ""Self-Respect"": ""2"", ""Reciprocation of Favors"": ""2"", ""Creativity"": ""2"", ""A World at Peace"": ""2"", ""Respect for Tradition"": ""2"", ""Mature Love"": ""2"", ""Self-Discipline"": ""2"", ""Detachment"": ""2"", ""Family Security"": ""2"", ""Social Recognition"": ""2"", ""Unity With Nature"": ""2"", ""A Varied Life"": ""2"", ""Wisdom"": ""2"", ""Authority"": ""4"", ""True Friendship"": ""2"", ""A World of Beauty"": ""2"", ""Social Justice"": ""2"", ""Independent"": ""2"", ""Moderate"": ""2"", ""Loyal"": ""2"","
314,Nigeria,Environment,2,"{""Equality"": ""1"", ""Inner Harmony"": ""1"", ""Social Power"": ""1"", ""Pleasure"": ""1"", ""Freedom"": ""1"", ""A Spiritual Life"": ""1"", ""Sense of Belonging"": ""1"", ""Social Order"": ""1"", ""An Exciting Life"": ""1"", ""Meaning in Life"": ""1"", ""Politeness"": ""1"", ""Wealth"": ""1"", ""National Security"": ""1"", ""Self-Respect"": ""1"", ""Reciprocation of Favors"": ""1"", ""Creativity"": ""1"", ""A World at Peace"": ""1"", ""Respect for Tradition"": ""1"", ""Mature Love"": ""1"", ""Self-Discipline"": ""1"", ""Detachment"": ""1"", ""Family Security"": ""1"", ""Social Recognition"": ""1"", ""Unity With Nature"": ""1"", ""A Varied Life"": ""1"", ""Wisdom"": ""1"", ""Authority"": ""1"", ""True Friendship"": ""1"", ""A World of Beauty"": ""1"", ""Social Justice"": ""1"", ""Independent"": ""1"", ""Moderate"": ""1"", ""Loyal"": ""1"","
315,Nigeria,Environment,3,"{""Equality"": ""1"", ""Inner Harmony"": ""1"", ""Social Power"": ""4"", ""Pleasure"": ""1"", ""Freedom"": ""1"", ""A Spiritual Life"": ""1"", ""Sense of Belonging"": ""1"", ""Social Order"": ""1"", ""An Exciting Life"": ""1"", ""Meaning in Life"": ""1"", ""Politeness"": ""1"", ""Wealth"": ""4"", ""National Security"": ""1"", ""Self-Respect"": ""1"", ""Reciprocation of Favors"": ""1"", ""Creativity"": ""1"", ""A World at Peace"": ""1"", ""Respect for Tradition"": ""1"", ""Mature Love"": ""1"", ""Self-Discipline"": ""1"", ""Detachment"": ""1"", ""Family Security"": ""1"", ""Social Recognition"": ""1"", ""Unity With Nature"": ""1"", ""A Varied Life"": ""1"", ""Wisdom"": ""1"", ""Authority"": ""4"", ""True Friendship"": ""1"", ""A World of Beauty"": ""1"", ""Social Justice"": ""1"", ""Independent"": ""1"", ""Moderate"": ""1"", ""Loyal"": ""1"","
316,Nigeria,Environment,4,"{""Equality"": ""2"", ""Inner Harmony"": ""2"", ""Social Power"": ""4"", ""Pleasure"": ""2"", ""Freedom"": ""2"", ""A Spiritual Life"": ""2"", ""Sense of Belonging"": ""2"", ""Social Order"": ""2"", ""An Exciting Life"": ""2"", ""Meaning in Life"": ""2"", ""Politeness"": ""2"", ""Wealth"": ""4"", ""National Security"": ""2"", ""Self-Respect"": ""2"", ""Reciprocation of Favors"": ""2"", ""Creativity"": ""2"", ""A World at Peace"": ""2"", ""Respect for Tradition"": ""2"", ""Mature Love"": ""2"", ""Self-Discipline"": ""2"", ""Detachment"": ""2"", ""Family Security"": ""2"", ""Social Recognition"": ""2"", ""Unity With Nature"": ""2"", ""A Varied Life"": ""2"", ""Wisdom"": ""2"", ""Authority"": ""4"", ""True Friendship"": ""2"", ""A World of Beauty"": ""2"", ""Social Justice"": ""2"", ""Independent"": ""2"", ""Moderate"": ""2"", ""Loyal"": ""2"","
317,Nigeria,Environment,5,"{""Equality"": ""2"", ""Inner Harmony"": ""2"", ""Social Power"": ""4"", ""Pleasure"": ""2"", ""Freedom"": ""2"", ""A Spiritual Life"": ""2"", ""Sense of Belonging"": ""2"", ""Social Order"": ""2"", ""An Exciting Life"": ""2"", ""Meaning in Life"": ""2"", ""Politeness"": ""2"", ""Wealth"": ""2"", ""National Security"": ""2"", ""Self-Respect"": ""2"", ""Reciprocation of Favors"": ""2"", ""Creativity"": ""2"", ""A World at Peace"": ""2"", ""Respect for Tradition"": ""2"", ""Mature Love"": ""2"", ""Self-Discipline"": ""2"", ""Detachment"": ""2"", ""Family Security"": ""2"", ""Social Recognition"": ""2"", ""Unity With Nature"": ""2"", ""A Varied Life"": ""2"", ""Wisdom"": ""2"", ""Authority"": ""4"", ""True Friendship"": ""2"", ""A World of Beauty"": ""2"", ""Social Justice"": ""2"", ""Independent"": ""2"", ""Moderate"": ""2"", ""Loyal"": ""2"","
318,Nigeria,Environment,6,"{""Equality"": ""2"", ""Inner Harmony"": ""2"", ""Social Power"": ""2"", ""Pleasure"": ""2"", ""Freedom"": ""2"", ""A Spiritual Life"": ""2"", ""Sense of Belonging"": ""2"", ""Social Order"": ""2"", ""An Exciting Life"": ""2"", ""Meaning in Life"": ""2"", ""Politeness"": ""2"", ""Wealth"": ""2"", ""National Security"": ""2"", ""Self-Respect"": ""2"", ""Reciprocation of Favors"": ""2"", ""Creativity"": ""2"", ""A World at Peace"": ""2"", ""Respect for Tradition"": ""2"", ""Mature Love"": ""2"", ""Self-Discipline"": ""2"", ""Detachment"": ""2"", ""Family Security"": ""2"", ""Social Recognition"": ""2"", ""Unity With Nature"": ""2"", ""A Varied Life"": ""2"", ""Wisdom"": ""2"", ""Authority"": ""2"", ""True Friendship"": ""2"", ""A World of Beauty"": ""2"", ""Social Justice"": ""2"", ""Independent"": ""2"", ""Moderate"": ""2"", ""Loyal"": ""2"","
319,Nigeria,Environment,7,"{""Equality"": ""2"", ""Inner Harmony"": ""2"", ""Social Power"": ""4"", ""Pleasure"": ""2"", ""Freedom"": ""2"", ""A Spiritual Life"": ""2"", ""Sense of Belonging"": ""2"", ""Social Order"": ""2"", ""An Exciting Life"": ""2"", ""Meaning in Life"": ""2"", ""Politeness"": ""2"", ""Wealth"": ""2"", ""National Security"": ""2"", ""Self-Respect"": ""2"", ""Reciprocation of Favors"": ""2"", ""Creativity"": ""2"", ""A World at Peace"": ""2"", ""Respect for Tradition"": ""2"", ""Mature Love"": ""2"", ""Self-Discipline"": ""2"", ""Detachment"": ""2"", ""Family Security"": ""2"", ""Social Recognition"": ""2"", ""Unity With Nature"": ""2"", ""A Varied Life"": ""2"", ""Wisdom"": ""2"", ""Authority"": ""2"", ""True Friendship"": ""2"", ""A World of Beauty"": ""2"", ""Social Justice"": ""2"", ""Independent"": ""2"", ""Moderate"": ""2"", ""Loyal"": ""2"","
320,Nigeria,National Identity,0,"{""Equality"": ""2"", ""Inner Harmony"": ""2"", ""Social Power"": ""4"", ""Pleasure"": ""2"", ""Freedom"": ""2"", ""A Spiritual Life"": ""2"", ""Sense of Belonging"": ""2"", ""Social Order"": ""2"", ""An Exciting Life"": ""2"", ""Meaning in Life"": ""2"", ""Politeness"": ""2"", ""Wealth"": ""4"", ""National Security"": ""2"", ""Self-Respect"": ""2"", ""Reciprocation of Favors"": ""2"", ""Creativity"": ""2"", ""A World at Peace"": ""2"", ""Respect for Tradition"": ""2"", ""Mature Love"": ""2"", ""Self-Discipline"": ""2"", ""Detachment"": ""2"", ""Family Security"": ""2"", ""Social Recognition"": ""2"", ""Unity With Nature"": ""2"", ""A Varied Life"": ""2"", ""Wisdom"": ""2"", ""Authority"": ""4"", ""True Friendship"": ""2"", ""A World of Beauty"": ""2"", ""Social Justice"": ""2"", ""Independent"": ""2"", ""Moderate"": ""2"", ""Loyal"": ""2"","
321,Nigeria,National Identity,1,"{""Equality"": ""2"", ""Inner Harmony"": ""2"", ""Social Power"": ""4"", ""Pleasure"": ""2"", ""Freedom"": ""2"", ""A Spiritual Life"": ""2"", ""Sense of Belonging"": ""2"", ""Social Order"": ""2"", ""An Exciting Life"": ""2"", ""Meaning in Life"": ""2"", ""Politeness"": ""2"", ""Wealth"": ""2"", ""National Security"": ""2"", ""Self-Respect"": ""2"", ""Reciprocation of Favors"": ""2"", ""Creativity"": ""2"", ""A World at Peace"": ""2"", ""Respect for Tradition"": ""2"", ""Mature Love"": ""2"", ""Self-Discipline"": ""2"", ""Detachment"": ""2"", ""Family Security"": ""2"", ""Social Recognition"": ""2"", ""Unity With Nature"": ""2"", ""A Varied Life"": ""2"", ""Wisdom"": ""2"", ""Authority"": ""4"", ""True Friendship"": ""2"", ""A World of Beauty"": ""2"", ""Social Justice"": ""2"", ""Independent"": ""2"", ""Moderate"": ""2"", ""Loyal"": ""2"","
322,Nigeria,National Identity,2,"{""Equality"": ""1"", ""Inner Harmony"": ""1"", ""Social Power"": ""1"", ""Pleasure"": ""1"", ""Freedom"": ""1"", ""A Spiritual Life"": ""1"", ""Sense of Belonging"": ""1"", ""Social Order"": ""1"", ""An Exciting Life"": ""1"", ""Meaning in Life"": ""1"", ""Politeness"": ""1"", ""Wealth"": ""1"", ""National Security"": ""1"", ""Self-Respect"": ""1"", ""Reciprocation of Favors"": ""1"", ""Creativity"": ""1"", ""A World at Peace"": ""1"", ""Respect for Tradition"": ""1"", ""Mature Love"": ""1"", ""Self-Discipline"": ""1"", ""Detachment"": ""1"", ""Family Security"": ""1"", ""Social Recognition"": ""1"", ""Unity With Nature"": ""1"", ""A Varied Life"": ""1"", ""Wisdom"": ""1"", ""Authority"": ""1"", ""True Friendship"": ""1"", ""A World of Beauty"": ""1"", ""Social Justice"": ""1"", ""Independent"": ""1"", ""Moderate"": ""1"", ""Loyal"": ""1"","
323,Nigeria,National Identity,3,"{""Equality"": ""1"", ""Inner Harmony"": ""1"", ""Social Power"": ""1"", ""Pleasure"": ""1"", ""Freedom"": ""1"", ""A Spiritual Life"": ""1"", ""Sense of Belonging"": ""1"", ""Social Order"": ""1"", ""An Exciting Life"": ""1"", ""Meaning in Life"": ""1"", ""Politeness"": ""1"", ""Wealth"": ""1"", ""National Security"": ""1"", ""Self-Respect"": ""1"", ""Reciprocation of Favors"": ""1"", ""Creativity"": ""1"", ""A World at Peace"": ""1"", ""Respect for Tradition"": ""1"", ""Mature Love"": ""1"", ""Self-Discipline"": ""1"", ""Detachment"": ""1"", ""Family Security"": ""1"", ""Social Recognition"": ""1"", ""Unity With Nature"": ""1"", ""A Varied Life"": ""1"", ""Wisdom"": ""1"", ""Authority"": ""1"", ""True Friendship"": ""1"", ""A World of Beauty"": ""1"", ""Social Justice"": ""1"", ""Independent"": ""1"", ""Moderate"": ""1"", ""Loyal"": ""1"","
324,Nigeria,National Identity,4,"{""Equality"": ""2"", ""Inner Harmony"": ""2"", ""Social Power"": ""4"", ""Pleasure"": ""2"", ""Freedom"": ""2"", ""A Spiritual Life"": ""2"", ""Sense of Belonging"": ""2"", ""Social Order"": ""2"", ""An Exciting Life"": ""2"", ""Meaning in Life"": ""2"", ""Politeness"": ""2"", ""Wealth"": ""4"", ""National Security"": ""2"", ""Self-Respect"": ""2"", ""Reciprocation of Favors"": ""2"", ""Creativity"": ""2"", ""A World at Peace"": ""2"", ""Respect for Tradition"": ""2"", ""Mature Love"": ""2"", ""Self-Discipline"": ""2"", ""Detachment"": ""2"", ""Family Security"": ""2"", ""Social Recognition"": ""2"", ""Unity With Nature"": ""2"", ""A Varied Life"": ""2"", ""Wisdom"": ""2"", ""Authority"": ""4"", ""True Friendship"": ""2"", ""A World of Beauty"": ""2"", ""Social Justice"": ""2"", ""Independent"": ""2"", ""Moderate"": ""2"", ""Loyal"": ""2"","
325,Nigeria,National Identity,5,"{""Equality"": ""2"", ""Inner Harmony"": ""2"", ""Social Power"": ""4"", ""Pleasure"": ""2"", ""Freedom"": ""2"", ""A Spiritual Life"": ""2"", ""Sense of Belonging"": ""2"", ""Social Order"": ""2"", ""An Exciting Life"": ""2"", ""Meaning in Life"": ""2"", ""Politeness"": ""2"", ""Wealth"": ""2"", ""National Security"": ""2"", ""Self-Respect"": ""2"", ""Reciprocation of Favors"": ""2"", ""Creativity"": ""2"", ""A World at Peace"": ""2"", ""Respect for Tradition"": ""2"", ""Mature Love"": ""2"", ""Self-Discipline"": ""2"", ""Detachment"": ""2"", ""Family Security"": ""2"", ""Social Recognition"": ""2"", ""Unity With Nature"": ""2"", ""A Varied Life"": ""2"", ""Wisdom"": ""2"", ""Authority"": ""4"", ""True Friendship"": ""2"", ""A World of Beauty"": ""2"", ""Social Justice"": ""2"", ""Independent"": ""2"", ""Moderate"": ""2"", ""Loyal"": ""2"","
326,Nigeria,National Identity,6,"{""Equality"": ""2"", ""Inner Harmony"": ""2"", ""Social Power"": ""3"", ""Pleasure"": ""2"", ""Freedom"": ""2"", ""A Spiritual Life"": ""3"", ""Sense of Belonging"": ""2"", ""Social Order"": ""2"", ""An Exciting Life"": ""3"", ""Meaning in Life"": ""2"", ""Politeness"": ""2"", ""Wealth"": ""3"", ""National Security"": ""2"", ""Self-Respect"": ""2"", ""Reciprocation of Favors"": ""2"", ""Creativity"": ""3"", ""A World at Peace"": ""2"", ""Respect for Tradition"": ""3"", ""Mature Love"": ""3"", ""Self-Discipline"": ""2"", ""Detachment"": ""3"", ""Family Security"": ""2"", ""Social Recognition"": ""2"", ""Unity With Nature"": ""3"", ""A Varied Life"": ""3"", ""Wisdom"": ""2"", ""Authority"": ""3"", ""True Friendship"": ""2"", ""A World of Beauty"": ""3"", ""Social Justice"": ""2"", ""Independent"": ""3"", ""Moderate"": ""3"", ""Loyal"": ""2"","
327,Nigeria,National Identity,7,"{""Equality"": ""1"", ""Inner Harmony"": ""1"", ""Social Power"": ""4"", ""Pleasure"": ""4"", ""Freedom"": ""1"", ""A Spiritual Life"": ""4"", ""Sense of Belonging"": ""1"", ""Social Order"": ""1"", ""An Exciting Life"": ""4"", ""Meaning in Life"": ""1"", ""Politeness"": ""1"", ""Wealth"": ""4"", ""National Security"": ""1"", ""Self-Respect"": ""1"", ""Reciprocation of Favors"": ""1"", ""Creativity"": ""4"", ""A World at Peace"": ""1"", ""Respect for Tradition"": ""4"", ""Mature Love"": ""4"", ""Self-Discipline"": ""4"", ""Detachment"": ""4"", ""Family Security"": ""1"", ""Social Recognition"": ""1"", ""Unity With Nature"": ""4"", ""A Varied Life"": ""4"", ""Wisdom"": ""1"", ""Authority"": ""4"", ""True Friendship"": ""1"", ""A World of Beauty"": ""4"", ""Social Justice"": ""1"", ""Independent"": ""4"", ""Moderate"": ""4"", ""Loyal"": ""1"","
328,Nigeria,Citizenship,0,"{""Equality"": ""2"", ""Inner Harmony"": ""2"", ""Social Power"": ""4"", ""Pleasure"": ""2"", ""Freedom"": ""2"", ""A Spiritual Life"": ""2"", ""Sense of Belonging"": ""2"", ""Social Order"": ""2"", ""An Exciting Life"": ""2"", ""Meaning in Life"": ""2"", ""Politeness"": ""2"", ""Wealth"": ""4"", ""National Security"": ""2"", ""Self-Respect"": ""2"", ""Reciprocation of Favors"": ""2"", ""Creativity"": ""2"", ""A World at Peace"": ""2"", ""Respect for Tradition"": ""2"", ""Mature Love"": ""2"", ""Self-Discipline"": ""2"", ""Detachment"": ""2"", ""Family Security"": ""2"", ""Social Recognition"": ""2"", ""Unity With Nature"": ""2"", ""A Varied Life"": ""2"", ""Wisdom"": ""2"", ""Authority"": ""4"", ""True Friendship"": ""2"", ""A World of Beauty"": ""2"", ""Social Justice"": ""2"", ""Independent"": ""2"", ""Moderate"": ""2"", ""Loyal"": ""2"","
329,Nigeria,Citizenship,1,"{""Equality"": ""2"", ""Inner Harmony"": ""3"", ""Social Power"": ""4"", ""Pleasure"": ""3"", ""Freedom"": ""2"", ""A Spiritual Life"": ""3"", ""Sense of Belonging"": ""2"", ""Social Order"": ""3"", ""An Exciting Life"": ""3"", ""Meaning in Life"": ""3"", ""Politeness"": ""2"", ""Wealth"": ""3"", ""National Security"": ""2"", ""Self-Respect"": ""2"", ""Reciprocation of Favors"": ""2"", ""Creativity"": ""3"", ""A World at Peace"": ""2"", ""Respect for Tradition"": ""3"", ""Mature Love"": ""3"", ""Self-Discipline"": ""3"", ""Detachment"": ""3"", ""Family Security"": ""2"", ""Social Recognition"": ""2"", ""Unity With Nature"": ""3"", ""A Varied Life"": ""3"", ""Wisdom"": ""3"", ""Authority"": ""4"", ""True Friendship"": ""2"", ""A World of Beauty"": ""3"", ""Social Justice"": ""2"", ""Independent"": ""2"", ""Moderate"": ""3"", ""Loyal"": ""2"","
330,Nigeria,Citizenship,2,"{""Equality"": ""1"", ""Inner Harmony"": ""1"", ""Social Power"": ""1"", ""Pleasure"": ""1"", ""Freedom"": ""1"", ""A Spiritual Life"": ""1"", ""Sense of Belonging"": ""1"", ""Social Order"": ""1"", ""An Exciting Life"": ""1"", ""Meaning in Life"": ""1"", ""Politeness"": ""1"", ""Wealth"": ""1"", ""National Security"": ""1"", ""Self-Respect"": ""1"", ""Reciprocation of Favors"": ""1"", ""Creativity"": ""1"", ""A World at Peace"": ""1"", ""Respect for Tradition"": ""1"", ""Mature Love"": ""1"", ""Self-Discipline"": ""1"", ""Detachment"": ""1"", ""Family Security"": ""1"", ""Social Recognition"": ""1"", ""Unity With Nature"": ""1"", ""A Varied Life"": ""1"", ""Wisdom"": ""1"", ""Authority"": ""1"", ""True Friendship"": ""1"", ""A World of Beauty"": ""1"", ""Social Justice"": ""1"", ""Independent"": ""1"", ""Moderate"": ""1"", ""Loyal"": ""1"","
331,Nigeria,Citizenship,3,"{""Equality"": ""1"", ""Inner Harmony"": ""1"", ""Social Power"": ""1"", ""Pleasure"": ""1"", ""Freedom"": ""1"", ""A Spiritual Life"": ""1"", ""Sense of Belonging"": ""1"", ""Social Order"": ""1"", ""An Exciting Life"": ""1"", ""Meaning in Life"": ""1"", ""Politeness"": ""1"", ""Wealth"": ""1"", ""National Security"": ""1"", ""Self-Respect"": ""1"", ""Reciprocation of Favors"": ""1"", ""Creativity"": ""1"", ""A World at Peace"": ""1"", ""Respect for Tradition"": ""1"", ""Mature Love"": ""1"", ""Self-Discipline"": ""1"", ""Detachment"": ""1"", ""Family Security"": ""1"", ""Social Recognition"": ""1"", ""Unity With Nature"": ""1"", ""A Varied Life"": ""1"", ""Wisdom"": ""1"", ""Authority"": ""1"", ""True Friendship"": ""1"", ""A World of Beauty"": ""1"", ""Social Justice"": ""1"", ""Independent"": ""1"", ""Moderate"": ""1"", ""Loyal"": ""1"","
332,Nigeria,Citizenship,4,"{""Equality"": ""2"", ""Inner Harmony"": ""2"", ""Social Power"": ""4"", ""Pleasure"": ""2"", ""Freedom"": ""2"", ""A Spiritual Life"": ""2"", ""Sense of Belonging"": ""2"", ""Social Order"": ""2"", ""An Exciting Life"": ""2"", ""Meaning in Life"": ""2"", ""Politeness"": ""2"", ""Wealth"": ""4"", ""National Security"": ""2"", ""Self-Respect"": ""2"", ""Reciprocation of Favors"": ""2"", ""Creativity"": ""2"", ""A World at Peace"": ""2"", ""Respect for Tradition"": ""2"", ""Mature Love"": ""2"", ""Self-Discipline"": ""2"", ""Detachment"": ""2"", ""Family Security"": ""2"", ""Social Recognition"": ""2"", ""Unity With Nature"": ""2"", ""A Varied Life"": ""2"", ""Wisdom"": ""2"", ""Authority"": ""4"", ""True Friendship"": ""2"", ""A World of Beauty"": ""2"", ""Social Justice"": ""2"", ""Independent"": ""2"", ""Moderate"": ""2"", ""Loyal"": ""2"","
333,Nigeria,Citizenship,5,"{""Equality"": ""2"", ""Inner Harmony"": ""3"", ""Social Power"": ""4"", ""Pleasure"": ""3"", ""Freedom"": ""2"", ""A Spiritual Life"": ""3"", ""Sense of Belonging"": ""2"", ""Social Order"": ""2"", ""An Exciting Life"": ""3"", ""Meaning in Life"": ""2"", ""Politeness"": ""2"", ""Wealth"": ""3"", ""National Security"": ""2"", ""Self-Respect"": ""2"", ""Reciprocation of Favors"": ""2"", ""Creativity"": ""3"", ""A World at Peace"": ""2"", ""Respect for Tradition"": ""3"", ""Mature Love"": ""3"", ""Self-Discipline"": ""3"", ""Detachment"": ""3"", ""Family Security"": ""2"", ""Social Recognition"": ""2"", ""Unity With Nature"": ""3"", ""A Varied Life"": ""3"", ""Wisdom"": ""2"", ""Authority"": ""4"", ""True Friendship"": ""2"", ""A World of Beauty"": ""3"", ""Social Justice"": ""2"", ""Independent"": ""2"", ""Moderate"": ""2"", ""Loyal"": ""2"","
334,Nigeria,Citizenship,6,"{""Equality"": ""2"", ""Inner Harmony"": ""2"", ""Social Power"": ""2"", ""Pleasure"": ""2"", ""Freedom"": ""2"", ""A Spiritual Life"": ""2"", ""Sense of Belonging"": ""2"", ""Social Order"": ""2"", ""An Exciting Life"": ""2"", ""Meaning in Life"": ""2"", ""Politeness"": ""2"", ""Wealth"": ""2"", ""National Security"": ""2"", ""Self-Respect"": ""2"", ""Reciprocation of Favors"": ""2"", ""Creativity"": ""2"", ""A World at Peace"": ""2"", ""Respect for Tradition"": ""2"", ""Mature Love"": ""2"", ""Self-Discipline"": ""2"", ""Detachment"": ""2"", ""Family Security"": ""2"", ""Social Recognition"": ""2"", ""Unity With Nature"": ""2"", ""A Varied Life"": ""2"", ""Wisdom"": ""2"", ""Authority"": ""2"", ""True Friendship"": ""2"", ""A World of Beauty"": ""2"", ""Social Justice"": ""2"", ""Independent"": ""2"", ""Moderate"": ""2"", ""Loyal"": ""2"","
335,Nigeria,Citizenship,7,"{""Equality"": ""1"", ""Inner Harmony"": ""1"", ""Social Power"": ""4"", ""Pleasure"": ""1"", ""Freedom"": ""1"", ""A Spiritual Life"": ""1"", ""Sense of Belonging"": ""1"", ""Social Order"": ""1"", ""An Exciting Life"": ""1"", ""Meaning in Life"": ""1"", ""Politeness"": ""1"", ""Wealth"": ""4"", ""National Security"": ""1"", ""Self-Respect"": ""1"", ""Reciprocation of Favors"": ""1"", ""Creativity"": ""1"", ""A World at Peace"": ""1"", ""Respect for Tradition"": ""1"", ""Mature Love"": ""1"", ""Self-Discipline"": ""1"", ""Detachment"": ""4"", ""Family Security"": ""1"", ""Social Recognition"": ""1"", ""Unity With Nature"": ""1"", ""A Varied Life"": ""1"", ""Wisdom"": ""1"", ""Authority"": ""4"", ""True Friendship"": ""1"", ""A World of Beauty"": ""1"", ""Social Justice"": ""1"", ""Independent"": ""1"", ""Moderate"": ""1"", ""Loyal"": ""1"","
336,Nigeria,Leisure Time and Sports,0,"{""Equality"": ""2"", ""Inner Harmony"": ""2"", ""Social Power"": ""4"", ""Pleasure"": ""2"", ""Freedom"": ""2"", ""A Spiritual Life"": ""2"", ""Sense of Belonging"": ""2"", ""Social Order"": ""2"", ""An Exciting Life"": ""2"", ""Meaning in Life"": ""2"", ""Politeness"": ""2"", ""Wealth"": ""4"", ""National Security"": ""2"", ""Self-Respect"": ""2"", ""Reciprocation of Favors"": ""2"", ""Creativity"": ""2"", ""A World at Peace"": ""2"", ""Respect for Tradition"": ""2"", ""Mature Love"": ""2"", ""Self-Discipline"": ""2"", ""Detachment"": ""2"", ""Family Security"": ""2"", ""Social Recognition"": ""2"", ""Unity With Nature"": ""2"", ""A Varied Life"": ""2"", ""Wisdom"": ""2"", ""Authority"": ""4"", ""True Friendship"": ""2"", ""A World of Beauty"": ""2"", ""Social Justice"": ""2"", ""Independent"": ""2"", ""Moderate"": ""2"", ""Loyal"": ""2"","
337,Nigeria,Leisure Time and Sports,1,"{""Equality"": ""2"", ""Inner Harmony"": ""2"", ""Social Power"": ""4"", ""Pleasure"": ""2"", ""Freedom"": ""2"", ""A Spiritual Life"": ""2"", ""Sense of Belonging"": ""2"", ""Social Order"": ""2"", ""An Exciting Life"": ""2"", ""Meaning in Life"": ""2"", ""Politeness"": ""2"", ""Wealth"": ""4"", ""National Security"": ""2"", ""Self-Respect"": ""2"", ""Reciprocation of Favors"": ""2"", ""Creativity"": ""2"", ""A World at Peace"": ""2"", ""Respect for Tradition"": ""2"", ""Mature Love"": ""2"", ""Self-Discipline"": ""2"", ""Detachment"": ""2"", ""Family Security"": ""2"", ""Social Recognition"": ""2"", ""Unity With Nature"": ""2"", ""A Varied Life"": ""2"", ""Wisdom"": ""2"", ""Authority"": ""4"", ""True Friendship"": ""2"", ""A World of Beauty"": ""2"", ""Social Justice"": ""2"", ""Independent"": ""2"", ""Moderate"": ""2"", ""Loyal"": ""2"","
338,Nigeria,Leisure Time and Sports,2,"{""Equality"": ""1"", ""Inner Harmony"": ""1"", ""Social Power"": ""1"", ""Pleasure"": ""1"", ""Freedom"": ""1"", ""A Spiritual Life"": ""1"", ""Sense of Belonging"": ""1"", ""Social Order"": ""1"", ""An Exciting Life"": ""1"", ""Meaning in Life"": ""1"", ""Politeness"": ""1"", ""Wealth"": ""1"", ""National Security"": ""1"", ""Self-Respect"": ""1"", ""Reciprocation of Favors"": ""1"", ""Creativity"": ""1"", ""A World at Peace"": ""1"", ""Respect for Tradition"": ""1"", ""Mature Love"": ""1"", ""Self-Discipline"": ""1"", ""Detachment"": ""1"", ""Family Security"": ""1"", ""Social Recognition"": ""1"", ""Unity With Nature"": ""1"", ""A Varied Life"": ""1"", ""Wisdom"": ""1"", ""Authority"": ""1"", ""True Friendship"": ""1"", ""A World of Beauty"": ""1"", ""Social Justice"": ""1"", ""Independent"": ""1"", ""Moderate"": ""1"", ""Loyal"": ""1"","
339,Nigeria,Leisure Time and Sports,3,"{""Equality"": ""2"", ""Inner Harmony"": ""2"", ""Social Power"": ""4"", ""Pleasure"": ""2"", ""Freedom"": ""2"", ""A Spiritual Life"": ""4"", ""Sense of Belonging"": ""2"", ""Social Order"": ""4"", ""An Exciting Life"": ""2"", ""Meaning in Life"": ""2"", ""Politeness"": ""2"", ""Wealth"": ""4"", ""National Security"": ""4"", ""Self-Respect"": ""2"", ""Reciprocation of Favors"": ""2"", ""Creativity"": ""4"", ""A World at Peace"": ""2"", ""Respect for Tradition"": ""4"", ""Mature Love"": ""4"", ""Self-Discipline"": ""4"", ""Detachment"": ""4"", ""Family Security"": ""2"", ""Social Recognition"": ""2"", ""Unity With Nature"": ""4"", ""A Varied Life"": ""2"", ""Wisdom"": ""2"", ""Authority"": ""4"", ""True Friendship"": ""2"", ""A World of Beauty"": ""2"", ""Social Justice"": ""2"", ""Independent"": ""2"", ""Moderate"": ""2"", ""Loyal"": ""2"","
340,Nigeria,Leisure Time and Sports,4,"{""Equality"": ""2"", ""Inner Harmony"": ""2"", ""Social Power"": ""4"", ""Pleasure"": ""2"", ""Freedom"": ""2"", ""A Spiritual Life"": ""2"", ""Sense of Belonging"": ""2"", ""Social Order"": ""2"", ""An Exciting Life"": ""2"", ""Meaning in Life"": ""2"", ""Politeness"": ""2"", ""Wealth"": ""4"", ""National Security"": ""2"", ""Self-Respect"": ""2"", ""Reciprocation of Favors"": ""2"", ""Creativity"": ""2"", ""A World at Peace"": ""2"", ""Respect for Tradition"": ""2"", ""Mature Love"": ""2"", ""Self-Discipline"": ""2"", ""Detachment"": ""2"", ""Family Security"": ""2"", ""Social Recognition"": ""2"", ""Unity With Nature"": ""2"", ""A Varied Life"": ""2"", ""Wisdom"": ""2"", ""Authority"": ""4"", ""True Friendship"": ""2"", ""A World of Beauty"": ""2"", ""Social Justice"": ""2"", ""Independent"": ""2"", ""Moderate"": ""2"", ""Loyal"": ""2"","
341,Nigeria,Leisure Time and Sports,5,"{""Equality"": ""2"", ""Inner Harmony"": ""2"", ""Social Power"": ""4"", ""Pleasure"": ""2"", ""Freedom"": ""2"", ""A Spiritual Life"": ""2"", ""Sense of Belonging"": ""2"", ""Social Order"": ""2"", ""An Exciting Life"": ""2"", ""Meaning in Life"": ""2"", ""Politeness"": ""2"", ""Wealth"": ""4"", ""National Security"": ""2"", ""Self-Respect"": ""2"", ""Reciprocation of Favors"": ""2"", ""Creativity"": ""2"", ""A World at Peace"": ""2"", ""Respect for Tradition"": ""2"", ""Mature Love"": ""2"", ""Self-Discipline"": ""2"", ""Detachment"": ""2"", ""Family Security"": ""2"", ""Social Recognition"": ""2"", ""Unity With Nature"": ""2"", ""A Varied Life"": ""2"", ""Wisdom"": ""2"", ""Authority"": ""4"", ""True Friendship"": ""2"", ""A World of Beauty"": ""2"", ""Social Justice"": ""2"", ""Independent"": ""2"", ""Moderate"": ""2"", ""Loyal"": ""2"","
342,Nigeria,Leisure Time and Sports,6,"{""Equality"": ""2"", ""Inner Harmony"": ""2"", ""Social Power"": ""2"", ""Pleasure"": ""2"", ""Freedom"": ""2"", ""A Spiritual Life"": ""2"", ""Sense of Belonging"": ""2"", ""Social Order"": ""2"", ""An Exciting Life"": ""2"", ""Meaning in Life"": ""2"", ""Politeness"": ""2"", ""Wealth"": ""2"", ""National Security"": ""2"", ""Self-Respect"": ""2"", ""Reciprocation of Favors"": ""2"", ""Creativity"": ""2"", ""A World at Peace"": ""2"", ""Respect for Tradition"": ""2"", ""Mature Love"": ""2"", ""Self-Discipline"": ""2"", ""Detachment"": ""2"", ""Family Security"": ""2"", ""Social Recognition"": ""2"", ""Unity With Nature"": ""2"", ""A Varied Life"": ""2"", ""Wisdom"": ""2"", ""Authority"": ""2"", ""True Friendship"": ""2"", ""A World of Beauty"": ""2"", ""Social Justice"": ""2"", ""Independent"": ""2"", ""Moderate"": ""2"", ""Loyal"": ""2"","
343,Nigeria,Leisure Time and Sports,7,"{""Equality"": ""1"", ""Inner Harmony"": ""1"", ""Social Power"": ""4"", ""Pleasure"": ""1"", ""Freedom"": ""1"", ""A Spiritual Life"": ""1"", ""Sense of Belonging"": ""1"", ""Social Order"": ""1"", ""An Exciting Life"": ""1"", ""Meaning in Life"": ""1"", ""Politeness"": ""1"", ""Wealth"": ""4"", ""National Security"": ""1"", ""Self-Respect"": ""1"", ""Reciprocation of Favors"": ""1"", ""Creativity"": ""1"", ""A World at Peace"": ""1"", ""Respect for Tradition"": ""1"", ""Mature Love"": ""1"", ""Self-Discipline"": ""1"", ""Detachment"": ""1"", ""Family Security"": ""1"", ""Social Recognition"": ""1"", ""Unity With Nature"": ""1"", ""A Varied Life"": ""1"", ""Wisdom"": ""1"", ""Authority"": ""4"", ""True Friendship"": ""1"", ""A World of Beauty"": ""1"", ""Social Justice"": ""1"", ""Independent"": ""1"", ""Moderate"": ""1"", ""Loyal"": ""1"","
344,Nigeria,Health and Health Care,0,"{""Equality"": ""2"", ""Inner Harmony"": ""2"", ""Social Power"": ""4"", ""Pleasure"": ""2"", ""Freedom"": ""2"", ""A Spiritual Life"": ""2"", ""Sense of Belonging"": ""2"", ""Social Order"": ""2"", ""An Exciting Life"": ""2"", ""Meaning in Life"": ""2"", ""Politeness"": ""2"", ""Wealth"": ""4"", ""National Security"": ""2"", ""Self-Respect"": ""2"", ""Reciprocation of Favors"": ""2"", ""Creativity"": ""2"", ""A World at Peace"": ""2"", ""Respect for Tradition"": ""2"", ""Mature Love"": ""2"", ""Self-Discipline"": ""2"", ""Detachment"": ""2"", ""Family Security"": ""2"", ""Social Recognition"": ""2"", ""Unity With Nature"": ""2"", ""A Varied Life"": ""2"", ""Wisdom"": ""2"", ""Authority"": ""4"", ""True Friendship"": ""2"", ""A World of Beauty"": ""2"", ""Social Justice"": ""2"", ""Independent"": ""2"", ""Moderate"": ""2"", ""Loyal"": ""2"","
345,Nigeria,Health and Health Care,1,"{""Equality"": ""3"", ""Inner Harmony"": ""3"", ""Social Power"": ""3"", ""Pleasure"": ""3"", ""Freedom"": ""3"", ""A Spiritual Life"": ""3"", ""Sense of Belonging"": ""3"", ""Social Order"": ""3"", ""An Exciting Life"": ""3"", ""Meaning in Life"": ""3"", ""Politeness"": ""3"", ""Wealth"": ""3"", ""National Security"": ""3"", ""Self-Respect"": ""3"", ""Reciprocation of Favors"": ""3"", ""Creativity"": ""3"", ""A World at Peace"": ""3"", ""Respect for Tradition"": ""3"", ""Mature Love"": ""3"", ""Self-Discipline"": ""3"", ""Detachment"": ""3"", ""Family Security"": ""3"", ""Social Recognition"": ""3"", ""Unity With Nature"": ""3"", ""A Varied Life"": ""3"", ""Wisdom"": ""3"", ""Authority"": ""3"", ""True Friendship"": ""3"", ""A World of Beauty"": ""3"", ""Social Justice"": ""3"", ""Independent"": ""3"", ""Moderate"": ""3"", ""Loyal"": ""3"","
346,Nigeria,Health and Health Care,2,"{""Equality"": ""1"", ""Inner Harmony"": ""1"", ""Social Power"": ""1"", ""Pleasure"": ""1"", ""Freedom"": ""1"", ""A Spiritual Life"": ""1"", ""Sense of Belonging"": ""1"", ""Social Order"": ""1"", ""An Exciting Life"": ""1"", ""Meaning in Life"": ""1"", ""Politeness"": ""1"", ""Wealth"": ""1"", ""National Security"": ""1"", ""Self-Respect"": ""1"", ""Reciprocation of Favors"": ""1"", ""Creativity"": ""1"", ""A World at Peace"": ""1"", ""Respect for Tradition"": ""1"", ""Mature Love"": ""1"", ""Self-Discipline"": ""1"", ""Detachment"": ""1"", ""Family Security"": ""1"", ""Social Recognition"": ""1"", ""Unity With Nature"": ""1"", ""A Varied Life"": ""1"", ""Wisdom"": ""1"", ""Authority"": ""1"", ""True Friendship"": ""1"", ""A World of Beauty"": ""1"", ""Social Justice"": ""1"", ""Independent"": ""1"", ""Moderate"": ""1"", ""Loyal"": ""1"","
347,Nigeria,Health and Health Care,3,"{""Equality"": ""1"", ""Inner Harmony"": ""1"", ""Social Power"": ""1"", ""Pleasure"": ""1"", ""Freedom"": ""1"", ""A Spiritual Life"": ""1"", ""Sense of Belonging"": ""1"", ""Social Order"": ""1"", ""An Exciting Life"": ""1"", ""Meaning in Life"": ""1"", ""Politeness"": ""1"", ""Wealth"": ""1"", ""National Security"": ""1"", ""Self-Respect"": ""1"", ""Reciprocation of Favors"": ""1"", ""Creativity"": ""1"", ""A World at Peace"": ""1"", ""Respect for Tradition"": ""1"", ""Mature Love"": ""1"", ""Self-Discipline"": ""1"", ""Detachment"": ""1"", ""Family Security"": ""1"", ""Social Recognition"": ""1"", ""Unity With Nature"": ""1"", ""A Varied Life"": ""1"", ""Wisdom"": ""1"", ""Authority"": ""1"", ""True Friendship"": ""1"", ""A World of Beauty"": ""1"", ""Social Justice"": ""1"", ""Independent"": ""1"", ""Moderate"": ""1"", ""Loyal"": ""1"","
348,Nigeria,Health and Health Care,4,"{""Equality"": ""2"", ""Inner Harmony"": ""2"", ""Social Power"": ""4"", ""Pleasure"": ""2"", ""Freedom"": ""2"", ""A Spiritual Life"": ""2"", ""Sense of Belonging"": ""2"", ""Social Order"": ""2"", ""An Exciting Life"": ""2"", ""Meaning in Life"": ""2"", ""Politeness"": ""2"", ""Wealth"": ""4"", ""National Security"": ""2"", ""Self-Respect"": ""2"", ""Reciprocation of Favors"": ""2"", ""Creativity"": ""2"", ""A World at Peace"": ""2"", ""Respect for Tradition"": ""2"", ""Mature Love"": ""2"", ""Self-Discipline"": ""2"", ""Detachment"": ""2"", ""Family Security"": ""2"", ""Social Recognition"": ""2"", ""Unity With Nature"": ""2"", ""A Varied Life"": ""2"", ""Wisdom"": ""2"", ""Authority"": ""4"", ""True Friendship"": ""2"", ""A World of Beauty"": ""2"", ""Social Justice"": ""2"", ""Independent"": ""2"", ""Moderate"": ""2"", ""Loyal"": ""2"","
349,Nigeria,Health and Health Care,5,"{""Equality"": ""2"", ""Inner Harmony"": ""2"", ""Social Power"": ""4"", ""Pleasure"": ""2"", ""Freedom"": ""2"", ""A Spiritual Life"": ""2"", ""Sense of Belonging"": ""2"", ""Social Order"": ""2"", ""An Exciting Life"": ""2"", ""Meaning in Life"": ""2"", ""Politeness"": ""2"", ""Wealth"": ""2"", ""National Security"": ""2"", ""Self-Respect"": ""2"", ""Reciprocation of Favors"": ""2"", ""Creativity"": ""2"", ""A World at Peace"": ""2"", ""Respect for Tradition"": ""2"", ""Mature Love"": ""2"", ""Self-Discipline"": ""2"", ""Detachment"": ""2"", ""Family Security"": ""2"", ""Social Recognition"": ""2"", ""Unity With Nature"": ""2"", ""A Varied Life"": ""2"", ""Wisdom"": ""2"", ""Authority"": ""4"", ""True Friendship"": ""2"", ""A World of Beauty"": ""2"", ""Social Justice"": ""2"", ""Independent"": ""2"", ""Moderate"": ""2"", ""Loyal"": ""2"","
350,Nigeria,Health and Health Care,6,"{""Equality"": ""2"", ""Inner Harmony"": ""2"", ""Social Power"": ""2"", ""Pleasure"": ""2"", ""Freedom"": ""2"", ""A Spiritual Life"": ""2"", ""Sense of Belonging"": ""2"", ""Social Order"": ""2"", ""An Exciting Life"": ""2"", ""Meaning in Life"": ""2"", ""Politeness"": ""2"", ""Wealth"": ""2"", ""National Security"": ""2"", ""Self-Respect"": ""2"", ""Reciprocation of Favors"": ""2"", ""Creativity"": ""2"", ""A World at Peace"": ""2"", ""Respect for Tradition"": ""2"", ""Mature Love"": ""2"", ""Self-Discipline"": ""2"", ""Detachment"": ""2"", ""Family Security"": ""2"", ""Social Recognition"": ""2"", ""Unity With Nature"": ""2"", ""A Varied Life"": ""2"", ""Wisdom"": ""2"", ""Authority"": ""2"", ""True Friendship"": ""2"", ""A World of Beauty"": ""2"", ""Social Justice"": ""2"", ""Independent"": ""2"", ""Moderate"": ""2"", ""Loyal"": ""2"","
351,Nigeria,Health and Health Care,7,"{""Equality"": ""1"", ""Inner Harmony"": ""1"", ""Social Power"": ""1"", ""Pleasure"": ""1"", ""Freedom"": ""1"", ""A Spiritual Life"": ""1"", ""Sense of Belonging"": ""1"", ""Social Order"": ""1"", ""An Exciting Life"": ""1"", ""Meaning in Life"": ""1"", ""Politeness"": ""1"", ""Wealth"": ""1"", ""National Security"": ""1"", ""Self-Respect"": ""1"", ""Reciprocation of Favors"": ""1"", ""Creativity"": ""1"", ""A World at Peace"": ""1"", ""Respect for Tradition"": ""1"", ""Mature Love"": ""1"", ""Self-Discipline"": ""1"", ""Detachment"": ""1"", ""Family Security"": ""1"", ""Social Recognition"": ""1"", ""Unity With Nature"": ""1"", ""A Varied Life"": ""1"", ""Wisdom"": ""1"", ""Authority"": ""1"", ""True Friendship"": ""1"", ""A World of Beauty"": ""1"", ""Social Justice"": ""1"", ""Independent"": ""1"", ""Moderate"": ""1"", ""Loyal"": ""1"","
352,Philippines,Politics,0,"{""Equality"": ""2"", ""Inner Harmony"": ""2"", ""Social Power"": ""4"", ""Pleasure"": ""2"", ""Freedom"": ""2"", ""A Spiritual Life"": ""2"", ""Sense of Belonging"": ""2"", ""Social Order"": ""2"", ""An Exciting Life"": ""2"", ""Meaning in Life"": ""2"", ""Politeness"": ""2"", ""Wealth"": ""2"", ""National Security"": ""2"", ""Self-Respect"": ""2"", ""Reciprocation of Favors"": ""2"", ""Creativity"": ""2"", ""A World at Peace"": ""2"", ""Respect for Tradition"": ""2"", ""Mature Love"": ""2"", ""Self-Discipline"": ""2"", ""Detachment"": ""2"", ""Family Security"": ""2"", ""Social Recognition"": ""2"", ""Unity With Nature"": ""2"", ""A Varied Life"": ""2"", ""Wisdom"": ""2"", ""Authority"": ""4"", ""True Friendship"": ""2"", ""A World of Beauty"": ""2"", ""Social Justice"": ""2"", ""Independent"": ""2"", ""Moderate"": ""2"", ""Loyal"": ""2"","
353,Philippines,Politics,1,"{""Equality"": ""2"", ""Inner Harmony"": ""3"", ""Social Power"": ""4"", ""Pleasure"": ""3"", ""Freedom"": ""2"", ""A Spiritual Life"": ""3"", ""Sense of Belonging"": ""2"", ""Social Order"": ""2"", ""An Exciting Life"": ""3"", ""Meaning in Life"": ""2"", ""Politeness"": ""2"", ""Wealth"": ""3"", ""National Security"": ""2"", ""Self-Respect"": ""2"", ""Reciprocation of Favors"": ""2"", ""Creativity"": ""3"", ""A World at Peace"": ""2"", ""Respect for Tradition"": ""3"", ""Mature Love"": ""3"", ""Self-Discipline"": ""3"", ""Detachment"": ""3"", ""Family Security"": ""2"", ""Social Recognition"": ""2"", ""Unity With Nature"": ""3"", ""A Varied Life"": ""3"", ""Wisdom"": ""2"", ""Authority"": ""4"", ""True Friendship"": ""2"", ""A World of Beauty"": ""3"", ""Social Justice"": ""2"", ""Independent"": ""2"", ""Moderate"": ""3"", ""Loyal"": ""2"","
354,Philippines,Politics,2,"{""Equality"": ""1"", ""Inner Harmony"": ""1"", ""Social Power"": ""2"", ""Pleasure"": ""2"", ""Freedom"": ""1"", ""A Spiritual Life"": ""2"", ""Sense of Belonging"": ""1"", ""Social Order"": ""2"", ""An Exciting Life"": ""2"", ""Meaning in Life"": ""1"", ""Politeness"": ""1"", ""Wealth"": ""2"", ""National Security"": ""2"", ""Self-Respect"": ""1"", ""Reciprocation of Favors"": ""2"", ""Creativity"": ""2"", ""A World at Peace"": ""1"", ""Respect for Tradition"": ""2"", ""Mature Love"": ""2"", ""Self-Discipline"": ""2"", ""Detachment"": ""2"", ""Family Security"": ""1"", ""Social Recognition"": ""2"", ""Unity With Nature"": ""2"", ""A Varied Life"": ""2"", ""Wisdom"": ""2"", ""Authority"": ""2"", ""True Friendship"": ""2"", ""A World of Beauty"": ""2"", ""Social Justice"": ""1"", ""Independent"": ""2"", ""Moderate"": ""2"", ""Loyal"": ""2"","
355,Philippines,Politics,3,"{""Equality"": ""2"", ""Inner Harmony"": ""2"", ""Social Power"": ""2"", ""Pleasure"": ""2"", ""Freedom"": ""2"", ""A Spiritual Life"": ""2"", ""Sense of Belonging"": ""2"", ""Social Order"": ""2"", ""An Exciting Life"": ""2"", ""Meaning in Life"": ""2"", ""Politeness"": ""2"", ""Wealth"": ""2"", ""National Security"": ""2"", ""Self-Respect"": ""2"", ""Reciprocation of Favors"": ""2"", ""Creativity"": ""2"", ""A World at Peace"": ""2"", ""Respect for Tradition"": ""2"", ""Mature Love"": ""2"", ""Self-Discipline"": ""2"", ""Detachment"": ""2"", ""Family Security"": ""2"", ""Social Recognition"": ""2"", ""Unity With Nature"": ""2"", ""A Varied Life"": ""2"", ""Wisdom"": ""2"", ""Authority"": ""2"", ""True Friendship"": ""2"", ""A World of Beauty"": ""2"", ""Social Justice"": ""2"", ""Independent"": ""2"", ""Moderate"": ""2"", ""Loyal"": ""2"","
356,Philippines,Politics,4,"{""Equality"": ""2"", ""Inner Harmony"": ""2"", ""Social Power"": ""4"", ""Pleasure"": ""2"", ""Freedom"": ""2"", ""A Spiritual Life"": ""2"", ""Sense of Belonging"": ""2"", ""Social Order"": ""2"", ""An Exciting Life"": ""2"", ""Meaning in Life"": ""2"", ""Politeness"": ""2"", ""Wealth"": ""2"", ""National Security"": ""2"", ""Self-Respect"": ""2"", ""Reciprocation of Favors"": ""2"", ""Creativity"": ""2"", ""A World at Peace"": ""2"", ""Respect for Tradition"": ""2"", ""Mature Love"": ""2"", ""Self-Discipline"": ""2"", ""Detachment"": ""2"", ""Family Security"": ""2"", ""Social Recognition"": ""2"", ""Unity With Nature"": ""2"", ""A Varied Life"": ""2"", ""Wisdom"": ""2"", ""Authority"": ""4"", ""True Friendship"": ""2"", ""A World of Beauty"": ""2"", ""Social Justice"": ""2"", ""Independent"": ""2"", ""Moderate"": ""2"", ""Loyal"": ""2"","
357,Philippines,Politics,5,"{""Equality"": ""2"", ""Inner Harmony"": ""2"", ""Social Power"": ""4"", ""Pleasure"": ""2"", ""Freedom"": ""2"", ""A Spiritual Life"": ""2"", ""Sense of Belonging"": ""2"", ""Social Order"": ""2"", ""An Exciting Life"": ""2"", ""Meaning in Life"": ""2"", ""Politeness"": ""2"", ""Wealth"": ""2"", ""National Security"": ""2"", ""Self-Respect"": ""2"", ""Reciprocation of Favors"": ""2"", ""Creativity"": ""2"", ""A World at Peace"": ""2"", ""Respect for Tradition"": ""2"", ""Mature Love"": ""2"", ""Self-Discipline"": ""2"", ""Detachment"": ""2"", ""Family Security"": ""2"", ""Social Recognition"": ""2"", ""Unity With Nature"": ""2"", ""A Varied Life"": ""2"", ""Wisdom"": ""2"", ""Authority"": ""4"", ""True Friendship"": ""2"", ""A World of Beauty"": ""2"", ""Social Justice"": ""2"", ""Independent"": ""2"", ""Moderate"": ""2"", ""Loyal"": ""2"","
358,Philippines,Politics,6,"{""Equality"": ""2"", ""Inner Harmony"": ""2"", ""Social Power"": ""2"", ""Pleasure"": ""2"", ""Freedom"": ""2"", ""A Spiritual Life"": ""2"", ""Sense of Belonging"": ""2"", ""Social Order"": ""2"", ""An Exciting Life"": ""2"", ""Meaning in Life"": ""2"", ""Politeness"": ""2"", ""Wealth"": ""2"", ""National Security"": ""2"", ""Self-Respect"": ""2"", ""Reciprocation of Favors"": ""2"", ""Creativity"": ""2"", ""A World at Peace"": ""2"", ""Respect for Tradition"": ""2"", ""Mature Love"": ""2"", ""Self-Discipline"": ""2"", ""Detachment"": ""2"", ""Family Security"": ""2"", ""Social Recognition"": ""2"", ""Unity With Nature"": ""2"", ""A Varied Life"": ""2"", ""Wisdom"": ""2"", ""Authority"": ""2"", ""True Friendship"": ""2"", ""A World of Beauty"": ""2"", ""Social Justice"": ""2"", ""Independent"": ""2"", ""Moderate"": ""2"", ""Loyal"": ""2"","
359,Philippines,Politics,7,"{""Equality"": ""2"", ""Inner Harmony"": ""2"", ""Social Power"": ""2"", ""Pleasure"": ""2"", ""Freedom"": ""2"", ""A Spiritual Life"": ""2"", ""Sense of Belonging"": ""2"", ""Social Order"": ""2"", ""An Exciting Life"": ""2"", ""Meaning in Life"": ""2"", ""Politeness"": ""2"", ""Wealth"": ""2"", ""National Security"": ""2"", ""Self-Respect"": ""2"", ""Reciprocation of Favors"": ""2"", ""Creativity"": ""2"", ""A World at Peace"": ""2"", ""Respect for Tradition"": ""2"", ""Mature Love"": ""2"", ""Self-Discipline"": ""2"", ""Detachment"": ""2"", ""Family Security"": ""2"", ""Social Recognition"": ""2"", ""Unity With Nature"": ""2"", ""A Varied Life"": ""2"", ""Wisdom"": ""2"", ""Authority"": ""2"", ""True Friendship"": ""2"", ""A World of Beauty"": ""2"", ""Social Justice"": ""2"", ""Independent"": ""2"", ""Moderate"": ""2"", ""Loyal"": ""2"","
360,Philippines,Social Networks,0,"{""Equality"": ""2"", ""Inner Harmony"": ""2"", ""Social Power"": ""4"", ""Pleasure"": ""2"", ""Freedom"": ""2"", ""A Spiritual Life"": ""2"", ""Sense of Belonging"": ""2"", ""Social Order"": ""2"", ""An Exciting Life"": ""2"", ""Meaning in Life"": ""2"", ""Politeness"": ""2"", ""Wealth"": ""4"", ""National Security"": ""2"", ""Self-Respect"": ""2"", ""Reciprocation of Favors"": ""2"", ""Creativity"": ""2"", ""A World at Peace"": ""2"", ""Respect for Tradition"": ""2"", ""Mature Love"": ""2"", ""Self-Discipline"": ""2"", ""Detachment"": ""2"", ""Family Security"": ""2"", ""Social Recognition"": ""2"", ""Unity With Nature"": ""2"", ""A Varied Life"": ""2"", ""Wisdom"": ""2"", ""Authority"": ""4"", ""True Friendship"": ""2"", ""A World of Beauty"": ""2"", ""Social Justice"": ""2"", ""Independent"": ""2"", ""Moderate"": ""2"", ""Loyal"": ""2"","
361,Philippines,Social Networks,1,"{""Equality"": ""2"", ""Inner Harmony"": ""2"", ""Social Power"": ""4"", ""Pleasure"": ""2"", ""Freedom"": ""2"", ""A Spiritual Life"": ""2"", ""Sense of Belonging"": ""2"", ""Social Order"": ""2"", ""An Exciting Life"": ""2"", ""Meaning in Life"": ""2"", ""Politeness"": ""2"", ""Wealth"": ""4"", ""National Security"": ""2"", ""Self-Respect"": ""2"", ""Reciprocation of Favors"": ""2"", ""Creativity"": ""2"", ""A World at Peace"": ""2"", ""Respect for Tradition"": ""2"", ""Mature Love"": ""2"", ""Self-Discipline"": ""2"", ""Detachment"": ""2"", ""Family Security"": ""2"", ""Social Recognition"": ""2"", ""Unity With Nature"": ""2"", ""A Varied Life"": ""2"", ""Wisdom"": ""2"", ""Authority"": ""4"", ""True Friendship"": ""2"", ""A World of Beauty"": ""2"", ""Social Justice"": ""2"", ""Independent"": ""2"", ""Moderate"": ""2"", ""Loyal"": ""2"","
362,Philippines,Social Networks,2,"{""Equality"": ""1"", ""Inner Harmony"": ""1"", ""Social Power"": ""1"", ""Pleasure"": ""1"", ""Freedom"": ""1"", ""A Spiritual Life"": ""1"", ""Sense of Belonging"": ""1"", ""Social Order"": ""1"", ""An Exciting Life"": ""1"", ""Meaning in Life"": ""1"", ""Politeness"": ""1"", ""Wealth"": ""1"", ""National Security"": ""1"", ""Self-Respect"": ""1"", ""Reciprocation of Favors"": ""1"", ""Creativity"": ""1"", ""A World at Peace"": ""1"", ""Respect for Tradition"": ""1"", ""Mature Love"": ""1"", ""Self-Discipline"": ""1"", ""Detachment"": ""1"", ""Family Security"": ""1"", ""Social Recognition"": ""1"", ""Unity With Nature"": ""1"", ""A Varied Life"": ""1"", ""Wisdom"": ""1"", ""Authority"": ""1"", ""True Friendship"": ""1"", ""A World of Beauty"": ""1"", ""Social Justice"": ""1"", ""Independent"": ""1"", ""Moderate"": ""1"", ""Loyal"": ""1"","
363,Philippines,Social Networks,3,"{""Equality"": ""1"", ""Inner Harmony"": ""1"", ""Social Power"": ""1"", ""Pleasure"": ""1"", ""Freedom"": ""1"", ""A Spiritual Life"": ""1"", ""Sense of Belonging"": ""1"", ""Social Order"": ""1"", ""An Exciting Life"": ""1"", ""Meaning in Life"": ""1"", ""Politeness"": ""1"", ""Wealth"": ""1"", ""National Security"": ""1"", ""Self-Respect"": ""1"", ""Reciprocation of Favors"": ""1"", ""Creativity"": ""1"", ""A World at Peace"": ""1"", ""Respect for Tradition"": ""1"", ""Mature Love"": ""1"", ""Self-Discipline"": ""1"", ""Detachment"": ""1"", ""Family Security"": ""1"", ""Social Recognition"": ""1"", ""Unity With Nature"": ""1"", ""A Varied Life"": ""1"", ""Wisdom"": ""1"", ""Authority"": ""1"", ""True Friendship"": ""1"", ""A World of Beauty"": ""1"", ""Social Justice"": ""1"", ""Independent"": ""1"", ""Moderate"": ""1"", ""Loyal"": ""1"","
364,Philippines,Social Networks,4,"{""Equality"": ""2"", ""Inner Harmony"": ""2"", ""Social Power"": ""4"", ""Pleasure"": ""2"", ""Freedom"": ""2"", ""A Spiritual Life"": ""2"", ""Sense of Belonging"": ""2"", ""Social Order"": ""2"", ""An Exciting Life"": ""2"", ""Meaning in Life"": ""2"", ""Politeness"": ""2"", ""Wealth"": ""4"", ""National Security"": ""2"", ""Self-Respect"": ""2"", ""Reciprocation of Favors"": ""2"", ""Creativity"": ""2"", ""A World at Peace"": ""2"", ""Respect for Tradition"": ""2"", ""Mature Love"": ""2"", ""Self-Discipline"": ""2"", ""Detachment"": ""2"", ""Family Security"": ""2"", ""Social Recognition"": ""2"", ""Unity With Nature"": ""2"", ""A Varied Life"": ""2"", ""Wisdom"": ""2"", ""Authority"": ""4"", ""True Friendship"": ""2"", ""A World of Beauty"": ""2"", ""Social Justice"": ""2"", ""Independent"": ""2"", ""Moderate"": ""2"", ""Loyal"": ""2"","
365,Philippines,Social Networks,5,"{""Equality"": ""2"", ""Inner Harmony"": ""2"", ""Social Power"": ""4"", ""Pleasure"": ""2"", ""Freedom"": ""2"", ""A Spiritual Life"": ""2"", ""Sense of Belonging"": ""2"", ""Social Order"": ""2"", ""An Exciting Life"": ""2"", ""Meaning in Life"": ""2"", ""Politeness"": ""2"", ""Wealth"": ""4"", ""National Security"": ""2"", ""Self-Respect"": ""2"", ""Reciprocation of Favors"": ""2"", ""Creativity"": ""2"", ""A World at Peace"": ""2"", ""Respect for Tradition"": ""2"", ""Mature Love"": ""2"", ""Self-Discipline"": ""2"", ""Detachment"": ""2"", ""Family Security"": ""2"", ""Social Recognition"": ""2"", ""Unity With Nature"": ""2"", ""A Varied Life"": ""2"", ""Wisdom"": ""2"", ""Authority"": ""4"", ""True Friendship"": ""2"", ""A World of Beauty"": ""2"", ""Social Justice"": ""2"", ""Independent"": ""2"", ""Moderate"": ""2"", ""Loyal"": ""2"","
366,Philippines,Social Networks,6,"{""Equality"": ""1"", ""Inner Harmony"": ""1"", ""Social Power"": ""1"", ""Pleasure"": ""1"", ""Freedom"": ""1"", ""A Spiritual Life"": ""1"", ""Sense of Belonging"": ""1"", ""Social Order"": ""1"", ""An Exciting Life"": ""1"", ""Meaning in Life"": ""1"", ""Politeness"": ""1"", ""Wealth"": ""1"", ""National Security"": ""1"", ""Self-Respect"": ""1"", ""Reciprocation of Favors"": ""1"", ""Creativity"": ""1"", ""A World at Peace"": ""1"", ""Respect for Tradition"": ""1"", ""Mature Love"": ""1"", ""Self-Discipline"": ""1"", ""Detachment"": ""1"", ""Family Security"": ""1"", ""Social Recognition"": ""1"", ""Unity With Nature"": ""1"", ""A Varied Life"": ""1"", ""Wisdom"": ""1"", ""Authority"": ""1"", ""True Friendship"": ""1"", ""A World of Beauty"": ""1"", ""Social Justice"": ""1"", ""Independent"": ""1"", ""Moderate"": ""1"", ""Loyal"": ""1"","
367,Philippines,Social Networks,7,"{""Equality"": ""1"", ""Inner Harmony"": ""1"", ""Social Power"": ""1"", ""Pleasure"": ""1"", ""Freedom"": ""1"", ""A Spiritual Life"": ""1"", ""Sense of Belonging"": ""1"", ""Social Order"": ""1"", ""An Exciting Life"": ""1"", ""Meaning in Life"": ""1"", ""Politeness"": ""1"", ""Wealth"": ""1"", ""National Security"": ""1"", ""Self-Respect"": ""1"", ""Reciprocation of Favors"": ""1"", ""Creativity"": ""1"", ""A World at Peace"": ""1"", ""Respect for Tradition"": ""1"", ""Mature Love"": ""1"", ""Self-Discipline"": ""1"", ""Detachment"": ""1"", ""Family Security"": ""1"", ""Social Recognition"": ""1"", ""Unity With Nature"": ""1"", ""A Varied Life"": ""1"", ""Wisdom"": ""1"", ""Authority"": ""1"", ""True Friendship"": ""1"", ""A World of Beauty"": ""1"", ""Social Justice"": ""1"", ""Independent"": ""1"", ""Moderate"": ""1"", ""Loyal"": ""1"","
368,Philippines,Social Inequality,0,"{""Equality"": ""2"", ""Inner Harmony"": ""2"", ""Social Power"": ""4"", ""Pleasure"": ""2"", ""Freedom"": ""2"", ""A Spiritual Life"": ""2"", ""Sense of Belonging"": ""2"", ""Social Order"": ""2"", ""An Exciting Life"": ""2"", ""Meaning in Life"": ""2"", ""Politeness"": ""2"", ""Wealth"": ""4"", ""National Security"": ""2"", ""Self-Respect"": ""2"", ""Reciprocation of Favors"": ""2"", ""Creativity"": ""2"", ""A World at Peace"": ""2"", ""Respect for Tradition"": ""2"", ""Mature Love"": ""2"", ""Self-Discipline"": ""2"", ""Detachment"": ""2"", ""Family Security"": ""2"", ""Social Recognition"": ""2"", ""Unity With Nature"": ""2"", ""A Varied Life"": ""2"", ""Wisdom"": ""2"", ""Authority"": ""4"", ""True Friendship"": ""2"", ""A World of Beauty"": ""2"", ""Social Justice"": ""2"", ""Independent"": ""2"", ""Moderate"": ""2"", ""Loyal"": ""2"","
369,Philippines,Social Inequality,1,"{""Equality"": ""2"", ""Inner Harmony"": ""2"", ""Social Power"": ""4"", ""Pleasure"": ""2"", ""Freedom"": ""2"", ""A Spiritual Life"": ""2"", ""Sense of Belonging"": ""2"", ""Social Order"": ""2"", ""An Exciting Life"": ""2"", ""Meaning in Life"": ""2"", ""Politeness"": ""2"", ""Wealth"": ""2"", ""National Security"": ""2"", ""Self-Respect"": ""2"", ""Reciprocation of Favors"": ""2"", ""Creativity"": ""2"", ""A World at Peace"": ""2"", ""Respect for Tradition"": ""2"", ""Mature Love"": ""2"", ""Self-Discipline"": ""2"", ""Detachment"": ""2"", ""Family Security"": ""2"", ""Social Recognition"": ""2"", ""Unity With Nature"": ""2"", ""A Varied Life"": ""2"", ""Wisdom"": ""2"", ""Authority"": ""4"", ""True Friendship"": ""2"", ""A World of Beauty"": ""2"", ""Social Justice"": ""2"", ""Independent"": ""2"", ""Moderate"": ""2"", ""Loyal"": ""2"","
370,Philippines,Social Inequality,2,"{""Equality"": ""1"", ""Inner Harmony"": ""1"", ""Social Power"": ""1"", ""Pleasure"": ""1"", ""Freedom"": ""1"", ""A Spiritual Life"": ""1"", ""Sense of Belonging"": ""1"", ""Social Order"": ""1"", ""An Exciting Life"": ""1"", ""Meaning in Life"": ""1"", ""Politeness"": ""1"", ""Wealth"": ""1"", ""National Security"": ""1"", ""Self-Respect"": ""1"", ""Reciprocation of Favors"": ""1"", ""Creativity"": ""1"", ""A World at Peace"": ""1"", ""Respect for Tradition"": ""1"", ""Mature Love"": ""1"", ""Self-Discipline"": ""1"", ""Detachment"": ""1"", ""Family Security"": ""1"", ""Social Recognition"": ""1"", ""Unity With Nature"": ""1"", ""A Varied Life"": ""1"", ""Wisdom"": ""1"", ""Authority"": ""1"", ""True Friendship"": ""1"", ""A World of Beauty"": ""1"", ""Social Justice"": ""1"", ""Independent"": ""1"", ""Moderate"": ""1"", ""Loyal"": ""1"","
371,Philippines,Social Inequality,3,"{""Equality"": ""4"", ""Inner Harmony"": ""4"", ""Social Power"": ""4"", ""Pleasure"": ""4"", ""Freedom"": ""4"", ""A Spiritual Life"": ""4"", ""Sense of Belonging"": ""4"", ""Social Order"": ""4"", ""An Exciting Life"": ""4"", ""Meaning in Life"": ""4"", ""Politeness"": ""4"", ""Wealth"": ""4"", ""National Security"": ""4"", ""Self-Respect"": ""4"", ""Reciprocation of Favors"": ""4"", ""Creativity"": ""4"", ""A World at Peace"": ""4"", ""Respect for Tradition"": ""4"", ""Mature Love"": ""4"", ""Self-Discipline"": ""4"", ""Detachment"": ""4"", ""Family Security"": ""4"", ""Social Recognition"": ""4"", ""Unity With Nature"": ""4"", ""A Varied Life"": ""4"", ""Wisdom"": ""4"", ""Authority"": ""4"", ""True Friendship"": ""4"", ""A World of Beauty"": ""4"", ""Social Justice"": ""4"", ""Independent"": ""4"", ""Moderate"": ""4"", ""Loyal"": ""4"","
372,Philippines,Social Inequality,4,"{""Equality"": ""2"", ""Inner Harmony"": ""2"", ""Social Power"": ""4"", ""Pleasure"": ""2"", ""Freedom"": ""2"", ""A Spiritual Life"": ""2"", ""Sense of Belonging"": ""2"", ""Social Order"": ""2"", ""An Exciting Life"": ""2"", ""Meaning in Life"": ""2"", ""Politeness"": ""2"", ""Wealth"": ""2"", ""National Security"": ""2"", ""Self-Respect"": ""2"", ""Reciprocation of Favors"": ""2"", ""Creativity"": ""2"", ""A World at Peace"": ""2"", ""Respect for Tradition"": ""2"", ""Mature Love"": ""2"", ""Self-Discipline"": ""2"", ""Detachment"": ""2"", ""Family Security"": ""2"", ""Social Recognition"": ""2"", ""Unity With Nature"": ""2"", ""A Varied Life"": ""2"", ""Wisdom"": ""2"", ""Authority"": ""4"", ""True Friendship"": ""2"", ""A World of Beauty"": ""2"", ""Social Justice"": ""2"", ""Independent"": ""2"", ""Moderate"": ""2"", ""Loyal"": ""2"","
373,Philippines,Social Inequality,5,"{""Equality"": ""2"", ""Inner Harmony"": ""3"", ""Social Power"": ""4"", ""Pleasure"": ""3"", ""Freedom"": ""2"", ""A Spiritual Life"": ""3"", ""Sense of Belonging"": ""2"", ""Social Order"": ""2"", ""An Exciting Life"": ""3"", ""Meaning in Life"": ""3"", ""Politeness"": ""2"", ""Wealth"": ""3"", ""National Security"": ""2"", ""Self-Respect"": ""2"", ""Reciprocation of Favors"": ""2"", ""Creativity"": ""3"", ""A World at Peace"": ""2"", ""Respect for Tradition"": ""3"", ""Mature Love"": ""3"", ""Self-Discipline"": ""3"", ""Detachment"": ""3"", ""Family Security"": ""2"", ""Social Recognition"": ""2"", ""Unity With Nature"": ""3"", ""A Varied Life"": ""3"", ""Wisdom"": ""3"", ""Authority"": ""4"", ""True Friendship"": ""2"", ""A World of Beauty"": ""3"", ""Social Justice"": ""2"", ""Independent"": ""2"", ""Moderate"": ""3"", ""Loyal"": ""2"","
374,Philippines,Social Inequality,6,"{""Equality"": ""2"", ""Inner Harmony"": ""2"", ""Social Power"": ""2"", ""Pleasure"": ""2"", ""Freedom"": ""2"", ""A Spiritual Life"": ""2"", ""Sense of Belonging"": ""2"", ""Social Order"": ""2"", ""An Exciting Life"": ""2"", ""Meaning in Life"": ""2"", ""Politeness"": ""2"", ""Wealth"": ""2"", ""National Security"": ""2"", ""Self-Respect"": ""2"", ""Reciprocation of Favors"": ""2"", ""Creativity"": ""2"", ""A World at Peace"": ""2"", ""Respect for Tradition"": ""2"", ""Mature Love"": ""2"", ""Self-Discipline"": ""2"", ""Detachment"": ""2"", ""Family Security"": ""2"", ""Social Recognition"": ""2"", ""Unity With Nature"": ""2"", ""A Varied Life"": ""2"", ""Wisdom"": ""2"", ""Authority"": ""2"", ""True Friendship"": ""2"", ""A World of Beauty"": ""2"", ""Social Justice"": ""2"", ""Independent"": ""2"", ""Moderate"": ""2"", ""Loyal"": ""2"","
375,Philippines,Social Inequality,7,"{""Equality"": ""1"", ""Inner Harmony"": ""1"", ""Social Power"": ""1"", ""Pleasure"": ""1"", ""Freedom"": ""1"", ""A Spiritual Life"": ""1"", ""Sense of Belonging"": ""1"", ""Social Order"": ""1"", ""An Exciting Life"": ""1"", ""Meaning in Life"": ""1"", ""Politeness"": ""1"", ""Wealth"": ""1"", ""National Security"": ""1"", ""Self-Respect"": ""1"", ""Reciprocation of Favors"": ""1"", ""Creativity"": ""1"", ""A World at Peace"": ""1"", ""Respect for Tradition"": ""1"", ""Mature Love"": ""1"", ""Self-Discipline"": ""1"", ""Detachment"": ""1"", ""Family Security"": ""1"", ""Social Recognition"": ""1"", ""Unity With Nature"": ""1"", ""A Varied Life"": ""1"", ""Wisdom"": ""1"", ""Authority"": ""1"", ""True Friendship"": ""1"", ""A World of Beauty"": ""1"", ""Social Justice"": ""1"", ""Independent"": ""1"", ""Moderate"": ""1"", ""Loyal"": ""1"","
376,Philippines,Family & Changing Gender Roles,0,"{""Equality"": ""3"", ""Inner Harmony"": ""3"", ""Social Power"": ""3"", ""Pleasure"": ""3"", ""Freedom"": ""3"", ""A Spiritual Life"": ""3"", ""Sense of Belonging"": ""3"", ""Social Order"": ""3"", ""An Exciting Life"": ""3"", ""Meaning in Life"": ""3"", ""Politeness"": ""3"", ""Wealth"": ""3"", ""National Security"": ""3"", ""Self-Respect"": ""3"", ""Reciprocation of Favors"": ""3"", ""Creativity"": ""3"", ""A World at Peace"": ""3"", ""Respect for Tradition"": ""3"", ""Mature Love"": ""3"", ""Self-Discipline"": ""3"", ""Detachment"": ""3"", ""Family Security"": ""3"", ""Social Recognition"": ""3"", ""Unity With Nature"": ""3"", ""A Varied Life"": ""3"", ""Wisdom"": ""3"", ""Authority"": ""3"", ""True Friendship"": ""3"", ""A World of Beauty"": ""3"", ""Social Justice"": ""3"", ""Independent"": ""3"", ""Moderate"": ""3"", ""Loyal"": ""3"","
377,Philippines,Family & Changing Gender Roles,1,"{""Equality"": ""2"", ""Inner Harmony"": ""2"", ""Social Power"": ""4"", ""Pleasure"": ""2"", ""Freedom"": ""2"", ""A Spiritual Life"": ""2"", ""Sense of Belonging"": ""2"", ""Social Order"": ""2"", ""An Exciting Life"": ""2"", ""Meaning in Life"": ""2"", ""Politeness"": ""2"", ""Wealth"": ""2"", ""National Security"": ""2"", ""Self-Respect"": ""2"", ""Reciprocation of Favors"": ""2"", ""Creativity"": ""2"", ""A World at Peace"": ""2"", ""Respect for Tradition"": ""2"", ""Mature Love"": ""2"", ""Self-Discipline"": ""2"", ""Detachment"": ""2"", ""Family Security"": ""2"", ""Social Recognition"": ""2"", ""Unity With Nature"": ""2"", ""A Varied Life"": ""2"", ""Wisdom"": ""2"", ""Authority"": ""4"", ""True Friendship"": ""2"", ""A World of Beauty"": ""2"", ""Social Justice"": ""2"", ""Independent"": ""2"", ""Moderate"": ""2"", ""Loyal"": ""2"","
378,Philippines,Family & Changing Gender Roles,2,"{""Equality"": ""2"", ""Inner Harmony"": ""2"", ""Social Power"": ""2"", ""Pleasure"": ""2"", ""Freedom"": ""2"", ""A Spiritual Life"": ""2"", ""Sense of Belonging"": ""2"", ""Social Order"": ""2"", ""An Exciting Life"": ""2"", ""Meaning in Life"": ""2"", ""Politeness"": ""2"", ""Wealth"": ""2"", ""National Security"": ""2"", ""Self-Respect"": ""2"", ""Reciprocation of Favors"": ""2"", ""Creativity"": ""2"", ""A World at Peace"": ""2"", ""Respect for Tradition"": ""2"", ""Mature Love"": ""2"", ""Self-Discipline"": ""2"", ""Detachment"": ""2"", ""Family Security"": ""2"", ""Social Recognition"": ""2"", ""Unity With Nature"": ""2"", ""A Varied Life"": ""2"", ""Wisdom"": ""2"", ""Authority"": ""2"", ""True Friendship"": ""2"", ""A World of Beauty"": ""2"", ""Social Justice"": ""2"", ""Independent"": ""2"", ""Moderate"": ""2"", ""Loyal"": ""2"","
379,Philippines,Family & Changing Gender Roles,3,"{""Equality"": ""2"", ""Inner Harmony"": ""2"", ""Social Power"": ""4"", ""Pleasure"": ""2"", ""Freedom"": ""2"", ""A Spiritual Life"": ""4"", ""Sense of Belonging"": ""2"", ""Social Order"": ""2"", ""An Exciting Life"": ""2"", ""Meaning in Life"": ""2"", ""Politeness"": ""2"", ""Wealth"": ""4"", ""National Security"": ""4"", ""Self-Respect"": ""2"", ""Reciprocation of Favors"": ""2"", ""Creativity"": ""2"", ""A World at Peace"": ""2"", ""Respect for Tradition"": ""4"", ""Mature Love"": ""2"", ""Self-Discipline"": ""4"", ""Detachment"": ""4"", ""Family Security"": ""2"", ""Social Recognition"": ""2"", ""Unity With Nature"": ""4"", ""A Varied Life"": ""2"", ""Wisdom"": ""2"", ""Authority"": ""4"", ""True Friendship"": ""2"", ""A World of Beauty"": ""2"", ""Social Justice"": ""2"", ""Independent"": ""2"", ""Moderate"": ""2"", ""Loyal"": ""2"","
380,Philippines,Family & Changing Gender Roles,4,"{""Equality"": ""2"", ""Inner Harmony"": ""2"", ""Social Power"": ""4"", ""Pleasure"": ""2"", ""Freedom"": ""2"", ""A Spiritual Life"": ""2"", ""Sense of Belonging"": ""2"", ""Social Order"": ""2"", ""An Exciting Life"": ""2"", ""Meaning in Life"": ""2"", ""Politeness"": ""2"", ""Wealth"": ""2"", ""National Security"": ""2"", ""Self-Respect"": ""2"", ""Reciprocation of Favors"": ""2"", ""Creativity"": ""2"", ""A World at Peace"": ""2"", ""Respect for Tradition"": ""2"", ""Mature Love"": ""2"", ""Self-Discipline"": ""2"", ""Detachment"": ""2"", ""Family Security"": ""2"", ""Social Recognition"": ""2"", ""Unity With Nature"": ""2"", ""A Varied Life"": ""2"", ""Wisdom"": ""2"", ""Authority"": ""4"", ""True Friendship"": ""2"", ""A World of Beauty"": ""2"", ""Social Justice"": ""2"", ""Independent"": ""2"", ""Moderate"": ""2"", ""Loyal"": ""2"","
381,Philippines,Family & Changing Gender Roles,5,"{""Equality"": ""2"", ""Inner Harmony"": ""2"", ""Social Power"": ""4"", ""Pleasure"": ""2"", ""Freedom"": ""2"", ""A Spiritual Life"": ""2"", ""Sense of Belonging"": ""2"", ""Social Order"": ""2"", ""An Exciting Life"": ""2"", ""Meaning in Life"": ""2"", ""Politeness"": ""2"", ""Wealth"": ""2"", ""National Security"": ""2"", ""Self-Respect"": ""2"", ""Reciprocation of Favors"": ""2"", ""Creativity"": ""2"", ""A World at Peace"": ""2"", ""Respect for Tradition"": ""2"", ""Mature Love"": ""2"", ""Self-Discipline"": ""2"", ""Detachment"": ""2"", ""Family Security"": ""2"", ""Social Recognition"": ""2"", ""Unity With Nature"": ""2"", ""A Varied Life"": ""2"", ""Wisdom"": ""2"", ""Authority"": ""4"", ""True Friendship"": ""2"", ""A World of Beauty"": ""2"", ""Social Justice"": ""2"", ""Independent"": ""2"", ""Moderate"": ""2"", ""Loyal"": ""2"","
382,Philippines,Family & Changing Gender Roles,6,"{""Equality"": ""2"", ""Inner Harmony"": ""2"", ""Social Power"": ""2"", ""Pleasure"": ""2"", ""Freedom"": ""2"", ""A Spiritual Life"": ""2"", ""Sense of Belonging"": ""2"", ""Social Order"": ""2"", ""An Exciting Life"": ""2"", ""Meaning in Life"": ""2"", ""Politeness"": ""2"", ""Wealth"": ""2"", ""National Security"": ""2"", ""Self-Respect"": ""2"", ""Reciprocation of Favors"": ""2"", ""Creativity"": ""2"", ""A World at Peace"": ""2"", ""Respect for Tradition"": ""2"", ""Mature Love"": ""2"", ""Self-Discipline"": ""2"", ""Detachment"": ""2"", ""Family Security"": ""2"", ""Social Recognition"": ""2"", ""Unity With Nature"": ""2"", ""A Varied Life"": ""2"", ""Wisdom"": ""2"", ""Authority"": ""2"", ""True Friendship"": ""2"", ""A World of Beauty"": ""2"", ""Social Justice"": ""2"", ""Independent"": ""2"", ""Moderate"": ""2"", ""Loyal"": ""2"","
383,Philippines,Family & Changing Gender Roles,7,"{""Equality"": ""4"", ""Inner Harmony"": ""4"", ""Social Power"": ""4"", ""Pleasure"": ""4"", ""Freedom"": ""4"", ""A Spiritual Life"": ""4"", ""Sense of Belonging"": ""4"", ""Social Order"": ""4"", ""An Exciting Life"": ""4"", ""Meaning in Life"": ""4"", ""Politeness"": ""4"", ""Wealth"": ""4"", ""National Security"": ""4"", ""Self-Respect"": ""4"", ""Reciprocation of Favors"": ""4"", ""Creativity"": ""4"", ""A World at Peace"": ""4"", ""Respect for Tradition"": ""4"", ""Mature Love"": ""4"", ""Self-Discipline"": ""4"", ""Detachment"": ""4"", ""Family Security"": ""4"", ""Social Recognition"": ""4"", ""Unity With Nature"": ""4"", ""A Varied Life"": ""4"", ""Wisdom"": ""4"", ""Authority"": ""4"", ""True Friendship"": ""4"", ""A World of Beauty"": ""4"", ""Social Justice"": ""4"", ""Independent"": ""4"", ""Moderate"": ""4"", ""Loyal"": ""4"","
384,Philippines,Work Orientation,0,"{""Equality"": ""2"", ""Inner Harmony"": ""2"", ""Social Power"": ""4"", ""Pleasure"": ""2"", ""Freedom"": ""2"", ""A Spiritual Life"": ""2"", ""Sense of Belonging"": ""2"", ""Social Order"": ""2"", ""An Exciting Life"": ""2"", ""Meaning in Life"": ""2"", ""Politeness"": ""2"", ""Wealth"": ""2"", ""National Security"": ""2"", ""Self-Respect"": ""2"", ""Reciprocation of Favors"": ""2"", ""Creativity"": ""2"", ""A World at Peace"": ""2"", ""Respect for Tradition"": ""2"", ""Mature Love"": ""2"", ""Self-Discipline"": ""2"", ""Detachment"": ""2"", ""Family Security"": ""2"", ""Social Recognition"": ""2"", ""Unity With Nature"": ""2"", ""A Varied Life"": ""2"", ""Wisdom"": ""2"", ""Authority"": ""4"", ""True Friendship"": ""2"", ""A World of Beauty"": ""2"", ""Social Justice"": ""2"", ""Independent"": ""2"", ""Moderate"": ""2"", ""Loyal"": ""2"","
385,Philippines,Work Orientation,1,"{""Equality"": ""2"", ""Inner Harmony"": ""3"", ""Social Power"": ""4"", ""Pleasure"": ""3"", ""Freedom"": ""3"", ""A Spiritual Life"": ""4"", ""Sense of Belonging"": ""2"", ""Social Order"": ""2"", ""An Exciting Life"": ""3"", ""Meaning in Life"": ""3"", ""Politeness"": ""2"", ""Wealth"": ""3"", ""National Security"": ""2"", ""Self-Respect"": ""2"", ""Reciprocation of Favors"": ""2"", ""Creativity"": ""3"", ""A World at Peace"": ""2"", ""Respect for Tradition"": ""2"", ""Mature Love"": ""3"", ""Self-Discipline"": ""3"", ""Detachment"": ""3"", ""Family Security"": ""2"", ""Social Recognition"": ""2"", ""Unity With Nature"": ""3"", ""A Varied Life"": ""3"", ""Wisdom"": ""3"", ""Authority"": ""4"", ""True Friendship"": ""2"", ""A World of Beauty"": ""3"", ""Social Justice"": ""2"", ""Independent"": ""3"", ""Moderate"": ""3"", ""Loyal"": ""2"","
386,Philippines,Work Orientation,2,"{""Equality"": ""1"", ""Inner Harmony"": ""1"", ""Social Power"": ""1"", ""Pleasure"": ""1"", ""Freedom"": ""1"", ""A Spiritual Life"": ""1"", ""Sense of Belonging"": ""1"", ""Social Order"": ""1"", ""An Exciting Life"": ""1"", ""Meaning in Life"": ""1"", ""Politeness"": ""1"", ""Wealth"": ""1"", ""National Security"": ""1"", ""Self-Respect"": ""1"", ""Reciprocation of Favors"": ""1"", ""Creativity"": ""1"", ""A World at Peace"": ""1"", ""Respect for Tradition"": ""1"", ""Mature Love"": ""1"", ""Self-Discipline"": ""1"", ""Detachment"": ""1"", ""Family Security"": ""1"", ""Social Recognition"": ""1"", ""Unity With Nature"": ""1"", ""A Varied Life"": ""1"", ""Wisdom"": ""1"", ""Authority"": ""1"", ""True Friendship"": ""1"", ""A World of Beauty"": ""1"", ""Social Justice"": ""1"", ""Independent"": ""1"", ""Moderate"": ""1"", ""Loyal"": ""1"","
387,Philippines,Work Orientation,3,"{""Equality"": ""1"", ""Inner Harmony"": ""1"", ""Social Power"": ""4"", ""Pleasure"": ""1"", ""Freedom"": ""1"", ""A Spiritual Life"": ""4"", ""Sense of Belonging"": ""1"", ""Social Order"": ""1"", ""An Exciting Life"": ""1"", ""Meaning in Life"": ""1"", ""Politeness"": ""1"", ""Wealth"": ""4"", ""National Security"": ""1"", ""Self-Respect"": ""1"", ""Reciprocation of Favors"": ""1"", ""Creativity"": ""1"", ""A World at Peace"": ""1"", ""Respect for Tradition"": ""4"", ""Mature Love"": ""1"", ""Self-Discipline"": ""1"", ""Detachment"": ""4"", ""Family Security"": ""1"", ""Social Recognition"": ""1"", ""Unity With Nature"": ""4"", ""A Varied Life"": ""1"", ""Wisdom"": ""1"", ""Authority"": ""4"", ""True Friendship"": ""1"", ""A World of Beauty"": ""1"", ""Social Justice"": ""1"", ""Independent"": ""1"", ""Moderate"": ""4"", ""Loyal"": ""1"","
388,Philippines,Work Orientation,4,"{""Equality"": ""2"", ""Inner Harmony"": ""2"", ""Social Power"": ""4"", ""Pleasure"": ""2"", ""Freedom"": ""2"", ""A Spiritual Life"": ""2"", ""Sense of Belonging"": ""2"", ""Social Order"": ""2"", ""An Exciting Life"": ""2"", ""Meaning in Life"": ""2"", ""Politeness"": ""2"", ""Wealth"": ""4"", ""National Security"": ""2"", ""Self-Respect"": ""2"", ""Reciprocation of Favors"": ""2"", ""Creativity"": ""2"", ""A World at Peace"": ""2"", ""Respect for Tradition"": ""2"", ""Mature Love"": ""2"", ""Self-Discipline"": ""2"", ""Detachment"": ""2"", ""Family Security"": ""2"", ""Social Recognition"": ""2"", ""Unity With Nature"": ""2"", ""A Varied Life"": ""2"", ""Wisdom"": ""2"", ""Authority"": ""4"", ""True Friendship"": ""2"", ""A World of Beauty"": ""2"", ""Social Justice"": ""2"", ""Independent"": ""2"", ""Moderate"": ""2"", ""Loyal"": ""2"","
389,Philippines,Work Orientation,5,"{""Equality"": ""3"", ""Inner Harmony"": ""3"", ""Social Power"": ""3"", ""Pleasure"": ""3"", ""Freedom"": ""3"", ""A Spiritual Life"": ""3"", ""Sense of Belonging"": ""3"", ""Social Order"": ""3"", ""An Exciting Life"": ""3"", ""Meaning in Life"": ""3"", ""Politeness"": ""3"", ""Wealth"": ""3"", ""National Security"": ""3"", ""Self-Respect"": ""3"", ""Reciprocation of Favors"": ""3"", ""Creativity"": ""3"", ""A World at Peace"": ""3"", ""Respect for Tradition"": ""3"", ""Mature Love"": ""3"", ""Self-Discipline"": ""3"", ""Detachment"": ""3"", ""Family Security"": ""3"", ""Social Recognition"": ""3"", ""Unity With Nature"": ""3"", ""A Varied Life"": ""3"", ""Wisdom"": ""3"", ""Authority"": ""3"", ""True Friendship"": ""3"", ""A World of Beauty"": ""3"", ""Social Justice"": ""3"", ""Independent"": ""3"", ""Moderate"": ""3"", ""Loyal"": ""3"","
390,Philippines,Work Orientation,6,"{""Equality"": ""2"", ""Inner Harmony"": ""2"", ""Social Power"": ""2"", ""Pleasure"": ""2"", ""Freedom"": ""2"", ""A Spiritual Life"": ""2"", ""Sense of Belonging"": ""2"", ""Social Order"": ""2"", ""An Exciting Life"": ""2"", ""Meaning in Life"": ""2"", ""Politeness"": ""2"", ""Wealth"": ""2"", ""National Security"": ""2"", ""Self-Respect"": ""2"", ""Reciprocation of Favors"": ""2"", ""Creativity"": ""2"", ""A World at Peace"": ""2"", ""Respect for Tradition"": ""2"", ""Mature Love"": ""2"", ""Self-Discipline"": ""2"", ""Detachment"": ""2"", ""Family Security"": ""2"", ""Social Recognition"": ""2"", ""Unity With Nature"": ""2"", ""A Varied Life"": ""2"", ""Wisdom"": ""2"", ""Authority"": ""2"", ""True Friendship"": ""2"", ""A World of Beauty"": ""2"", ""Social Justice"": ""2"", ""Independent"": ""2"", ""Moderate"": ""2"", ""Loyal"": ""2"","
391,Philippines,Work Orientation,7,"{""Equality"": ""1"", ""Inner Harmony"": ""1"", ""Social Power"": ""4"", ""Pleasure"": ""2"", ""Freedom"": ""2"", ""A Spiritual Life"": ""4"", ""Sense of Belonging"": ""1"", ""Social Order"": ""1"", ""An Exciting Life"": ""2"", ""Meaning in Life"": ""2"", ""Politeness"": ""1"", ""Wealth"": ""2"", ""National Security"": ""4"", ""Self-Respect"": ""1"", ""Reciprocation of Favors"": ""1"", ""Creativity"": ""2"", ""A World at Peace"": ""1"", ""Respect for Tradition"": ""4"", ""Mature Love"": ""2"", ""Self-Discipline"": ""2"", ""Detachment"": ""4"", ""Family Security"": ""1"", ""Social Recognition"": ""2"", ""Unity With Nature"": ""4"", ""A Varied Life"": ""2"", ""Wisdom"": ""2"", ""Authority"": ""4"", ""True Friendship"": ""1"", ""A World of Beauty"": ""2"", ""Social Justice"": ""2"", ""Independent"": ""2"", ""Moderate"": ""2"", ""Loyal"": ""1"","
392,Philippines,Religion,0,"{""Equality"": ""2"", ""Inner Harmony"": ""2"", ""Social Power"": ""4"", ""Pleasure"": ""2"", ""Freedom"": ""2"", ""A Spiritual Life"": ""2"", ""Sense of Belonging"": ""2"", ""Social Order"": ""2"", ""An Exciting Life"": ""2"", ""Meaning in Life"": ""2"", ""Politeness"": ""2"", ""Wealth"": ""4"", ""National Security"": ""2"", ""Self-Respect"": ""2"", ""Reciprocation of Favors"": ""2"", ""Creativity"": ""2"", ""A World at Peace"": ""2"", ""Respect for Tradition"": ""2"", ""Mature Love"": ""2"", ""Self-Discipline"": ""2"", ""Detachment"": ""2"", ""Family Security"": ""2"", ""Social Recognition"": ""2"", ""Unity With Nature"": ""2"", ""A Varied Life"": ""2"", ""Wisdom"": ""2"", ""Authority"": ""4"", ""True Friendship"": ""2"", ""A World of Beauty"": ""2"", ""Social Justice"": ""2"", ""Independent"": ""2"", ""Moderate"": ""2"", ""Loyal"": ""2"","
393,Philippines,Religion,1,"{""Equality"": ""3"", ""Inner Harmony"": ""3"", ""Social Power"": ""3"", ""Pleasure"": ""3"", ""Freedom"": ""3"", ""A Spiritual Life"": ""4"", ""Sense of Belonging"": ""3"", ""Social Order"": ""3"", ""An Exciting Life"": ""3"", ""Meaning in Life"": ""3"", ""Politeness"": ""3"", ""Wealth"": ""3"", ""National Security"": ""3"", ""Self-Respect"": ""3"", ""Reciprocation of Favors"": ""3"", ""Creativity"": ""3"", ""A World at Peace"": ""3"", ""Respect for Tradition"": ""3"", ""Mature Love"": ""3"", ""Self-Discipline"": ""3"", ""Detachment"": ""3"", ""Family Security"": ""3"", ""Social Recognition"": ""3"", ""Unity With Nature"": ""3"", ""A Varied Life"": ""3"", ""Wisdom"": ""3"", ""Authority"": ""3"", ""True Friendship"": ""3"", ""A World of Beauty"": ""3"", ""Social Justice"": ""3"", ""Independent"": ""3"", ""Moderate"": ""3"", ""Loyal"": ""3"","
394,Philippines,Religion,2,"{""Equality"": ""2"", ""Inner Harmony"": ""2"", ""Social Power"": ""2"", ""Pleasure"": ""2"", ""Freedom"": ""2"", ""A Spiritual Life"": ""2"", ""Sense of Belonging"": ""2"", ""Social Order"": ""2"", ""An Exciting Life"": ""2"", ""Meaning in Life"": ""2"", ""Politeness"": ""2"", ""Wealth"": ""2"", ""National Security"": ""2"", ""Self-Respect"": ""2"", ""Reciprocation of Favors"": ""2"", ""Creativity"": ""2"", ""A World at Peace"": ""2"", ""Respect for Tradition"": ""2"", ""Mature Love"": ""2"", ""Self-Discipline"": ""2"", ""Detachment"": ""2"", ""Family Security"": ""2"", ""Social Recognition"": ""2"", ""Unity With Nature"": ""2"", ""A Varied Life"": ""2"", ""Wisdom"": ""2"", ""Authority"": ""2"", ""True Friendship"": ""2"", ""A World of Beauty"": ""2"", ""Social Justice"": ""2"", ""Independent"": ""2"", ""Moderate"": ""2"", ""Loyal"": ""2"","
395,Philippines,Religion,3,"{""Equality"": ""1"", ""Inner Harmony"": ""1"", ""Social Power"": ""4"", ""Pleasure"": ""2"", ""Freedom"": ""2"", ""A Spiritual Life"": ""1"", ""Sense of Belonging"": ""1"", ""Social Order"": ""2"", ""An Exciting Life"": ""2"", ""Meaning in Life"": ""2"", ""Politeness"": ""1"", ""Wealth"": ""4"", ""National Security"": ""2"", ""Self-Respect"": ""1"", ""Reciprocation of Favors"": ""1"", ""Creativity"": ""2"", ""A World at Peace"": ""1"", ""Respect for Tradition"": ""2"", ""Mature Love"": ""2"", ""Self-Discipline"": ""2"", ""Detachment"": ""2"", ""Family Security"": ""2"", ""Social Recognition"": ""2"", ""Unity With Nature"": ""2"", ""A Varied Life"": ""2"", ""Wisdom"": ""2"", ""Authority"": ""4"", ""True Friendship"": ""2"", ""A World of Beauty"": ""2"", ""Social Justice"": ""2"", ""Independent"": ""2"", ""Moderate"": ""2"", ""Loyal"": ""2"","
396,Philippines,Religion,4,"{""Equality"": ""2"", ""Inner Harmony"": ""2"", ""Social Power"": ""4"", ""Pleasure"": ""2"", ""Freedom"": ""2"", ""A Spiritual Life"": ""2"", ""Sense of Belonging"": ""2"", ""Social Order"": ""2"", ""An Exciting Life"": ""2"", ""Meaning in Life"": ""2"", ""Politeness"": ""2"", ""Wealth"": ""4"", ""National Security"": ""2"", ""Self-Respect"": ""2"", ""Reciprocation of Favors"": ""2"", ""Creativity"": ""2"", ""A World at Peace"": ""2"", ""Respect for Tradition"": ""2"", ""Mature Love"": ""2"", ""Self-Discipline"": ""2"", ""Detachment"": ""2"", ""Family Security"": ""2"", ""Social Recognition"": ""2"", ""Unity With Nature"": ""2"", ""A Varied Life"": ""2"", ""Wisdom"": ""2"", ""Authority"": ""4"", ""True Friendship"": ""2"", ""A World of Beauty"": ""2"", ""Social Justice"": ""2"", ""Independent"": ""2"", ""Moderate"": ""2"", ""Loyal"": ""2"","
397,Philippines,Religion,5,"{""Equality"": ""2"", ""Inner Harmony"": ""2"", ""Social Power"": ""4"", ""Pleasure"": ""2"", ""Freedom"": ""2"", ""A Spiritual Life"": ""2"", ""Sense of Belonging"": ""2"", ""Social Order"": ""2"", ""An Exciting Life"": ""2"", ""Meaning in Life"": ""2"", ""Politeness"": ""2"", ""Wealth"": ""2"", ""National Security"": ""2"", ""Self-Respect"": ""2"", ""Reciprocation of Favors"": ""2"", ""Creativity"": ""2"", ""A World at Peace"": ""2"", ""Respect for Tradition"": ""2"", ""Mature Love"": ""2"", ""Self-Discipline"": ""2"", ""Detachment"": ""2"", ""Family Security"": ""2"", ""Social Recognition"": ""2"", ""Unity With Nature"": ""2"", ""A Varied Life"": ""2"", ""Wisdom"": ""2"", ""Authority"": ""4"", ""True Friendship"": ""2"", ""A World of Beauty"": ""2"", ""Social Justice"": ""2"", ""Independent"": ""2"", ""Moderate"": ""2"", ""Loyal"": ""2"","
398,Philippines,Religion,6,"{""Equality"": ""2"", ""Inner Harmony"": ""2"", ""Social Power"": ""3"", ""Pleasure"": ""2"", ""Freedom"": ""2"", ""A Spiritual Life"": ""3"", ""Sense of Belonging"": ""2"", ""Social Order"": ""2"", ""An Exciting Life"": ""3"", ""Meaning in Life"": ""2"", ""Politeness"": ""2"", ""Wealth"": ""3"", ""National Security"": ""2"", ""Self-Respect"": ""2"", ""Reciprocation of Favors"": ""2"", ""Creativity"": ""3"", ""A World at Peace"": ""2"", ""Respect for Tradition"": ""3"", ""Mature Love"": ""3"", ""Self-Discipline"": ""2"", ""Detachment"": ""3"", ""Family Security"": ""2"", ""Social Recognition"": ""2"", ""Unity With Nature"": ""3"", ""A Varied Life"": ""3"", ""Wisdom"": ""2"", ""Authority"": ""3"", ""True Friendship"": ""2"", ""A World of Beauty"": ""3"", ""Social Justice"": ""2"", ""Independent"": ""2"", ""Moderate"": ""2"", ""Loyal"": ""2"","
399,Philippines,Religion,7,"{""Equality"": ""1"", ""Inner Harmony"": ""1"", ""Social Power"": ""2"", ""Pleasure"": ""2"", ""Freedom"": ""1"", ""A Spiritual Life"": ""1"", ""Sense of Belonging"": ""1"", ""Social Order"": ""2"", ""An Exciting Life"": ""2"", ""Meaning in Life"": ""1"", ""Politeness"": ""1"", ""Wealth"": ""2"", ""National Security"": ""2"", ""Self-Respect"": ""1"", ""Reciprocation of Favors"": ""2"", ""Creativity"": ""2"", ""A World at Peace"": ""1"", ""Respect for Tradition"": ""2"", ""Mature Love"": ""2"", ""Self-Discipline"": ""2"", ""Detachment"": ""2"", ""Family Security"": ""1"", ""Social Recognition"": ""2"", ""Unity With Nature"": ""2"", ""A Varied Life"": ""2"", ""Wisdom"": ""1"", ""Authority"": ""2"", ""True Friendship"": ""2"", ""A World of Beauty"": ""2"", ""Social Justice"": ""1"", ""Independent"": ""2"", ""Moderate"": ""2"", ""Loyal"": ""2"","
400,Philippines,Environment,0,"{""Equality"": ""2"", ""Inner Harmony"": ""2"", ""Social Power"": ""4"", ""Pleasure"": ""2"", ""Freedom"": ""2"", ""A Spiritual Life"": ""2"", ""Sense of Belonging"": ""2"", ""Social Order"": ""2"", ""An Exciting Life"": ""2"", ""Meaning in Life"": ""2"", ""Politeness"": ""2"", ""Wealth"": ""4"", ""National Security"": ""2"", ""Self-Respect"": ""2"", ""Reciprocation of Favors"": ""2"", ""Creativity"": ""2"", ""A World at Peace"": ""2"", ""Respect for Tradition"": ""2"", ""Mature Love"": ""2"", ""Self-Discipline"": ""2"", ""Detachment"": ""2"", ""Family Security"": ""2"", ""Social Recognition"": ""2"", ""Unity With Nature"": ""2"", ""A Varied Life"": ""2"", ""Wisdom"": ""2"", ""Authority"": ""4"", ""True Friendship"": ""2"", ""A World of Beauty"": ""2"", ""Social Justice"": ""2"", ""Independent"": ""2"", ""Moderate"": ""2"", ""Loyal"": ""2"","
401,Philippines,Environment,1,"{""Equality"": ""3"", ""Inner Harmony"": ""3"", ""Social Power"": ""3"", ""Pleasure"": ""3"", ""Freedom"": ""3"", ""A Spiritual Life"": ""3"", ""Sense of Belonging"": ""3"", ""Social Order"": ""3"", ""An Exciting Life"": ""3"", ""Meaning in Life"": ""3"", ""Politeness"": ""3"", ""Wealth"": ""3"", ""National Security"": ""3"", ""Self-Respect"": ""3"", ""Reciprocation of Favors"": ""3"", ""Creativity"": ""3"", ""A World at Peace"": ""3"", ""Respect for Tradition"": ""3"", ""Mature Love"": ""3"", ""Self-Discipline"": ""3"", ""Detachment"": ""3"", ""Family Security"": ""3"", ""Social Recognition"": ""3"", ""Unity With Nature"": ""3"", ""A Varied Life"": ""3"", ""Wisdom"": ""3"", ""Authority"": ""3"", ""True Friendship"": ""3"", ""A World of Beauty"": ""3"", ""Social Justice"": ""3"", ""Independent"": ""3"", ""Moderate"": ""3"", ""Loyal"": ""3"","
402,Philippines,Environment,2,"{""Equality"": ""2"", ""Inner Harmony"": ""2"", ""Social Power"": ""2"", ""Pleasure"": ""2"", ""Freedom"": ""2"", ""A Spiritual Life"": ""2"", ""Sense of Belonging"": ""2"", ""Social Order"": ""2"", ""An Exciting Life"": ""2"", ""Meaning in Life"": ""2"", ""Politeness"": ""2"", ""Wealth"": ""2"", ""National Security"": ""2"", ""Self-Respect"": ""2"", ""Reciprocation of Favors"": ""2"", ""Creativity"": ""2"", ""A World at Peace"": ""2"", ""Respect for Tradition"": ""2"", ""Mature Love"": ""2"", ""Self-Discipline"": ""2"", ""Detachment"": ""2"", ""Family Security"": ""2"", ""Social Recognition"": ""2"", ""Unity With Nature"": ""2"", ""A Varied Life"": ""2"", ""Wisdom"": ""2"", ""Authority"": ""2"", ""True Friendship"": ""2"", ""A World of Beauty"": ""2"", ""Social Justice"": ""2"", ""Independent"": ""2"", ""Moderate"": ""2"", ""Loyal"": ""2"","
403,Philippines,Environment,3,"{""Equality"": ""2"", ""Inner Harmony"": ""2"", ""Social Power"": ""2"", ""Pleasure"": ""2"", ""Freedom"": ""2"", ""A Spiritual Life"": ""2"", ""Sense of Belonging"": ""2"", ""Social Order"": ""2"", ""An Exciting Life"": ""2"", ""Meaning in Life"": ""2"", ""Politeness"": ""2"", ""Wealth"": ""2"", ""National Security"": ""2"", ""Self-Respect"": ""2"", ""Reciprocation of Favors"": ""2"", ""Creativity"": ""2"", ""A World at Peace"": ""2"", ""Respect for Tradition"": ""2"", ""Mature Love"": ""2"", ""Self-Discipline"": ""2"", ""Detachment"": ""2"", ""Family Security"": ""2"", ""Social Recognition"": ""2"", ""Unity With Nature"": ""2"", ""A Varied Life"": ""2"", ""Wisdom"": ""2"", ""Authority"": ""2"", ""True Friendship"": ""2"", ""A World of Beauty"": ""2"", ""Social Justice"": ""2"", ""Independent"": ""2"", ""Moderate"": ""2"", ""Loyal"": ""2"","
404,Philippines,Environment,4,"{""Equality"": ""2"", ""Inner Harmony"": ""2"", ""Social Power"": ""4"", ""Pleasure"": ""2"", ""Freedom"": ""2"", ""A Spiritual Life"": ""2"", ""Sense of Belonging"": ""2"", ""Social Order"": ""2"", ""An Exciting Life"": ""2"", ""Meaning in Life"": ""2"", ""Politeness"": ""2"", ""Wealth"": ""4"", ""National Security"": ""2"", ""Self-Respect"": ""2"", ""Reciprocation of Favors"": ""2"", ""Creativity"": ""2"", ""A World at Peace"": ""2"", ""Respect for Tradition"": ""2"", ""Mature Love"": ""2"", ""Self-Discipline"": ""2"", ""Detachment"": ""2"", ""Family Security"": ""2"", ""Social Recognition"": ""2"", ""Unity With Nature"": ""2"", ""A Varied Life"": ""2"", ""Wisdom"": ""2"", ""Authority"": ""4"", ""True Friendship"": ""2"", ""A World of Beauty"": ""2"", ""Social Justice"": ""2"", ""Independent"": ""2"", ""Moderate"": ""2"", ""Loyal"": ""2"","
405,Philippines,Environment,5,"{""Equality"": ""2"", ""Inner Harmony"": ""2"", ""Social Power"": ""4"", ""Pleasure"": ""2"", ""Freedom"": ""2"", ""A Spiritual Life"": ""2"", ""Sense of Belonging"": ""2"", ""Social Order"": ""2"", ""An Exciting Life"": ""2"", ""Meaning in Life"": ""2"", ""Politeness"": ""2"", ""Wealth"": ""2"", ""National Security"": ""2"", ""Self-Respect"": ""2"", ""Reciprocation of Favors"": ""2"", ""Creativity"": ""2"", ""A World at Peace"": ""2"", ""Respect for Tradition"": ""2"", ""Mature Love"": ""2"", ""Self-Discipline"": ""2"", ""Detachment"": ""2"", ""Family Security"": ""2"", ""Social Recognition"": ""2"", ""Unity With Nature"": ""2"", ""A Varied Life"": ""2"", ""Wisdom"": ""2"", ""Authority"": ""4"", ""True Friendship"": ""2"", ""A World of Beauty"": ""2"", ""Social Justice"": ""2"", ""Independent"": ""2"", ""Moderate"": ""2"", ""Loyal"": ""2"","
406,Philippines,Environment,6,"{""Equality"": ""2"", ""Inner Harmony"": ""2"", ""Social Power"": ""2"", ""Pleasure"": ""2"", ""Freedom"": ""2"", ""A Spiritual Life"": ""2"", ""Sense of Belonging"": ""2"", ""Social Order"": ""2"", ""An Exciting Life"": ""2"", ""Meaning in Life"": ""2"", ""Politeness"": ""2"", ""Wealth"": ""2"", ""National Security"": ""2"", ""Self-Respect"": ""2"", ""Reciprocation of Favors"": ""2"", ""Creativity"": ""2"", ""A World at Peace"": ""2"", ""Respect for Tradition"": ""2"", ""Mature Love"": ""2"", ""Self-Discipline"": ""2"", ""Detachment"": ""2"", ""Family Security"": ""2"", ""Social Recognition"": ""2"", ""Unity With Nature"": ""2"", ""A Varied Life"": ""2"", ""Wisdom"": ""2"", ""Authority"": ""2"", ""True Friendship"": ""2"", ""A World of Beauty"": ""2"", ""Social Justice"": ""2"", ""Independent"": ""2"", ""Moderate"": ""2"", ""Loyal"": ""2"","
407,Philippines,Environment,7,"{""Equality"": ""2"", ""Inner Harmony"": ""2"", ""Social Power"": ""2"", ""Pleasure"": ""2"", ""Freedom"": ""2"", ""A Spiritual Life"": ""2"", ""Sense of Belonging"": ""2"", ""Social Order"": ""2"", ""An Exciting Life"": ""2"", ""Meaning in Life"": ""2"", ""Politeness"": ""2"", ""Wealth"": ""2"", ""National Security"": ""2"", ""Self-Respect"": ""2"", ""Reciprocation of Favors"": ""2"", ""Creativity"": ""2"", ""A World at Peace"": ""2"", ""Respect for Tradition"": ""2"", ""Mature Love"": ""2"", ""Self-Discipline"": ""2"", ""Detachment"": ""2"", ""Family Security"": ""2"", ""Social Recognition"": ""2"", ""Unity With Nature"": ""2"", ""A Varied Life"": ""2"", ""Wisdom"": ""2"", ""Authority"": ""2"", ""True Friendship"": ""2"", ""A World of Beauty"": ""2"", ""Social Justice"": ""2"", ""Independent"": ""2"", ""Moderate"": ""2"", ""Loyal"": ""2"","
408,Philippines,National Identity,0,"{""Equality"": ""2"", ""Inner Harmony"": ""2"", ""Social Power"": ""4"", ""Pleasure"": ""2"", ""Freedom"": ""2"", ""A Spiritual Life"": ""2"", ""Sense of Belonging"": ""2"", ""Social Order"": ""2"", ""An Exciting Life"": ""2"", ""Meaning in Life"": ""2"", ""Politeness"": ""2"", ""Wealth"": ""2"", ""National Security"": ""2"", ""Self-Respect"": ""2"", ""Reciprocation of Favors"": ""2"", ""Creativity"": ""2"", ""A World at Peace"": ""2"", ""Respect for Tradition"": ""2"", ""Mature Love"": ""2"", ""Self-Discipline"": ""2"", ""Detachment"": ""2"", ""Family Security"": ""2"", ""Social Recognition"": ""2"", ""Unity With Nature"": ""2"", ""A Varied Life"": ""2"", ""Wisdom"": ""2"", ""Authority"": ""4"", ""True Friendship"": ""2"", ""A World of Beauty"": ""2"", ""Social Justice"": ""2"", ""Independent"": ""2"", ""Moderate"": ""2"", ""Loyal"": ""2"","
409,Philippines,National Identity,1,"{""Equality"": ""2"", ""Inner Harmony"": ""2"", ""Social Power"": ""4"", ""Pleasure"": ""2"", ""Freedom"": ""2"", ""A Spiritual Life"": ""2"", ""Sense of Belonging"": ""2"", ""Social Order"": ""2"", ""An Exciting Life"": ""2"", ""Meaning in Life"": ""2"", ""Politeness"": ""2"", ""Wealth"": ""2"", ""National Security"": ""2"", ""Self-Respect"": ""2"", ""Reciprocation of Favors"": ""2"", ""Creativity"": ""2"", ""A World at Peace"": ""2"", ""Respect for Tradition"": ""2"", ""Mature Love"": ""2"", ""Self-Discipline"": ""2"", ""Detachment"": ""2"", ""Family Security"": ""2"", ""Social Recognition"": ""2"", ""Unity With Nature"": ""2"", ""A Varied Life"": ""2"", ""Wisdom"": ""2"", ""Authority"": ""4"", ""True Friendship"": ""2"", ""A World of Beauty"": ""2"", ""Social Justice"": ""2"", ""Independent"": ""2"", ""Moderate"": ""2"", ""Loyal"": ""2"","
410,Philippines,National Identity,2,"{""Equality"": ""1"", ""Inner Harmony"": ""1"", ""Social Power"": ""1"", ""Pleasure"": ""1"", ""Freedom"": ""1"", ""A Spiritual Life"": ""1"", ""Sense of Belonging"": ""1"", ""Social Order"": ""1"", ""An Exciting Life"": ""1"", ""Meaning in Life"": ""1"", ""Politeness"": ""1"", ""Wealth"": ""1"", ""National Security"": ""1"", ""Self-Respect"": ""1"", ""Reciprocation of Favors"": ""1"", ""Creativity"": ""1"", ""A World at Peace"": ""1"", ""Respect for Tradition"": ""1"", ""Mature Love"": ""1"", ""Self-Discipline"": ""1"", ""Detachment"": ""1"", ""Family Security"": ""1"", ""Social Recognition"": ""1"", ""Unity With Nature"": ""1"", ""A Varied Life"": ""1"", ""Wisdom"": ""1"", ""Authority"": ""1"", ""True Friendship"": ""1"", ""A World of Beauty"": ""1"", ""Social Justice"": ""1"", ""Independent"": ""1"", ""Moderate"": ""1"", ""Loyal"": ""1"","
411,Philippines,National Identity,3,"{""Equality"": ""1"", ""Inner Harmony"": ""1"", ""Social Power"": ""4"", ""Pleasure"": ""1"", ""Freedom"": ""1"", ""A Spiritual Life"": ""1"", ""Sense of Belonging"": ""1"", ""Social Order"": ""1"", ""An Exciting Life"": ""1"", ""Meaning in Life"": ""1"", ""Politeness"": ""1"", ""Wealth"": ""4"", ""National Security"": ""1"", ""Self-Respect"": ""1"", ""Reciprocation of Favors"": ""1"", ""Creativity"": ""1"", ""A World at Peace"": ""1"", ""Respect for Tradition"": ""1"", ""Mature Love"": ""1"", ""Self-Discipline"": ""1"", ""Detachment"": ""4"", ""Family Security"": ""1"", ""Social Recognition"": ""1"", ""Unity With Nature"": ""1"", ""A Varied Life"": ""1"", ""Wisdom"": ""1"", ""Authority"": ""4"", ""True Friendship"": ""1"", ""A World of Beauty"": ""1"", ""Social Justice"": ""1"", ""Independent"": ""1"", ""Moderate"": ""1"", ""Loyal"": ""1"","
412,Philippines,National Identity,4,"{""Equality"": ""2"", ""Inner Harmony"": ""2"", ""Social Power"": ""4"", ""Pleasure"": ""2"", ""Freedom"": ""2"", ""A Spiritual Life"": ""2"", ""Sense of Belonging"": ""2"", ""Social Order"": ""2"", ""An Exciting Life"": ""2"", ""Meaning in Life"": ""2"", ""Politeness"": ""2"", ""Wealth"": ""2"", ""National Security"": ""2"", ""Self-Respect"": ""2"", ""Reciprocation of Favors"": ""2"", ""Creativity"": ""2"", ""A World at Peace"": ""2"", ""Respect for Tradition"": ""2"", ""Mature Love"": ""2"", ""Self-Discipline"": ""2"", ""Detachment"": ""2"", ""Family Security"": ""2"", ""Social Recognition"": ""2"", ""Unity With Nature"": ""2"", ""A Varied Life"": ""2"", ""Wisdom"": ""2"", ""Authority"": ""4"", ""True Friendship"": ""2"", ""A World of Beauty"": ""2"", ""Social Justice"": ""2"", ""Independent"": ""2"", ""Moderate"": ""2"", ""Loyal"": ""2"","
413,Philippines,National Identity,5,"{""Equality"": ""2"", ""Inner Harmony"": ""2"", ""Social Power"": ""4"", ""Pleasure"": ""2"", ""Freedom"": ""2"", ""A Spiritual Life"": ""2"", ""Sense of Belonging"": ""2"", ""Social Order"": ""2"", ""An Exciting Life"": ""2"", ""Meaning in Life"": ""2"", ""Politeness"": ""2"", ""Wealth"": ""2"", ""National Security"": ""2"", ""Self-Respect"": ""2"", ""Reciprocation of Favors"": ""2"", ""Creativity"": ""2"", ""A World at Peace"": ""2"", ""Respect for Tradition"": ""2"", ""Mature Love"": ""2"", ""Self-Discipline"": ""2"", ""Detachment"": ""2"", ""Family Security"": ""2"", ""Social Recognition"": ""2"", ""Unity With Nature"": ""2"", ""A Varied Life"": ""2"", ""Wisdom"": ""2"", ""Authority"": ""4"", ""True Friendship"": ""2"", ""A World of Beauty"": ""2"", ""Social Justice"": ""2"", ""Independent"": ""2"", ""Moderate"": ""2"", ""Loyal"": ""2"","
414,Philippines,National Identity,6,"{""Equality"": ""2"", ""Inner Harmony"": ""2"", ""Social Power"": ""3"", ""Pleasure"": ""2"", ""Freedom"": ""2"", ""A Spiritual Life"": ""3"", ""Sense of Belonging"": ""2"", ""Social Order"": ""2"", ""An Exciting Life"": ""2"", ""Meaning in Life"": ""2"", ""Politeness"": ""2"", ""Wealth"": ""3"", ""National Security"": ""2"", ""Self-Respect"": ""2"", ""Reciprocation of Favors"": ""2"", ""Creativity"": ""2"", ""A World at Peace"": ""2"", ""Respect for Tradition"": ""3"", ""Mature Love"": ""2"", ""Self-Discipline"": ""2"", ""Detachment"": ""3"", ""Family Security"": ""2"", ""Social Recognition"": ""2"", ""Unity With Nature"": ""2"", ""A Varied Life"": ""2"", ""Wisdom"": ""2"", ""Authority"": ""3"", ""True Friendship"": ""2"", ""A World of Beauty"": ""2"", ""Social Justice"": ""2"", ""Independent"": ""2"", ""Moderate"": ""2"", ""Loyal"": ""2"","
415,Philippines,National Identity,7,"{
""Equality"": ""1"",
""Inner Harmony"": ""1"",
""Social Power"": ""1"",
""Pleasure"": ""1"",
""Freedom"": ""1"",
""A Spiritual Life"": ""1"",
""Sense of Belonging"": ""1"",
""Social Order"": ""1"",
""An Exciting Life"": ""1"",
""Meaning in Life"": ""1"",
""Politeness"": ""1"",
""Wealth"": ""1"",
""National Security"": ""1"",
""Self-Respect"": ""1"",
""Reciprocation of Favors"": ""1"",
""Creativity"": ""1"",
""A World at Peace"": ""1"",
""Respect for Tradition"": ""1"",
""Mature Love"": ""1"",
""Self-Discipline"": ""1"",
""Detachment"": ""1"",
""Family Security"": ""1"",
""Social Recognition"": ""1"",
""Unity With Nature"": ""1"",
""A Varied Life"": ""1"",
""Wisdom"": ""1"",
""Authority"": ""1"",
""True Friendship"": ""1"",
""A World of Beauty"": ""1"",
""Social Justice"": ""1"",
""Independent"": ""1"",
""Moderate"": ""1"",
""Loyal"": ""1"",
""Ambitious"": ""1"","
416,Philippines,Citizenship,0,"{""Equality"": ""2"", ""Inner Harmony"": ""2"", ""Social Power"": ""4"", ""Pleasure"": ""2"", ""Freedom"": ""2"", ""A Spiritual Life"": ""2"", ""Sense of Belonging"": ""2"", ""Social Order"": ""2"", ""An Exciting Life"": ""2"", ""Meaning in Life"": ""2"", ""Politeness"": ""2"", ""Wealth"": ""2"", ""National Security"": ""2"", ""Self-Respect"": ""2"", ""Reciprocation of Favors"": ""2"", ""Creativity"": ""2"", ""A World at Peace"": ""2"", ""Respect for Tradition"": ""2"", ""Mature Love"": ""2"", ""Self-Discipline"": ""2"", ""Detachment"": ""2"", ""Family Security"": ""2"", ""Social Recognition"": ""2"", ""Unity With Nature"": ""2"", ""A Varied Life"": ""2"", ""Wisdom"": ""2"", ""Authority"": ""4"", ""True Friendship"": ""2"", ""A World of Beauty"": ""2"", ""Social Justice"": ""2"", ""Independent"": ""2"", ""Moderate"": ""2"", ""Loyal"": ""2"","
417,Philippines,Citizenship,1,"{""Equality"": ""2"", ""Inner Harmony"": ""2"", ""Social Power"": ""4"", ""Pleasure"": ""2"", ""Freedom"": ""2"", ""A Spiritual Life"": ""2"", ""Sense of Belonging"": ""2"", ""Social Order"": ""2"", ""An Exciting Life"": ""2"", ""Meaning in Life"": ""2"", ""Politeness"": ""2"", ""Wealth"": ""2"", ""National Security"": ""2"", ""Self-Respect"": ""2"", ""Reciprocation of Favors"": ""2"", ""Creativity"": ""2"", ""A World at Peace"": ""2"", ""Respect for Tradition"": ""2"", ""Mature Love"": ""2"", ""Self-Discipline"": ""2"", ""Detachment"": ""2"", ""Family Security"": ""2"", ""Social Recognition"": ""2"", ""Unity With Nature"": ""2"", ""A Varied Life"": ""2"", ""Wisdom"": ""2"", ""Authority"": ""4"", ""True Friendship"": ""2"", ""A World of Beauty"": ""2"", ""Social Justice"": ""2"", ""Independent"": ""2"", ""Moderate"": ""2"", ""Loyal"": ""2"","
418,Philippines,Citizenship,2,"{""Equality"": ""1"", ""Inner Harmony"": ""1"", ""Social Power"": ""1"", ""Pleasure"": ""1"", ""Freedom"": ""1"", ""A Spiritual Life"": ""1"", ""Sense of Belonging"": ""1"", ""Social Order"": ""1"", ""An Exciting Life"": ""1"", ""Meaning in Life"": ""1"", ""Politeness"": ""1"", ""Wealth"": ""1"", ""National Security"": ""1"", ""Self-Respect"": ""1"", ""Reciprocation of Favors"": ""1"", ""Creativity"": ""1"", ""A World at Peace"": ""1"", ""Respect for Tradition"": ""1"", ""Mature Love"": ""1"", ""Self-Discipline"": ""1"", ""Detachment"": ""1"", ""Family Security"": ""1"", ""Social Recognition"": ""1"", ""Unity With Nature"": ""1"", ""A Varied Life"": ""1"", ""Wisdom"": ""1"", ""Authority"": ""1"", ""True Friendship"": ""1"", ""A World of Beauty"": ""1"", ""Social Justice"": ""1"", ""Independent"": ""1"", ""Moderate"": ""1"", ""Loyal"": ""1"","
419,Philippines,Citizenship,3,"{""Equality"": ""1"", ""Inner Harmony"": ""1"", ""Social Power"": ""4"", ""Pleasure"": ""4"", ""Freedom"": ""1"", ""A Spiritual Life"": ""4"", ""Sense of Belonging"": ""1"", ""Social Order"": ""1"", ""An Exciting Life"": ""4"", ""Meaning in Life"": ""1"", ""Politeness"": ""1"", ""Wealth"": ""4"", ""National Security"": ""1"", ""Self-Respect"": ""1"", ""Reciprocation of Favors"": ""1"", ""Creativity"": ""4"", ""A World at Peace"": ""1"", ""Respect for Tradition"": ""4"", ""Mature Love"": ""4"", ""Self-Discipline"": ""4"", ""Detachment"": ""4"", ""Family Security"": ""1"", ""Social Recognition"": ""1"", ""Unity With Nature"": ""4"", ""A Varied Life"": ""4"", ""Wisdom"": ""1"", ""Authority"": ""4"", ""True Friendship"": ""1"", ""A World of Beauty"": ""4"", ""Social Justice"": ""1"", ""Independent"": ""4"", ""Moderate"": ""4"", ""Loyal"": ""1"","
420,Philippines,Citizenship,4,"{""Equality"": ""2"", ""Inner Harmony"": ""2"", ""Social Power"": ""4"", ""Pleasure"": ""2"", ""Freedom"": ""2"", ""A Spiritual Life"": ""2"", ""Sense of Belonging"": ""2"", ""Social Order"": ""2"", ""An Exciting Life"": ""2"", ""Meaning in Life"": ""2"", ""Politeness"": ""2"", ""Wealth"": ""4"", ""National Security"": ""2"", ""Self-Respect"": ""2"", ""Reciprocation of Favors"": ""2"", ""Creativity"": ""2"", ""A World at Peace"": ""2"", ""Respect for Tradition"": ""2"", ""Mature Love"": ""2"", ""Self-Discipline"": ""2"", ""Detachment"": ""2"", ""Family Security"": ""2"", ""Social Recognition"": ""2"", ""Unity With Nature"": ""2"", ""A Varied Life"": ""2"", ""Wisdom"": ""2"", ""Authority"": ""4"", ""True Friendship"": ""2"", ""A World of Beauty"": ""2"", ""Social Justice"": ""2"", ""Independent"": ""2"", ""Moderate"": ""2"", ""Loyal"": ""2"","
421,Philippines,Citizenship,5,"{""Equality"": ""2"", ""Inner Harmony"": ""2"", ""Social Power"": ""4"", ""Pleasure"": ""2"", ""Freedom"": ""2"", ""A Spiritual Life"": ""2"", ""Sense of Belonging"": ""2"", ""Social Order"": ""2"", ""An Exciting Life"": ""2"", ""Meaning in Life"": ""2"", ""Politeness"": ""2"", ""Wealth"": ""2"", ""National Security"": ""2"", ""Self-Respect"": ""2"", ""Reciprocation of Favors"": ""2"", ""Creativity"": ""2"", ""A World at Peace"": ""2"", ""Respect for Tradition"": ""2"", ""Mature Love"": ""2"", ""Self-Discipline"": ""2"", ""Detachment"": ""2"", ""Family Security"": ""2"", ""Social Recognition"": ""2"", ""Unity With Nature"": ""2"", ""A Varied Life"": ""2"", ""Wisdom"": ""2"", ""Authority"": ""4"", ""True Friendship"": ""2"", ""A World of Beauty"": ""2"", ""Social Justice"": ""2"", ""Independent"": ""2"", ""Moderate"": ""2"", ""Loyal"": ""2"","
422,Philippines,Citizenship,6,"{""Equality"": ""2"", ""Inner Harmony"": ""2"", ""Social Power"": ""2"", ""Pleasure"": ""2"", ""Freedom"": ""2"", ""A Spiritual Life"": ""2"", ""Sense of Belonging"": ""2"", ""Social Order"": ""2"", ""An Exciting Life"": ""2"", ""Meaning in Life"": ""2"", ""Politeness"": ""2"", ""Wealth"": ""2"", ""National Security"": ""2"", ""Self-Respect"": ""2"", ""Reciprocation of Favors"": ""2"", ""Creativity"": ""2"", ""A World at Peace"": ""2"", ""Respect for Tradition"": ""2"", ""Mature Love"": ""2"", ""Self-Discipline"": ""2"", ""Detachment"": ""2"", ""Family Security"": ""2"", ""Social Recognition"": ""2"", ""Unity With Nature"": ""2"", ""A Varied Life"": ""2"", ""Wisdom"": ""2"", ""Authority"": ""2"", ""True Friendship"": ""2"", ""A World of Beauty"": ""2"", ""Social Justice"": ""2"", ""Independent"": ""2"", ""Moderate"": ""2"", ""Loyal"": ""2"","
423,Philippines,Citizenship,7,"{""Equality"": ""1"", ""Inner Harmony"": ""1"", ""Social Power"": ""1"", ""Pleasure"": ""1"", ""Freedom"": ""1"", ""A Spiritual Life"": ""1"", ""Sense of Belonging"": ""1"", ""Social Order"": ""1"", ""An Exciting Life"": ""1"", ""Meaning in Life"": ""1"", ""Politeness"": ""1"", ""Wealth"": ""1"", ""National Security"": ""1"", ""Self-Respect"": ""1"", ""Reciprocation of Favors"": ""1"", ""Creativity"": ""1"", ""A World at Peace"": ""1"", ""Respect for Tradition"": ""1"", ""Mature Love"": ""1"", ""Self-Discipline"": ""1"", ""Detachment"": ""1"", ""Family Security"": ""1"", ""Social Recognition"": ""1"", ""Unity With Nature"": ""1"", ""A Varied Life"": ""1"", ""Wisdom"": ""1"", ""Authority"": ""1"", ""True Friendship"": ""1"", ""A World of Beauty"": ""1"", ""Social Justice"": ""1"", ""Independent"": ""1"", ""Moderate"": ""1"", ""Loyal"": ""1"","
424,Philippines,Leisure Time and Sports,0,"{""Equality"": ""2"", ""Inner Harmony"": ""2"", ""Social Power"": ""4"", ""Pleasure"": ""2"", ""Freedom"": ""2"", ""A Spiritual Life"": ""2"", ""Sense of Belonging"": ""2"", ""Social Order"": ""2"", ""An Exciting Life"": ""2"", ""Meaning in Life"": ""2"", ""Politeness"": ""2"", ""Wealth"": ""4"", ""National Security"": ""2"", ""Self-Respect"": ""2"", ""Reciprocation of Favors"": ""2"", ""Creativity"": ""2"", ""A World at Peace"": ""2"", ""Respect for Tradition"": ""2"", ""Mature Love"": ""2"", ""Self-Discipline"": ""2"", ""Detachment"": ""2"", ""Family Security"": ""2"", ""Social Recognition"": ""2"", ""Unity With Nature"": ""2"", ""A Varied Life"": ""2"", ""Wisdom"": ""2"", ""Authority"": ""4"", ""True Friendship"": ""2"", ""A World of Beauty"": ""2"", ""Social Justice"": ""2"", ""Independent"": ""2"", ""Moderate"": ""2"", ""Loyal"": ""2"","
425,Philippines,Leisure Time and Sports,1,"{""Equality"": ""2"", ""Inner Harmony"": ""2"", ""Social Power"": ""4"", ""Pleasure"": ""2"", ""Freedom"": ""2"", ""A Spiritual Life"": ""2"", ""Sense of Belonging"": ""2"", ""Social Order"": ""2"", ""An Exciting Life"": ""2"", ""Meaning in Life"": ""2"", ""Politeness"": ""2"", ""Wealth"": ""4"", ""National Security"": ""2"", ""Self-Respect"": ""2"", ""Reciprocation of Favors"": ""2"", ""Creativity"": ""2"", ""A World at Peace"": ""2"", ""Respect for Tradition"": ""2"", ""Mature Love"": ""2"", ""Self-Discipline"": ""2"", ""Detachment"": ""2"", ""Family Security"": ""2"", ""Social Recognition"": ""2"", ""Unity With Nature"": ""2"", ""A Varied Life"": ""2"", ""Wisdom"": ""2"", ""Authority"": ""4"", ""True Friendship"": ""2"", ""A World of Beauty"": ""2"", ""Social Justice"": ""2"", ""Independent"": ""2"", ""Moderate"": ""2"", ""Loyal"": ""2"","
426,Philippines,Leisure Time and Sports,2,"{""Equality"": ""1"", ""Inner Harmony"": ""1"", ""Social Power"": ""1"", ""Pleasure"": ""1"", ""Freedom"": ""1"", ""A Spiritual Life"": ""1"", ""Sense of Belonging"": ""1"", ""Social Order"": ""1"", ""An Exciting Life"": ""1"", ""Meaning in Life"": ""1"", ""Politeness"": ""1"", ""Wealth"": ""1"", ""National Security"": ""1"", ""Self-Respect"": ""1"", ""Reciprocation of Favors"": ""1"", ""Creativity"": ""1"", ""A World at Peace"": ""1"", ""Respect for Tradition"": ""1"", ""Mature Love"": ""1"", ""Self-Discipline"": ""1"", ""Detachment"": ""1"", ""Family Security"": ""1"", ""Social Recognition"": ""1"", ""Unity With Nature"": ""1"", ""A Varied Life"": ""1"", ""Wisdom"": ""1"", ""Authority"": ""1"", ""True Friendship"": ""1"", ""A World of Beauty"": ""1"", ""Social Justice"": ""1"", ""Independent"": ""1"", ""Moderate"": ""1"", ""Loyal"": ""1"","
427,Philippines,Leisure Time and Sports,3,"{""Equality"": ""1"", ""Inner Harmony"": ""1"", ""Social Power"": ""4"", ""Pleasure"": ""1"", ""Freedom"": ""1"", ""A Spiritual Life"": ""4"", ""Sense of Belonging"": ""1"", ""Social Order"": ""4"", ""An Exciting Life"": ""1"", ""Meaning in Life"": ""1"", ""Politeness"": ""1"", ""Wealth"": ""4"", ""National Security"": ""4"", ""Self-Respect"": ""1"", ""Reciprocation of Favors"": ""1"", ""Creativity"": ""1"", ""A World at Peace"": ""1"", ""Respect for Tradition"": ""4"", ""Mature Love"": ""1"", ""Self-Discipline"": ""4"", ""Detachment"": ""4"", ""Family Security"": ""1"", ""Social Recognition"": ""1"", ""Unity With Nature"": ""4"", ""A Varied Life"": ""1"", ""Wisdom"": ""1"", ""Authority"": ""4"", ""True Friendship"": ""1"", ""A World of Beauty"": ""1"", ""Social Justice"": ""1"", ""Independent"": ""1"", ""Moderate"": ""4"", ""Loyal"": ""1"","
428,Philippines,Leisure Time and Sports,4,"{""Equality"": ""2"", ""Inner Harmony"": ""2"", ""Social Power"": ""4"", ""Pleasure"": ""2"", ""Freedom"": ""2"", ""A Spiritual Life"": ""2"", ""Sense of Belonging"": ""2"", ""Social Order"": ""2"", ""An Exciting Life"": ""2"", ""Meaning in Life"": ""2"", ""Politeness"": ""2"", ""Wealth"": ""4"", ""National Security"": ""2"", ""Self-Respect"": ""2"", ""Reciprocation of Favors"": ""2"", ""Creativity"": ""2"", ""A World at Peace"": ""2"", ""Respect for Tradition"": ""2"", ""Mature Love"": ""2"", ""Self-Discipline"": ""2"", ""Detachment"": ""2"", ""Family Security"": ""2"", ""Social Recognition"": ""2"", ""Unity With Nature"": ""2"", ""A Varied Life"": ""2"", ""Wisdom"": ""2"", ""Authority"": ""4"", ""True Friendship"": ""2"", ""A World of Beauty"": ""2"", ""Social Justice"": ""2"", ""Independent"": ""2"", ""Moderate"": ""2"", ""Loyal"": ""2"","
429,Philippines,Leisure Time and Sports,5,"{""Equality"": ""2"", ""Inner Harmony"": ""2"", ""Social Power"": ""4"", ""Pleasure"": ""2"", ""Freedom"": ""2"", ""A Spiritual Life"": ""2"", ""Sense of Belonging"": ""2"", ""Social Order"": ""2"", ""An Exciting Life"": ""2"", ""Meaning in Life"": ""2"", ""Politeness"": ""2"", ""Wealth"": ""2"", ""National Security"": ""2"", ""Self-Respect"": ""2"", ""Reciprocation of Favors"": ""2"", ""Creativity"": ""2"", ""A World at Peace"": ""2"", ""Respect for Tradition"": ""2"", ""Mature Love"": ""2"", ""Self-Discipline"": ""2"", ""Detachment"": ""2"", ""Family Security"": ""2"", ""Social Recognition"": ""2"", ""Unity With Nature"": ""2"", ""A Varied Life"": ""2"", ""Wisdom"": ""2"", ""Authority"": ""4"", ""True Friendship"": ""2"", ""A World of Beauty"": ""2"", ""Social Justice"": ""2"", ""Independent"": ""2"", ""Moderate"": ""2"", ""Loyal"": ""2"","
430,Philippines,Leisure Time and Sports,6,"{""Equality"": ""2"", ""Inner Harmony"": ""2"", ""Social Power"": ""2"", ""Pleasure"": ""2"", ""Freedom"": ""2"", ""A Spiritual Life"": ""2"", ""Sense of Belonging"": ""2"", ""Social Order"": ""2"", ""An Exciting Life"": ""2"", ""Meaning in Life"": ""2"", ""Politeness"": ""2"", ""Wealth"": ""2"", ""National Security"": ""2"", ""Self-Respect"": ""2"", ""Reciprocation of Favors"": ""2"", ""Creativity"": ""2"", ""A World at Peace"": ""2"", ""Respect for Tradition"": ""2"", ""Mature Love"": ""2"", ""Self-Discipline"": ""2"", ""Detachment"": ""2"", ""Family Security"": ""2"", ""Social Recognition"": ""2"", ""Unity With Nature"": ""2"", ""A Varied Life"": ""2"", ""Wisdom"": ""2"", ""Authority"": ""2"", ""True Friendship"": ""2"", ""A World of Beauty"": ""2"", ""Social Justice"": ""2"", ""Independent"": ""2"", ""Moderate"": ""2"", ""Loyal"": ""2"","
431,Philippines,Leisure Time and Sports,7,"{""Equality"": ""1"", ""Inner Harmony"": ""1"", ""Social Power"": ""1"", ""Pleasure"": ""1"", ""Freedom"": ""1"", ""A Spiritual Life"": ""1"", ""Sense of Belonging"": ""1"", ""Social Order"": ""1"", ""An Exciting Life"": ""1"", ""Meaning in Life"": ""1"", ""Politeness"": ""1"", ""Wealth"": ""1"", ""National Security"": ""1"", ""Self-Respect"": ""1"", ""Reciprocation of Favors"": ""1"", ""Creativity"": ""1"", ""A World at Peace"": ""1"", ""Respect for Tradition"": ""1"", ""Mature Love"": ""1"", ""Self-Discipline"": ""1"", ""Detachment"": ""1"", ""Family Security"": ""1"", ""Social Recognition"": ""1"", ""Unity With Nature"": ""1"", ""A Varied Life"": ""1"", ""Wisdom"": ""1"", ""Authority"": ""1"", ""True Friendship"": ""1"", ""A World of Beauty"": ""1"", ""Social Justice"": ""1"", ""Independent"": ""1"", ""Moderate"": ""1"", ""Loyal"": ""1"","
432,Philippines,Health and Health Care,0,"{""Equality"": ""2"", ""Inner Harmony"": ""2"", ""Social Power"": ""4"", ""Pleasure"": ""2"", ""Freedom"": ""2"", ""A Spiritual Life"": ""2"", ""Sense of Belonging"": ""2"", ""Social Order"": ""2"", ""An Exciting Life"": ""2"", ""Meaning in Life"": ""2"", ""Politeness"": ""2"", ""Wealth"": ""4"", ""National Security"": ""2"", ""Self-Respect"": ""2"", ""Reciprocation of Favors"": ""2"", ""Creativity"": ""2"", ""A World at Peace"": ""2"", ""Respect for Tradition"": ""2"", ""Mature Love"": ""2"", ""Self-Discipline"": ""2"", ""Detachment"": ""2"", ""Family Security"": ""2"", ""Social Recognition"": ""2"", ""Unity With Nature"": ""2"", ""A Varied Life"": ""2"", ""Wisdom"": ""2"", ""Authority"": ""4"", ""True Friendship"": ""2"", ""A World of Beauty"": ""2"", ""Social Justice"": ""2"", ""Independent"": ""2"", ""Moderate"": ""2"", ""Loyal"": ""2"","
433,Philippines,Health and Health Care,1,"{""Equality"": ""2"", ""Inner Harmony"": ""2"", ""Social Power"": ""4"", ""Pleasure"": ""2"", ""Freedom"": ""2"", ""A Spiritual Life"": ""2"", ""Sense of Belonging"": ""2"", ""Social Order"": ""2"", ""An Exciting Life"": ""2"", ""Meaning in Life"": ""2"", ""Politeness"": ""2"", ""Wealth"": ""2"", ""National Security"": ""2"", ""Self-Respect"": ""2"", ""Reciprocation of Favors"": ""2"", ""Creativity"": ""2"", ""A World at Peace"": ""2"", ""Respect for Tradition"": ""2"", ""Mature Love"": ""2"", ""Self-Discipline"": ""2"", ""Detachment"": ""2"", ""Family Security"": ""2"", ""Social Recognition"": ""2"", ""Unity With Nature"": ""2"", ""A Varied Life"": ""2"", ""Wisdom"": ""2"", ""Authority"": ""4"", ""True Friendship"": ""2"", ""A World of Beauty"": ""2"", ""Social Justice"": ""2"", ""Independent"": ""2"", ""Moderate"": ""2"", ""Loyal"": ""2"","
434,Philippines,Health and Health Care,2,"{""Equality"": ""1"", ""Inner Harmony"": ""1"", ""Social Power"": ""1"", ""Pleasure"": ""1"", ""Freedom"": ""1"", ""A Spiritual Life"": ""1"", ""Sense of Belonging"": ""1"", ""Social Order"": ""1"", ""An Exciting Life"": ""1"", ""Meaning in Life"": ""1"", ""Politeness"": ""1"", ""Wealth"": ""1"", ""National Security"": ""1"", ""Self-Respect"": ""1"", ""Reciprocation of Favors"": ""1"", ""Creativity"": ""1"", ""A World at Peace"": ""1"", ""Respect for Tradition"": ""1"", ""Mature Love"": ""1"", ""Self-Discipline"": ""1"", ""Detachment"": ""1"", ""Family Security"": ""1"", ""Social Recognition"": ""1"", ""Unity With Nature"": ""1"", ""A Varied Life"": ""1"", ""Wisdom"": ""1"", ""Authority"": ""1"", ""True Friendship"": ""1"", ""A World of Beauty"": ""1"", ""Social Justice"": ""1"", ""Independent"": ""1"", ""Moderate"": ""1"", ""Loyal"": ""1"","
435,Philippines,Health and Health Care,3,"{""Equality"": ""2"", ""Inner Harmony"": ""2"", ""Social Power"": ""4"", ""Pleasure"": ""2"", ""Freedom"": ""2"", ""A Spiritual Life"": ""4"", ""Sense of Belonging"": ""2"", ""Social Order"": ""2"", ""An Exciting Life"": ""2"", ""Meaning in Life"": ""2"", ""Politeness"": ""2"", ""Wealth"": ""4"", ""National Security"": ""2"", ""Self-Respect"": ""2"", ""Reciprocation of Favors"": ""2"", ""Creativity"": ""2"", ""A World at Peace"": ""2"", ""Respect for Tradition"": ""4"", ""Mature Love"": ""2"", ""Self-Discipline"": ""2"", ""Detachment"": ""2"", ""Family Security"": ""2"", ""Social Recognition"": ""2"", ""Unity With Nature"": ""2"", ""A Varied Life"": ""2"", ""Wisdom"": ""2"", ""Authority"": ""4"", ""True Friendship"": ""2"", ""A World of Beauty"": ""2"", ""Social Justice"": ""2"", ""Independent"": ""2"", ""Moderate"": ""2"", ""Loyal"": ""2"","
436,Philippines,Health and Health Care,4,"{""Equality"": ""2"", ""Inner Harmony"": ""2"", ""Social Power"": ""4"", ""Pleasure"": ""2"", ""Freedom"": ""2"", ""A Spiritual Life"": ""2"", ""Sense of Belonging"": ""2"", ""Social Order"": ""2"", ""An Exciting Life"": ""2"", ""Meaning in Life"": ""2"", ""Politeness"": ""2"", ""Wealth"": ""4"", ""National Security"": ""2"", ""Self-Respect"": ""2"", ""Reciprocation of Favors"": ""2"", ""Creativity"": ""2"", ""A World at Peace"": ""2"", ""Respect for Tradition"": ""2"", ""Mature Love"": ""2"", ""Self-Discipline"": ""2"", ""Detachment"": ""2"", ""Family Security"": ""2"", ""Social Recognition"": ""2"", ""Unity With Nature"": ""2"", ""A Varied Life"": ""2"", ""Wisdom"": ""2"", ""Authority"": ""4"", ""True Friendship"": ""2"", ""A World of Beauty"": ""2"", ""Social Justice"": ""2"", ""Independent"": ""2"", ""Moderate"": ""2"", ""Loyal"": ""2"","
437,Philippines,Health and Health Care,5,"{""Equality"": ""2"", ""Inner Harmony"": ""2"", ""Social Power"": ""4"", ""Pleasure"": ""2"", ""Freedom"": ""2"", ""A Spiritual Life"": ""2"", ""Sense of Belonging"": ""2"", ""Social Order"": ""2"", ""An Exciting Life"": ""2"", ""Meaning in Life"": ""2"", ""Politeness"": ""2"", ""Wealth"": ""2"", ""National Security"": ""2"", ""Self-Respect"": ""2"", ""Reciprocation of Favors"": ""2"", ""Creativity"": ""2"", ""A World at Peace"": ""2"", ""Respect for Tradition"": ""2"", ""Mature Love"": ""2"", ""Self-Discipline"": ""2"", ""Detachment"": ""2"", ""Family Security"": ""2"", ""Social Recognition"": ""2"", ""Unity With Nature"": ""2"", ""A Varied Life"": ""2"", ""Wisdom"": ""2"", ""Authority"": ""4"", ""True Friendship"": ""2"", ""A World of Beauty"": ""2"", ""Social Justice"": ""2"", ""Independent"": ""2"", ""Moderate"": ""2"", ""Loyal"": ""2"","
438,Philippines,Health and Health Care,6,"{""Equality"": ""2"", ""Inner Harmony"": ""2"", ""Social Power"": ""2"", ""Pleasure"": ""2"", ""Freedom"": ""2"", ""A Spiritual Life"": ""2"", ""Sense of Belonging"": ""2"", ""Social Order"": ""2"", ""An Exciting Life"": ""2"", ""Meaning in Life"": ""2"", ""Politeness"": ""2"", ""Wealth"": ""2"", ""National Security"": ""2"", ""Self-Respect"": ""2"", ""Reciprocation of Favors"": ""2"", ""Creativity"": ""2"", ""A World at Peace"": ""2"", ""Respect for Tradition"": ""2"", ""Mature Love"": ""2"", ""Self-Discipline"": ""2"", ""Detachment"": ""2"", ""Family Security"": ""2"", ""Social Recognition"": ""2"", ""Unity With Nature"": ""2"", ""A Varied Life"": ""2"", ""Wisdom"": ""2"", ""Authority"": ""2"", ""True Friendship"": ""2"", ""A World of Beauty"": ""2"", ""Social Justice"": ""2"", ""Independent"": ""2"", ""Moderate"": ""2"", ""Loyal"": ""2"","
439,Philippines,Health and Health Care,7,"{""Equality"": ""1"", ""Inner Harmony"": ""1"", ""Social Power"": ""1"", ""Pleasure"": ""1"", ""Freedom"": ""1"", ""A Spiritual Life"": ""1"", ""Sense of Belonging"": ""1"", ""Social Order"": ""1"", ""An Exciting Life"": ""1"", ""Meaning in Life"": ""1"", ""Politeness"": ""1"", ""Wealth"": ""1"", ""National Security"": ""1"", ""Self-Respect"": ""1"", ""Reciprocation of Favors"": ""1"", ""Creativity"": ""1"", ""A World at Peace"": ""1"", ""Respect for Tradition"": ""1"", ""Mature Love"": ""1"", ""Self-Discipline"": ""1"", ""Detachment"": ""1"", ""Family Security"": ""1"", ""Social Recognition"": ""1"", ""Unity With Nature"": ""1"", ""A Varied Life"": ""1"", ""Wisdom"": ""1"", ""Authority"": ""1"", ""True Friendship"": ""1"", ""A World of Beauty"": ""1"", ""Social Justice"": ""1"", ""Independent"": ""1"", ""Moderate"": ""1"", ""Loyal"": ""1"","
440,United Kingdom,Politics,0,"{""Equality"": ""2"", ""Inner Harmony"": ""2"", ""Social Power"": ""4"", ""Pleasure"": ""2"", ""Freedom"": ""2"", ""A Spiritual Life"": ""2"", ""Sense of Belonging"": ""2"", ""Social Order"": ""2"", ""An Exciting Life"": ""2"", ""Meaning in Life"": ""2"", ""Politeness"": ""2"", ""Wealth"": ""2"", ""National Security"": ""2"", ""Self-Respect"": ""2"", ""Reciprocation of Favors"": ""2"", ""Creativity"": ""2"", ""A World at Peace"": ""2"", ""Respect for Tradition"": ""2"", ""Mature Love"": ""2"", ""Self-Discipline"": ""2"", ""Detachment"": ""2"", ""Family Security"": ""2"", ""Social Recognition"": ""2"", ""Unity With Nature"": ""2"", ""A Varied Life"": ""2"", ""Wisdom"": ""2"", ""Authority"": ""4"", ""True Friendship"": ""2"", ""A World of Beauty"": ""2"", ""Social Justice"": ""2"", ""Independent"": ""2"", ""Moderate"": ""2"", ""Loyal"": ""2"","
441,United Kingdom,Politics,1,"{""Equality"": ""2"", ""Inner Harmony"": ""2"", ""Social Power"": ""4"", ""Pleasure"": ""2"", ""Freedom"": ""2"", ""A Spiritual Life"": ""2"", ""Sense of Belonging"": ""2"", ""Social Order"": ""2"", ""An Exciting Life"": ""2"", ""Meaning in Life"": ""2"", ""Politeness"": ""2"", ""Wealth"": ""2"", ""National Security"": ""2"", ""Self-Respect"": ""2"", ""Reciprocation of Favors"": ""2"", ""Creativity"": ""2"", ""A World at Peace"": ""2"", ""Respect for Tradition"": ""2"", ""Mature Love"": ""2"", ""Self-Discipline"": ""2"", ""Detachment"": ""2"", ""Family Security"": ""2"", ""Social Recognition"": ""2"", ""Unity With Nature"": ""2"", ""A Varied Life"": ""2"", ""Wisdom"": ""2"", ""Authority"": ""4"", ""True Friendship"": ""2"", ""A World of Beauty"": ""2"", ""Social Justice"": ""2"", ""Independent"": ""2"", ""Moderate"": ""2"", ""Loyal"": ""2"","
442,United Kingdom,Politics,2,"{""Equality"": ""1"", ""Inner Harmony"": ""1"", ""Social Power"": ""1"", ""Pleasure"": ""1"", ""Freedom"": ""1"", ""A Spiritual Life"": ""1"", ""Sense of Belonging"": ""1"", ""Social Order"": ""1"", ""An Exciting Life"": ""1"", ""Meaning in Life"": ""1"", ""Politeness"": ""1"", ""Wealth"": ""1"", ""National Security"": ""1"", ""Self-Respect"": ""1"", ""Reciprocation of Favors"": ""1"", ""Creativity"": ""1"", ""A World at Peace"": ""1"", ""Respect for Tradition"": ""1"", ""Mature Love"": ""1"", ""Self-Discipline"": ""1"", ""Detachment"": ""1"", ""Family Security"": ""1"", ""Social Recognition"": ""1"", ""Unity With Nature"": ""1"", ""A Varied Life"": ""1"", ""Wisdom"": ""1"", ""Authority"": ""1"", ""True Friendship"": ""1"", ""A World of Beauty"": ""1"", ""Social Justice"": ""1"", ""Independent"": ""1"", ""Moderate"": ""1"", ""Loyal"": ""1"","
443,United Kingdom,Politics,3,"{""Equality"": ""2"", ""Inner Harmony"": ""2"", ""Social Power"": ""4"", ""Pleasure"": ""2"", ""Freedom"": ""2"", ""A Spiritual Life"": ""2"", ""Sense of Belonging"": ""2"", ""Social Order"": ""2"", ""An Exciting Life"": ""2"", ""Meaning in Life"": ""2"", ""Politeness"": ""2"", ""Wealth"": ""2"", ""National Security"": ""2"", ""Self-Respect"": ""2"", ""Reciprocation of Favors"": ""2"", ""Creativity"": ""2"", ""A World at Peace"": ""2"", ""Respect for Tradition"": ""2"", ""Mature Love"": ""2"", ""Self-Discipline"": ""2"", ""Detachment"": ""2"", ""Family Security"": ""2"", ""Social Recognition"": ""2"", ""Unity With Nature"": ""2"", ""A Varied Life"": ""2"", ""Wisdom"": ""2"", ""Authority"": ""2"", ""True Friendship"": ""2"", ""A World of Beauty"": ""2"", ""Social Justice"": ""2"", ""Independent"": ""2"", ""Moderate"": ""2"", ""Loyal"": ""2"","
444,United Kingdom,Politics,4,"{""Equality"": ""2"", ""Inner Harmony"": ""2"", ""Social Power"": ""4"", ""Pleasure"": ""2"", ""Freedom"": ""2"", ""A Spiritual Life"": ""2"", ""Sense of Belonging"": ""2"", ""Social Order"": ""2"", ""An Exciting Life"": ""2"", ""Meaning in Life"": ""2"", ""Politeness"": ""2"", ""Wealth"": ""4"", ""National Security"": ""2"", ""Self-Respect"": ""2"", ""Reciprocation of Favors"": ""2"", ""Creativity"": ""2"", ""A World at Peace"": ""2"", ""Respect for Tradition"": ""2"", ""Mature Love"": ""2"", ""Self-Discipline"": ""2"", ""Detachment"": ""2"", ""Family Security"": ""2"", ""Social Recognition"": ""2"", ""Unity With Nature"": ""2"", ""A Varied Life"": ""2"", ""Wisdom"": ""2"", ""Authority"": ""4"", ""True Friendship"": ""2"", ""A World of Beauty"": ""2"", ""Social Justice"": ""2"", ""Independent"": ""2"", ""Moderate"": ""2"", ""Loyal"": ""2"","
445,United Kingdom,Politics,5,"{""Equality"": ""2"", ""Inner Harmony"": ""3"", ""Social Power"": ""4"", ""Pleasure"": ""3"", ""Freedom"": ""2"", ""A Spiritual Life"": ""3"", ""Sense of Belonging"": ""2"", ""Social Order"": ""2"", ""An Exciting Life"": ""3"", ""Meaning in Life"": ""2"", ""Politeness"": ""2"", ""Wealth"": ""3"", ""National Security"": ""2"", ""Self-Respect"": ""2"", ""Reciprocation of Favors"": ""2"", ""Creativity"": ""3"", ""A World at Peace"": ""2"", ""Respect for Tradition"": ""2"", ""Mature Love"": ""3"", ""Self-Discipline"": ""2"", ""Detachment"": ""3"", ""Family Security"": ""2"", ""Social Recognition"": ""2"", ""Unity With Nature"": ""3"", ""A Varied Life"": ""3"", ""Wisdom"": ""2"", ""Authority"": ""4"", ""True Friendship"": ""2"", ""A World of Beauty"": ""2"", ""Social Justice"": ""2"", ""Independent"": ""2"", ""Moderate"": ""2"", ""Loyal"": ""2"","
446,United Kingdom,Politics,6,"{""Equality"": ""1"", ""Inner Harmony"": ""1"", ""Social Power"": ""1"", ""Pleasure"": ""1"", ""Freedom"": ""1"", ""A Spiritual Life"": ""1"", ""Sense of Belonging"": ""1"", ""Social Order"": ""1"", ""An Exciting Life"": ""1"", ""Meaning in Life"": ""1"", ""Politeness"": ""1"", ""Wealth"": ""1"", ""National Security"": ""1"", ""Self-Respect"": ""1"", ""Reciprocation of Favors"": ""1"", ""Creativity"": ""1"", ""A World at Peace"": ""1"", ""Respect for Tradition"": ""1"", ""Mature Love"": ""1"", ""Self-Discipline"": ""1"", ""Detachment"": ""1"", ""Family Security"": ""1"", ""Social Recognition"": ""1"", ""Unity With Nature"": ""1"", ""A Varied Life"": ""1"", ""Wisdom"": ""1"", ""Authority"": ""1"", ""True Friendship"": ""1"", ""A World of Beauty"": ""1"", ""Social Justice"": ""1"", ""Independent"": ""1"", ""Moderate"": ""1"", ""Loyal"": ""1"","
447,United Kingdom,Politics,7,"{""Equality"": ""2"", ""Inner Harmony"": ""2"", ""Social Power"": ""2"", ""Pleasure"": ""2"", ""Freedom"": ""2"", ""A Spiritual Life"": ""2"", ""Sense of Belonging"": ""2"", ""Social Order"": ""2"", ""An Exciting Life"": ""2"", ""Meaning in Life"": ""2"", ""Politeness"": ""2"", ""Wealth"": ""2"", ""National Security"": ""2"", ""Self-Respect"": ""2"", ""Reciprocation of Favors"": ""2"", ""Creativity"": ""2"", ""A World at Peace"": ""2"", ""Respect for Tradition"": ""2"", ""Mature Love"": ""2"", ""Self-Discipline"": ""2"", ""Detachment"": ""2"", ""Family Security"": ""2"", ""Social Recognition"": ""2"", ""Unity With Nature"": ""2"", ""A Varied Life"": ""2"", ""Wisdom"": ""2"", ""Authority"": ""2"", ""True Friendship"": ""2"", ""A World of Beauty"": ""2"", ""Social Justice"": ""2"", ""Independent"": ""2"", ""Moderate"": ""2"", ""Loyal"": ""2"","
448,United Kingdom,Social Networks,0,"{""Equality"": ""2"", ""Inner Harmony"": ""2"", ""Social Power"": ""4"", ""Pleasure"": ""2"", ""Freedom"": ""2"", ""A Spiritual Life"": ""2"", ""Sense of Belonging"": ""2"", ""Social Order"": ""2"", ""An Exciting Life"": ""2"", ""Meaning in Life"": ""2"", ""Politeness"": ""2"", ""Wealth"": ""4"", ""National Security"": ""4"", ""Self-Respect"": ""2"", ""Reciprocation of Favors"": ""2"", ""Creativity"": ""2"", ""A World at Peace"": ""2"", ""Respect for Tradition"": ""2"", ""Mature Love"": ""2"", ""Self-Discipline"": ""2"", ""Detachment"": ""2"", ""Family Security"": ""2"", ""Social Recognition"": ""2"", ""Unity With Nature"": ""2"", ""A Varied Life"": ""2"", ""Wisdom"": ""2"", ""Authority"": ""4"", ""True Friendship"": ""2"", ""A World of Beauty"": ""2"", ""Social Justice"": ""2"", ""Independent"": ""2"", ""Moderate"": ""2"", ""Loyal"": ""2"","
449,United Kingdom,Social Networks,1,"{""Equality"": ""3"", ""Inner Harmony"": ""3"", ""Social Power"": ""3"", ""Pleasure"": ""3"", ""Freedom"": ""3"", ""A Spiritual Life"": ""3"", ""Sense of Belonging"": ""3"", ""Social Order"": ""3"", ""An Exciting Life"": ""3"", ""Meaning in Life"": ""3"", ""Politeness"": ""3"", ""Wealth"": ""3"", ""National Security"": ""3"", ""Self-Respect"": ""3"", ""Reciprocation of Favors"": ""3"", ""Creativity"": ""3"", ""A World at Peace"": ""3"", ""Respect for Tradition"": ""3"", ""Mature Love"": ""3"", ""Self-Discipline"": ""3"", ""Detachment"": ""3"", ""Family Security"": ""3"", ""Social Recognition"": ""3"", ""Unity With Nature"": ""3"", ""A Varied Life"": ""3"", ""Wisdom"": ""3"", ""Authority"": ""3"", ""True Friendship"": ""3"", ""A World of Beauty"": ""3"", ""Social Justice"": ""3"", ""Independent"": ""3"", ""Moderate"": ""3"", ""Loyal"": ""3"","
450,United Kingdom,Social Networks,2,"{""Equality"": ""1"", ""Inner Harmony"": ""1"", ""Social Power"": ""1"", ""Pleasure"": ""1"", ""Freedom"": ""1"", ""A Spiritual Life"": ""1"", ""Sense of Belonging"": ""1"", ""Social Order"": ""1"", ""An Exciting Life"": ""1"", ""Meaning in Life"": ""1"", ""Politeness"": ""1"", ""Wealth"": ""1"", ""National Security"": ""1"", ""Self-Respect"": ""1"", ""Reciprocation of Favors"": ""1"", ""Creativity"": ""1"", ""A World at Peace"": ""1"", ""Respect for Tradition"": ""1"", ""Mature Love"": ""1"", ""Self-Discipline"": ""1"", ""Detachment"": ""1"", ""Family Security"": ""1"", ""Social Recognition"": ""1"", ""Unity With Nature"": ""1"", ""A Varied Life"": ""1"", ""Wisdom"": ""1"", ""Authority"": ""1"", ""True Friendship"": ""1"", ""A World of Beauty"": ""1"", ""Social Justice"": ""1"", ""Independent"": ""1"", ""Moderate"": ""1"", ""Loyal"": ""1"","
451,United Kingdom,Social Networks,3,"{""Equality"": ""1"", ""Inner Harmony"": ""1"", ""Social Power"": ""4"", ""Pleasure"": ""1"", ""Freedom"": ""1"", ""A Spiritual Life"": ""1"", ""Sense of Belonging"": ""1"", ""Social Order"": ""1"", ""An Exciting Life"": ""1"", ""Meaning in Life"": ""1"", ""Politeness"": ""1"", ""Wealth"": ""4"", ""National Security"": ""1"", ""Self-Respect"": ""1"", ""Reciprocation of Favors"": ""1"", ""Creativity"": ""1"", ""A World at Peace"": ""1"", ""Respect for Tradition"": ""4"", ""Mature Love"": ""1"", ""Self-Discipline"": ""1"", ""Detachment"": ""4"", ""Family Security"": ""1"", ""Social Recognition"": ""1"", ""Unity With Nature"": ""1"", ""A Varied Life"": ""1"", ""Wisdom"": ""1"", ""Authority"": ""4"", ""True Friendship"": ""1"", ""A World of Beauty"": ""1"", ""Social Justice"": ""1"", ""Independent"": ""1"", ""Moderate"": ""1"", ""Loyal"": ""1"","
452,United Kingdom,Social Networks,4,"{
""Equality"": ""2"",
""Inner Harmony"": ""2"",
""Social Power"": ""4"",
""Pleasure"": ""2"",
""Freedom"": ""2"",
""A Spiritual Life"": ""2"",
""Sense of Belonging"": ""2"",
""Social Order"": ""2"",
""An Exciting Life"": ""2"",
""Meaning in Life"": ""2"",
""Politeness"": ""2"",
""Wealth"": ""4"",
""National Security"": ""2"",
""Self-Respect"": ""2"",
""Reciprocation of Favors"": ""2"",
""Creativity"": ""2"",
""A World at Peace"": ""2"",
""Respect for Tradition"": ""2"",
""Mature Love"": ""2"",
""Self-Discipline"": ""2"",
""Detachment"": ""2"",
""Family Security"": ""2"",
""Social Recognition"": ""2"",
""Unity With Nature"": ""2"",
""A Varied Life"": ""2"",
""Wisdom"": ""2"",
""Authority"": ""4"",
""True Friendship"": ""2"",
""A World of Beauty"": ""2"",
""Social Justice"": ""2"",
""Independent"": ""2"",
""Moderate"": ""2"",
""Loyal"": ""2"",
""Ambitious"": ""2"","
453,United Kingdom,Social Networks,5,"{""Equality"": ""2"", ""Inner Harmony"": ""2"", ""Social Power"": ""4"", ""Pleasure"": ""2"", ""Freedom"": ""2"", ""A Spiritual Life"": ""2"", ""Sense of Belonging"": ""2"", ""Social Order"": ""2"", ""An Exciting Life"": ""2"", ""Meaning in Life"": ""2"", ""Politeness"": ""2"", ""Wealth"": ""4"", ""National Security"": ""2"", ""Self-Respect"": ""2"", ""Reciprocation of Favors"": ""2"", ""Creativity"": ""2"", ""A World at Peace"": ""2"", ""Respect for Tradition"": ""2"", ""Mature Love"": ""2"", ""Self-Discipline"": ""2"", ""Detachment"": ""2"", ""Family Security"": ""2"", ""Social Recognition"": ""2"", ""Unity With Nature"": ""2"", ""A Varied Life"": ""2"", ""Wisdom"": ""2"", ""Authority"": ""4"", ""True Friendship"": ""2"", ""A World of Beauty"": ""2"", ""Social Justice"": ""2"", ""Independent"": ""2"", ""Moderate"": ""2"", ""Loyal"": ""2"","
454,United Kingdom,Social Networks,6,"{""Equality"": ""1"", ""Inner Harmony"": ""1"", ""Social Power"": ""1"", ""Pleasure"": ""1"", ""Freedom"": ""1"", ""A Spiritual Life"": ""1"", ""Sense of Belonging"": ""1"", ""Social Order"": ""1"", ""An Exciting Life"": ""1"", ""Meaning in Life"": ""1"", ""Politeness"": ""1"", ""Wealth"": ""1"", ""National Security"": ""1"", ""Self-Respect"": ""1"", ""Reciprocation of Favors"": ""1"", ""Creativity"": ""1"", ""A World at Peace"": ""1"", ""Respect for Tradition"": ""1"", ""Mature Love"": ""1"", ""Self-Discipline"": ""1"", ""Detachment"": ""1"", ""Family Security"": ""1"", ""Social Recognition"": ""1"", ""Unity With Nature"": ""1"", ""A Varied Life"": ""1"", ""Wisdom"": ""1"", ""Authority"": ""1"", ""True Friendship"": ""1"", ""A World of Beauty"": ""1"", ""Social Justice"": ""1"", ""Independent"": ""1"", ""Moderate"": ""1"", ""Loyal"": ""1"","
455,United Kingdom,Social Networks,7,"{""Equality"": ""4"", ""Inner Harmony"": ""4"", ""Social Power"": ""4"", ""Pleasure"": ""4"", ""Freedom"": ""4"", ""A Spiritual Life"": ""4"", ""Sense of Belonging"": ""4"", ""Social Order"": ""4"", ""An Exciting Life"": ""4"", ""Meaning in Life"": ""4"", ""Politeness"": ""4"", ""Wealth"": ""4"", ""National Security"": ""4"", ""Self-Respect"": ""4"", ""Reciprocation of Favors"": ""4"", ""Creativity"": ""4"", ""A World at Peace"": ""4"", ""Respect for Tradition"": ""4"", ""Mature Love"": ""4"", ""Self-Discipline"": ""4"", ""Detachment"": ""4"", ""Family Security"": ""4"", ""Social Recognition"": ""4"", ""Unity With Nature"": ""4"", ""A Varied Life"": ""4"", ""Wisdom"": ""4"", ""Authority"": ""4"", ""True Friendship"": ""4"", ""A World of Beauty"": ""4"", ""Social Justice"": ""4"", ""Independent"": ""4"", ""Moderate"": ""4"", ""Loyal"": ""4"","
456,United Kingdom,Social Inequality,0,"{""Equality"": ""2"", ""Inner Harmony"": ""2"", ""Social Power"": ""4"", ""Pleasure"": ""2"", ""Freedom"": ""2"", ""A Spiritual Life"": ""2"", ""Sense of Belonging"": ""2"", ""Social Order"": ""2"", ""An Exciting Life"": ""2"", ""Meaning in Life"": ""2"", ""Politeness"": ""2"", ""Wealth"": ""4"", ""National Security"": ""2"", ""Self-Respect"": ""2"", ""Reciprocation of Favors"": ""2"", ""Creativity"": ""2"", ""A World at Peace"": ""2"", ""Respect for Tradition"": ""2"", ""Mature Love"": ""2"", ""Self-Discipline"": ""2"", ""Detachment"": ""2"", ""Family Security"": ""2"", ""Social Recognition"": ""2"", ""Unity With Nature"": ""2"", ""A Varied Life"": ""2"", ""Wisdom"": ""2"", ""Authority"": ""4"", ""True Friendship"": ""2"", ""A World of Beauty"": ""2"", ""Social Justice"": ""2"", ""Independent"": ""2"", ""Moderate"": ""2"", ""Loyal"": ""2"","
457,United Kingdom,Social Inequality,1,"{""Equality"": ""2"", ""Inner Harmony"": ""3"", ""Social Power"": ""4"", ""Pleasure"": ""3"", ""Freedom"": ""2"", ""A Spiritual Life"": ""3"", ""Sense of Belonging"": ""2"", ""Social Order"": ""2"", ""An Exciting Life"": ""3"", ""Meaning in Life"": ""2"", ""Politeness"": ""2"", ""Wealth"": ""3"", ""National Security"": ""2"", ""Self-Respect"": ""2"", ""Reciprocation of Favors"": ""2"", ""Creativity"": ""3"", ""A World at Peace"": ""2"", ""Respect for Tradition"": ""3"", ""Mature Love"": ""3"", ""Self-Discipline"": ""3"", ""Detachment"": ""3"", ""Family Security"": ""2"", ""Social Recognition"": ""2"", ""Unity With Nature"": ""3"", ""A Varied Life"": ""3"", ""Wisdom"": ""2"", ""Authority"": ""4"", ""True Friendship"": ""2"", ""A World of Beauty"": ""3"", ""Social Justice"": ""2"", ""Independent"": ""2"", ""Moderate"": ""3"", ""Loyal"": ""2"","
458,United Kingdom,Social Inequality,2,"{""Equality"": ""1"", ""Inner Harmony"": ""1"", ""Social Power"": ""1"", ""Pleasure"": ""1"", ""Freedom"": ""1"", ""A Spiritual Life"": ""1"", ""Sense of Belonging"": ""1"", ""Social Order"": ""1"", ""An Exciting Life"": ""1"", ""Meaning in Life"": ""1"", ""Politeness"": ""1"", ""Wealth"": ""1"", ""National Security"": ""1"", ""Self-Respect"": ""1"", ""Reciprocation of Favors"": ""1"", ""Creativity"": ""1"", ""A World at Peace"": ""1"", ""Respect for Tradition"": ""1"", ""Mature Love"": ""1"", ""Self-Discipline"": ""1"", ""Detachment"": ""1"", ""Family Security"": ""1"", ""Social Recognition"": ""1"", ""Unity With Nature"": ""1"", ""A Varied Life"": ""1"", ""Wisdom"": ""1"", ""Authority"": ""1"", ""True Friendship"": ""1"", ""A World of Beauty"": ""1"", ""Social Justice"": ""1"", ""Independent"": ""1"", ""Moderate"": ""1"", ""Loyal"": ""1"","
459,United Kingdom,Social Inequality,3,"{""Equality"": ""2"", ""Inner Harmony"": ""2"", ""Social Power"": ""4"", ""Pleasure"": ""2"", ""Freedom"": ""2"", ""A Spiritual Life"": ""2"", ""Sense of Belonging"": ""2"", ""Social Order"": ""2"", ""An Exciting Life"": ""2"", ""Meaning in Life"": ""2"", ""Politeness"": ""2"", ""Wealth"": ""2"", ""National Security"": ""2"", ""Self-Respect"": ""2"", ""Reciprocation of Favors"": ""2"", ""Creativity"": ""2"", ""A World at Peace"": ""2"", ""Respect for Tradition"": ""2"", ""Mature Love"": ""2"", ""Self-Discipline"": ""2"", ""Detachment"": ""2"", ""Family Security"": ""2"", ""Social Recognition"": ""2"", ""Unity With Nature"": ""2"", ""A Varied Life"": ""2"", ""Wisdom"": ""2"", ""Authority"": ""2"", ""True Friendship"": ""2"", ""A World of Beauty"": ""2"", ""Social Justice"": ""2"", ""Independent"": ""2"", ""Moderate"": ""2"", ""Loyal"": ""2"","
460,United Kingdom,Social Inequality,4,"{""Equality"": ""2"", ""Inner Harmony"": ""2"", ""Social Power"": ""4"", ""Pleasure"": ""2"", ""Freedom"": ""2"", ""A Spiritual Life"": ""2"", ""Sense of Belonging"": ""2"", ""Social Order"": ""2"", ""An Exciting Life"": ""2"", ""Meaning in Life"": ""2"", ""Politeness"": ""2"", ""Wealth"": ""4"", ""National Security"": ""2"", ""Self-Respect"": ""2"", ""Reciprocation of Favors"": ""2"", ""Creativity"": ""2"", ""A World at Peace"": ""2"", ""Respect for Tradition"": ""2"", ""Mature Love"": ""2"", ""Self-Discipline"": ""2"", ""Detachment"": ""2"", ""Family Security"": ""2"", ""Social Recognition"": ""2"", ""Unity With Nature"": ""2"", ""A Varied Life"": ""2"", ""Wisdom"": ""2"", ""Authority"": ""4"", ""True Friendship"": ""2"", ""A World of Beauty"": ""2"", ""Social Justice"": ""2"", ""Independent"": ""2"", ""Moderate"": ""2"", ""Loyal"": ""2"","
461,United Kingdom,Social Inequality,5,"{""Equality"": ""2"", ""Inner Harmony"": ""2"", ""Social Power"": ""4"", ""Pleasure"": ""2"", ""Freedom"": ""2"", ""A Spiritual Life"": ""2"", ""Sense of Belonging"": ""2"", ""Social Order"": ""2"", ""An Exciting Life"": ""2"", ""Meaning in Life"": ""2"", ""Politeness"": ""2"", ""Wealth"": ""2"", ""National Security"": ""2"", ""Self-Respect"": ""2"", ""Reciprocation of Favors"": ""2"", ""Creativity"": ""2"", ""A World at Peace"": ""2"", ""Respect for Tradition"": ""2"", ""Mature Love"": ""2"", ""Self-Discipline"": ""2"", ""Detachment"": ""2"", ""Family Security"": ""2"", ""Social Recognition"": ""2"", ""Unity With Nature"": ""2"", ""A Varied Life"": ""2"", ""Wisdom"": ""2"", ""Authority"": ""4"", ""True Friendship"": ""2"", ""A World of Beauty"": ""2"", ""Social Justice"": ""2"", ""Independent"": ""2"", ""Moderate"": ""2"", ""Loyal"": ""2"","
462,United Kingdom,Social Inequality,6,"{""Equality"": ""2"", ""Inner Harmony"": ""2"", ""Social Power"": ""2"", ""Pleasure"": ""2"", ""Freedom"": ""2"", ""A Spiritual Life"": ""2"", ""Sense of Belonging"": ""2"", ""Social Order"": ""2"", ""An Exciting Life"": ""2"", ""Meaning in Life"": ""2"", ""Politeness"": ""2"", ""Wealth"": ""2"", ""National Security"": ""2"", ""Self-Respect"": ""2"", ""Reciprocation of Favors"": ""2"", ""Creativity"": ""2"", ""A World at Peace"": ""2"", ""Respect for Tradition"": ""2"", ""Mature Love"": ""2"", ""Self-Discipline"": ""2"", ""Detachment"": ""2"", ""Family Security"": ""2"", ""Social Recognition"": ""2"", ""Unity With Nature"": ""2"", ""A Varied Life"": ""2"", ""Wisdom"": ""2"", ""Authority"": ""2"", ""True Friendship"": ""2"", ""A World of Beauty"": ""2"", ""Social Justice"": ""2"", ""Independent"": ""2"", ""Moderate"": ""2"", ""Loyal"": ""2"","
463,United Kingdom,Social Inequality,7,"{""Equality"": ""1"", ""Inner Harmony"": ""1"", ""Social Power"": ""4"", ""Pleasure"": ""4"", ""Freedom"": ""1"", ""A Spiritual Life"": ""1"", ""Sense of Belonging"": ""1"", ""Social Order"": ""1"", ""An Exciting Life"": ""1"", ""Meaning in Life"": ""1"", ""Politeness"": ""1"", ""Wealth"": ""4"", ""National Security"": ""4"", ""Self-Respect"": ""1"", ""Reciprocation of Favors"": ""1"", ""Creativity"": ""1"", ""A World at Peace"": ""1"", ""Respect for Tradition"": ""4"", ""Mature Love"": ""1"", ""Self-Discipline"": ""1"", ""Detachment"": ""4"", ""Family Security"": ""1"", ""Social Recognition"": ""1"", ""Unity With Nature"": ""4"", ""A Varied Life"": ""1"", ""Wisdom"": ""1"", ""Authority"": ""4"", ""True Friendship"": ""1"", ""A World of Beauty"": ""1"", ""Social Justice"": ""1"", ""Independent"": ""1"", ""Moderate"": ""1"", ""Loyal"": ""1"","
464,United Kingdom,Family & Changing Gender Roles,0,"{""Equality"": ""2"", ""Inner Harmony"": ""2"", ""Social Power"": ""4"", ""Pleasure"": ""2"", ""Freedom"": ""2"", ""A Spiritual Life"": ""2"", ""Sense of Belonging"": ""2"", ""Social Order"": ""2"", ""An Exciting Life"": ""2"", ""Meaning in Life"": ""2"", ""Politeness"": ""2"", ""Wealth"": ""2"", ""National Security"": ""2"", ""Self-Respect"": ""2"", ""Reciprocation of Favors"": ""2"", ""Creativity"": ""2"", ""A World at Peace"": ""2"", ""Respect for Tradition"": ""2"", ""Mature Love"": ""2"", ""Self-Discipline"": ""2"", ""Detachment"": ""2"", ""Family Security"": ""2"", ""Social Recognition"": ""2"", ""Unity With Nature"": ""2"", ""A Varied Life"": ""2"", ""Wisdom"": ""2"", ""Authority"": ""4"", ""True Friendship"": ""2"", ""A World of Beauty"": ""2"", ""Social Justice"": ""2"", ""Independent"": ""2"", ""Moderate"": ""2"", ""Loyal"": ""2"","
465,United Kingdom,Family & Changing Gender Roles,1,"{""Equality"": ""2"", ""Inner Harmony"": ""3"", ""Social Power"": ""4"", ""Pleasure"": ""3"", ""Freedom"": ""2"", ""A Spiritual Life"": ""3"", ""Sense of Belonging"": ""2"", ""Social Order"": ""2"", ""An Exciting Life"": ""3"", ""Meaning in Life"": ""2"", ""Politeness"": ""2"", ""Wealth"": ""3"", ""National Security"": ""2"", ""Self-Respect"": ""2"", ""Reciprocation of Favors"": ""2"", ""Creativity"": ""3"", ""A World at Peace"": ""2"", ""Respect for Tradition"": ""3"", ""Mature Love"": ""3"", ""Self-Discipline"": ""3"", ""Detachment"": ""3"", ""Family Security"": ""2"", ""Social Recognition"": ""2"", ""Unity With Nature"": ""3"", ""A Varied Life"": ""3"", ""Wisdom"": ""2"", ""Authority"": ""4"", ""True Friendship"": ""2"", ""A World of Beauty"": ""3"", ""Social Justice"": ""2"", ""Independent"": ""2"", ""Moderate"": ""3"", ""Loyal"": ""2"","
466,United Kingdom,Family & Changing Gender Roles,2,"{""Equality"": ""1"", ""Inner Harmony"": ""1"", ""Social Power"": ""2"", ""Pleasure"": ""1"", ""Freedom"": ""1"", ""A Spiritual Life"": ""2"", ""Sense of Belonging"": ""1"", ""Social Order"": ""2"", ""An Exciting Life"": ""2"", ""Meaning in Life"": ""1"", ""Politeness"": ""2"", ""Wealth"": ""2"", ""National Security"": ""2"", ""Self-Respect"": ""1"", ""Reciprocation of Favors"": ""2"", ""Creativity"": ""2"", ""A World at Peace"": ""1"", ""Respect for Tradition"": ""2"", ""Mature Love"": ""2"", ""Self-Discipline"": ""2"", ""Detachment"": ""2"", ""Family Security"": ""1"", ""Social Recognition"": ""2"", ""Unity With Nature"": ""2"", ""A Varied Life"": ""2"", ""Wisdom"": ""2"", ""Authority"": ""2"", ""True Friendship"": ""2"", ""A World of Beauty"": ""2"", ""Social Justice"": ""2"", ""Independent"": ""2"", ""Moderate"": ""2"", ""Loyal"": ""2"","
467,United Kingdom,Family & Changing Gender Roles,3,"{""Equality"": ""2"", ""Inner Harmony"": ""2"", ""Social Power"": ""2"", ""Pleasure"": ""2"", ""Freedom"": ""2"", ""A Spiritual Life"": ""2"", ""Sense of Belonging"": ""2"", ""Social Order"": ""2"", ""An Exciting Life"": ""2"", ""Meaning in Life"": ""2"", ""Politeness"": ""2"", ""Wealth"": ""2"", ""National Security"": ""2"", ""Self-Respect"": ""2"", ""Reciprocation of Favors"": ""2"", ""Creativity"": ""2"", ""A World at Peace"": ""2"", ""Respect for Tradition"": ""2"", ""Mature Love"": ""2"", ""Self-Discipline"": ""2"", ""Detachment"": ""2"", ""Family Security"": ""2"", ""Social Recognition"": ""2"", ""Unity With Nature"": ""2"", ""A Varied Life"": ""2"", ""Wisdom"": ""2"", ""Authority"": ""2"", ""True Friendship"": ""2"", ""A World of Beauty"": ""2"", ""Social Justice"": ""2"", ""Independent"": ""2"", ""Moderate"": ""2"", ""Loyal"": ""2"","
468,United Kingdom,Family & Changing Gender Roles,4,"{""Equality"": ""2"", ""Inner Harmony"": ""2"", ""Social Power"": ""4"", ""Pleasure"": ""2"", ""Freedom"": ""2"", ""A Spiritual Life"": ""2"", ""Sense of Belonging"": ""2"", ""Social Order"": ""2"", ""An Exciting Life"": ""2"", ""Meaning in Life"": ""2"", ""Politeness"": ""2"", ""Wealth"": ""4"", ""National Security"": ""2"", ""Self-Respect"": ""2"", ""Reciprocation of Favors"": ""2"", ""Creativity"": ""2"", ""A World at Peace"": ""2"", ""Respect for Tradition"": ""2"", ""Mature Love"": ""2"", ""Self-Discipline"": ""2"", ""Detachment"": ""2"", ""Family Security"": ""2"", ""Social Recognition"": ""2"", ""Unity With Nature"": ""2"", ""A Varied Life"": ""2"", ""Wisdom"": ""2"", ""Authority"": ""4"", ""True Friendship"": ""2"", ""A World of Beauty"": ""2"", ""Social Justice"": ""2"", ""Independent"": ""2"", ""Moderate"": ""2"", ""Loyal"": ""2"","
469,United Kingdom,Family & Changing Gender Roles,5,"{""Equality"": ""2"", ""Inner Harmony"": ""2"", ""Social Power"": ""4"", ""Pleasure"": ""2"", ""Freedom"": ""2"", ""A Spiritual Life"": ""2"", ""Sense of Belonging"": ""2"", ""Social Order"": ""2"", ""An Exciting Life"": ""2"", ""Meaning in Life"": ""2"", ""Politeness"": ""2"", ""Wealth"": ""2"", ""National Security"": ""2"", ""Self-Respect"": ""2"", ""Reciprocation of Favors"": ""2"", ""Creativity"": ""2"", ""A World at Peace"": ""2"", ""Respect for Tradition"": ""2"", ""Mature Love"": ""2"", ""Self-Discipline"": ""2"", ""Detachment"": ""2"", ""Family Security"": ""2"", ""Social Recognition"": ""2"", ""Unity With Nature"": ""2"", ""A Varied Life"": ""2"", ""Wisdom"": ""2"", ""Authority"": ""4"", ""True Friendship"": ""2"", ""A World of Beauty"": ""2"", ""Social Justice"": ""2"", ""Independent"": ""2"", ""Moderate"": ""2"", ""Loyal"": ""2"","
470,United Kingdom,Family & Changing Gender Roles,6,"{""Equality"": ""2"", ""Inner Harmony"": ""2"", ""Social Power"": ""2"", ""Pleasure"": ""2"", ""Freedom"": ""2"", ""A Spiritual Life"": ""2"", ""Sense of Belonging"": ""2"", ""Social Order"": ""2"", ""An Exciting Life"": ""2"", ""Meaning in Life"": ""2"", ""Politeness"": ""2"", ""Wealth"": ""2"", ""National Security"": ""2"", ""Self-Respect"": ""2"", ""Reciprocation of Favors"": ""2"", ""Creativity"": ""2"", ""A World at Peace"": ""2"", ""Respect for Tradition"": ""2"", ""Mature Love"": ""2"", ""Self-Discipline"": ""2"", ""Detachment"": ""2"", ""Family Security"": ""2"", ""Social Recognition"": ""2"", ""Unity With Nature"": ""2"", ""A Varied Life"": ""2"", ""Wisdom"": ""2"", ""Authority"": ""2"", ""True Friendship"": ""2"", ""A World of Beauty"": ""2"", ""Social Justice"": ""2"", ""Independent"": ""2"", ""Moderate"": ""2"", ""Loyal"": ""2"","
471,United Kingdom,Family & Changing Gender Roles,7,"{""Equality"": ""1"", ""Inner Harmony"": ""1"", ""Social Power"": ""1"", ""Pleasure"": ""1"", ""Freedom"": ""1"", ""A Spiritual Life"": ""1"", ""Sense of Belonging"": ""1"", ""Social Order"": ""1"", ""An Exciting Life"": ""1"", ""Meaning in Life"": ""1"", ""Politeness"": ""1"", ""Wealth"": ""1"", ""National Security"": ""1"", ""Self-Respect"": ""1"", ""Reciprocation of Favors"": ""1"", ""Creativity"": ""1"", ""A World at Peace"": ""1"", ""Respect for Tradition"": ""1"", ""Mature Love"": ""1"", ""Self-Discipline"": ""1"", ""Detachment"": ""1"", ""Family Security"": ""1"", ""Social Recognition"": ""1"", ""Unity With Nature"": ""1"", ""A Varied Life"": ""1"", ""Wisdom"": ""1"", ""Authority"": ""1"", ""True Friendship"": ""1"", ""A World of Beauty"": ""1"", ""Social Justice"": ""1"", ""Independent"": ""1"", ""Moderate"": ""1"", ""Loyal"": ""1"","
472,United Kingdom,Work Orientation,0,"{""Equality"": ""2"", ""Inner Harmony"": ""2"", ""Social Power"": ""4"", ""Pleasure"": ""2"", ""Freedom"": ""2"", ""A Spiritual Life"": ""4"", ""Sense of Belonging"": ""2"", ""Social Order"": ""2"", ""An Exciting Life"": ""2"", ""Meaning in Life"": ""2"", ""Politeness"": ""2"", ""Wealth"": ""4"", ""National Security"": ""4"", ""Self-Respect"": ""2"", ""Reciprocation of Favors"": ""2"", ""Creativity"": ""4"", ""A World at Peace"": ""2"", ""Respect for Tradition"": ""4"", ""Mature Love"": ""4"", ""Self-Discipline"": ""4"", ""Detachment"": ""4"", ""Family Security"": ""2"", ""Social Recognition"": ""2"", ""Unity With Nature"": ""4"", ""A Varied Life"": ""2"", ""Wisdom"": ""2"", ""Authority"": ""4"", ""True Friendship"": ""2"", ""A World of Beauty"": ""2"", ""Social Justice"": ""2"", ""Independent"": ""2"", ""Moderate"": ""2"", ""Loyal"": ""2"","
473,United Kingdom,Work Orientation,1,"{""Equality"": ""2"", ""Inner Harmony"": ""3"", ""Social Power"": ""4"", ""Pleasure"": ""3"", ""Freedom"": ""2"", ""A Spiritual Life"": ""3"", ""Sense of Belonging"": ""2"", ""Social Order"": ""2"", ""An Exciting Life"": ""3"", ""Meaning in Life"": ""3"", ""Politeness"": ""2"", ""Wealth"": ""3"", ""National Security"": ""2"", ""Self-Respect"": ""2"", ""Reciprocation of Favors"": ""2"", ""Creativity"": ""3"", ""A World at Peace"": ""2"", ""Respect for Tradition"": ""2"", ""Mature Love"": ""3"", ""Self-Discipline"": ""3"", ""Detachment"": ""3"", ""Family Security"": ""2"", ""Social Recognition"": ""2"", ""Unity With Nature"": ""3"", ""A Varied Life"": ""3"", ""Wisdom"": ""3"", ""Authority"": ""4"", ""True Friendship"": ""2"", ""A World of Beauty"": ""3"", ""Social Justice"": ""2"", ""Independent"": ""3"", ""Moderate"": ""3"", ""Loyal"": ""2"","
474,United Kingdom,Work Orientation,2,"{""Equality"": ""1"", ""Inner Harmony"": ""1"", ""Social Power"": ""1"", ""Pleasure"": ""1"", ""Freedom"": ""1"", ""A Spiritual Life"": ""1"", ""Sense of Belonging"": ""1"", ""Social Order"": ""1"", ""An Exciting Life"": ""1"", ""Meaning in Life"": ""1"", ""Politeness"": ""1"", ""Wealth"": ""1"", ""National Security"": ""1"", ""Self-Respect"": ""1"", ""Reciprocation of Favors"": ""1"", ""Creativity"": ""1"", ""A World at Peace"": ""1"", ""Respect for Tradition"": ""1"", ""Mature Love"": ""1"", ""Self-Discipline"": ""1"", ""Detachment"": ""1"", ""Family Security"": ""1"", ""Social Recognition"": ""1"", ""Unity With Nature"": ""1"", ""A Varied Life"": ""1"", ""Wisdom"": ""1"", ""Authority"": ""1"", ""True Friendship"": ""1"", ""A World of Beauty"": ""1"", ""Social Justice"": ""1"", ""Independent"": ""1"", ""Moderate"": ""1"", ""Loyal"": ""1"","
475,United Kingdom,Work Orientation,3,"{""Equality"": ""1"", ""Inner Harmony"": ""1"", ""Social Power"": ""1"", ""Pleasure"": ""1"", ""Freedom"": ""1"", ""A Spiritual Life"": ""1"", ""Sense of Belonging"": ""1"", ""Social Order"": ""1"", ""An Exciting Life"": ""1"", ""Meaning in Life"": ""1"", ""Politeness"": ""1"", ""Wealth"": ""1"", ""National Security"": ""1"", ""Self-Respect"": ""1"", ""Reciprocation of Favors"": ""1"", ""Creativity"": ""1"", ""A World at Peace"": ""1"", ""Respect for Tradition"": ""1"", ""Mature Love"": ""1"", ""Self-Discipline"": ""1"", ""Detachment"": ""1"", ""Family Security"": ""1"", ""Social Recognition"": ""1"", ""Unity With Nature"": ""1"", ""A Varied Life"": ""1"", ""Wisdom"": ""1"", ""Authority"": ""1"", ""True Friendship"": ""1"", ""A World of Beauty"": ""1"", ""Social Justice"": ""1"", ""Independent"": ""1"", ""Moderate"": ""1"", ""Loyal"": ""1"","
476,United Kingdom,Work Orientation,4,"{""Equality"": ""2"", ""Inner Harmony"": ""2"", ""Social Power"": ""4"", ""Pleasure"": ""2"", ""Freedom"": ""2"", ""A Spiritual Life"": ""2"", ""Sense of Belonging"": ""2"", ""Social Order"": ""2"", ""An Exciting Life"": ""2"", ""Meaning in Life"": ""2"", ""Politeness"": ""2"", ""Wealth"": ""2"", ""National Security"": ""2"", ""Self-Respect"": ""2"", ""Reciprocation of Favors"": ""2"", ""Creativity"": ""2"", ""A World at Peace"": ""2"", ""Respect for Tradition"": ""2"", ""Mature Love"": ""2"", ""Self-Discipline"": ""2"", ""Detachment"": ""2"", ""Family Security"": ""2"", ""Social Recognition"": ""2"", ""Unity With Nature"": ""2"", ""A Varied Life"": ""2"", ""Wisdom"": ""2"", ""Authority"": ""4"", ""True Friendship"": ""2"", ""A World of Beauty"": ""2"", ""Social Justice"": ""2"", ""Independent"": ""2"", ""Moderate"": ""2"", ""Loyal"": ""2"","
477,United Kingdom,Work Orientation,5,"{""Equality"": ""2"", ""Inner Harmony"": ""3"", ""Social Power"": ""4"", ""Pleasure"": ""3"", ""Freedom"": ""2"", ""A Spiritual Life"": ""4"", ""Sense of Belonging"": ""2"", ""Social Order"": ""3"", ""An Exciting Life"": ""3"", ""Meaning in Life"": ""2"", ""Politeness"": ""2"", ""Wealth"": ""3"", ""National Security"": ""2"", ""Self-Respect"": ""2"", ""Reciprocation of Favors"": ""2"", ""Creativity"": ""3"", ""A World at Peace"": ""2"", ""Respect for Tradition"": ""3"", ""Mature Love"": ""3"", ""Self-Discipline"": ""3"", ""Detachment"": ""3"", ""Family Security"": ""2"", ""Social Recognition"": ""2"", ""Unity With Nature"": ""3"", ""A Varied Life"": ""3"", ""Wisdom"": ""2"", ""Authority"": ""4"", ""True Friendship"": ""2"", ""A World of Beauty"": ""3"", ""Social Justice"": ""2"", ""Independent"": ""2"", ""Moderate"": ""2"", ""Loyal"": ""2"","
478,United Kingdom,Work Orientation,6,"{""Equality"": ""2"", ""Inner Harmony"": ""2"", ""Social Power"": ""2"", ""Pleasure"": ""2"", ""Freedom"": ""2"", ""A Spiritual Life"": ""2"", ""Sense of Belonging"": ""2"", ""Social Order"": ""2"", ""An Exciting Life"": ""2"", ""Meaning in Life"": ""2"", ""Politeness"": ""2"", ""Wealth"": ""2"", ""National Security"": ""2"", ""Self-Respect"": ""2"", ""Reciprocation of Favors"": ""2"", ""Creativity"": ""2"", ""A World at Peace"": ""2"", ""Respect for Tradition"": ""2"", ""Mature Love"": ""2"", ""Self-Discipline"": ""2"", ""Detachment"": ""2"", ""Family Security"": ""2"", ""Social Recognition"": ""2"", ""Unity With Nature"": ""2"", ""A Varied Life"": ""2"", ""Wisdom"": ""2"", ""Authority"": ""2"", ""True Friendship"": ""2"", ""A World of Beauty"": ""2"", ""Social Justice"": ""2"", ""Independent"": ""2"", ""Moderate"": ""2"", ""Loyal"": ""2"","
479,United Kingdom,Work Orientation,7,"{""Equality"": ""1"", ""Inner Harmony"": ""1"", ""Social Power"": ""4"", ""Pleasure"": ""1"", ""Freedom"": ""1"", ""A Spiritual Life"": ""1"", ""Sense of Belonging"": ""1"", ""Social Order"": ""1"", ""An Exciting Life"": ""1"", ""Meaning in Life"": ""1"", ""Politeness"": ""1"", ""Wealth"": ""4"", ""National Security"": ""4"", ""Self-Respect"": ""1"", ""Reciprocation of Favors"": ""1"", ""Creativity"": ""1"", ""A World at Peace"": ""1"", ""Respect for Tradition"": ""4"", ""Mature Love"": ""1"", ""Self-Discipline"": ""1"", ""Detachment"": ""4"", ""Family Security"": ""1"", ""Social Recognition"": ""1"", ""Unity With Nature"": ""4"", ""A Varied Life"": ""1"", ""Wisdom"": ""1"", ""Authority"": ""4"", ""True Friendship"": ""1"", ""A World of Beauty"": ""1"", ""Social Justice"": ""1"", ""Independent"": ""1"", ""Moderate"": ""4"", ""Loyal"": ""1"","
480,United Kingdom,Religion,0,"{""Equality"": ""2"", ""Inner Harmony"": ""2"", ""Social Power"": ""4"", ""Pleasure"": ""2"", ""Freedom"": ""2"", ""A Spiritual Life"": ""2"", ""Sense of Belonging"": ""2"", ""Social Order"": ""2"", ""An Exciting Life"": ""2"", ""Meaning in Life"": ""2"", ""Politeness"": ""2"", ""Wealth"": ""4"", ""National Security"": ""2"", ""Self-Respect"": ""2"", ""Reciprocation of Favors"": ""2"", ""Creativity"": ""2"", ""A World at Peace"": ""2"", ""Respect for Tradition"": ""2"", ""Mature Love"": ""2"", ""Self-Discipline"": ""2"", ""Detachment"": ""2"", ""Family Security"": ""2"", ""Social Recognition"": ""2"", ""Unity With Nature"": ""2"", ""A Varied Life"": ""2"", ""Wisdom"": ""2"", ""Authority"": ""4"", ""True Friendship"": ""2"", ""A World of Beauty"": ""2"", ""Social Justice"": ""2"", ""Independent"": ""2"", ""Moderate"": ""2"", ""Loyal"": ""2"","
481,United Kingdom,Religion,1,"{""Equality"": ""3"", ""Inner Harmony"": ""3"", ""Social Power"": ""3"", ""Pleasure"": ""3"", ""Freedom"": ""3"", ""A Spiritual Life"": ""3"", ""Sense of Belonging"": ""3"", ""Social Order"": ""3"", ""An Exciting Life"": ""3"", ""Meaning in Life"": ""3"", ""Politeness"": ""3"", ""Wealth"": ""3"", ""National Security"": ""3"", ""Self-Respect"": ""3"", ""Reciprocation of Favors"": ""3"", ""Creativity"": ""3"", ""A World at Peace"": ""3"", ""Respect for Tradition"": ""3"", ""Mature Love"": ""3"", ""Self-Discipline"": ""3"", ""Detachment"": ""3"", ""Family Security"": ""3"", ""Social Recognition"": ""3"", ""Unity With Nature"": ""3"", ""A Varied Life"": ""3"", ""Wisdom"": ""3"", ""Authority"": ""3"", ""True Friendship"": ""3"", ""A World of Beauty"": ""3"", ""Social Justice"": ""3"", ""Independent"": ""3"", ""Moderate"": ""3"", ""Loyal"": ""3"","
482,United Kingdom,Religion,2,"{""Equality"": ""1"", ""Inner Harmony"": ""1"", ""Social Power"": ""2"", ""Pleasure"": ""2"", ""Freedom"": ""1"", ""A Spiritual Life"": ""1"", ""Sense of Belonging"": ""2"", ""Social Order"": ""2"", ""An Exciting Life"": ""2"", ""Meaning in Life"": ""1"", ""Politeness"": ""2"", ""Wealth"": ""2"", ""National Security"": ""2"", ""Self-Respect"": ""1"", ""Reciprocation of Favors"": ""2"", ""Creativity"": ""2"", ""A World at Peace"": ""1"", ""Respect for Tradition"": ""2"", ""Mature Love"": ""2"", ""Self-Discipline"": ""2"", ""Detachment"": ""2"", ""Family Security"": ""2"", ""Social Recognition"": ""2"", ""Unity With Nature"": ""2"", ""A Varied Life"": ""2"", ""Wisdom"": ""1"", ""Authority"": ""2"", ""True Friendship"": ""2"", ""A World of Beauty"": ""2"", ""Social Justice"": ""2"", ""Independent"": ""2"", ""Moderate"": ""2"", ""Loyal"": ""2"","
483,United Kingdom,Religion,3,"{""Equality"": ""1"", ""Inner Harmony"": ""1"", ""Social Power"": ""4"", ""Pleasure"": ""2"", ""Freedom"": ""1"", ""A Spiritual Life"": ""1"", ""Sense of Belonging"": ""2"", ""Social Order"": ""1"", ""An Exciting Life"": ""2"", ""Meaning in Life"": ""1"", ""Politeness"": ""2"", ""Wealth"": ""4"", ""National Security"": ""2"", ""Self-Respect"": ""1"", ""Reciprocation of Favors"": ""2"", ""Creativity"": ""2"", ""A World at Peace"": ""1"", ""Respect for Tradition"": ""2"", ""Mature Love"": ""2"", ""Self-Discipline"": ""2"", ""Detachment"": ""2"", ""Family Security"": ""2"", ""Social Recognition"": ""2"", ""Unity With Nature"": ""2"", ""A Varied Life"": ""2"", ""Wisdom"": ""1"", ""Authority"": ""4"", ""True Friendship"": ""2"", ""A World of Beauty"": ""2"", ""Social Justice"": ""2"", ""Independent"": ""2"", ""Moderate"": ""2"", ""Loyal"": ""2"","
484,United Kingdom,Religion,4,"{""Equality"": ""2"", ""Inner Harmony"": ""2"", ""Social Power"": ""4"", ""Pleasure"": ""2"", ""Freedom"": ""2"", ""A Spiritual Life"": ""2"", ""Sense of Belonging"": ""2"", ""Social Order"": ""2"", ""An Exciting Life"": ""2"", ""Meaning in Life"": ""2"", ""Politeness"": ""2"", ""Wealth"": ""4"", ""National Security"": ""2"", ""Self-Respect"": ""2"", ""Reciprocation of Favors"": ""2"", ""Creativity"": ""2"", ""A World at Peace"": ""2"", ""Respect for Tradition"": ""2"", ""Mature Love"": ""2"", ""Self-Discipline"": ""2"", ""Detachment"": ""2"", ""Family Security"": ""2"", ""Social Recognition"": ""2"", ""Unity With Nature"": ""2"", ""A Varied Life"": ""2"", ""Wisdom"": ""2"", ""Authority"": ""4"", ""True Friendship"": ""2"", ""A World of Beauty"": ""2"", ""Social Justice"": ""2"", ""Independent"": ""2"", ""Moderate"": ""2"", ""Loyal"": ""2"","
485,United Kingdom,Religion,5,"{""Equality"": ""2"", ""Inner Harmony"": ""2"", ""Social Power"": ""4"", ""Pleasure"": ""2"", ""Freedom"": ""2"", ""A Spiritual Life"": ""2"", ""Sense of Belonging"": ""2"", ""Social Order"": ""2"", ""An Exciting Life"": ""2"", ""Meaning in Life"": ""2"", ""Politeness"": ""2"", ""Wealth"": ""2"", ""National Security"": ""2"", ""Self-Respect"": ""2"", ""Reciprocation of Favors"": ""2"", ""Creativity"": ""2"", ""A World at Peace"": ""2"", ""Respect for Tradition"": ""2"", ""Mature Love"": ""2"", ""Self-Discipline"": ""2"", ""Detachment"": ""2"", ""Family Security"": ""2"", ""Social Recognition"": ""2"", ""Unity With Nature"": ""2"", ""A Varied Life"": ""2"", ""Wisdom"": ""2"", ""Authority"": ""4"", ""True Friendship"": ""2"", ""A World of Beauty"": ""2"", ""Social Justice"": ""2"", ""Independent"": ""2"", ""Moderate"": ""2"", ""Loyal"": ""2"","
486,United Kingdom,Religion,6,"{""Equality"": ""1"", ""Inner Harmony"": ""1"", ""Social Power"": ""1"", ""Pleasure"": ""1"", ""Freedom"": ""1"", ""A Spiritual Life"": ""1"", ""Sense of Belonging"": ""1"", ""Social Order"": ""1"", ""An Exciting Life"": ""1"", ""Meaning in Life"": ""1"", ""Politeness"": ""1"", ""Wealth"": ""1"", ""National Security"": ""1"", ""Self-Respect"": ""1"", ""Reciprocation of Favors"": ""1"", ""Creativity"": ""1"", ""A World at Peace"": ""1"", ""Respect for Tradition"": ""1"", ""Mature Love"": ""1"", ""Self-Discipline"": ""1"", ""Detachment"": ""1"", ""Family Security"": ""1"", ""Social Recognition"": ""1"", ""Unity With Nature"": ""1"", ""A Varied Life"": ""1"", ""Wisdom"": ""1"", ""Authority"": ""1"", ""True Friendship"": ""1"", ""A World of Beauty"": ""1"", ""Social Justice"": ""1"", ""Independent"": ""1"", ""Moderate"": ""1"", ""Loyal"": ""1"","
487,United Kingdom,Religion,7,"{""Equality"": ""1"", ""Inner Harmony"": ""1"", ""Social Power"": ""4"", ""Pleasure"": ""1"", ""Freedom"": ""1"", ""A Spiritual Life"": ""1"", ""Sense of Belonging"": ""1"", ""Social Order"": ""1"", ""An Exciting Life"": ""1"", ""Meaning in Life"": ""1"", ""Politeness"": ""1"", ""Wealth"": ""4"", ""National Security"": ""1"", ""Self-Respect"": ""1"", ""Reciprocation of Favors"": ""1"", ""Creativity"": ""1"", ""A World at Peace"": ""1"", ""Respect for Tradition"": ""1"", ""Mature Love"": ""1"", ""Self-Discipline"": ""1"", ""Detachment"": ""1"", ""Family Security"": ""1"", ""Social Recognition"": ""1"", ""Unity With Nature"": ""1"", ""A Varied Life"": ""1"", ""Wisdom"": ""1"", ""Authority"": ""4"", ""True Friendship"": ""1"", ""A World of Beauty"": ""1"", ""Social Justice"": ""1"", ""Independent"": ""1"", ""Moderate"": ""1"", ""Loyal"": ""1"","
488,United Kingdom,Environment,0,"{""Equality"": ""2"", ""Inner Harmony"": ""2"", ""Social Power"": ""4"", ""Pleasure"": ""2"", ""Freedom"": ""2"", ""A Spiritual Life"": ""2"", ""Sense of Belonging"": ""2"", ""Social Order"": ""2"", ""An Exciting Life"": ""2"", ""Meaning in Life"": ""2"", ""Politeness"": ""2"", ""Wealth"": ""4"", ""National Security"": ""2"", ""Self-Respect"": ""2"", ""Reciprocation of Favors"": ""2"", ""Creativity"": ""2"", ""A World at Peace"": ""2"", ""Respect for Tradition"": ""2"", ""Mature Love"": ""2"", ""Self-Discipline"": ""2"", ""Detachment"": ""2"", ""Family Security"": ""2"", ""Social Recognition"": ""2"", ""Unity With Nature"": ""2"", ""A Varied Life"": ""2"", ""Wisdom"": ""2"", ""Authority"": ""4"", ""True Friendship"": ""2"", ""A World of Beauty"": ""2"", ""Social Justice"": ""2"", ""Independent"": ""2"", ""Moderate"": ""2"", ""Loyal"": ""2"","
489,United Kingdom,Environment,1,"{""Equality"": ""2"", ""Inner Harmony"": ""2"", ""Social Power"": ""4"", ""Pleasure"": ""2"", ""Freedom"": ""2"", ""A Spiritual Life"": ""2"", ""Sense of Belonging"": ""2"", ""Social Order"": ""2"", ""An Exciting Life"": ""2"", ""Meaning in Life"": ""2"", ""Politeness"": ""2"", ""Wealth"": ""4"", ""National Security"": ""2"", ""Self-Respect"": ""2"", ""Reciprocation of Favors"": ""2"", ""Creativity"": ""2"", ""A World at Peace"": ""2"", ""Respect for Tradition"": ""2"", ""Mature Love"": ""2"", ""Self-Discipline"": ""2"", ""Detachment"": ""2"", ""Family Security"": ""2"", ""Social Recognition"": ""2"", ""Unity With Nature"": ""2"", ""A Varied Life"": ""2"", ""Wisdom"": ""2"", ""Authority"": ""4"", ""True Friendship"": ""2"", ""A World of Beauty"": ""2"", ""Social Justice"": ""2"", ""Independent"": ""2"", ""Moderate"": ""2"", ""Loyal"": ""2"","
490,United Kingdom,Environment,2,"{""Equality"": ""1"", ""Inner Harmony"": ""1"", ""Social Power"": ""1"", ""Pleasure"": ""1"", ""Freedom"": ""1"", ""A Spiritual Life"": ""1"", ""Sense of Belonging"": ""1"", ""Social Order"": ""1"", ""An Exciting Life"": ""1"", ""Meaning in Life"": ""1"", ""Politeness"": ""1"", ""Wealth"": ""1"", ""National Security"": ""1"", ""Self-Respect"": ""1"", ""Reciprocation of Favors"": ""1"", ""Creativity"": ""1"", ""A World at Peace"": ""1"", ""Respect for Tradition"": ""1"", ""Mature Love"": ""1"", ""Self-Discipline"": ""1"", ""Detachment"": ""1"", ""Family Security"": ""1"", ""Social Recognition"": ""1"", ""Unity With Nature"": ""1"", ""A Varied Life"": ""1"", ""Wisdom"": ""1"", ""Authority"": ""1"", ""True Friendship"": ""1"", ""A World of Beauty"": ""1"", ""Social Justice"": ""1"", ""Independent"": ""1"", ""Moderate"": ""1"", ""Loyal"": ""1"","
491,United Kingdom,Environment,3,"{""Equality"": ""2"", ""Inner Harmony"": ""2"", ""Social Power"": ""4"", ""Pleasure"": ""2"", ""Freedom"": ""2"", ""A Spiritual Life"": ""2"", ""Sense of Belonging"": ""2"", ""Social Order"": ""2"", ""An Exciting Life"": ""2"", ""Meaning in Life"": ""2"", ""Politeness"": ""2"", ""Wealth"": ""2"", ""National Security"": ""2"", ""Self-Respect"": ""2"", ""Reciprocation of Favors"": ""2"", ""Creativity"": ""2"", ""A World at Peace"": ""2"", ""Respect for Tradition"": ""2"", ""Mature Love"": ""2"", ""Self-Discipline"": ""2"", ""Detachment"": ""2"", ""Family Security"": ""2"", ""Social Recognition"": ""2"", ""Unity With Nature"": ""2"", ""A Varied Life"": ""2"", ""Wisdom"": ""2"", ""Authority"": ""2"", ""True Friendship"": ""2"", ""A World of Beauty"": ""2"", ""Social Justice"": ""2"", ""Independent"": ""2"", ""Moderate"": ""2"", ""Loyal"": ""2"","
492,United Kingdom,Environment,4,"{""Equality"": ""2"", ""Inner Harmony"": ""2"", ""Social Power"": ""4"", ""Pleasure"": ""2"", ""Freedom"": ""2"", ""A Spiritual Life"": ""2"", ""Sense of Belonging"": ""2"", ""Social Order"": ""2"", ""An Exciting Life"": ""2"", ""Meaning in Life"": ""2"", ""Politeness"": ""2"", ""Wealth"": ""4"", ""National Security"": ""2"", ""Self-Respect"": ""2"", ""Reciprocation of Favors"": ""2"", ""Creativity"": ""2"", ""A World at Peace"": ""2"", ""Respect for Tradition"": ""2"", ""Mature Love"": ""2"", ""Self-Discipline"": ""2"", ""Detachment"": ""2"", ""Family Security"": ""2"", ""Social Recognition"": ""2"", ""Unity With Nature"": ""2"", ""A Varied Life"": ""2"", ""Wisdom"": ""2"", ""Authority"": ""4"", ""True Friendship"": ""2"", ""A World of Beauty"": ""2"", ""Social Justice"": ""2"", ""Independent"": ""2"", ""Moderate"": ""2"", ""Loyal"": ""2"","
493,United Kingdom,Environment,5,"{""Equality"": ""3"", ""Inner Harmony"": ""3"", ""Social Power"": ""3"", ""Pleasure"": ""3"", ""Freedom"": ""3"", ""A Spiritual Life"": ""3"", ""Sense of Belonging"": ""3"", ""Social Order"": ""3"", ""An Exciting Life"": ""3"", ""Meaning in Life"": ""3"", ""Politeness"": ""3"", ""Wealth"": ""3"", ""National Security"": ""3"", ""Self-Respect"": ""3"", ""Reciprocation of Favors"": ""3"", ""Creativity"": ""3"", ""A World at Peace"": ""3"", ""Respect for Tradition"": ""3"", ""Mature Love"": ""3"", ""Self-Discipline"": ""3"", ""Detachment"": ""3"", ""Family Security"": ""3"", ""Social Recognition"": ""3"", ""Unity With Nature"": ""3"", ""A Varied Life"": ""3"", ""Wisdom"": ""3"", ""Authority"": ""3"", ""True Friendship"": ""3"", ""A World of Beauty"": ""3"", ""Social Justice"": ""3"", ""Independent"": ""3"", ""Moderate"": ""3"", ""Loyal"": ""3"","
494,United Kingdom,Environment,6,"{""Equality"": ""2"", ""Inner Harmony"": ""2"", ""Social Power"": ""2"", ""Pleasure"": ""2"", ""Freedom"": ""2"", ""A Spiritual Life"": ""2"", ""Sense of Belonging"": ""2"", ""Social Order"": ""2"", ""An Exciting Life"": ""2"", ""Meaning in Life"": ""2"", ""Politeness"": ""2"", ""Wealth"": ""2"", ""National Security"": ""2"", ""Self-Respect"": ""2"", ""Reciprocation of Favors"": ""2"", ""Creativity"": ""2"", ""A World at Peace"": ""2"", ""Respect for Tradition"": ""2"", ""Mature Love"": ""2"", ""Self-Discipline"": ""2"", ""Detachment"": ""2"", ""Family Security"": ""2"", ""Social Recognition"": ""2"", ""Unity With Nature"": ""2"", ""A Varied Life"": ""2"", ""Wisdom"": ""2"", ""Authority"": ""2"", ""True Friendship"": ""2"", ""A World of Beauty"": ""2"", ""Social Justice"": ""2"", ""Independent"": ""2"", ""Moderate"": ""2"", ""Loyal"": ""2"","
495,United Kingdom,Environment,7,"{""Equality"": ""2"", ""Inner Harmony"": ""2"", ""Social Power"": ""4"", ""Pleasure"": ""2"", ""Freedom"": ""2"", ""A Spiritual Life"": ""2"", ""Sense of Belonging"": ""2"", ""Social Order"": ""2"", ""An Exciting Life"": ""2"", ""Meaning in Life"": ""2"", ""Politeness"": ""2"", ""Wealth"": ""4"", ""National Security"": ""2"", ""Self-Respect"": ""2"", ""Reciprocation of Favors"": ""2"", ""Creativity"": ""2"", ""A World at Peace"": ""2"", ""Respect for Tradition"": ""2"", ""Mature Love"": ""2"", ""Self-Discipline"": ""2"", ""Detachment"": ""2"", ""Family Security"": ""2"", ""Social Recognition"": ""2"", ""Unity With Nature"": ""2"", ""A Varied Life"": ""2"", ""Wisdom"": ""2"", ""Authority"": ""4"", ""True Friendship"": ""2"", ""A World of Beauty"": ""2"", ""Social Justice"": ""2"", ""Independent"": ""2"", ""Moderate"": ""2"", ""Loyal"": ""2"","
496,United Kingdom,National Identity,0,"{""Equality"": ""2"", ""Inner Harmony"": ""2"", ""Social Power"": ""4"", ""Pleasure"": ""2"", ""Freedom"": ""2"", ""A Spiritual Life"": ""2"", ""Sense of Belonging"": ""2"", ""Social Order"": ""2"", ""An Exciting Life"": ""2"", ""Meaning in Life"": ""2"", ""Politeness"": ""2"", ""Wealth"": ""4"", ""National Security"": ""2"", ""Self-Respect"": ""2"", ""Reciprocation of Favors"": ""2"", ""Creativity"": ""2"", ""A World at Peace"": ""2"", ""Respect for Tradition"": ""2"", ""Mature Love"": ""2"", ""Self-Discipline"": ""2"", ""Detachment"": ""2"", ""Family Security"": ""2"", ""Social Recognition"": ""2"", ""Unity With Nature"": ""2"", ""A Varied Life"": ""2"", ""Wisdom"": ""2"", ""Authority"": ""4"", ""True Friendship"": ""2"", ""A World of Beauty"": ""2"", ""Social Justice"": ""2"", ""Independent"": ""2"", ""Moderate"": ""2"", ""Loyal"": ""2"","
497,United Kingdom,National Identity,1,"{""Equality"": ""2"", ""Inner Harmony"": ""3"", ""Social Power"": ""4"", ""Pleasure"": ""3"", ""Freedom"": ""2"", ""A Spiritual Life"": ""3"", ""Sense of Belonging"": ""2"", ""Social Order"": ""2"", ""An Exciting Life"": ""3"", ""Meaning in Life"": ""3"", ""Politeness"": ""2"", ""Wealth"": ""3"", ""National Security"": ""2"", ""Self-Respect"": ""2"", ""Reciprocation of Favors"": ""2"", ""Creativity"": ""3"", ""A World at Peace"": ""2"", ""Respect for Tradition"": ""2"", ""Mature Love"": ""3"", ""Self-Discipline"": ""3"", ""Detachment"": ""3"", ""Family Security"": ""2"", ""Social Recognition"": ""2"", ""Unity With Nature"": ""3"", ""A Varied Life"": ""3"", ""Wisdom"": ""3"", ""Authority"": ""4"", ""True Friendship"": ""2"", ""A World of Beauty"": ""2"", ""Social Justice"": ""2"", ""Independent"": ""2"", ""Moderate"": ""2"", ""Loyal"": ""2"","
498,United Kingdom,National Identity,2,"{""Equality"": ""1"", ""Inner Harmony"": ""1"", ""Social Power"": ""2"", ""Pleasure"": ""2"", ""Freedom"": ""1"", ""A Spiritual Life"": ""2"", ""Sense of Belonging"": ""2"", ""Social Order"": ""2"", ""An Exciting Life"": ""2"", ""Meaning in Life"": ""2"", ""Politeness"": ""2"", ""Wealth"": ""2"", ""National Security"": ""2"", ""Self-Respect"": ""1"", ""Reciprocation of Favors"": ""2"", ""Creativity"": ""2"", ""A World at Peace"": ""2"", ""Respect for Tradition"": ""2"", ""Mature Love"": ""2"", ""Self-Discipline"": ""2"", ""Detachment"": ""2"", ""Family Security"": ""2"", ""Social Recognition"": ""2"", ""Unity With Nature"": ""2"", ""A Varied Life"": ""2"", ""Wisdom"": ""2"", ""Authority"": ""2"", ""True Friendship"": ""2"", ""A World of Beauty"": ""2"", ""Social Justice"": ""2"", ""Independent"": ""2"", ""Moderate"": ""2"", ""Loyal"": ""2"","
499,United Kingdom,National Identity,3,"{""Equality"": ""1"", ""Inner Harmony"": ""1"", ""Social Power"": ""4"", ""Pleasure"": ""4"", ""Freedom"": ""1"", ""A Spiritual Life"": ""4"", ""Sense of Belonging"": ""1"", ""Social Order"": ""4"", ""An Exciting Life"": ""4"", ""Meaning in Life"": ""1"", ""Politeness"": ""1"", ""Wealth"": ""4"", ""National Security"": ""4"", ""Self-Respect"": ""1"", ""Reciprocation of Favors"": ""4"", ""Creativity"": ""4"", ""A World at Peace"": ""1"", ""Respect for Tradition"": ""4"", ""Mature Love"": ""4"", ""Self-Discipline"": ""4"", ""Detachment"": ""4"", ""Family Security"": ""1"", ""Social Recognition"": ""4"", ""Unity With Nature"": ""4"", ""A Varied Life"": ""4"", ""Wisdom"": ""1"", ""Authority"": ""4"", ""True Friendship"": ""1"", ""A World of Beauty"": ""4"", ""Social Justice"": ""1"", ""Independent"": ""4"", ""Moderate"": ""4"", ""Loyal"": ""4"","
500,United Kingdom,National Identity,4,"{""Equality"": ""2"", ""Inner Harmony"": ""2"", ""Social Power"": ""4"", ""Pleasure"": ""2"", ""Freedom"": ""2"", ""A Spiritual Life"": ""2"", ""Sense of Belonging"": ""2"", ""Social Order"": ""2"", ""An Exciting Life"": ""2"", ""Meaning in Life"": ""2"", ""Politeness"": ""2"", ""Wealth"": ""2"", ""National Security"": ""2"", ""Self-Respect"": ""2"", ""Reciprocation of Favors"": ""2"", ""Creativity"": ""2"", ""A World at Peace"": ""2"", ""Respect for Tradition"": ""2"", ""Mature Love"": ""2"", ""Self-Discipline"": ""2"", ""Detachment"": ""2"", ""Family Security"": ""2"", ""Social Recognition"": ""2"", ""Unity With Nature"": ""2"", ""A Varied Life"": ""2"", ""Wisdom"": ""2"", ""Authority"": ""4"", ""True Friendship"": ""2"", ""A World of Beauty"": ""2"", ""Social Justice"": ""2"", ""Independent"": ""2"", ""Moderate"": ""2"", ""Loyal"": ""2"","
501,United Kingdom,National Identity,5,"{""Equality"": ""2"", ""Inner Harmony"": ""2"", ""Social Power"": ""4"", ""Pleasure"": ""2"", ""Freedom"": ""2"", ""A Spiritual Life"": ""2"", ""Sense of Belonging"": ""2"", ""Social Order"": ""2"", ""An Exciting Life"": ""2"", ""Meaning in Life"": ""2"", ""Politeness"": ""2"", ""Wealth"": ""2"", ""National Security"": ""2"", ""Self-Respect"": ""2"", ""Reciprocation of Favors"": ""2"", ""Creativity"": ""2"", ""A World at Peace"": ""2"", ""Respect for Tradition"": ""2"", ""Mature Love"": ""2"", ""Self-Discipline"": ""2"", ""Detachment"": ""2"", ""Family Security"": ""2"", ""Social Recognition"": ""2"", ""Unity With Nature"": ""2"", ""A Varied Life"": ""2"", ""Wisdom"": ""2"", ""Authority"": ""4"", ""True Friendship"": ""2"", ""A World of Beauty"": ""2"", ""Social Justice"": ""2"", ""Independent"": ""2"", ""Moderate"": ""2"", ""Loyal"": ""2"","
502,United Kingdom,National Identity,6,"{""Equality"": ""1"", ""Inner Harmony"": ""1"", ""Social Power"": ""1"", ""Pleasure"": ""1"", ""Freedom"": ""1"", ""A Spiritual Life"": ""1"", ""Sense of Belonging"": ""1"", ""Social Order"": ""1"", ""An Exciting Life"": ""1"", ""Meaning in Life"": ""1"", ""Politeness"": ""1"", ""Wealth"": ""1"", ""National Security"": ""1"", ""Self-Respect"": ""1"", ""Reciprocation of Favors"": ""1"", ""Creativity"": ""1"", ""A World at Peace"": ""1"", ""Respect for Tradition"": ""1"", ""Mature Love"": ""1"", ""Self-Discipline"": ""1"", ""Detachment"": ""1"", ""Family Security"": ""1"", ""Social Recognition"": ""1"", ""Unity With Nature"": ""1"", ""A Varied Life"": ""1"", ""Wisdom"": ""1"", ""Authority"": ""1"", ""True Friendship"": ""1"", ""A World of Beauty"": ""1"", ""Social Justice"": ""1"", ""Independent"": ""1"", ""Moderate"": ""1"", ""Loyal"": ""1"","
503,United Kingdom,National Identity,7,"{""Equality"": ""1"", ""Inner Harmony"": ""1"", ""Social Power"": ""1"", ""Pleasure"": ""1"", ""Freedom"": ""1"", ""A Spiritual Life"": ""1"", ""Sense of Belonging"": ""1"", ""Social Order"": ""1"", ""An Exciting Life"": ""1"", ""Meaning in Life"": ""1"", ""Politeness"": ""1"", ""Wealth"": ""1"", ""National Security"": ""1"", ""Self-Respect"": ""1"", ""Reciprocation of Favors"": ""1"", ""Creativity"": ""1"", ""A World at Peace"": ""1"", ""Respect for Tradition"": ""1"", ""Mature Love"": ""1"", ""Self-Discipline"": ""1"", ""Detachment"": ""1"", ""Family Security"": ""1"", ""Social Recognition"": ""1"", ""Unity With Nature"": ""1"", ""A Varied Life"": ""1"", ""Wisdom"": ""1"", ""Authority"": ""1"", ""True Friendship"": ""1"", ""A World of Beauty"": ""1"", ""Social Justice"": ""1"", ""Independent"": ""1"", ""Moderate"": ""1"", ""Loyal"": ""1"","
504,United Kingdom,Citizenship,0,"{""Equality"": ""2"", ""Inner Harmony"": ""2"", ""Social Power"": ""4"", ""Pleasure"": ""2"", ""Freedom"": ""2"", ""A Spiritual Life"": ""2"", ""Sense of Belonging"": ""2"", ""Social Order"": ""2"", ""An Exciting Life"": ""2"", ""Meaning in Life"": ""2"", ""Politeness"": ""2"", ""Wealth"": ""4"", ""National Security"": ""2"", ""Self-Respect"": ""2"", ""Reciprocation of Favors"": ""2"", ""Creativity"": ""2"", ""A World at Peace"": ""2"", ""Respect for Tradition"": ""2"", ""Mature Love"": ""2"", ""Self-Discipline"": ""2"", ""Detachment"": ""2"", ""Family Security"": ""2"", ""Social Recognition"": ""2"", ""Unity With Nature"": ""2"", ""A Varied Life"": ""2"", ""Wisdom"": ""2"", ""Authority"": ""4"", ""True Friendship"": ""2"", ""A World of Beauty"": ""2"", ""Social Justice"": ""2"", ""Independent"": ""2"", ""Moderate"": ""2"", ""Loyal"": ""2"","
505,United Kingdom,Citizenship,1,"{""Equality"": ""2"", ""Inner Harmony"": ""2"", ""Social Power"": ""4"", ""Pleasure"": ""2"", ""Freedom"": ""2"", ""A Spiritual Life"": ""2"", ""Sense of Belonging"": ""2"", ""Social Order"": ""2"", ""An Exciting Life"": ""2"", ""Meaning in Life"": ""2"", ""Politeness"": ""2"", ""Wealth"": ""2"", ""National Security"": ""2"", ""Self-Respect"": ""2"", ""Reciprocation of Favors"": ""2"", ""Creativity"": ""2"", ""A World at Peace"": ""2"", ""Respect for Tradition"": ""2"", ""Mature Love"": ""2"", ""Self-Discipline"": ""2"", ""Detachment"": ""2"", ""Family Security"": ""2"", ""Social Recognition"": ""2"", ""Unity With Nature"": ""2"", ""A Varied Life"": ""2"", ""Wisdom"": ""2"", ""Authority"": ""4"", ""True Friendship"": ""2"", ""A World of Beauty"": ""2"", ""Social Justice"": ""2"", ""Independent"": ""2"", ""Moderate"": ""2"", ""Loyal"": ""2"","
506,United Kingdom,Citizenship,2,"{""Equality"": ""1"", ""Inner Harmony"": ""1"", ""Social Power"": ""1"", ""Pleasure"": ""1"", ""Freedom"": ""1"", ""A Spiritual Life"": ""1"", ""Sense of Belonging"": ""1"", ""Social Order"": ""1"", ""An Exciting Life"": ""1"", ""Meaning in Life"": ""1"", ""Politeness"": ""1"", ""Wealth"": ""1"", ""National Security"": ""1"", ""Self-Respect"": ""1"", ""Reciprocation of Favors"": ""1"", ""Creativity"": ""1"", ""A World at Peace"": ""1"", ""Respect for Tradition"": ""1"", ""Mature Love"": ""1"", ""Self-Discipline"": ""1"", ""Detachment"": ""1"", ""Family Security"": ""1"", ""Social Recognition"": ""1"", ""Unity With Nature"": ""1"", ""A Varied Life"": ""1"", ""Wisdom"": ""1"", ""Authority"": ""1"", ""True Friendship"": ""1"", ""A World of Beauty"": ""1"", ""Social Justice"": ""1"", ""Independent"": ""1"", ""Moderate"": ""1"", ""Loyal"": ""1"","
507,United Kingdom,Citizenship,3,"{""Equality"": ""2"", ""Inner Harmony"": ""2"", ""Social Power"": ""4"", ""Pleasure"": ""4"", ""Freedom"": ""2"", ""A Spiritual Life"": ""4"", ""Sense of Belonging"": ""2"", ""Social Order"": ""2"", ""An Exciting Life"": ""4"", ""Meaning in Life"": ""2"", ""Politeness"": ""2"", ""Wealth"": ""4"", ""National Security"": ""2"", ""Self-Respect"": ""2"", ""Reciprocation of Favors"": ""2"", ""Creativity"": ""4"", ""A World at Peace"": ""2"", ""Respect for Tradition"": ""4"", ""Mature Love"": ""4"", ""Self-Discipline"": ""4"", ""Detachment"": ""4"", ""Family Security"": ""2"", ""Social Recognition"": ""2"", ""Unity With Nature"": ""4"", ""A Varied Life"": ""4"", ""Wisdom"": ""2"", ""Authority"": ""4"", ""True Friendship"": ""2"", ""A World of Beauty"": ""4"", ""Social Justice"": ""2"", ""Independent"": ""2"", ""Moderate"": ""2"", ""Loyal"": ""2"","
508,United Kingdom,Citizenship,4,"{""Equality"": ""2"", ""Inner Harmony"": ""2"", ""Social Power"": ""4"", ""Pleasure"": ""2"", ""Freedom"": ""2"", ""A Spiritual Life"": ""2"", ""Sense of Belonging"": ""2"", ""Social Order"": ""2"", ""An Exciting Life"": ""2"", ""Meaning in Life"": ""2"", ""Politeness"": ""2"", ""Wealth"": ""4"", ""National Security"": ""2"", ""Self-Respect"": ""2"", ""Reciprocation of Favors"": ""2"", ""Creativity"": ""2"", ""A World at Peace"": ""2"", ""Respect for Tradition"": ""2"", ""Mature Love"": ""2"", ""Self-Discipline"": ""2"", ""Detachment"": ""2"", ""Family Security"": ""2"", ""Social Recognition"": ""2"", ""Unity With Nature"": ""2"", ""A Varied Life"": ""2"", ""Wisdom"": ""2"", ""Authority"": ""4"", ""True Friendship"": ""2"", ""A World of Beauty"": ""2"", ""Social Justice"": ""2"", ""Independent"": ""2"", ""Moderate"": ""2"", ""Loyal"": ""2"","
509,United Kingdom,Citizenship,5,"{""Equality"": ""2"", ""Inner Harmony"": ""3"", ""Social Power"": ""4"", ""Pleasure"": ""3"", ""Freedom"": ""2"", ""A Spiritual Life"": ""3"", ""Sense of Belonging"": ""2"", ""Social Order"": ""3"", ""An Exciting Life"": ""3"", ""Meaning in Life"": ""3"", ""Politeness"": ""2"", ""Wealth"": ""3"", ""National Security"": ""3"", ""Self-Respect"": ""2"", ""Reciprocation of Favors"": ""2"", ""Creativity"": ""3"", ""A World at Peace"": ""2"", ""Respect for Tradition"": ""3"", ""Mature Love"": ""3"", ""Self-Discipline"": ""3"", ""Detachment"": ""3"", ""Family Security"": ""2"", ""Social Recognition"": ""2"", ""Unity With Nature"": ""3"", ""A Varied Life"": ""3"", ""Wisdom"": ""3"", ""Authority"": ""4"", ""True Friendship"": ""2"", ""A World of Beauty"": ""3"", ""Social Justice"": ""2"", ""Independent"": ""2"", ""Moderate"": ""3"", ""Loyal"": ""2"","
510,United Kingdom,Citizenship,6,"{""Equality"": ""1"", ""Inner Harmony"": ""1"", ""Social Power"": ""1"", ""Pleasure"": ""1"", ""Freedom"": ""1"", ""A Spiritual Life"": ""1"", ""Sense of Belonging"": ""1"", ""Social Order"": ""1"", ""An Exciting Life"": ""1"", ""Meaning in Life"": ""1"", ""Politeness"": ""1"", ""Wealth"": ""1"", ""National Security"": ""1"", ""Self-Respect"": ""1"", ""Reciprocation of Favors"": ""1"", ""Creativity"": ""1"", ""A World at Peace"": ""1"", ""Respect for Tradition"": ""1"", ""Mature Love"": ""1"", ""Self-Discipline"": ""1"", ""Detachment"": ""1"", ""Family Security"": ""1"", ""Social Recognition"": ""1"", ""Unity With Nature"": ""1"", ""A Varied Life"": ""1"", ""Wisdom"": ""1"", ""Authority"": ""1"", ""True Friendship"": ""1"", ""A World of Beauty"": ""1"", ""Social Justice"": ""1"", ""Independent"": ""1"", ""Moderate"": ""1"", ""Loyal"": ""1"","
511,United Kingdom,Citizenship,7,"{""Equality"": ""1"", ""Inner Harmony"": ""1"", ""Social Power"": ""4"", ""Pleasure"": ""1"", ""Freedom"": ""1"", ""A Spiritual Life"": ""1"", ""Sense of Belonging"": ""1"", ""Social Order"": ""1"", ""An Exciting Life"": ""1"", ""Meaning in Life"": ""1"", ""Politeness"": ""1"", ""Wealth"": ""4"", ""National Security"": ""1"", ""Self-Respect"": ""1"", ""Reciprocation of Favors"": ""1"", ""Creativity"": ""1"", ""A World at Peace"": ""1"", ""Respect for Tradition"": ""1"", ""Mature Love"": ""1"", ""Self-Discipline"": ""1"", ""Detachment"": ""4"", ""Family Security"": ""1"", ""Social Recognition"": ""1"", ""Unity With Nature"": ""1"", ""A Varied Life"": ""1"", ""Wisdom"": ""1"", ""Authority"": ""4"", ""True Friendship"": ""1"", ""A World of Beauty"": ""1"", ""Social Justice"": ""1"", ""Independent"": ""1"", ""Moderate"": ""1"", ""Loyal"": ""1"","
512,United Kingdom,Leisure Time and Sports,0,"{""Equality"": ""2"", ""Inner Harmony"": ""2"", ""Social Power"": ""4"", ""Pleasure"": ""2"", ""Freedom"": ""2"", ""A Spiritual Life"": ""2"", ""Sense of Belonging"": ""2"", ""Social Order"": ""2"", ""An Exciting Life"": ""2"", ""Meaning in Life"": ""2"", ""Politeness"": ""2"", ""Wealth"": ""4"", ""National Security"": ""2"", ""Self-Respect"": ""2"", ""Reciprocation of Favors"": ""2"", ""Creativity"": ""2"", ""A World at Peace"": ""2"", ""Respect for Tradition"": ""2"", ""Mature Love"": ""2"", ""Self-Discipline"": ""2"", ""Detachment"": ""2"", ""Family Security"": ""2"", ""Social Recognition"": ""2"", ""Unity With Nature"": ""2"", ""A Varied Life"": ""2"", ""Wisdom"": ""2"", ""Authority"": ""4"", ""True Friendship"": ""2"", ""A World of Beauty"": ""2"", ""Social Justice"": ""2"", ""Independent"": ""2"", ""Moderate"": ""2"", ""Loyal"": ""2"","
513,United Kingdom,Leisure Time and Sports,1,"{""Equality"": ""2"", ""Inner Harmony"": ""2"", ""Social Power"": ""4"", ""Pleasure"": ""2"", ""Freedom"": ""2"", ""A Spiritual Life"": ""2"", ""Sense of Belonging"": ""2"", ""Social Order"": ""2"", ""An Exciting Life"": ""2"", ""Meaning in Life"": ""2"", ""Politeness"": ""2"", ""Wealth"": ""4"", ""National Security"": ""2"", ""Self-Respect"": ""2"", ""Reciprocation of Favors"": ""2"", ""Creativity"": ""2"", ""A World at Peace"": ""2"", ""Respect for Tradition"": ""2"", ""Mature Love"": ""2"", ""Self-Discipline"": ""2"", ""Detachment"": ""2"", ""Family Security"": ""2"", ""Social Recognition"": ""2"", ""Unity With Nature"": ""2"", ""A Varied Life"": ""2"", ""Wisdom"": ""2"", ""Authority"": ""4"", ""True Friendship"": ""2"", ""A World of Beauty"": ""2"", ""Social Justice"": ""2"", ""Independent"": ""2"", ""Moderate"": ""2"", ""Loyal"": ""2"","
514,United Kingdom,Leisure Time and Sports,2,"{""Equality"": ""1"", ""Inner Harmony"": ""1"", ""Social Power"": ""1"", ""Pleasure"": ""1"", ""Freedom"": ""1"", ""A Spiritual Life"": ""1"", ""Sense of Belonging"": ""1"", ""Social Order"": ""1"", ""An Exciting Life"": ""1"", ""Meaning in Life"": ""1"", ""Politeness"": ""1"", ""Wealth"": ""1"", ""National Security"": ""1"", ""Self-Respect"": ""1"", ""Reciprocation of Favors"": ""1"", ""Creativity"": ""1"", ""A World at Peace"": ""1"", ""Respect for Tradition"": ""1"", ""Mature Love"": ""1"", ""Self-Discipline"": ""1"", ""Detachment"": ""1"", ""Family Security"": ""1"", ""Social Recognition"": ""1"", ""Unity With Nature"": ""1"", ""A Varied Life"": ""1"", ""Wisdom"": ""1"", ""Authority"": ""1"", ""True Friendship"": ""1"", ""A World of Beauty"": ""1"", ""Social Justice"": ""1"", ""Independent"": ""1"", ""Moderate"": ""1"", ""Loyal"": ""1"","
515,United Kingdom,Leisure Time and Sports,3,"{""Equality"": ""2"", ""Inner Harmony"": ""2"", ""Social Power"": ""2"", ""Pleasure"": ""2"", ""Freedom"": ""2"", ""A Spiritual Life"": ""2"", ""Sense of Belonging"": ""2"", ""Social Order"": ""2"", ""An Exciting Life"": ""2"", ""Meaning in Life"": ""2"", ""Politeness"": ""2"", ""Wealth"": ""2"", ""National Security"": ""2"", ""Self-Respect"": ""2"", ""Reciprocation of Favors"": ""2"", ""Creativity"": ""2"", ""A World at Peace"": ""2"", ""Respect for Tradition"": ""2"", ""Mature Love"": ""2"", ""Self-Discipline"": ""2"", ""Detachment"": ""2"", ""Family Security"": ""2"", ""Social Recognition"": ""2"", ""Unity With Nature"": ""2"", ""A Varied Life"": ""2"", ""Wisdom"": ""2"", ""Authority"": ""2"", ""True Friendship"": ""2"", ""A World of Beauty"": ""2"", ""Social Justice"": ""2"", ""Independent"": ""2"", ""Moderate"": ""2"", ""Loyal"": ""2"","
516,United Kingdom,Leisure Time and Sports,4,"{""Equality"": ""2"", ""Inner Harmony"": ""2"", ""Social Power"": ""4"", ""Pleasure"": ""2"", ""Freedom"": ""2"", ""A Spiritual Life"": ""2"", ""Sense of Belonging"": ""2"", ""Social Order"": ""2"", ""An Exciting Life"": ""2"", ""Meaning in Life"": ""2"", ""Politeness"": ""2"", ""Wealth"": ""4"", ""National Security"": ""2"", ""Self-Respect"": ""2"", ""Reciprocation of Favors"": ""2"", ""Creativity"": ""2"", ""A World at Peace"": ""2"", ""Respect for Tradition"": ""2"", ""Mature Love"": ""2"", ""Self-Discipline"": ""2"", ""Detachment"": ""2"", ""Family Security"": ""2"", ""Social Recognition"": ""2"", ""Unity With Nature"": ""2"", ""A Varied Life"": ""2"", ""Wisdom"": ""2"", ""Authority"": ""4"", ""True Friendship"": ""2"", ""A World of Beauty"": ""2"", ""Social Justice"": ""2"", ""Independent"": ""2"", ""Moderate"": ""2"", ""Loyal"": ""2"","
517,United Kingdom,Leisure Time and Sports,5,"{""Equality"": ""2"", ""Inner Harmony"": ""2"", ""Social Power"": ""4"", ""Pleasure"": ""2"", ""Freedom"": ""2"", ""A Spiritual Life"": ""2"", ""Sense of Belonging"": ""2"", ""Social Order"": ""2"", ""An Exciting Life"": ""2"", ""Meaning in Life"": ""2"", ""Politeness"": ""2"", ""Wealth"": ""2"", ""National Security"": ""2"", ""Self-Respect"": ""2"", ""Reciprocation of Favors"": ""2"", ""Creativity"": ""2"", ""A World at Peace"": ""2"", ""Respect for Tradition"": ""2"", ""Mature Love"": ""2"", ""Self-Discipline"": ""2"", ""Detachment"": ""2"", ""Family Security"": ""2"", ""Social Recognition"": ""2"", ""Unity With Nature"": ""2"", ""A Varied Life"": ""2"", ""Wisdom"": ""2"", ""Authority"": ""4"", ""True Friendship"": ""2"", ""A World of Beauty"": ""2"", ""Social Justice"": ""2"", ""Independent"": ""2"", ""Moderate"": ""2"", ""Loyal"": ""2"","
518,United Kingdom,Leisure Time and Sports,6,"{""Equality"": ""2"", ""Inner Harmony"": ""2"", ""Social Power"": ""2"", ""Pleasure"": ""2"", ""Freedom"": ""2"", ""A Spiritual Life"": ""2"", ""Sense of Belonging"": ""2"", ""Social Order"": ""2"", ""An Exciting Life"": ""2"", ""Meaning in Life"": ""2"", ""Politeness"": ""2"", ""Wealth"": ""2"", ""National Security"": ""2"", ""Self-Respect"": ""2"", ""Reciprocation of Favors"": ""2"", ""Creativity"": ""2"", ""A World at Peace"": ""2"", ""Respect for Tradition"": ""2"", ""Mature Love"": ""2"", ""Self-Discipline"": ""2"", ""Detachment"": ""2"", ""Family Security"": ""2"", ""Social Recognition"": ""2"", ""Unity With Nature"": ""2"", ""A Varied Life"": ""2"", ""Wisdom"": ""2"", ""Authority"": ""2"", ""True Friendship"": ""2"", ""A World of Beauty"": ""2"", ""Social Justice"": ""2"", ""Independent"": ""2"", ""Moderate"": ""2"", ""Loyal"": ""2"","
519,United Kingdom,Leisure Time and Sports,7,"{""Equality"": ""1"", ""Inner Harmony"": ""1"", ""Social Power"": ""1"", ""Pleasure"": ""1"", ""Freedom"": ""1"", ""A Spiritual Life"": ""1"", ""Sense of Belonging"": ""1"", ""Social Order"": ""1"", ""An Exciting Life"": ""1"", ""Meaning in Life"": ""1"", ""Politeness"": ""1"", ""Wealth"": ""1"", ""National Security"": ""1"", ""Self-Respect"": ""1"", ""Reciprocation of Favors"": ""1"", ""Creativity"": ""1"", ""A World at Peace"": ""1"", ""Respect for Tradition"": ""1"", ""Mature Love"": ""1"", ""Self-Discipline"": ""1"", ""Detachment"": ""1"", ""Family Security"": ""1"", ""Social Recognition"": ""1"", ""Unity With Nature"": ""1"", ""A Varied Life"": ""1"", ""Wisdom"": ""1"", ""Authority"": ""1"", ""True Friendship"": ""1"", ""A World of Beauty"": ""1"", ""Social Justice"": ""1"", ""Independent"": ""1"", ""Moderate"": ""1"", ""Loyal"": ""1"","
520,United Kingdom,Health and Health Care,0,"{""Equality"": ""2"", ""Inner Harmony"": ""2"", ""Social Power"": ""4"", ""Pleasure"": ""2"", ""Freedom"": ""2"", ""A Spiritual Life"": ""2"", ""Sense of Belonging"": ""2"", ""Social Order"": ""2"", ""An Exciting Life"": ""2"", ""Meaning in Life"": ""2"", ""Politeness"": ""2"", ""Wealth"": ""4"", ""National Security"": ""2"", ""Self-Respect"": ""2"", ""Reciprocation of Favors"": ""2"", ""Creativity"": ""2"", ""A World at Peace"": ""2"", ""Respect for Tradition"": ""2"", ""Mature Love"": ""2"", ""Self-Discipline"": ""2"", ""Detachment"": ""2"", ""Family Security"": ""2"", ""Social Recognition"": ""2"", ""Unity With Nature"": ""2"", ""A Varied Life"": ""2"", ""Wisdom"": ""2"", ""Authority"": ""4"", ""True Friendship"": ""2"", ""A World of Beauty"": ""2"", ""Social Justice"": ""2"", ""Independent"": ""2"", ""Moderate"": ""2"", ""Loyal"": ""2"","
521,United Kingdom,Health and Health Care,1,"{""Equality"": ""2"", ""Inner Harmony"": ""2"", ""Social Power"": ""4"", ""Pleasure"": ""2"", ""Freedom"": ""2"", ""A Spiritual Life"": ""2"", ""Sense of Belonging"": ""2"", ""Social Order"": ""2"", ""An Exciting Life"": ""2"", ""Meaning in Life"": ""2"", ""Politeness"": ""2"", ""Wealth"": ""4"", ""National Security"": ""2"", ""Self-Respect"": ""2"", ""Reciprocation of Favors"": ""2"", ""Creativity"": ""2"", ""A World at Peace"": ""2"", ""Respect for Tradition"": ""2"", ""Mature Love"": ""2"", ""Self-Discipline"": ""2"", ""Detachment"": ""2"", ""Family Security"": ""2"", ""Social Recognition"": ""2"", ""Unity With Nature"": ""2"", ""A Varied Life"": ""2"", ""Wisdom"": ""2"", ""Authority"": ""4"", ""True Friendship"": ""2"", ""A World of Beauty"": ""2"", ""Social Justice"": ""2"", ""Independent"": ""2"", ""Moderate"": ""2"", ""Loyal"": ""2"","
522,United Kingdom,Health and Health Care,2,"{""Equality"": ""1"", ""Inner Harmony"": ""1"", ""Social Power"": ""1"", ""Pleasure"": ""1"", ""Freedom"": ""1"", ""A Spiritual Life"": ""1"", ""Sense of Belonging"": ""1"", ""Social Order"": ""1"", ""An Exciting Life"": ""1"", ""Meaning in Life"": ""1"", ""Politeness"": ""1"", ""Wealth"": ""1"", ""National Security"": ""1"", ""Self-Respect"": ""1"", ""Reciprocation of Favors"": ""1"", ""Creativity"": ""1"", ""A World at Peace"": ""1"", ""Respect for Tradition"": ""1"", ""Mature Love"": ""1"", ""Self-Discipline"": ""1"", ""Detachment"": ""1"", ""Family Security"": ""1"", ""Social Recognition"": ""1"", ""Unity With Nature"": ""1"", ""A Varied Life"": ""1"", ""Wisdom"": ""1"", ""Authority"": ""1"", ""True Friendship"": ""1"", ""A World of Beauty"": ""1"", ""Social Justice"": ""1"", ""Independent"": ""1"", ""Moderate"": ""1"", ""Loyal"": ""1"","
523,United Kingdom,Health and Health Care,3,"{""Equality"": ""2"", ""Inner Harmony"": ""2"", ""Social Power"": ""2"", ""Pleasure"": ""2"", ""Freedom"": ""2"", ""A Spiritual Life"": ""2"", ""Sense of Belonging"": ""2"", ""Social Order"": ""2"", ""An Exciting Life"": ""2"", ""Meaning in Life"": ""2"", ""Politeness"": ""2"", ""Wealth"": ""2"", ""National Security"": ""2"", ""Self-Respect"": ""2"", ""Reciprocation of Favors"": ""2"", ""Creativity"": ""2"", ""A World at Peace"": ""2"", ""Respect for Tradition"": ""2"", ""Mature Love"": ""2"", ""Self-Discipline"": ""2"", ""Detachment"": ""2"", ""Family Security"": ""2"", ""Social Recognition"": ""2"", ""Unity With Nature"": ""2"", ""A Varied Life"": ""2"", ""Wisdom"": ""2"", ""Authority"": ""2"", ""True Friendship"": ""2"", ""A World of Beauty"": ""2"", ""Social Justice"": ""2"", ""Independent"": ""2"", ""Moderate"": ""2"", ""Loyal"": ""2"","
524,United Kingdom,Health and Health Care,4,"{""Equality"": ""2"", ""Inner Harmony"": ""2"", ""Social Power"": ""4"", ""Pleasure"": ""2"", ""Freedom"": ""2"", ""A Spiritual Life"": ""2"", ""Sense of Belonging"": ""2"", ""Social Order"": ""2"", ""An Exciting Life"": ""2"", ""Meaning in Life"": ""2"", ""Politeness"": ""2"", ""Wealth"": ""4"", ""National Security"": ""2"", ""Self-Respect"": ""2"", ""Reciprocation of Favors"": ""2"", ""Creativity"": ""2"", ""A World at Peace"": ""2"", ""Respect for Tradition"": ""2"", ""Mature Love"": ""2"", ""Self-Discipline"": ""2"", ""Detachment"": ""2"", ""Family Security"": ""2"", ""Social Recognition"": ""2"", ""Unity With Nature"": ""2"", ""A Varied Life"": ""2"", ""Wisdom"": ""2"", ""Authority"": ""4"", ""True Friendship"": ""2"", ""A World of Beauty"": ""2"", ""Social Justice"": ""2"", ""Independent"": ""2"", ""Moderate"": ""2"", ""Loyal"": ""2"","
525,United Kingdom,Health and Health Care,5,"{""Equality"": ""2"", ""Inner Harmony"": ""2"", ""Social Power"": ""4"", ""Pleasure"": ""2"", ""Freedom"": ""2"", ""A Spiritual Life"": ""2"", ""Sense of Belonging"": ""2"", ""Social Order"": ""2"", ""An Exciting Life"": ""2"", ""Meaning in Life"": ""2"", ""Politeness"": ""2"", ""Wealth"": ""2"", ""National Security"": ""2"", ""Self-Respect"": ""2"", ""Reciprocation of Favors"": ""2"", ""Creativity"": ""2"", ""A World at Peace"": ""2"", ""Respect for Tradition"": ""2"", ""Mature Love"": ""2"", ""Self-Discipline"": ""2"", ""Detachment"": ""2"", ""Family Security"": ""2"", ""Social Recognition"": ""2"", ""Unity With Nature"": ""2"", ""A Varied Life"": ""2"", ""Wisdom"": ""2"", ""Authority"": ""4"", ""True Friendship"": ""2"", ""A World of Beauty"": ""2"", ""Social Justice"": ""2"", ""Independent"": ""2"", ""Moderate"": ""2"", ""Loyal"": ""2"","
526,United Kingdom,Health and Health Care,6,"{""Equality"": ""1"", ""Inner Harmony"": ""1"", ""Social Power"": ""2"", ""Pleasure"": ""1"", ""Freedom"": ""1"", ""A Spiritual Life"": ""2"", ""Sense of Belonging"": ""1"", ""Social Order"": ""1"", ""An Exciting Life"": ""2"", ""Meaning in Life"": ""1"", ""Politeness"": ""1"", ""Wealth"": ""2"", ""National Security"": ""1"", ""Self-Respect"": ""1"", ""Reciprocation of Favors"": ""1"", ""Creativity"": ""2"", ""A World at Peace"": ""1"", ""Respect for Tradition"": ""1"", ""Mature Love"": ""2"", ""Self-Discipline"": ""1"", ""Detachment"": ""2"", ""Family Security"": ""1"", ""Social Recognition"": ""1"", ""Unity With Nature"": ""2"", ""A Varied Life"": ""2"", ""Wisdom"": ""1"", ""Authority"": ""2"", ""True Friendship"": ""1"", ""A World of Beauty"": ""2"", ""Social Justice"": ""1"", ""Independent"": ""2"", ""Moderate"": ""2"", ""Loyal"": ""1"","
527,United Kingdom,Health and Health Care,7,"{""Equality"": ""1"", ""Inner Harmony"": ""1"", ""Social Power"": ""1"", ""Pleasure"": ""1"", ""Freedom"": ""1"", ""A Spiritual Life"": ""1"", ""Sense of Belonging"": ""1"", ""Social Order"": ""1"", ""An Exciting Life"": ""1"", ""Meaning in Life"": ""1"", ""Politeness"": ""1"", ""Wealth"": ""1"", ""National Security"": ""1"", ""Self-Respect"": ""1"", ""Reciprocation of Favors"": ""1"", ""Creativity"": ""1"", ""A World at Peace"": ""1"", ""Respect for Tradition"": ""1"", ""Mature Love"": ""1"", ""Self-Discipline"": ""1"", ""Detachment"": ""1"", ""Family Security"": ""1"", ""Social Recognition"": ""1"", ""Unity With Nature"": ""1"", ""A Varied Life"": ""1"", ""Wisdom"": ""1"", ""Authority"": ""1"", ""True Friendship"": ""1"", ""A World of Beauty"": ""1"", ""Social Justice"": ""1"", ""Independent"": ""1"", ""Moderate"": ""1"", ""Loyal"": ""1"","
528,Germany,Politics,0,"{""Equality"": ""2"", ""Inner Harmony"": ""2"", ""Social Power"": ""4"", ""Pleasure"": ""2"", ""Freedom"": ""2"", ""A Spiritual Life"": ""2"", ""Sense of Belonging"": ""2"", ""Social Order"": ""2"", ""An Exciting Life"": ""2"", ""Meaning in Life"": ""2"", ""Politeness"": ""2"", ""Wealth"": ""4"", ""National Security"": ""2"", ""Self-Respect"": ""2"", ""Reciprocation of Favors"": ""2"", ""Creativity"": ""2"", ""A World at Peace"": ""2"", ""Respect for Tradition"": ""2"", ""Mature Love"": ""2"", ""Self-Discipline"": ""2"", ""Detachment"": ""2"", ""Family Security"": ""2"", ""Social Recognition"": ""2"", ""Unity With Nature"": ""2"", ""A Varied Life"": ""2"", ""Wisdom"": ""2"", ""Authority"": ""4"", ""True Friendship"": ""2"", ""A World of Beauty"": ""2"", ""Social Justice"": ""2"", ""Independent"": ""2"", ""Moderate"": ""2"", ""Loyal"": ""2"","
529,Germany,Politics,1,"{""Equality"": ""2"", ""Inner Harmony"": ""3"", ""Social Power"": ""4"", ""Pleasure"": ""3"", ""Freedom"": ""2"", ""A Spiritual Life"": ""3"", ""Sense of Belonging"": ""2"", ""Social Order"": ""2"", ""An Exciting Life"": ""3"", ""Meaning in Life"": ""2"", ""Politeness"": ""2"", ""Wealth"": ""3"", ""National Security"": ""2"", ""Self-Respect"": ""2"", ""Reciprocation of Favors"": ""2"", ""Creativity"": ""3"", ""A World at Peace"": ""2"", ""Respect for Tradition"": ""3"", ""Mature Love"": ""3"", ""Self-Discipline"": ""3"", ""Detachment"": ""3"", ""Family Security"": ""2"", ""Social Recognition"": ""2"", ""Unity With Nature"": ""3"", ""A Varied Life"": ""3"", ""Wisdom"": ""2"", ""Authority"": ""4"", ""True Friendship"": ""2"", ""A World of Beauty"": ""3"", ""Social Justice"": ""2"", ""Independent"": ""2"", ""Moderate"": ""2"", ""Loyal"": ""2"","
530,Germany,Politics,2,"{""Equality"": ""1"", ""Inner Harmony"": ""1"", ""Social Power"": ""2"", ""Pleasure"": ""2"", ""Freedom"": ""1"", ""A Spiritual Life"": ""2"", ""Sense of Belonging"": ""2"", ""Social Order"": ""2"", ""An Exciting Life"": ""2"", ""Meaning in Life"": ""1"", ""Politeness"": ""2"", ""Wealth"": ""2"", ""National Security"": ""2"", ""Self-Respect"": ""1"", ""Reciprocation of Favors"": ""2"", ""Creativity"": ""2"", ""A World at Peace"": ""1"", ""Respect for Tradition"": ""2"", ""Mature Love"": ""2"", ""Self-Discipline"": ""2"", ""Detachment"": ""2"", ""Family Security"": ""2"", ""Social Recognition"": ""2"", ""Unity With Nature"": ""2"", ""A Varied Life"": ""2"", ""Wisdom"": ""2"", ""Authority"": ""2"", ""True Friendship"": ""2"", ""A World of Beauty"": ""2"", ""Social Justice"": ""2"", ""Independent"": ""2"", ""Moderate"": ""2"", ""Loyal"": ""2"","
531,Germany,Politics,3,"{""Equality"": ""2"", ""Inner Harmony"": ""2"", ""Social Power"": ""4"", ""Pleasure"": ""2"", ""Freedom"": ""2"", ""A Spiritual Life"": ""2"", ""Sense of Belonging"": ""2"", ""Social Order"": ""2"", ""An Exciting Life"": ""2"", ""Meaning in Life"": ""2"", ""Politeness"": ""2"", ""Wealth"": ""2"", ""National Security"": ""2"", ""Self-Respect"": ""2"", ""Reciprocation of Favors"": ""2"", ""Creativity"": ""2"", ""A World at Peace"": ""2"", ""Respect for Tradition"": ""2"", ""Mature Love"": ""2"", ""Self-Discipline"": ""2"", ""Detachment"": ""2"", ""Family Security"": ""2"", ""Social Recognition"": ""2"", ""Unity With Nature"": ""2"", ""A Varied Life"": ""2"", ""Wisdom"": ""2"", ""Authority"": ""2"", ""True Friendship"": ""2"", ""A World of Beauty"": ""2"", ""Social Justice"": ""2"", ""Independent"": ""2"", ""Moderate"": ""2"", ""Loyal"": ""2"","
532,Germany,Politics,4,"{""Equality"": ""2"", ""Inner Harmony"": ""2"", ""Social Power"": ""4"", ""Pleasure"": ""2"", ""Freedom"": ""2"", ""A Spiritual Life"": ""2"", ""Sense of Belonging"": ""2"", ""Social Order"": ""2"", ""An Exciting Life"": ""2"", ""Meaning in Life"": ""2"", ""Politeness"": ""2"", ""Wealth"": ""4"", ""National Security"": ""2"", ""Self-Respect"": ""2"", ""Reciprocation of Favors"": ""2"", ""Creativity"": ""2"", ""A World at Peace"": ""2"", ""Respect for Tradition"": ""2"", ""Mature Love"": ""2"", ""Self-Discipline"": ""2"", ""Detachment"": ""2"", ""Family Security"": ""2"", ""Social Recognition"": ""2"", ""Unity With Nature"": ""2"", ""A Varied Life"": ""2"", ""Wisdom"": ""2"", ""Authority"": ""4"", ""True Friendship"": ""2"", ""A World of Beauty"": ""2"", ""Social Justice"": ""2"", ""Independent"": ""2"", ""Moderate"": ""2"", ""Loyal"": ""2"","
533,Germany,Politics,5,"{""Equality"": ""2"", ""Inner Harmony"": ""3"", ""Social Power"": ""4"", ""Pleasure"": ""3"", ""Freedom"": ""2"", ""A Spiritual Life"": ""3"", ""Sense of Belonging"": ""2"", ""Social Order"": ""2"", ""An Exciting Life"": ""3"", ""Meaning in Life"": ""2"", ""Politeness"": ""2"", ""Wealth"": ""3"", ""National Security"": ""2"", ""Self-Respect"": ""2"", ""Reciprocation of Favors"": ""2"", ""Creativity"": ""3"", ""A World at Peace"": ""2"", ""Respect for Tradition"": ""3"", ""Mature Love"": ""3"", ""Self-Discipline"": ""3"", ""Detachment"": ""3"", ""Family Security"": ""2"", ""Social Recognition"": ""2"", ""Unity With Nature"": ""3"", ""A Varied Life"": ""3"", ""Wisdom"": ""2"", ""Authority"": ""4"", ""True Friendship"": ""2"", ""A World of Beauty"": ""3"", ""Social Justice"": ""2"", ""Independent"": ""2"", ""Moderate"": ""2"", ""Loyal"": ""2"","
534,Germany,Politics,6,"{""Equality"": ""1"", ""Inner Harmony"": ""1"", ""Social Power"": ""1"", ""Pleasure"": ""1"", ""Freedom"": ""1"", ""A Spiritual Life"": ""1"", ""Sense of Belonging"": ""1"", ""Social Order"": ""1"", ""An Exciting Life"": ""1"", ""Meaning in Life"": ""1"", ""Politeness"": ""1"", ""Wealth"": ""1"", ""National Security"": ""1"", ""Self-Respect"": ""1"", ""Reciprocation of Favors"": ""1"", ""Creativity"": ""1"", ""A World at Peace"": ""1"", ""Respect for Tradition"": ""1"", ""Mature Love"": ""1"", ""Self-Discipline"": ""1"", ""Detachment"": ""1"", ""Family Security"": ""1"", ""Social Recognition"": ""1"", ""Unity With Nature"": ""1"", ""A Varied Life"": ""1"", ""Wisdom"": ""1"", ""Authority"": ""1"", ""True Friendship"": ""1"", ""A World of Beauty"": ""1"", ""Social Justice"": ""1"", ""Independent"": ""1"", ""Moderate"": ""1"", ""Loyal"": ""1"","
535,Germany,Politics,7,"{""Equality"": ""1"", ""Inner Harmony"": ""1"", ""Social Power"": ""4"", ""Pleasure"": ""1"", ""Freedom"": ""1"", ""A Spiritual Life"": ""1"", ""Sense of Belonging"": ""1"", ""Social Order"": ""1"", ""An Exciting Life"": ""1"", ""Meaning in Life"": ""1"", ""Politeness"": ""1"", ""Wealth"": ""4"", ""National Security"": ""1"", ""Self-Respect"": ""1"", ""Reciprocation of Favors"": ""1"", ""Creativity"": ""1"", ""A World at Peace"": ""1"", ""Respect for Tradition"": ""1"", ""Mature Love"": ""1"", ""Self-Discipline"": ""1"", ""Detachment"": ""1"", ""Family Security"": ""1"", ""Social Recognition"": ""1"", ""Unity With Nature"": ""1"", ""A Varied Life"": ""1"", ""Wisdom"": ""1"", ""Authority"": ""4"", ""True Friendship"": ""1"", ""A World of Beauty"": ""1"", ""Social Justice"": ""1"", ""Independent"": ""1"", ""Moderate"": ""1"", ""Loyal"": ""1"","
536,Germany,Social Networks,0,"{""Equality"": ""2"", ""Inner Harmony"": ""2"", ""Social Power"": ""4"", ""Pleasure"": ""2"", ""Freedom"": ""2"", ""A Spiritual Life"": ""2"", ""Sense of Belonging"": ""2"", ""Social Order"": ""2"", ""An Exciting Life"": ""2"", ""Meaning in Life"": ""2"", ""Politeness"": ""2"", ""Wealth"": ""4"", ""National Security"": ""2"", ""Self-Respect"": ""2"", ""Reciprocation of Favors"": ""2"", ""Creativity"": ""2"", ""A World at Peace"": ""2"", ""Respect for Tradition"": ""2"", ""Mature Love"": ""2"", ""Self-Discipline"": ""2"", ""Detachment"": ""2"", ""Family Security"": ""2"", ""Social Recognition"": ""2"", ""Unity With Nature"": ""2"", ""A Varied Life"": ""2"", ""Wisdom"": ""2"", ""Authority"": ""4"", ""True Friendship"": ""2"", ""A World of Beauty"": ""2"", ""Social Justice"": ""2"", ""Independent"": ""2"", ""Moderate"": ""2"", ""Loyal"": ""2"","
537,Germany,Social Networks,1,"{""Equality"": ""3"", ""Inner Harmony"": ""3"", ""Social Power"": ""4"", ""Pleasure"": ""3"", ""Freedom"": ""3"", ""A Spiritual Life"": ""3"", ""Sense of Belonging"": ""3"", ""Social Order"": ""3"", ""An Exciting Life"": ""3"", ""Meaning in Life"": ""3"", ""Politeness"": ""3"", ""Wealth"": ""3"", ""National Security"": ""3"", ""Self-Respect"": ""3"", ""Reciprocation of Favors"": ""3"", ""Creativity"": ""3"", ""A World at Peace"": ""3"", ""Respect for Tradition"": ""3"", ""Mature Love"": ""3"", ""Self-Discipline"": ""3"", ""Detachment"": ""3"", ""Family Security"": ""3"", ""Social Recognition"": ""3"", ""Unity With Nature"": ""3"", ""A Varied Life"": ""3"", ""Wisdom"": ""3"", ""Authority"": ""4"", ""True Friendship"": ""3"", ""A World of Beauty"": ""3"", ""Social Justice"": ""3"", ""Independent"": ""3"", ""Moderate"": ""3"", ""Loyal"": ""3"","
538,Germany,Social Networks,2,"{""Equality"": ""1"", ""Inner Harmony"": ""1"", ""Social Power"": ""1"", ""Pleasure"": ""1"", ""Freedom"": ""1"", ""A Spiritual Life"": ""1"", ""Sense of Belonging"": ""1"", ""Social Order"": ""1"", ""An Exciting Life"": ""1"", ""Meaning in Life"": ""1"", ""Politeness"": ""1"", ""Wealth"": ""1"", ""National Security"": ""1"", ""Self-Respect"": ""1"", ""Reciprocation of Favors"": ""1"", ""Creativity"": ""1"", ""A World at Peace"": ""1"", ""Respect for Tradition"": ""1"", ""Mature Love"": ""1"", ""Self-Discipline"": ""1"", ""Detachment"": ""1"", ""Family Security"": ""1"", ""Social Recognition"": ""1"", ""Unity With Nature"": ""1"", ""A Varied Life"": ""1"", ""Wisdom"": ""1"", ""Authority"": ""1"", ""True Friendship"": ""1"", ""A World of Beauty"": ""1"", ""Social Justice"": ""1"", ""Independent"": ""1"", ""Moderate"": ""1"", ""Loyal"": ""1"","
539,Germany,Social Networks,3,"{""Equality"": ""1"", ""Inner Harmony"": ""1"", ""Social Power"": ""4"", ""Pleasure"": ""1"", ""Freedom"": ""1"", ""A Spiritual Life"": ""1"", ""Sense of Belonging"": ""1"", ""Social Order"": ""1"", ""An Exciting Life"": ""1"", ""Meaning in Life"": ""1"", ""Politeness"": ""1"", ""Wealth"": ""4"", ""National Security"": ""1"", ""Self-Respect"": ""1"", ""Reciprocation of Favors"": ""1"", ""Creativity"": ""1"", ""A World at Peace"": ""1"", ""Respect for Tradition"": ""4"", ""Mature Love"": ""1"", ""Self-Discipline"": ""1"", ""Detachment"": ""1"", ""Family Security"": ""1"", ""Social Recognition"": ""1"", ""Unity With Nature"": ""1"", ""A Varied Life"": ""1"", ""Wisdom"": ""1"", ""Authority"": ""4"", ""True Friendship"": ""1"", ""A World of Beauty"": ""1"", ""Social Justice"": ""1"", ""Independent"": ""1"", ""Moderate"": ""1"", ""Loyal"": ""1"","
540,Germany,Social Networks,4,"{""Equality"": ""2"", ""Inner Harmony"": ""2"", ""Social Power"": ""4"", ""Pleasure"": ""2"", ""Freedom"": ""2"", ""A Spiritual Life"": ""2"", ""Sense of Belonging"": ""2"", ""Social Order"": ""2"", ""An Exciting Life"": ""2"", ""Meaning in Life"": ""2"", ""Politeness"": ""2"", ""Wealth"": ""4"", ""National Security"": ""2"", ""Self-Respect"": ""2"", ""Reciprocation of Favors"": ""2"", ""Creativity"": ""2"", ""A World at Peace"": ""2"", ""Respect for Tradition"": ""2"", ""Mature Love"": ""2"", ""Self-Discipline"": ""2"", ""Detachment"": ""2"", ""Family Security"": ""2"", ""Social Recognition"": ""2"", ""Unity With Nature"": ""2"", ""A Varied Life"": ""2"", ""Wisdom"": ""2"", ""Authority"": ""4"", ""True Friendship"": ""2"", ""A World of Beauty"": ""2"", ""Social Justice"": ""2"", ""Independent"": ""2"", ""Moderate"": ""2"", ""Loyal"": ""2"","
541,Germany,Social Networks,5,"{""Equality"": ""2"", ""Inner Harmony"": ""2"", ""Social Power"": ""4"", ""Pleasure"": ""2"", ""Freedom"": ""2"", ""A Spiritual Life"": ""2"", ""Sense of Belonging"": ""2"", ""Social Order"": ""2"", ""An Exciting Life"": ""2"", ""Meaning in Life"": ""2"", ""Politeness"": ""2"", ""Wealth"": ""4"", ""National Security"": ""2"", ""Self-Respect"": ""2"", ""Reciprocation of Favors"": ""2"", ""Creativity"": ""2"", ""A World at Peace"": ""2"", ""Respect for Tradition"": ""2"", ""Mature Love"": ""2"", ""Self-Discipline"": ""2"", ""Detachment"": ""2"", ""Family Security"": ""2"", ""Social Recognition"": ""2"", ""Unity With Nature"": ""2"", ""A Varied Life"": ""2"", ""Wisdom"": ""2"", ""Authority"": ""4"", ""True Friendship"": ""2"", ""A World of Beauty"": ""2"", ""Social Justice"": ""2"", ""Independent"": ""2"", ""Moderate"": ""2"", ""Loyal"": ""2"","
542,Germany,Social Networks,6,"{""Equality"": ""1"", ""Inner Harmony"": ""1"", ""Social Power"": ""1"", ""Pleasure"": ""1"", ""Freedom"": ""1"", ""A Spiritual Life"": ""1"", ""Sense of Belonging"": ""1"", ""Social Order"": ""1"", ""An Exciting Life"": ""1"", ""Meaning in Life"": ""1"", ""Politeness"": ""1"", ""Wealth"": ""1"", ""National Security"": ""1"", ""Self-Respect"": ""1"", ""Reciprocation of Favors"": ""1"", ""Creativity"": ""1"", ""A World at Peace"": ""1"", ""Respect for Tradition"": ""1"", ""Mature Love"": ""1"", ""Self-Discipline"": ""1"", ""Detachment"": ""1"", ""Family Security"": ""1"", ""Social Recognition"": ""1"", ""Unity With Nature"": ""1"", ""A Varied Life"": ""1"", ""Wisdom"": ""1"", ""Authority"": ""1"", ""True Friendship"": ""1"", ""A World of Beauty"": ""1"", ""Social Justice"": ""1"", ""Independent"": ""1"", ""Moderate"": ""1"", ""Loyal"": ""1"","
543,Germany,Social Networks,7,"{""Equality"": ""1"", ""Inner Harmony"": ""1"", ""Social Power"": ""4"", ""Pleasure"": ""1"", ""Freedom"": ""1"", ""A Spiritual Life"": ""1"", ""Sense of Belonging"": ""1"", ""Social Order"": ""1"", ""An Exciting Life"": ""1"", ""Meaning in Life"": ""1"", ""Politeness"": ""1"", ""Wealth"": ""4"", ""National Security"": ""1"", ""Self-Respect"": ""1"", ""Reciprocation of Favors"": ""1"", ""Creativity"": ""1"", ""A World at Peace"": ""1"", ""Respect for Tradition"": ""1"", ""Mature Love"": ""1"", ""Self-Discipline"": ""1"", ""Detachment"": ""1"", ""Family Security"": ""1"", ""Social Recognition"": ""1"", ""Unity With Nature"": ""1"", ""A Varied Life"": ""1"", ""Wisdom"": ""1"", ""Authority"": ""4"", ""True Friendship"": ""1"", ""A World of Beauty"": ""1"", ""Social Justice"": ""1"", ""Independent"": ""1"", ""Moderate"": ""1"", ""Loyal"": ""1"","
544,Germany,Social Inequality,0,"{""Equality"": ""2"", ""Inner Harmony"": ""2"", ""Social Power"": ""4"", ""Pleasure"": ""2"", ""Freedom"": ""2"", ""A Spiritual Life"": ""2"", ""Sense of Belonging"": ""2"", ""Social Order"": ""2"", ""An Exciting Life"": ""2"", ""Meaning in Life"": ""2"", ""Politeness"": ""2"", ""Wealth"": ""4"", ""National Security"": ""2"", ""Self-Respect"": ""2"", ""Reciprocation of Favors"": ""2"", ""Creativity"": ""2"", ""A World at Peace"": ""2"", ""Respect for Tradition"": ""2"", ""Mature Love"": ""2"", ""Self-Discipline"": ""2"", ""Detachment"": ""2"", ""Family Security"": ""2"", ""Social Recognition"": ""2"", ""Unity With Nature"": ""2"", ""A Varied Life"": ""2"", ""Wisdom"": ""2"", ""Authority"": ""4"", ""True Friendship"": ""2"", ""A World of Beauty"": ""2"", ""Social Justice"": ""2"", ""Independent"": ""2"", ""Moderate"": ""2"", ""Loyal"": ""2"","
545,Germany,Social Inequality,1,"{""Equality"": ""2"", ""Inner Harmony"": ""3"", ""Social Power"": ""4"", ""Pleasure"": ""3"", ""Freedom"": ""2"", ""A Spiritual Life"": ""3"", ""Sense of Belonging"": ""2"", ""Social Order"": ""2"", ""An Exciting Life"": ""3"", ""Meaning in Life"": ""3"", ""Politeness"": ""2"", ""Wealth"": ""3"", ""National Security"": ""2"", ""Self-Respect"": ""2"", ""Reciprocation of Favors"": ""2"", ""Creativity"": ""3"", ""A World at Peace"": ""2"", ""Respect for Tradition"": ""3"", ""Mature Love"": ""3"", ""Self-Discipline"": ""3"", ""Detachment"": ""3"", ""Family Security"": ""2"", ""Social Recognition"": ""2"", ""Unity With Nature"": ""3"", ""A Varied Life"": ""3"", ""Wisdom"": ""3"", ""Authority"": ""4"", ""True Friendship"": ""2"", ""A World of Beauty"": ""3"", ""Social Justice"": ""2"", ""Independent"": ""2"", ""Moderate"": ""2"", ""Loyal"": ""2"","
546,Germany,Social Inequality,2,"{""Equality"": ""1"", ""Inner Harmony"": ""1"", ""Social Power"": ""4"", ""Pleasure"": ""1"", ""Freedom"": ""1"", ""A Spiritual Life"": ""4"", ""Sense of Belonging"": ""1"", ""Social Order"": ""1"", ""An Exciting Life"": ""1"", ""Meaning in Life"": ""1"", ""Politeness"": ""1"", ""Wealth"": ""4"", ""National Security"": ""1"", ""Self-Respect"": ""1"", ""Reciprocation of Favors"": ""1"", ""Creativity"": ""1"", ""A World at Peace"": ""1"", ""Respect for Tradition"": ""1"", ""Mature Love"": ""1"", ""Self-Discipline"": ""1"", ""Detachment"": ""4"", ""Family Security"": ""1"", ""Social Recognition"": ""1"", ""Unity With Nature"": ""1"", ""A Varied Life"": ""1"", ""Wisdom"": ""1"", ""Authority"": ""4"", ""True Friendship"": ""1"", ""A World of Beauty"": ""1"", ""Social Justice"": ""1"", ""Independent"": ""1"", ""Moderate"": ""1"", ""Loyal"": ""1"","
547,Germany,Social Inequality,3,"{""Equality"": ""2"", ""Inner Harmony"": ""3"", ""Social Power"": ""4"", ""Pleasure"": ""3"", ""Freedom"": ""3"", ""A Spiritual Life"": ""3"", ""Sense of Belonging"": ""3"", ""Social Order"": ""3"", ""An Exciting Life"": ""3"", ""Meaning in Life"": ""3"", ""Politeness"": ""3"", ""Wealth"": ""3"", ""National Security"": ""3"", ""Self-Respect"": ""3"", ""Reciprocation of Favors"": ""3"", ""Creativity"": ""3"", ""A World at Peace"": ""3"", ""Respect for Tradition"": ""3"", ""Mature Love"": ""3"", ""Self-Discipline"": ""3"", ""Detachment"": ""3"", ""Family Security"": ""3"", ""Social Recognition"": ""3"", ""Unity With Nature"": ""3"", ""A Varied Life"": ""3"", ""Wisdom"": ""3"", ""Authority"": ""3"", ""True Friendship"": ""3"", ""A World of Beauty"": ""3"", ""Social Justice"": ""3"", ""Independent"": ""3"", ""Moderate"": ""3"", ""Loyal"": ""3"","
548,Germany,Social Inequality,4,"{""Equality"": ""2"", ""Inner Harmony"": ""2"", ""Social Power"": ""4"", ""Pleasure"": ""2"", ""Freedom"": ""2"", ""A Spiritual Life"": ""2"", ""Sense of Belonging"": ""2"", ""Social Order"": ""2"", ""An Exciting Life"": ""2"", ""Meaning in Life"": ""2"", ""Politeness"": ""2"", ""Wealth"": ""4"", ""National Security"": ""2"", ""Self-Respect"": ""2"", ""Reciprocation of Favors"": ""2"", ""Creativity"": ""2"", ""A World at Peace"": ""2"", ""Respect for Tradition"": ""2"", ""Mature Love"": ""2"", ""Self-Discipline"": ""2"", ""Detachment"": ""2"", ""Family Security"": ""2"", ""Social Recognition"": ""2"", ""Unity With Nature"": ""2"", ""A Varied Life"": ""2"", ""Wisdom"": ""2"", ""Authority"": ""4"", ""True Friendship"": ""2"", ""A World of Beauty"": ""2"", ""Social Justice"": ""2"", ""Independent"": ""2"", ""Moderate"": ""2"", ""Loyal"": ""2"","
549,Germany,Social Inequality,5,"{""Equality"": ""2"", ""Inner Harmony"": ""3"", ""Social Power"": ""4"", ""Pleasure"": ""3"", ""Freedom"": ""2"", ""A Spiritual Life"": ""3"", ""Sense of Belonging"": ""2"", ""Social Order"": ""2"", ""An Exciting Life"": ""3"", ""Meaning in Life"": ""3"", ""Politeness"": ""2"", ""Wealth"": ""3"", ""National Security"": ""2"", ""Self-Respect"": ""2"", ""Reciprocation of Favors"": ""2"", ""Creativity"": ""3"", ""A World at Peace"": ""2"", ""Respect for Tradition"": ""2"", ""Mature Love"": ""3"", ""Self-Discipline"": ""3"", ""Detachment"": ""3"", ""Family Security"": ""2"", ""Social Recognition"": ""2"", ""Unity With Nature"": ""3"", ""A Varied Life"": ""3"", ""Wisdom"": ""3"", ""Authority"": ""4"", ""True Friendship"": ""2"", ""A World of Beauty"": ""3"", ""Social Justice"": ""2"", ""Independent"": ""3"", ""Moderate"": ""3"", ""Loyal"": ""2"","
550,Germany,Social Inequality,6,"{""Equality"": ""2"", ""Inner Harmony"": ""2"", ""Social Power"": ""2"", ""Pleasure"": ""2"", ""Freedom"": ""2"", ""A Spiritual Life"": ""2"", ""Sense of Belonging"": ""2"", ""Social Order"": ""2"", ""An Exciting Life"": ""2"", ""Meaning in Life"": ""2"", ""Politeness"": ""2"", ""Wealth"": ""2"", ""National Security"": ""2"", ""Self-Respect"": ""2"", ""Reciprocation of Favors"": ""2"", ""Creativity"": ""2"", ""A World at Peace"": ""2"", ""Respect for Tradition"": ""2"", ""Mature Love"": ""2"", ""Self-Discipline"": ""2"", ""Detachment"": ""2"", ""Family Security"": ""2"", ""Social Recognition"": ""2"", ""Unity With Nature"": ""2"", ""A Varied Life"": ""2"", ""Wisdom"": ""2"", ""Authority"": ""2"", ""True Friendship"": ""2"", ""A World of Beauty"": ""2"", ""Social Justice"": ""2"", ""Independent"": ""2"", ""Moderate"": ""2"", ""Loyal"": ""2"","
551,Germany,Social Inequality,7,"{""Equality"": ""1"", ""Inner Harmony"": ""1"", ""Social Power"": ""4"", ""Pleasure"": ""1"", ""Freedom"": ""1"", ""A Spiritual Life"": ""1"", ""Sense of Belonging"": ""1"", ""Social Order"": ""1"", ""An Exciting Life"": ""1"", ""Meaning in Life"": ""1"", ""Politeness"": ""1"", ""Wealth"": ""4"", ""National Security"": ""1"", ""Self-Respect"": ""1"", ""Reciprocation of Favors"": ""1"", ""Creativity"": ""1"", ""A World at Peace"": ""1"", ""Respect for Tradition"": ""1"", ""Mature Love"": ""1"", ""Self-Discipline"": ""1"", ""Detachment"": ""1"", ""Family Security"": ""1"", ""Social Recognition"": ""1"", ""Unity With Nature"": ""1"", ""A Varied Life"": ""1"", ""Wisdom"": ""1"", ""Authority"": ""4"", ""True Friendship"": ""1"", ""A World of Beauty"": ""1"", ""Social Justice"": ""1"", ""Independent"": ""1"", ""Moderate"": ""1"", ""Loyal"": ""1"","
552,Germany,Family & Changing Gender Roles,0,"{""Equality"": ""2"", ""Inner Harmony"": ""2"", ""Social Power"": ""4"", ""Pleasure"": ""2"", ""Freedom"": ""2"", ""A Spiritual Life"": ""2"", ""Sense of Belonging"": ""2"", ""Social Order"": ""2"", ""An Exciting Life"": ""2"", ""Meaning in Life"": ""2"", ""Politeness"": ""2"", ""Wealth"": ""4"", ""National Security"": ""2"", ""Self-Respect"": ""2"", ""Reciprocation of Favors"": ""2"", ""Creativity"": ""2"", ""A World at Peace"": ""2"", ""Respect for Tradition"": ""2"", ""Mature Love"": ""2"", ""Self-Discipline"": ""2"", ""Detachment"": ""2"", ""Family Security"": ""2"", ""Social Recognition"": ""2"", ""Unity With Nature"": ""2"", ""A Varied Life"": ""2"", ""Wisdom"": ""2"", ""Authority"": ""4"", ""True Friendship"": ""2"", ""A World of Beauty"": ""2"", ""Social Justice"": ""2"", ""Independent"": ""2"", ""Moderate"": ""2"", ""Loyal"": ""2"","
553,Germany,Family & Changing Gender Roles,1,"{""Equality"": ""3"", ""Inner Harmony"": ""3"", ""Social Power"": ""3"", ""Pleasure"": ""3"", ""Freedom"": ""3"", ""A Spiritual Life"": ""3"", ""Sense of Belonging"": ""3"", ""Social Order"": ""3"", ""An Exciting Life"": ""3"", ""Meaning in Life"": ""3"", ""Politeness"": ""3"", ""Wealth"": ""3"", ""National Security"": ""3"", ""Self-Respect"": ""3"", ""Reciprocation of Favors"": ""3"", ""Creativity"": ""3"", ""A World at Peace"": ""3"", ""Respect for Tradition"": ""3"", ""Mature Love"": ""3"", ""Self-Discipline"": ""3"", ""Detachment"": ""3"", ""Family Security"": ""3"", ""Social Recognition"": ""3"", ""Unity With Nature"": ""3"", ""A Varied Life"": ""3"", ""Wisdom"": ""3"", ""Authority"": ""3"", ""True Friendship"": ""3"", ""A World of Beauty"": ""3"", ""Social Justice"": ""3"", ""Independent"": ""3"", ""Moderate"": ""3"", ""Loyal"": ""3"","
554,Germany,Family & Changing Gender Roles,2,"{""Equality"": ""1"", ""Inner Harmony"": ""1"", ""Social Power"": ""1"", ""Pleasure"": ""1"", ""Freedom"": ""1"", ""A Spiritual Life"": ""1"", ""Sense of Belonging"": ""1"", ""Social Order"": ""1"", ""An Exciting Life"": ""1"", ""Meaning in Life"": ""1"", ""Politeness"": ""1"", ""Wealth"": ""1"", ""National Security"": ""1"", ""Self-Respect"": ""1"", ""Reciprocation of Favors"": ""1"", ""Creativity"": ""1"", ""A World at Peace"": ""1"", ""Respect for Tradition"": ""1"", ""Mature Love"": ""1"", ""Self-Discipline"": ""1"", ""Detachment"": ""1"", ""Family Security"": ""1"", ""Social Recognition"": ""1"", ""Unity With Nature"": ""1"", ""A Varied Life"": ""1"", ""Wisdom"": ""1"", ""Authority"": ""1"", ""True Friendship"": ""1"", ""A World of Beauty"": ""1"", ""Social Justice"": ""1"", ""Independent"": ""1"", ""Moderate"": ""1"", ""Loyal"": ""1"","
555,Germany,Family & Changing Gender Roles,3,"{""Equality"": ""1"", ""Inner Harmony"": ""1"", ""Social Power"": ""4"", ""Pleasure"": ""1"", ""Freedom"": ""1"", ""A Spiritual Life"": ""4"", ""Sense of Belonging"": ""1"", ""Social Order"": ""4"", ""An Exciting Life"": ""1"", ""Meaning in Life"": ""1"", ""Politeness"": ""1"", ""Wealth"": ""4"", ""National Security"": ""4"", ""Self-Respect"": ""1"", ""Reciprocation of Favors"": ""1"", ""Creativity"": ""1"", ""A World at Peace"": ""1"", ""Respect for Tradition"": ""4"", ""Mature Love"": ""1"", ""Self-Discipline"": ""4"", ""Detachment"": ""4"", ""Family Security"": ""1"", ""Social Recognition"": ""1"", ""Unity With Nature"": ""4"", ""A Varied Life"": ""1"", ""Wisdom"": ""1"", ""Authority"": ""4"", ""True Friendship"": ""1"", ""A World of Beauty"": ""1"", ""Social Justice"": ""1"", ""Independent"": ""1"", ""Moderate"": ""4"", ""Loyal"": ""1"","
556,Germany,Family & Changing Gender Roles,4,"{""Equality"": ""2"", ""Inner Harmony"": ""2"", ""Social Power"": ""4"", ""Pleasure"": ""2"", ""Freedom"": ""2"", ""A Spiritual Life"": ""2"", ""Sense of Belonging"": ""2"", ""Social Order"": ""2"", ""An Exciting Life"": ""2"", ""Meaning in Life"": ""2"", ""Politeness"": ""2"", ""Wealth"": ""4"", ""National Security"": ""2"", ""Self-Respect"": ""2"", ""Reciprocation of Favors"": ""2"", ""Creativity"": ""2"", ""A World at Peace"": ""2"", ""Respect for Tradition"": ""2"", ""Mature Love"": ""2"", ""Self-Discipline"": ""2"", ""Detachment"": ""2"", ""Family Security"": ""2"", ""Social Recognition"": ""2"", ""Unity With Nature"": ""2"", ""A Varied Life"": ""2"", ""Wisdom"": ""2"", ""Authority"": ""4"", ""True Friendship"": ""2"", ""A World of Beauty"": ""2"", ""Social Justice"": ""2"", ""Independent"": ""2"", ""Moderate"": ""2"", ""Loyal"": ""2"","
557,Germany,Family & Changing Gender Roles,5,"{""Equality"": ""2"", ""Inner Harmony"": ""2"", ""Social Power"": ""4"", ""Pleasure"": ""2"", ""Freedom"": ""2"", ""A Spiritual Life"": ""2"", ""Sense of Belonging"": ""2"", ""Social Order"": ""2"", ""An Exciting Life"": ""2"", ""Meaning in Life"": ""2"", ""Politeness"": ""2"", ""Wealth"": ""2"", ""National Security"": ""2"", ""Self-Respect"": ""2"", ""Reciprocation of Favors"": ""2"", ""Creativity"": ""2"", ""A World at Peace"": ""2"", ""Respect for Tradition"": ""2"", ""Mature Love"": ""2"", ""Self-Discipline"": ""2"", ""Detachment"": ""2"", ""Family Security"": ""2"", ""Social Recognition"": ""2"", ""Unity With Nature"": ""2"", ""A Varied Life"": ""2"", ""Wisdom"": ""2"", ""Authority"": ""4"", ""True Friendship"": ""2"", ""A World of Beauty"": ""2"", ""Social Justice"": ""2"", ""Independent"": ""2"", ""Moderate"": ""2"", ""Loyal"": ""2"","
558,Germany,Family & Changing Gender Roles,6,"{""Equality"": ""2"", ""Inner Harmony"": ""2"", ""Social Power"": ""2"", ""Pleasure"": ""2"", ""Freedom"": ""2"", ""A Spiritual Life"": ""2"", ""Sense of Belonging"": ""2"", ""Social Order"": ""2"", ""An Exciting Life"": ""2"", ""Meaning in Life"": ""2"", ""Politeness"": ""2"", ""Wealth"": ""2"", ""National Security"": ""2"", ""Self-Respect"": ""2"", ""Reciprocation of Favors"": ""2"", ""Creativity"": ""2"", ""A World at Peace"": ""2"", ""Respect for Tradition"": ""2"", ""Mature Love"": ""2"", ""Self-Discipline"": ""2"", ""Detachment"": ""2"", ""Family Security"": ""2"", ""Social Recognition"": ""2"", ""Unity With Nature"": ""2"", ""A Varied Life"": ""2"", ""Wisdom"": ""2"", ""Authority"": ""2"", ""True Friendship"": ""2"", ""A World of Beauty"": ""2"", ""Social Justice"": ""2"", ""Independent"": ""2"", ""Moderate"": ""2"", ""Loyal"": ""2"","
559,Germany,Family & Changing Gender Roles,7,"{""Equality"": ""2"", ""Inner Harmony"": ""4"", ""Social Power"": ""4"", ""Pleasure"": ""4"", ""Freedom"": ""4"", ""A Spiritual Life"": ""4"", ""Sense of Belonging"": ""4"", ""Social Order"": ""4"", ""An Exciting Life"": ""4"", ""Meaning in Life"": ""4"", ""Politeness"": ""4"", ""Wealth"": ""4"", ""National Security"": ""4"", ""Self-Respect"": ""4"", ""Reciprocation of Favors"": ""4"", ""Creativity"": ""4"", ""A World at Peace"": ""4"", ""Respect for Tradition"": ""4"", ""Mature Love"": ""4"", ""Self-Discipline"": ""4"", ""Detachment"": ""4"", ""Family Security"": ""4"", ""Social Recognition"": ""4"", ""Unity With Nature"": ""4"", ""A Varied Life"": ""4"", ""Wisdom"": ""4"", ""Authority"": ""4"", ""True Friendship"": ""4"", ""A World of Beauty"": ""4"", ""Social Justice"": ""4"", ""Independent"": ""4"", ""Moderate"": ""4"", ""Loyal"": ""4"","
560,Germany,Work Orientation,0,"{""Equality"": ""2"", ""Inner Harmony"": ""2"", ""Social Power"": ""4"", ""Pleasure"": ""2"", ""Freedom"": ""2"", ""A Spiritual Life"": ""2"", ""Sense of Belonging"": ""2"", ""Social Order"": ""2"", ""An Exciting Life"": ""2"", ""Meaning in Life"": ""2"", ""Politeness"": ""2"", ""Wealth"": ""4"", ""National Security"": ""2"", ""Self-Respect"": ""2"", ""Reciprocation of Favors"": ""2"", ""Creativity"": ""2"", ""A World at Peace"": ""2"", ""Respect for Tradition"": ""2"", ""Mature Love"": ""2"", ""Self-Discipline"": ""2"", ""Detachment"": ""2"", ""Family Security"": ""2"", ""Social Recognition"": ""2"", ""Unity With Nature"": ""2"", ""A Varied Life"": ""2"", ""Wisdom"": ""2"", ""Authority"": ""4"", ""True Friendship"": ""2"", ""A World of Beauty"": ""2"", ""Social Justice"": ""2"", ""Independent"": ""2"", ""Moderate"": ""2"", ""Loyal"": ""2"","
561,Germany,Work Orientation,1,"{""Equality"": ""2"", ""Inner Harmony"": ""3"", ""Social Power"": ""4"", ""Pleasure"": ""3"", ""Freedom"": ""2"", ""A Spiritual Life"": ""4"", ""Sense of Belonging"": ""2"", ""Social Order"": ""2"", ""An Exciting Life"": ""3"", ""Meaning in Life"": ""2"", ""Politeness"": ""2"", ""Wealth"": ""4"", ""National Security"": ""2"", ""Self-Respect"": ""2"", ""Reciprocation of Favors"": ""2"", ""Creativity"": ""3"", ""A World at Peace"": ""2"", ""Respect for Tradition"": ""4"", ""Mature Love"": ""3"", ""Self-Discipline"": ""3"", ""Detachment"": ""4"", ""Family Security"": ""2"", ""Social Recognition"": ""2"", ""Unity With Nature"": ""4"", ""A Varied Life"": ""3"", ""Wisdom"": ""2"", ""Authority"": ""4"", ""True Friendship"": ""2"", ""A World of Beauty"": ""2"", ""Social Justice"": ""2"", ""Independent"": ""2"", ""Moderate"": ""2"", ""Loyal"": ""2"","
562,Germany,Work Orientation,2,"{""Equality"": ""1"", ""Inner Harmony"": ""1"", ""Social Power"": ""1"", ""Pleasure"": ""1"", ""Freedom"": ""1"", ""A Spiritual Life"": ""1"", ""Sense of Belonging"": ""1"", ""Social Order"": ""1"", ""An Exciting Life"": ""1"", ""Meaning in Life"": ""1"", ""Politeness"": ""1"", ""Wealth"": ""1"", ""National Security"": ""1"", ""Self-Respect"": ""1"", ""Reciprocation of Favors"": ""1"", ""Creativity"": ""1"", ""A World at Peace"": ""1"", ""Respect for Tradition"": ""1"", ""Mature Love"": ""1"", ""Self-Discipline"": ""1"", ""Detachment"": ""1"", ""Family Security"": ""1"", ""Social Recognition"": ""1"", ""Unity With Nature"": ""1"", ""A Varied Life"": ""1"", ""Wisdom"": ""1"", ""Authority"": ""1"", ""True Friendship"": ""1"", ""A World of Beauty"": ""1"", ""Social Justice"": ""1"", ""Independent"": ""1"", ""Moderate"": ""1"", ""Loyal"": ""1"","
563,Germany,Work Orientation,3,"{""Equality"": ""2"", ""Inner Harmony"": ""2"", ""Social Power"": ""4"", ""Pleasure"": ""2"", ""Freedom"": ""2"", ""A Spiritual Life"": ""4"", ""Sense of Belonging"": ""2"", ""Social Order"": ""2"", ""An Exciting Life"": ""4"", ""Meaning in Life"": ""2"", ""Politeness"": ""2"", ""Wealth"": ""4"", ""National Security"": ""4"", ""Self-Respect"": ""2"", ""Reciprocation of Favors"": ""2"", ""Creativity"": ""4"", ""A World at Peace"": ""2"", ""Respect for Tradition"": ""4"", ""Mature Love"": ""4"", ""Self-Discipline"": ""4"", ""Detachment"": ""4"", ""Family Security"": ""2"", ""Social Recognition"": ""2"", ""Unity With Nature"": ""4"", ""A Varied Life"": ""4"", ""Wisdom"": ""2"", ""Authority"": ""4"", ""True Friendship"": ""2"", ""A World of Beauty"": ""4"", ""Social Justice"": ""2"", ""Independent"": ""4"", ""Moderate"": ""4"", ""Loyal"": ""2"","
564,Germany,Work Orientation,4,"{""Equality"": ""2"", ""Inner Harmony"": ""2"", ""Social Power"": ""4"", ""Pleasure"": ""2"", ""Freedom"": ""2"", ""A Spiritual Life"": ""4"", ""Sense of Belonging"": ""2"", ""Social Order"": ""2"", ""An Exciting Life"": ""2"", ""Meaning in Life"": ""2"", ""Politeness"": ""2"", ""Wealth"": ""4"", ""National Security"": ""4"", ""Self-Respect"": ""2"", ""Reciprocation of Favors"": ""2"", ""Creativity"": ""2"", ""A World at Peace"": ""2"", ""Respect for Tradition"": ""4"", ""Mature Love"": ""4"", ""Self-Discipline"": ""2"", ""Detachment"": ""4"", ""Family Security"": ""2"", ""Social Recognition"": ""2"", ""Unity With Nature"": ""4"", ""A Varied Life"": ""2"", ""Wisdom"": ""2"", ""Authority"": ""4"", ""True Friendship"": ""2"", ""A World of Beauty"": ""2"", ""Social Justice"": ""2"", ""Independent"": ""2"", ""Moderate"": ""2"", ""Loyal"": ""2"","
565,Germany,Work Orientation,5,"{""Equality"": ""2"", ""Inner Harmony"": ""3"", ""Social Power"": ""4"", ""Pleasure"": ""3"", ""Freedom"": ""3"", ""A Spiritual Life"": ""4"", ""Sense of Belonging"": ""3"", ""Social Order"": ""2"", ""An Exciting Life"": ""3"", ""Meaning in Life"": ""3"", ""Politeness"": ""2"", ""Wealth"": ""3"", ""National Security"": ""2"", ""Self-Respect"": ""2"", ""Reciprocation of Favors"": ""2"", ""Creativity"": ""3"", ""A World at Peace"": ""2"", ""Respect for Tradition"": ""2"", ""Mature Love"": ""3"", ""Self-Discipline"": ""3"", ""Detachment"": ""3"", ""Family Security"": ""2"", ""Social Recognition"": ""2"", ""Unity With Nature"": ""3"", ""A Varied Life"": ""3"", ""Wisdom"": ""3"", ""Authority"": ""4"", ""True Friendship"": ""3"", ""A World of Beauty"": ""3"", ""Social Justice"": ""2"", ""Independent"": ""3"", ""Moderate"": ""3"", ""Loyal"": ""2"","
566,Germany,Work Orientation,6,"{""Equality"": ""1"", ""Inner Harmony"": ""1"", ""Social Power"": ""1"", ""Pleasure"": ""1"", ""Freedom"": ""1"", ""A Spiritual Life"": ""1"", ""Sense of Belonging"": ""1"", ""Social Order"": ""1"", ""An Exciting Life"": ""1"", ""Meaning in Life"": ""1"", ""Politeness"": ""1"", ""Wealth"": ""1"", ""National Security"": ""1"", ""Self-Respect"": ""1"", ""Reciprocation of Favors"": ""1"", ""Creativity"": ""1"", ""A World at Peace"": ""1"", ""Respect for Tradition"": ""1"", ""Mature Love"": ""1"", ""Self-Discipline"": ""1"", ""Detachment"": ""1"", ""Family Security"": ""1"", ""Social Recognition"": ""1"", ""Unity With Nature"": ""1"", ""A Varied Life"": ""1"", ""Wisdom"": ""1"", ""Authority"": ""1"", ""True Friendship"": ""1"", ""A World of Beauty"": ""1"", ""Social Justice"": ""1"", ""Independent"": ""1"", ""Moderate"": ""1"", ""Loyal"": ""1"","
567,Germany,Work Orientation,7,"{""Equality"": ""1"", ""Inner Harmony"": ""1"", ""Social Power"": ""1"", ""Pleasure"": ""1"", ""Freedom"": ""1"", ""A Spiritual Life"": ""1"", ""Sense of Belonging"": ""1"", ""Social Order"": ""1"", ""An Exciting Life"": ""1"", ""Meaning in Life"": ""1"", ""Politeness"": ""1"", ""Wealth"": ""1"", ""National Security"": ""1"", ""Self-Respect"": ""1"", ""Reciprocation of Favors"": ""1"", ""Creativity"": ""1"", ""A World at Peace"": ""1"", ""Respect for Tradition"": ""1"", ""Mature Love"": ""1"", ""Self-Discipline"": ""1"", ""Detachment"": ""1"", ""Family Security"": ""1"", ""Social Recognition"": ""1"", ""Unity With Nature"": ""1"", ""A Varied Life"": ""1"", ""Wisdom"": ""1"", ""Authority"": ""1"", ""True Friendship"": ""1"", ""A World of Beauty"": ""1"", ""Social Justice"": ""1"", ""Independent"": ""1"", ""Moderate"": ""1"", ""Loyal"": ""1"","
568,Germany,Religion,0,"{""Equality"": ""2"", ""Inner Harmony"": ""2"", ""Social Power"": ""4"", ""Pleasure"": ""2"", ""Freedom"": ""2"", ""A Spiritual Life"": ""2"", ""Sense of Belonging"": ""2"", ""Social Order"": ""2"", ""An Exciting Life"": ""2"", ""Meaning in Life"": ""2"", ""Politeness"": ""2"", ""Wealth"": ""4"", ""National Security"": ""2"", ""Self-Respect"": ""2"", ""Reciprocation of Favors"": ""2"", ""Creativity"": ""2"", ""A World at Peace"": ""2"", ""Respect for Tradition"": ""2"", ""Mature Love"": ""2"", ""Self-Discipline"": ""2"", ""Detachment"": ""2"", ""Family Security"": ""2"", ""Social Recognition"": ""2"", ""Unity With Nature"": ""2"", ""A Varied Life"": ""2"", ""Wisdom"": ""2"", ""Authority"": ""4"", ""True Friendship"": ""2"", ""A World of Beauty"": ""2"", ""Social Justice"": ""2"", ""Independent"": ""2"", ""Moderate"": ""2"", ""Loyal"": ""2"","
569,Germany,Religion,1,"{""Equality"": ""2"", ""Inner Harmony"": ""2"", ""Social Power"": ""4"", ""Pleasure"": ""2"", ""Freedom"": ""2"", ""A Spiritual Life"": ""2"", ""Sense of Belonging"": ""2"", ""Social Order"": ""2"", ""An Exciting Life"": ""2"", ""Meaning in Life"": ""2"", ""Politeness"": ""2"", ""Wealth"": ""2"", ""National Security"": ""2"", ""Self-Respect"": ""2"", ""Reciprocation of Favors"": ""2"", ""Creativity"": ""2"", ""A World at Peace"": ""2"", ""Respect for Tradition"": ""2"", ""Mature Love"": ""2"", ""Self-Discipline"": ""2"", ""Detachment"": ""2"", ""Family Security"": ""2"", ""Social Recognition"": ""2"", ""Unity With Nature"": ""2"", ""A Varied Life"": ""2"", ""Wisdom"": ""2"", ""Authority"": ""4"", ""True Friendship"": ""2"", ""A World of Beauty"": ""2"", ""Social Justice"": ""2"", ""Independent"": ""2"", ""Moderate"": ""2"", ""Loyal"": ""2"","
570,Germany,Religion,2,"{""Equality"": ""1"", ""Inner Harmony"": ""1"", ""Social Power"": ""2"", ""Pleasure"": ""2"", ""Freedom"": ""1"", ""A Spiritual Life"": ""2"", ""Sense of Belonging"": ""2"", ""Social Order"": ""2"", ""An Exciting Life"": ""2"", ""Meaning in Life"": ""1"", ""Politeness"": ""2"", ""Wealth"": ""2"", ""National Security"": ""2"", ""Self-Respect"": ""1"", ""Reciprocation of Favors"": ""2"", ""Creativity"": ""2"", ""A World at Peace"": ""1"", ""Respect for Tradition"": ""2"", ""Mature Love"": ""2"", ""Self-Discipline"": ""2"", ""Detachment"": ""2"", ""Family Security"": ""2"", ""Social Recognition"": ""2"", ""Unity With Nature"": ""2"", ""A Varied Life"": ""2"", ""Wisdom"": ""2"", ""Authority"": ""2"", ""True Friendship"": ""2"", ""A World of Beauty"": ""2"", ""Social Justice"": ""2"", ""Independent"": ""2"", ""Moderate"": ""2"", ""Loyal"": ""2"","
571,Germany,Religion,3,"{""Equality"": ""1"", ""Inner Harmony"": ""1"", ""Social Power"": ""4"", ""Pleasure"": ""4"", ""Freedom"": ""1"", ""A Spiritual Life"": ""1"", ""Sense of Belonging"": ""1"", ""Social Order"": ""1"", ""An Exciting Life"": ""4"", ""Meaning in Life"": ""1"", ""Politeness"": ""1"", ""Wealth"": ""4"", ""National Security"": ""1"", ""Self-Respect"": ""1"", ""Reciprocation of Favors"": ""1"", ""Creativity"": ""4"", ""A World at Peace"": ""1"", ""Respect for Tradition"": ""1"", ""Mature Love"": ""4"", ""Self-Discipline"": ""1"", ""Detachment"": ""4"", ""Family Security"": ""1"", ""Social Recognition"": ""1"", ""Unity With Nature"": ""1"", ""A Varied Life"": ""4"", ""Wisdom"": ""1"", ""Authority"": ""4"", ""True Friendship"": ""1"", ""A World of Beauty"": ""1"", ""Social Justice"": ""1"", ""Independent"": ""4"", ""Moderate"": ""4"", ""Loyal"": ""1"","
572,Germany,Religion,4,"{""Equality"": ""2"", ""Inner Harmony"": ""2"", ""Social Power"": ""4"", ""Pleasure"": ""2"", ""Freedom"": ""2"", ""A Spiritual Life"": ""2"", ""Sense of Belonging"": ""2"", ""Social Order"": ""2"", ""An Exciting Life"": ""2"", ""Meaning in Life"": ""2"", ""Politeness"": ""2"", ""Wealth"": ""4"", ""National Security"": ""2"", ""Self-Respect"": ""2"", ""Reciprocation of Favors"": ""2"", ""Creativity"": ""2"", ""A World at Peace"": ""2"", ""Respect for Tradition"": ""2"", ""Mature Love"": ""2"", ""Self-Discipline"": ""2"", ""Detachment"": ""2"", ""Family Security"": ""2"", ""Social Recognition"": ""2"", ""Unity With Nature"": ""2"", ""A Varied Life"": ""2"", ""Wisdom"": ""2"", ""Authority"": ""4"", ""True Friendship"": ""2"", ""A World of Beauty"": ""2"", ""Social Justice"": ""2"", ""Independent"": ""2"", ""Moderate"": ""2"", ""Loyal"": ""2"","
573,Germany,Religion,5,"{""Equality"": ""2"", ""Inner Harmony"": ""2"", ""Social Power"": ""4"", ""Pleasure"": ""2"", ""Freedom"": ""2"", ""A Spiritual Life"": ""2"", ""Sense of Belonging"": ""2"", ""Social Order"": ""2"", ""An Exciting Life"": ""2"", ""Meaning in Life"": ""2"", ""Politeness"": ""2"", ""Wealth"": ""2"", ""National Security"": ""2"", ""Self-Respect"": ""2"", ""Reciprocation of Favors"": ""2"", ""Creativity"": ""2"", ""A World at Peace"": ""2"", ""Respect for Tradition"": ""2"", ""Mature Love"": ""2"", ""Self-Discipline"": ""2"", ""Detachment"": ""2"", ""Family Security"": ""2"", ""Social Recognition"": ""2"", ""Unity With Nature"": ""2"", ""A Varied Life"": ""2"", ""Wisdom"": ""2"", ""Authority"": ""4"", ""True Friendship"": ""2"", ""A World of Beauty"": ""2"", ""Social Justice"": ""2"", ""Independent"": ""2"", ""Moderate"": ""2"", ""Loyal"": ""2"","
574,Germany,Religion,6,"{""Equality"": ""2"", ""Inner Harmony"": ""2"", ""Social Power"": ""2"", ""Pleasure"": ""2"", ""Freedom"": ""2"", ""A Spiritual Life"": ""2"", ""Sense of Belonging"": ""2"", ""Social Order"": ""2"", ""An Exciting Life"": ""2"", ""Meaning in Life"": ""2"", ""Politeness"": ""2"", ""Wealth"": ""2"", ""National Security"": ""2"", ""Self-Respect"": ""2"", ""Reciprocation of Favors"": ""2"", ""Creativity"": ""2"", ""A World at Peace"": ""2"", ""Respect for Tradition"": ""2"", ""Mature Love"": ""2"", ""Self-Discipline"": ""2"", ""Detachment"": ""2"", ""Family Security"": ""2"", ""Social Recognition"": ""2"", ""Unity With Nature"": ""2"", ""A Varied Life"": ""2"", ""Wisdom"": ""2"", ""Authority"": ""2"", ""True Friendship"": ""2"", ""A World of Beauty"": ""2"", ""Social Justice"": ""2"", ""Independent"": ""2"", ""Moderate"": ""2"", ""Loyal"": ""2"","
575,Germany,Religion,7,"{""Equality"": ""1"", ""Inner Harmony"": ""1"", ""Social Power"": ""4"", ""Pleasure"": ""4"", ""Freedom"": ""1"", ""A Spiritual Life"": ""1"", ""Sense of Belonging"": ""1"", ""Social Order"": ""1"", ""An Exciting Life"": ""4"", ""Meaning in Life"": ""1"", ""Politeness"": ""1"", ""Wealth"": ""4"", ""National Security"": ""4"", ""Self-Respect"": ""1"", ""Reciprocation of Favors"": ""1"", ""Creativity"": ""4"", ""A World at Peace"": ""1"", ""Respect for Tradition"": ""4"", ""Mature Love"": ""4"", ""Self-Discipline"": ""4"", ""Detachment"": ""4"", ""Family Security"": ""1"", ""Social Recognition"": ""1"", ""Unity With Nature"": ""4"", ""A Varied Life"": ""4"", ""Wisdom"": ""1"", ""Authority"": ""4"", ""True Friendship"": ""1"", ""A World of Beauty"": ""4"", ""Social Justice"": ""1"", ""Independent"": ""4"", ""Moderate"": ""4"", ""Loyal"": ""1"","
576,Germany,Environment,0,"{""Equality"": ""2"", ""Inner Harmony"": ""2"", ""Social Power"": ""4"", ""Pleasure"": ""2"", ""Freedom"": ""2"", ""A Spiritual Life"": ""2"", ""Sense of Belonging"": ""2"", ""Social Order"": ""2"", ""An Exciting Life"": ""2"", ""Meaning in Life"": ""2"", ""Politeness"": ""2"", ""Wealth"": ""4"", ""National Security"": ""2"", ""Self-Respect"": ""2"", ""Reciprocation of Favors"": ""2"", ""Creativity"": ""2"", ""A World at Peace"": ""2"", ""Respect for Tradition"": ""2"", ""Mature Love"": ""2"", ""Self-Discipline"": ""2"", ""Detachment"": ""2"", ""Family Security"": ""2"", ""Social Recognition"": ""2"", ""Unity With Nature"": ""2"", ""A Varied Life"": ""2"", ""Wisdom"": ""2"", ""Authority"": ""4"", ""True Friendship"": ""2"", ""A World of Beauty"": ""2"", ""Social Justice"": ""2"", ""Independent"": ""2"", ""Moderate"": ""2"", ""Loyal"": ""2"","
577,Germany,Environment,1,"{""Equality"": ""2"", ""Inner Harmony"": ""2"", ""Social Power"": ""4"", ""Pleasure"": ""2"", ""Freedom"": ""2"", ""A Spiritual Life"": ""2"", ""Sense of Belonging"": ""2"", ""Social Order"": ""2"", ""An Exciting Life"": ""2"", ""Meaning in Life"": ""2"", ""Politeness"": ""2"", ""Wealth"": ""4"", ""National Security"": ""2"", ""Self-Respect"": ""2"", ""Reciprocation of Favors"": ""2"", ""Creativity"": ""2"", ""A World at Peace"": ""2"", ""Respect for Tradition"": ""2"", ""Mature Love"": ""2"", ""Self-Discipline"": ""2"", ""Detachment"": ""2"", ""Family Security"": ""2"", ""Social Recognition"": ""2"", ""Unity With Nature"": ""2"", ""A Varied Life"": ""2"", ""Wisdom"": ""2"", ""Authority"": ""4"", ""True Friendship"": ""2"", ""A World of Beauty"": ""2"", ""Social Justice"": ""2"", ""Independent"": ""2"", ""Moderate"": ""2"", ""Loyal"": ""2"","
578,Germany,Environment,2,"{""Equality"": ""1"", ""Inner Harmony"": ""1"", ""Social Power"": ""1"", ""Pleasure"": ""1"", ""Freedom"": ""1"", ""A Spiritual Life"": ""1"", ""Sense of Belonging"": ""1"", ""Social Order"": ""1"", ""An Exciting Life"": ""1"", ""Meaning in Life"": ""1"", ""Politeness"": ""1"", ""Wealth"": ""1"", ""National Security"": ""1"", ""Self-Respect"": ""1"", ""Reciprocation of Favors"": ""1"", ""Creativity"": ""1"", ""A World at Peace"": ""1"", ""Respect for Tradition"": ""1"", ""Mature Love"": ""1"", ""Self-Discipline"": ""1"", ""Detachment"": ""1"", ""Family Security"": ""1"", ""Social Recognition"": ""1"", ""Unity With Nature"": ""1"", ""A Varied Life"": ""1"", ""Wisdom"": ""1"", ""Authority"": ""1"", ""True Friendship"": ""1"", ""A World of Beauty"": ""1"", ""Social Justice"": ""1"", ""Independent"": ""1"", ""Moderate"": ""1"", ""Loyal"": ""1"","
579,Germany,Environment,3,"{""Equality"": ""2"", ""Inner Harmony"": ""4"", ""Social Power"": ""4"", ""Pleasure"": ""4"", ""Freedom"": ""4"", ""A Spiritual Life"": ""4"", ""Sense of Belonging"": ""4"", ""Social Order"": ""4"", ""An Exciting Life"": ""4"", ""Meaning in Life"": ""4"", ""Politeness"": ""4"", ""Wealth"": ""4"", ""National Security"": ""4"", ""Self-Respect"": ""4"", ""Reciprocation of Favors"": ""4"", ""Creativity"": ""4"", ""A World at Peace"": ""4"", ""Respect for Tradition"": ""4"", ""Mature Love"": ""4"", ""Self-Discipline"": ""4"", ""Detachment"": ""4"", ""Family Security"": ""4"", ""Social Recognition"": ""4"", ""Unity With Nature"": ""4"", ""A Varied Life"": ""4"", ""Wisdom"": ""4"", ""Authority"": ""4"", ""True Friendship"": ""4"", ""A World of Beauty"": ""4"", ""Social Justice"": ""4"", ""Independent"": ""4"", ""Moderate"": ""4"", ""Loyal"": ""4"","
580,Germany,Environment,4,"{""Equality"": ""2"", ""Inner Harmony"": ""2"", ""Social Power"": ""4"", ""Pleasure"": ""2"", ""Freedom"": ""2"", ""A Spiritual Life"": ""2"", ""Sense of Belonging"": ""2"", ""Social Order"": ""2"", ""An Exciting Life"": ""2"", ""Meaning in Life"": ""2"", ""Politeness"": ""2"", ""Wealth"": ""4"", ""National Security"": ""2"", ""Self-Respect"": ""2"", ""Reciprocation of Favors"": ""2"", ""Creativity"": ""2"", ""A World at Peace"": ""2"", ""Respect for Tradition"": ""2"", ""Mature Love"": ""2"", ""Self-Discipline"": ""2"", ""Detachment"": ""2"", ""Family Security"": ""2"", ""Social Recognition"": ""2"", ""Unity With Nature"": ""2"", ""A Varied Life"": ""2"", ""Wisdom"": ""2"", ""Authority"": ""4"", ""True Friendship"": ""2"", ""A World of Beauty"": ""2"", ""Social Justice"": ""2"", ""Independent"": ""2"", ""Moderate"": ""2"", ""Loyal"": ""2"","
581,Germany,Environment,5,"{""Equality"": ""2"", ""Inner Harmony"": ""2"", ""Social Power"": ""4"", ""Pleasure"": ""2"", ""Freedom"": ""2"", ""A Spiritual Life"": ""2"", ""Sense of Belonging"": ""2"", ""Social Order"": ""2"", ""An Exciting Life"": ""2"", ""Meaning in Life"": ""2"", ""Politeness"": ""2"", ""Wealth"": ""2"", ""National Security"": ""2"", ""Self-Respect"": ""2"", ""Reciprocation of Favors"": ""2"", ""Creativity"": ""2"", ""A World at Peace"": ""2"", ""Respect for Tradition"": ""2"", ""Mature Love"": ""2"", ""Self-Discipline"": ""2"", ""Detachment"": ""2"", ""Family Security"": ""2"", ""Social Recognition"": ""2"", ""Unity With Nature"": ""2"", ""A Varied Life"": ""2"", ""Wisdom"": ""2"", ""Authority"": ""4"", ""True Friendship"": ""2"", ""A World of Beauty"": ""2"", ""Social Justice"": ""2"", ""Independent"": ""2"", ""Moderate"": ""2"", ""Loyal"": ""2"","
582,Germany,Environment,6,"{""Equality"": ""2"", ""Inner Harmony"": ""2"", ""Social Power"": ""2"", ""Pleasure"": ""2"", ""Freedom"": ""2"", ""A Spiritual Life"": ""2"", ""Sense of Belonging"": ""2"", ""Social Order"": ""2"", ""An Exciting Life"": ""2"", ""Meaning in Life"": ""2"", ""Politeness"": ""2"", ""Wealth"": ""2"", ""National Security"": ""2"", ""Self-Respect"": ""2"", ""Reciprocation of Favors"": ""2"", ""Creativity"": ""2"", ""A World at Peace"": ""2"", ""Respect for Tradition"": ""2"", ""Mature Love"": ""2"", ""Self-Discipline"": ""2"", ""Detachment"": ""2"", ""Family Security"": ""2"", ""Social Recognition"": ""2"", ""Unity With Nature"": ""2"", ""A Varied Life"": ""2"", ""Wisdom"": ""2"", ""Authority"": ""2"", ""True Friendship"": ""2"", ""A World of Beauty"": ""2"", ""Social Justice"": ""2"", ""Independent"": ""2"", ""Moderate"": ""2"", ""Loyal"": ""2"","
583,Germany,Environment,7,"{""Equality"": ""2"", ""Inner Harmony"": ""2"", ""Social Power"": ""4"", ""Pleasure"": ""2"", ""Freedom"": ""2"", ""A Spiritual Life"": ""2"", ""Sense of Belonging"": ""2"", ""Social Order"": ""2"", ""An Exciting Life"": ""2"", ""Meaning in Life"": ""2"", ""Politeness"": ""2"", ""Wealth"": ""2"", ""National Security"": ""2"", ""Self-Respect"": ""2"", ""Reciprocation of Favors"": ""2"", ""Creativity"": ""2"", ""A World at Peace"": ""2"", ""Respect for Tradition"": ""2"", ""Mature Love"": ""2"", ""Self-Discipline"": ""2"", ""Detachment"": ""2"", ""Family Security"": ""2"", ""Social Recognition"": ""2"", ""Unity With Nature"": ""2"", ""A Varied Life"": ""2"", ""Wisdom"": ""2"", ""Authority"": ""2"", ""True Friendship"": ""2"", ""A World of Beauty"": ""2"", ""Social Justice"": ""2"", ""Independent"": ""2"", ""Moderate"": ""2"", ""Loyal"": ""2"","
584,Germany,National Identity,0,"{""Equality"": ""2"", ""Inner Harmony"": ""2"", ""Social Power"": ""4"", ""Pleasure"": ""2"", ""Freedom"": ""2"", ""A Spiritual Life"": ""2"", ""Sense of Belonging"": ""2"", ""Social Order"": ""2"", ""An Exciting Life"": ""2"", ""Meaning in Life"": ""2"", ""Politeness"": ""2"", ""Wealth"": ""4"", ""National Security"": ""2"", ""Self-Respect"": ""2"", ""Reciprocation of Favors"": ""2"", ""Creativity"": ""2"", ""A World at Peace"": ""2"", ""Respect for Tradition"": ""2"", ""Mature Love"": ""2"", ""Self-Discipline"": ""2"", ""Detachment"": ""2"", ""Family Security"": ""2"", ""Social Recognition"": ""2"", ""Unity With Nature"": ""2"", ""A Varied Life"": ""2"", ""Wisdom"": ""2"", ""Authority"": ""4"", ""True Friendship"": ""2"", ""A World of Beauty"": ""2"", ""Social Justice"": ""2"", ""Independent"": ""2"", ""Moderate"": ""2"", ""Loyal"": ""2"","
585,Germany,National Identity,1,"{""Equality"": ""2"", ""Inner Harmony"": ""3"", ""Social Power"": ""4"", ""Pleasure"": ""3"", ""Freedom"": ""2"", ""A Spiritual Life"": ""3"", ""Sense of Belonging"": ""2"", ""Social Order"": ""2"", ""An Exciting Life"": ""3"", ""Meaning in Life"": ""3"", ""Politeness"": ""2"", ""Wealth"": ""3"", ""National Security"": ""2"", ""Self-Respect"": ""2"", ""Reciprocation of Favors"": ""2"", ""Creativity"": ""3"", ""A World at Peace"": ""2"", ""Respect for Tradition"": ""3"", ""Mature Love"": ""3"", ""Self-Discipline"": ""3"", ""Detachment"": ""3"", ""Family Security"": ""2"", ""Social Recognition"": ""2"", ""Unity With Nature"": ""3"", ""A Varied Life"": ""3"", ""Wisdom"": ""3"", ""Authority"": ""4"", ""True Friendship"": ""2"", ""A World of Beauty"": ""3"", ""Social Justice"": ""2"", ""Independent"": ""2"", ""Moderate"": ""3"", ""Loyal"": ""2"","
586,Germany,National Identity,2,"{""Equality"": ""1"", ""Inner Harmony"": ""1"", ""Social Power"": ""1"", ""Pleasure"": ""1"", ""Freedom"": ""1"", ""A Spiritual Life"": ""1"", ""Sense of Belonging"": ""1"", ""Social Order"": ""1"", ""An Exciting Life"": ""1"", ""Meaning in Life"": ""1"", ""Politeness"": ""1"", ""Wealth"": ""1"", ""National Security"": ""1"", ""Self-Respect"": ""1"", ""Reciprocation of Favors"": ""1"", ""Creativity"": ""1"", ""A World at Peace"": ""1"", ""Respect for Tradition"": ""1"", ""Mature Love"": ""1"", ""Self-Discipline"": ""1"", ""Detachment"": ""1"", ""Family Security"": ""1"", ""Social Recognition"": ""1"", ""Unity With Nature"": ""1"", ""A Varied Life"": ""1"", ""Wisdom"": ""1"", ""Authority"": ""1"", ""True Friendship"": ""1"", ""A World of Beauty"": ""1"", ""Social Justice"": ""1"", ""Independent"": ""1"", ""Moderate"": ""1"", ""Loyal"": ""1"","
587,Germany,National Identity,3,"{""Equality"": ""1"", ""Inner Harmony"": ""1"", ""Social Power"": ""4"", ""Pleasure"": ""4"", ""Freedom"": ""1"", ""A Spiritual Life"": ""4"", ""Sense of Belonging"": ""1"", ""Social Order"": ""1"", ""An Exciting Life"": ""4"", ""Meaning in Life"": ""1"", ""Politeness"": ""1"", ""Wealth"": ""4"", ""National Security"": ""1"", ""Self-Respect"": ""1"", ""Reciprocation of Favors"": ""1"", ""Creativity"": ""4"", ""A World at Peace"": ""1"", ""Respect for Tradition"": ""4"", ""Mature Love"": ""4"", ""Self-Discipline"": ""4"", ""Detachment"": ""4"", ""Family Security"": ""1"", ""Social Recognition"": ""1"", ""Unity With Nature"": ""4"", ""A Varied Life"": ""4"", ""Wisdom"": ""1"", ""Authority"": ""4"", ""True Friendship"": ""1"", ""A World of Beauty"": ""4"", ""Social Justice"": ""1"", ""Independent"": ""4"", ""Moderate"": ""4"", ""Loyal"": ""1"","
588,Germany,National Identity,4,"{""Equality"": ""2"", ""Inner Harmony"": ""2"", ""Social Power"": ""4"", ""Pleasure"": ""2"", ""Freedom"": ""2"", ""A Spiritual Life"": ""2"", ""Sense of Belonging"": ""2"", ""Social Order"": ""2"", ""An Exciting Life"": ""2"", ""Meaning in Life"": ""2"", ""Politeness"": ""2"", ""Wealth"": ""4"", ""National Security"": ""2"", ""Self-Respect"": ""2"", ""Reciprocation of Favors"": ""2"", ""Creativity"": ""2"", ""A World at Peace"": ""2"", ""Respect for Tradition"": ""2"", ""Mature Love"": ""2"", ""Self-Discipline"": ""2"", ""Detachment"": ""2"", ""Family Security"": ""2"", ""Social Recognition"": ""2"", ""Unity With Nature"": ""2"", ""A Varied Life"": ""2"", ""Wisdom"": ""2"", ""Authority"": ""4"", ""True Friendship"": ""2"", ""A World of Beauty"": ""2"", ""Social Justice"": ""2"", ""Independent"": ""2"", ""Moderate"": ""2"", ""Loyal"": ""2"","
589,Germany,National Identity,5,"{""Equality"": ""2"", ""Inner Harmony"": ""3"", ""Social Power"": ""4"", ""Pleasure"": ""3"", ""Freedom"": ""2"", ""A Spiritual Life"": ""3"", ""Sense of Belonging"": ""2"", ""Social Order"": ""2"", ""An Exciting Life"": ""3"", ""Meaning in Life"": ""2"", ""Politeness"": ""2"", ""Wealth"": ""3"", ""National Security"": ""2"", ""Self-Respect"": ""2"", ""Reciprocation of Favors"": ""2"", ""Creativity"": ""3"", ""A World at Peace"": ""2"", ""Respect for Tradition"": ""3"", ""Mature Love"": ""3"", ""Self-Discipline"": ""3"", ""Detachment"": ""3"", ""Family Security"": ""2"", ""Social Recognition"": ""2"", ""Unity With Nature"": ""3"", ""A Varied Life"": ""3"", ""Wisdom"": ""2"", ""Authority"": ""4"", ""True Friendship"": ""2"", ""A World of Beauty"": ""3"", ""Social Justice"": ""2"", ""Independent"": ""2"", ""Moderate"": ""3"", ""Loyal"": ""2"","
590,Germany,National Identity,6,"{""Equality"": ""1"", ""Inner Harmony"": ""1"", ""Social Power"": ""2"", ""Pleasure"": ""2"", ""Freedom"": ""1"", ""A Spiritual Life"": ""2"", ""Sense of Belonging"": ""1"", ""Social Order"": ""2"", ""An Exciting Life"": ""2"", ""Meaning in Life"": ""1"", ""Politeness"": ""2"", ""Wealth"": ""2"", ""National Security"": ""2"", ""Self-Respect"": ""1"", ""Reciprocation of Favors"": ""2"", ""Creativity"": ""2"", ""A World at Peace"": ""1"", ""Respect for Tradition"": ""2"", ""Mature Love"": ""2"", ""Self-Discipline"": ""2"", ""Detachment"": ""2"", ""Family Security"": ""1"", ""Social Recognition"": ""2"", ""Unity With Nature"": ""2"", ""A Varied Life"": ""2"", ""Wisdom"": ""1"", ""Authority"": ""2"", ""True Friendship"": ""2"", ""A World of Beauty"": ""2"", ""Social Justice"": ""1"", ""Independent"": ""2"", ""Moderate"": ""2"", ""Loyal"": ""2"","
591,Germany,National Identity,7,"{""Equality"": ""1"", ""Inner Harmony"": ""1"", ""Social Power"": ""4"", ""Pleasure"": ""4"", ""Freedom"": ""1"", ""A Spiritual Life"": ""4"", ""Sense of Belonging"": ""1"", ""Social Order"": ""1"", ""An Exciting Life"": ""4"", ""Meaning in Life"": ""1"", ""Politeness"": ""1"", ""Wealth"": ""4"", ""National Security"": ""1"", ""Self-Respect"": ""1"", ""Reciprocation of Favors"": ""1"", ""Creativity"": ""4"", ""A World at Peace"": ""1"", ""Respect for Tradition"": ""4"", ""Mature Love"": ""4"", ""Self-Discipline"": ""4"", ""Detachment"": ""4"", ""Family Security"": ""1"", ""Social Recognition"": ""1"", ""Unity With Nature"": ""4"", ""A Varied Life"": ""4"", ""Wisdom"": ""1"", ""Authority"": ""4"", ""True Friendship"": ""1"", ""A World of Beauty"": ""4"", ""Social Justice"": ""1"", ""Independent"": ""4"", ""Moderate"": ""4"", ""Loyal"": ""1"","
592,Germany,Citizenship,0,"{""Equality"": ""2"", ""Inner Harmony"": ""2"", ""Social Power"": ""4"", ""Pleasure"": ""2"", ""Freedom"": ""2"", ""A Spiritual Life"": ""2"", ""Sense of Belonging"": ""2"", ""Social Order"": ""2"", ""An Exciting Life"": ""2"", ""Meaning in Life"": ""2"", ""Politeness"": ""2"", ""Wealth"": ""4"", ""National Security"": ""2"", ""Self-Respect"": ""2"", ""Reciprocation of Favors"": ""2"", ""Creativity"": ""2"", ""A World at Peace"": ""2"", ""Respect for Tradition"": ""2"", ""Mature Love"": ""2"", ""Self-Discipline"": ""2"", ""Detachment"": ""2"", ""Family Security"": ""2"", ""Social Recognition"": ""2"", ""Unity With Nature"": ""2"", ""A Varied Life"": ""2"", ""Wisdom"": ""2"", ""Authority"": ""4"", ""True Friendship"": ""2"", ""A World of Beauty"": ""2"", ""Social Justice"": ""2"", ""Independent"": ""2"", ""Moderate"": ""2"", ""Loyal"": ""2"","
593,Germany,Citizenship,1,"{""Equality"": ""2"", ""Inner Harmony"": ""3"", ""Social Power"": ""4"", ""Pleasure"": ""3"", ""Freedom"": ""2"", ""A Spiritual Life"": ""3"", ""Sense of Belonging"": ""2"", ""Social Order"": ""2"", ""An Exciting Life"": ""3"", ""Meaning in Life"": ""3"", ""Politeness"": ""2"", ""Wealth"": ""3"", ""National Security"": ""2"", ""Self-Respect"": ""2"", ""Reciprocation of Favors"": ""2"", ""Creativity"": ""3"", ""A World at Peace"": ""2"", ""Respect for Tradition"": ""3"", ""Mature Love"": ""3"", ""Self-Discipline"": ""3"", ""Detachment"": ""3"", ""Family Security"": ""2"", ""Social Recognition"": ""2"", ""Unity With Nature"": ""3"", ""A Varied Life"": ""3"", ""Wisdom"": ""3"", ""Authority"": ""4"", ""True Friendship"": ""2"", ""A World of Beauty"": ""3"", ""Social Justice"": ""2"", ""Independent"": ""2"", ""Moderate"": ""2"", ""Loyal"": ""2"","
594,Germany,Citizenship,2,"{""Equality"": ""1"", ""Inner Harmony"": ""1"", ""Social Power"": ""1"", ""Pleasure"": ""1"", ""Freedom"": ""1"", ""A Spiritual Life"": ""1"", ""Sense of Belonging"": ""1"", ""Social Order"": ""1"", ""An Exciting Life"": ""1"", ""Meaning in Life"": ""1"", ""Politeness"": ""1"", ""Wealth"": ""1"", ""National Security"": ""1"", ""Self-Respect"": ""1"", ""Reciprocation of Favors"": ""1"", ""Creativity"": ""1"", ""A World at Peace"": ""1"", ""Respect for Tradition"": ""1"", ""Mature Love"": ""1"", ""Self-Discipline"": ""1"", ""Detachment"": ""1"", ""Family Security"": ""1"", ""Social Recognition"": ""1"", ""Unity With Nature"": ""1"", ""A Varied Life"": ""1"", ""Wisdom"": ""1"", ""Authority"": ""1"", ""True Friendship"": ""1"", ""A World of Beauty"": ""1"", ""Social Justice"": ""1"", ""Independent"": ""1"", ""Moderate"": ""1"", ""Loyal"": ""1"","
595,Germany,Citizenship,3,"{""Equality"": ""2"", ""Inner Harmony"": ""4"", ""Social Power"": ""4"", ""Pleasure"": ""4"", ""Freedom"": ""4"", ""A Spiritual Life"": ""4"", ""Sense of Belonging"": ""4"", ""Social Order"": ""4"", ""An Exciting Life"": ""4"", ""Meaning in Life"": ""4"", ""Politeness"": ""4"", ""Wealth"": ""4"", ""National Security"": ""4"", ""Self-Respect"": ""4"", ""Reciprocation of Favors"": ""4"", ""Creativity"": ""4"", ""A World at Peace"": ""4"", ""Respect for Tradition"": ""4"", ""Mature Love"": ""4"", ""Self-Discipline"": ""4"", ""Detachment"": ""4"", ""Family Security"": ""4"", ""Social Recognition"": ""4"", ""Unity With Nature"": ""4"", ""A Varied Life"": ""4"", ""Wisdom"": ""4"", ""Authority"": ""4"", ""True Friendship"": ""4"", ""A World of Beauty"": ""4"", ""Social Justice"": ""4"", ""Independent"": ""4"", ""Moderate"": ""4"", ""Loyal"": ""4"","
596,Germany,Citizenship,4,"{""Equality"": ""2"", ""Inner Harmony"": ""2"", ""Social Power"": ""4"", ""Pleasure"": ""2"", ""Freedom"": ""2"", ""A Spiritual Life"": ""2"", ""Sense of Belonging"": ""2"", ""Social Order"": ""2"", ""An Exciting Life"": ""2"", ""Meaning in Life"": ""2"", ""Politeness"": ""2"", ""Wealth"": ""4"", ""National Security"": ""2"", ""Self-Respect"": ""2"", ""Reciprocation of Favors"": ""2"", ""Creativity"": ""2"", ""A World at Peace"": ""2"", ""Respect for Tradition"": ""2"", ""Mature Love"": ""2"", ""Self-Discipline"": ""2"", ""Detachment"": ""2"", ""Family Security"": ""2"", ""Social Recognition"": ""2"", ""Unity With Nature"": ""2"", ""A Varied Life"": ""2"", ""Wisdom"": ""2"", ""Authority"": ""4"", ""True Friendship"": ""2"", ""A World of Beauty"": ""2"", ""Social Justice"": ""2"", ""Independent"": ""2"", ""Moderate"": ""2"", ""Loyal"": ""2"","
597,Germany,Citizenship,5,"{""Equality"": ""2"", ""Inner Harmony"": ""3"", ""Social Power"": ""4"", ""Pleasure"": ""3"", ""Freedom"": ""2"", ""A Spiritual Life"": ""3"", ""Sense of Belonging"": ""2"", ""Social Order"": ""2"", ""An Exciting Life"": ""3"", ""Meaning in Life"": ""2"", ""Politeness"": ""2"", ""Wealth"": ""3"", ""National Security"": ""2"", ""Self-Respect"": ""2"", ""Reciprocation of Favors"": ""2"", ""Creativity"": ""3"", ""A World at Peace"": ""2"", ""Respect for Tradition"": ""3"", ""Mature Love"": ""3"", ""Self-Discipline"": ""2"", ""Detachment"": ""3"", ""Family Security"": ""2"", ""Social Recognition"": ""2"", ""Unity With Nature"": ""3"", ""A Varied Life"": ""3"", ""Wisdom"": ""2"", ""Authority"": ""4"", ""True Friendship"": ""2"", ""A World of Beauty"": ""3"", ""Social Justice"": ""2"", ""Independent"": ""2"", ""Moderate"": ""2"", ""Loyal"": ""2"","
598,Germany,Citizenship,6,"{""Equality"": ""2"", ""Inner Harmony"": ""2"", ""Social Power"": ""2"", ""Pleasure"": ""2"", ""Freedom"": ""2"", ""A Spiritual Life"": ""2"", ""Sense of Belonging"": ""2"", ""Social Order"": ""2"", ""An Exciting Life"": ""2"", ""Meaning in Life"": ""2"", ""Politeness"": ""2"", ""Wealth"": ""2"", ""National Security"": ""2"", ""Self-Respect"": ""2"", ""Reciprocation of Favors"": ""2"", ""Creativity"": ""2"", ""A World at Peace"": ""2"", ""Respect for Tradition"": ""2"", ""Mature Love"": ""2"", ""Self-Discipline"": ""2"", ""Detachment"": ""2"", ""Family Security"": ""2"", ""Social Recognition"": ""2"", ""Unity With Nature"": ""2"", ""A Varied Life"": ""2"", ""Wisdom"": ""2"", ""Authority"": ""2"", ""True Friendship"": ""2"", ""A World of Beauty"": ""2"", ""Social Justice"": ""2"", ""Independent"": ""2"", ""Moderate"": ""2"", ""Loyal"": ""2"","
599,Germany,Citizenship,7,"{""Equality"": ""1"", ""Inner Harmony"": ""1"", ""Social Power"": ""1"", ""Pleasure"": ""1"", ""Freedom"": ""1"", ""A Spiritual Life"": ""1"", ""Sense of Belonging"": ""1"", ""Social Order"": ""1"", ""An Exciting Life"": ""1"", ""Meaning in Life"": ""1"", ""Politeness"": ""1"", ""Wealth"": ""1"", ""National Security"": ""1"", ""Self-Respect"": ""1"", ""Reciprocation of Favors"": ""1"", ""Creativity"": ""1"", ""A World at Peace"": ""1"", ""Respect for Tradition"": ""1"", ""Mature Love"": ""1"", ""Self-Discipline"": ""1"", ""Detachment"": ""1"", ""Family Security"": ""1"", ""Social Recognition"": ""1"", ""Unity With Nature"": ""1"", ""A Varied Life"": ""1"", ""Wisdom"": ""1"", ""Authority"": ""1"", ""True Friendship"": ""1"", ""A World of Beauty"": ""1"", ""Social Justice"": ""1"", ""Independent"": ""1"", ""Moderate"": ""1"", ""Loyal"": ""1"","
600,Germany,Leisure Time and Sports,0,"{""Equality"": ""2"", ""Inner Harmony"": ""2"", ""Social Power"": ""4"", ""Pleasure"": ""2"", ""Freedom"": ""2"", ""A Spiritual Life"": ""2"", ""Sense of Belonging"": ""2"", ""Social Order"": ""2"", ""An Exciting Life"": ""2"", ""Meaning in Life"": ""2"", ""Politeness"": ""2"", ""Wealth"": ""4"", ""National Security"": ""2"", ""Self-Respect"": ""2"", ""Reciprocation of Favors"": ""2"", ""Creativity"": ""2"", ""A World at Peace"": ""2"", ""Respect for Tradition"": ""2"", ""Mature Love"": ""2"", ""Self-Discipline"": ""2"", ""Detachment"": ""2"", ""Family Security"": ""2"", ""Social Recognition"": ""2"", ""Unity With Nature"": ""2"", ""A Varied Life"": ""2"", ""Wisdom"": ""2"", ""Authority"": ""4"", ""True Friendship"": ""2"", ""A World of Beauty"": ""2"", ""Social Justice"": ""2"", ""Independent"": ""2"", ""Moderate"": ""2"", ""Loyal"": ""2"","
601,Germany,Leisure Time and Sports,1,"{""Equality"": ""2"", ""Inner Harmony"": ""2"", ""Social Power"": ""4"", ""Pleasure"": ""2"", ""Freedom"": ""2"", ""A Spiritual Life"": ""2"", ""Sense of Belonging"": ""2"", ""Social Order"": ""2"", ""An Exciting Life"": ""2"", ""Meaning in Life"": ""2"", ""Politeness"": ""2"", ""Wealth"": ""4"", ""National Security"": ""2"", ""Self-Respect"": ""2"", ""Reciprocation of Favors"": ""2"", ""Creativity"": ""2"", ""A World at Peace"": ""2"", ""Respect for Tradition"": ""2"", ""Mature Love"": ""2"", ""Self-Discipline"": ""2"", ""Detachment"": ""2"", ""Family Security"": ""2"", ""Social Recognition"": ""2"", ""Unity With Nature"": ""2"", ""A Varied Life"": ""2"", ""Wisdom"": ""2"", ""Authority"": ""4"", ""True Friendship"": ""2"", ""A World of Beauty"": ""2"", ""Social Justice"": ""2"", ""Independent"": ""2"", ""Moderate"": ""2"", ""Loyal"": ""2"","
602,Germany,Leisure Time and Sports,2,"{""Equality"": ""1"", ""Inner Harmony"": ""1"", ""Social Power"": ""1"", ""Pleasure"": ""1"", ""Freedom"": ""1"", ""A Spiritual Life"": ""1"", ""Sense of Belonging"": ""1"", ""Social Order"": ""1"", ""An Exciting Life"": ""1"", ""Meaning in Life"": ""1"", ""Politeness"": ""1"", ""Wealth"": ""1"", ""National Security"": ""1"", ""Self-Respect"": ""1"", ""Reciprocation of Favors"": ""1"", ""Creativity"": ""1"", ""A World at Peace"": ""1"", ""Respect for Tradition"": ""1"", ""Mature Love"": ""1"", ""Self-Discipline"": ""1"", ""Detachment"": ""1"", ""Family Security"": ""1"", ""Social Recognition"": ""1"", ""Unity With Nature"": ""1"", ""A Varied Life"": ""1"", ""Wisdom"": ""1"", ""Authority"": ""1"", ""True Friendship"": ""1"", ""A World of Beauty"": ""1"", ""Social Justice"": ""1"", ""Independent"": ""1"", ""Moderate"": ""1"", ""Loyal"": ""1"","
603,Germany,Leisure Time and Sports,3,"{""Equality"": ""2"", ""Inner Harmony"": ""2"", ""Social Power"": ""4"", ""Pleasure"": ""2"", ""Freedom"": ""2"", ""A Spiritual Life"": ""4"", ""Sense of Belonging"": ""2"", ""Social Order"": ""2"", ""An Exciting Life"": ""2"", ""Meaning in Life"": ""2"", ""Politeness"": ""2"", ""Wealth"": ""4"", ""National Security"": ""4"", ""Self-Respect"": ""2"", ""Reciprocation of Favors"": ""2"", ""Creativity"": ""2"", ""A World at Peace"": ""2"", ""Respect for Tradition"": ""4"", ""Mature Love"": ""4"", ""Self-Discipline"": ""4"", ""Detachment"": ""4"", ""Family Security"": ""2"", ""Social Recognition"": ""2"", ""Unity With Nature"": ""4"", ""A Varied Life"": ""2"", ""Wisdom"": ""2"", ""Authority"": ""4"", ""True Friendship"": ""2"", ""A World of Beauty"": ""2"", ""Social Justice"": ""2"", ""Independent"": ""2"", ""Moderate"": ""2"", ""Loyal"": ""2"","
604,Germany,Leisure Time and Sports,4,"{""Equality"": ""2"", ""Inner Harmony"": ""2"", ""Social Power"": ""4"", ""Pleasure"": ""2"", ""Freedom"": ""2"", ""A Spiritual Life"": ""2"", ""Sense of Belonging"": ""2"", ""Social Order"": ""2"", ""An Exciting Life"": ""2"", ""Meaning in Life"": ""2"", ""Politeness"": ""2"", ""Wealth"": ""4"", ""National Security"": ""4"", ""Self-Respect"": ""2"", ""Reciprocation of Favors"": ""2"", ""Creativity"": ""2"", ""A World at Peace"": ""2"", ""Respect for Tradition"": ""2"", ""Mature Love"": ""2"", ""Self-Discipline"": ""2"", ""Detachment"": ""2"", ""Family Security"": ""2"", ""Social Recognition"": ""2"", ""Unity With Nature"": ""2"", ""A Varied Life"": ""2"", ""Wisdom"": ""2"", ""Authority"": ""4"", ""True Friendship"": ""2"", ""A World of Beauty"": ""2"", ""Social Justice"": ""2"", ""Independent"": ""2"", ""Moderate"": ""2"", ""Loyal"": ""2"","
605,Germany,Leisure Time and Sports,5,"{""Equality"": ""2"", ""Inner Harmony"": ""2"", ""Social Power"": ""4"", ""Pleasure"": ""2"", ""Freedom"": ""2"", ""A Spiritual Life"": ""2"", ""Sense of Belonging"": ""2"", ""Social Order"": ""2"", ""An Exciting Life"": ""2"", ""Meaning in Life"": ""2"", ""Politeness"": ""2"", ""Wealth"": ""4"", ""National Security"": ""2"", ""Self-Respect"": ""2"", ""Reciprocation of Favors"": ""2"", ""Creativity"": ""2"", ""A World at Peace"": ""2"", ""Respect for Tradition"": ""2"", ""Mature Love"": ""2"", ""Self-Discipline"": ""2"", ""Detachment"": ""2"", ""Family Security"": ""2"", ""Social Recognition"": ""2"", ""Unity With Nature"": ""2"", ""A Varied Life"": ""2"", ""Wisdom"": ""2"", ""Authority"": ""4"", ""True Friendship"": ""2"", ""A World of Beauty"": ""2"", ""Social Justice"": ""2"", ""Independent"": ""2"", ""Moderate"": ""2"", ""Loyal"": ""2"","
606,Germany,Leisure Time and Sports,6,"{""Equality"": ""2"", ""Inner Harmony"": ""2"", ""Social Power"": ""2"", ""Pleasure"": ""2"", ""Freedom"": ""2"", ""A Spiritual Life"": ""2"", ""Sense of Belonging"": ""2"", ""Social Order"": ""2"", ""An Exciting Life"": ""2"", ""Meaning in Life"": ""2"", ""Politeness"": ""2"", ""Wealth"": ""2"", ""National Security"": ""2"", ""Self-Respect"": ""2"", ""Reciprocation of Favors"": ""2"", ""Creativity"": ""2"", ""A World at Peace"": ""2"", ""Respect for Tradition"": ""2"", ""Mature Love"": ""2"", ""Self-Discipline"": ""2"", ""Detachment"": ""2"", ""Family Security"": ""2"", ""Social Recognition"": ""2"", ""Unity With Nature"": ""2"", ""A Varied Life"": ""2"", ""Wisdom"": ""2"", ""Authority"": ""2"", ""True Friendship"": ""2"", ""A World of Beauty"": ""2"", ""Social Justice"": ""2"", ""Independent"": ""2"", ""Moderate"": ""2"", ""Loyal"": ""2"","
607,Germany,Leisure Time and Sports,7,"{""Equality"": ""2"", ""Inner Harmony"": ""2"", ""Social Power"": ""4"", ""Pleasure"": ""2"", ""Freedom"": ""2"", ""A Spiritual Life"": ""4"", ""Sense of Belonging"": ""2"", ""Social Order"": ""2"", ""An Exciting Life"": ""2"", ""Meaning in Life"": ""2"", ""Politeness"": ""2"", ""Wealth"": ""4"", ""National Security"": ""4"", ""Self-Respect"": ""2"", ""Reciprocation of Favors"": ""2"", ""Creativity"": ""4"", ""A World at Peace"": ""2"", ""Respect for Tradition"": ""4"", ""Mature Love"": ""4"", ""Self-Discipline"": ""4"", ""Detachment"": ""4"", ""Family Security"": ""2"", ""Social Recognition"": ""2"", ""Unity With Nature"": ""4"", ""A Varied Life"": ""2"", ""Wisdom"": ""2"", ""Authority"": ""4"", ""True Friendship"": ""2"", ""A World of Beauty"": ""2"", ""Social Justice"": ""2"", ""Independent"": ""4"", ""Moderate"": ""4"", ""Loyal"": ""2"","
608,Germany,Health and Health Care,0,"{""Equality"": ""2"", ""Inner Harmony"": ""2"", ""Social Power"": ""4"", ""Pleasure"": ""2"", ""Freedom"": ""2"", ""A Spiritual Life"": ""2"", ""Sense of Belonging"": ""2"", ""Social Order"": ""2"", ""An Exciting Life"": ""2"", ""Meaning in Life"": ""2"", ""Politeness"": ""2"", ""Wealth"": ""4"", ""National Security"": ""2"", ""Self-Respect"": ""2"", ""Reciprocation of Favors"": ""2"", ""Creativity"": ""2"", ""A World at Peace"": ""2"", ""Respect for Tradition"": ""2"", ""Mature Love"": ""2"", ""Self-Discipline"": ""2"", ""Detachment"": ""2"", ""Family Security"": ""2"", ""Social Recognition"": ""2"", ""Unity With Nature"": ""2"", ""A Varied Life"": ""2"", ""Wisdom"": ""2"", ""Authority"": ""4"", ""True Friendship"": ""2"", ""A World of Beauty"": ""2"", ""Social Justice"": ""2"", ""Independent"": ""2"", ""Moderate"": ""2"", ""Loyal"": ""2"","
609,Germany,Health and Health Care,1,"{""Equality"": ""2"", ""Inner Harmony"": ""2"", ""Social Power"": ""4"", ""Pleasure"": ""2"", ""Freedom"": ""2"", ""A Spiritual Life"": ""2"", ""Sense of Belonging"": ""2"", ""Social Order"": ""2"", ""An Exciting Life"": ""2"", ""Meaning in Life"": ""2"", ""Politeness"": ""2"", ""Wealth"": ""4"", ""National Security"": ""2"", ""Self-Respect"": ""2"", ""Reciprocation of Favors"": ""2"", ""Creativity"": ""2"", ""A World at Peace"": ""2"", ""Respect for Tradition"": ""2"", ""Mature Love"": ""2"", ""Self-Discipline"": ""2"", ""Detachment"": ""2"", ""Family Security"": ""2"", ""Social Recognition"": ""2"", ""Unity With Nature"": ""2"", ""A Varied Life"": ""2"", ""Wisdom"": ""2"", ""Authority"": ""4"", ""True Friendship"": ""2"", ""A World of Beauty"": ""2"", ""Social Justice"": ""2"", ""Independent"": ""2"", ""Moderate"": ""2"", ""Loyal"": ""2"","
610,Germany,Health and Health Care,2,"{""Equality"": ""1"", ""Inner Harmony"": ""1"", ""Social Power"": ""1"", ""Pleasure"": ""1"", ""Freedom"": ""1"", ""A Spiritual Life"": ""1"", ""Sense of Belonging"": ""1"", ""Social Order"": ""1"", ""An Exciting Life"": ""1"", ""Meaning in Life"": ""1"", ""Politeness"": ""1"", ""Wealth"": ""1"", ""National Security"": ""1"", ""Self-Respect"": ""1"", ""Reciprocation of Favors"": ""1"", ""Creativity"": ""1"", ""A World at Peace"": ""1"", ""Respect for Tradition"": ""1"", ""Mature Love"": ""1"", ""Self-Discipline"": ""1"", ""Detachment"": ""1"", ""Family Security"": ""1"", ""Social Recognition"": ""1"", ""Unity With Nature"": ""1"", ""A Varied Life"": ""1"", ""Wisdom"": ""1"", ""Authority"": ""1"", ""True Friendship"": ""1"", ""A World of Beauty"": ""1"", ""Social Justice"": ""1"", ""Independent"": ""1"", ""Moderate"": ""1"", ""Loyal"": ""1"","
611,Germany,Health and Health Care,3,"{""Equality"": ""2"", ""Inner Harmony"": ""2"", ""Social Power"": ""4"", ""Pleasure"": ""2"", ""Freedom"": ""2"", ""A Spiritual Life"": ""4"", ""Sense of Belonging"": ""2"", ""Social Order"": ""2"", ""An Exciting Life"": ""4"", ""Meaning in Life"": ""2"", ""Politeness"": ""2"", ""Wealth"": ""4"", ""National Security"": ""2"", ""Self-Respect"": ""2"", ""Reciprocation of Favors"": ""2"", ""Creativity"": ""4"", ""A World at Peace"": ""2"", ""Respect for Tradition"": ""4"", ""Mature Love"": ""4"", ""Self-Discipline"": ""4"", ""Detachment"": ""4"", ""Family Security"": ""2"", ""Social Recognition"": ""2"", ""Unity With Nature"": ""4"", ""A Varied Life"": ""4"", ""Wisdom"": ""2"", ""Authority"": ""4"", ""True Friendship"": ""2"", ""A World of Beauty"": ""4"", ""Social Justice"": ""2"", ""Independent"": ""4"", ""Moderate"": ""4"", ""Loyal"": ""2"","
612,Germany,Health and Health Care,4,"{""Equality"": ""2"", ""Inner Harmony"": ""2"", ""Social Power"": ""4"", ""Pleasure"": ""2"", ""Freedom"": ""2"", ""A Spiritual Life"": ""2"", ""Sense of Belonging"": ""2"", ""Social Order"": ""2"", ""An Exciting Life"": ""2"", ""Meaning in Life"": ""2"", ""Politeness"": ""2"", ""Wealth"": ""4"", ""National Security"": ""2"", ""Self-Respect"": ""2"", ""Reciprocation of Favors"": ""2"", ""Creativity"": ""2"", ""A World at Peace"": ""2"", ""Respect for Tradition"": ""2"", ""Mature Love"": ""2"", ""Self-Discipline"": ""2"", ""Detachment"": ""2"", ""Family Security"": ""2"", ""Social Recognition"": ""2"", ""Unity With Nature"": ""2"", ""A Varied Life"": ""2"", ""Wisdom"": ""2"", ""Authority"": ""4"", ""True Friendship"": ""2"", ""A World of Beauty"": ""2"", ""Social Justice"": ""2"", ""Independent"": ""2"", ""Moderate"": ""2"", ""Loyal"": ""2"","
613,Germany,Health and Health Care,5,"{""Equality"": ""3"", ""Inner Harmony"": ""3"", ""Social Power"": ""4"", ""Pleasure"": ""3"", ""Freedom"": ""3"", ""A Spiritual Life"": ""3"", ""Sense of Belonging"": ""3"", ""Social Order"": ""3"", ""An Exciting Life"": ""3"", ""Meaning in Life"": ""3"", ""Politeness"": ""3"", ""Wealth"": ""3"", ""National Security"": ""3"", ""Self-Respect"": ""3"", ""Reciprocation of Favors"": ""3"", ""Creativity"": ""3"", ""A World at Peace"": ""3"", ""Respect for Tradition"": ""3"", ""Mature Love"": ""3"", ""Self-Discipline"": ""3"", ""Detachment"": ""3"", ""Family Security"": ""3"", ""Social Recognition"": ""3"", ""Unity With Nature"": ""3"", ""A Varied Life"": ""3"", ""Wisdom"": ""3"", ""Authority"": ""3"", ""True Friendship"": ""3"", ""A World of Beauty"": ""3"", ""Social Justice"": ""3"", ""Independent"": ""3"", ""Moderate"": ""3"", ""Loyal"": ""3"","
614,Germany,Health and Health Care,6,"{""Equality"": ""2"", ""Inner Harmony"": ""2"", ""Social Power"": ""3"", ""Pleasure"": ""2"", ""Freedom"": ""2"", ""A Spiritual Life"": ""3"", ""Sense of Belonging"": ""2"", ""Social Order"": ""2"", ""An Exciting Life"": ""3"", ""Meaning in Life"": ""2"", ""Politeness"": ""2"", ""Wealth"": ""3"", ""National Security"": ""2"", ""Self-Respect"": ""2"", ""Reciprocation of Favors"": ""2"", ""Creativity"": ""3"", ""A World at Peace"": ""2"", ""Respect for Tradition"": ""2"", ""Mature Love"": ""3"", ""Self-Discipline"": ""2"", ""Detachment"": ""3"", ""Family Security"": ""2"", ""Social Recognition"": ""2"", ""Unity With Nature"": ""2"", ""A Varied Life"": ""3"", ""Wisdom"": ""2"", ""Authority"": ""3"", ""True Friendship"": ""2"", ""A World of Beauty"": ""2"", ""Social Justice"": ""2"", ""Independent"": ""2"", ""Moderate"": ""2"", ""Loyal"": ""2"","
615,Germany,Health and Health Care,7,"{""Equality"": ""1"", ""Inner Harmony"": ""1"", ""Social Power"": ""1"", ""Pleasure"": ""1"", ""Freedom"": ""1"", ""A Spiritual Life"": ""1"", ""Sense of Belonging"": ""1"", ""Social Order"": ""1"", ""An Exciting Life"": ""1"", ""Meaning in Life"": ""1"", ""Politeness"": ""1"", ""Wealth"": ""1"", ""National Security"": ""1"", ""Self-Respect"": ""1"", ""Reciprocation of Favors"": ""1"", ""Creativity"": ""1"", ""A World at Peace"": ""1"", ""Respect for Tradition"": ""1"", ""Mature Love"": ""1"", ""Self-Discipline"": ""1"", ""Detachment"": ""1"", ""Family Security"": ""1"", ""Social Recognition"": ""1"", ""Unity With Nature"": ""1"", ""A Varied Life"": ""1"", ""Wisdom"": ""1"", ""Authority"": ""1"", ""True Friendship"": ""1"", ""A World of Beauty"": ""1"", ""Social Justice"": ""1"", ""Independent"": ""1"", ""Moderate"": ""1"", ""Loyal"": ""1"","
616,Uganda,Politics,0,"{""Equality"": ""2"", ""Inner Harmony"": ""2"", ""Social Power"": ""4"", ""Pleasure"": ""2"", ""Freedom"": ""2"", ""A Spiritual Life"": ""2"", ""Sense of Belonging"": ""2"", ""Social Order"": ""2"", ""An Exciting Life"": ""2"", ""Meaning in Life"": ""2"", ""Politeness"": ""2"", ""Wealth"": ""4"", ""National Security"": ""2"", ""Self-Respect"": ""2"", ""Reciprocation of Favors"": ""2"", ""Creativity"": ""2"", ""A World at Peace"": ""2"", ""Respect for Tradition"": ""2"", ""Mature Love"": ""2"", ""Self-Discipline"": ""2"", ""Detachment"": ""2"", ""Family Security"": ""2"", ""Social Recognition"": ""2"", ""Unity With Nature"": ""2"", ""A Varied Life"": ""2"", ""Wisdom"": ""2"", ""Authority"": ""4"", ""True Friendship"": ""2"", ""A World of Beauty"": ""2"", ""Social Justice"": ""2"", ""Independent"": ""2"", ""Moderate"": ""2"", ""Loyal"": ""2"","
617,Uganda,Politics,1,"{""Equality"": ""2"", ""Inner Harmony"": ""2"", ""Social Power"": ""4"", ""Pleasure"": ""2"", ""Freedom"": ""2"", ""A Spiritual Life"": ""2"", ""Sense of Belonging"": ""2"", ""Social Order"": ""2"", ""An Exciting Life"": ""2"", ""Meaning in Life"": ""2"", ""Politeness"": ""2"", ""Wealth"": ""2"", ""National Security"": ""2"", ""Self-Respect"": ""2"", ""Reciprocation of Favors"": ""2"", ""Creativity"": ""2"", ""A World at Peace"": ""2"", ""Respect for Tradition"": ""2"", ""Mature Love"": ""2"", ""Self-Discipline"": ""2"", ""Detachment"": ""2"", ""Family Security"": ""2"", ""Social Recognition"": ""2"", ""Unity With Nature"": ""2"", ""A Varied Life"": ""2"", ""Wisdom"": ""2"", ""Authority"": ""4"", ""True Friendship"": ""2"", ""A World of Beauty"": ""2"", ""Social Justice"": ""2"", ""Independent"": ""2"", ""Moderate"": ""2"", ""Loyal"": ""2"","
618,Uganda,Politics,2,"{""Equality"": ""1"", ""Inner Harmony"": ""1"", ""Social Power"": ""2"", ""Pleasure"": ""2"", ""Freedom"": ""1"", ""A Spiritual Life"": ""1"", ""Sense of Belonging"": ""2"", ""Social Order"": ""2"", ""An Exciting Life"": ""2"", ""Meaning in Life"": ""1"", ""Politeness"": ""2"", ""Wealth"": ""2"", ""National Security"": ""2"", ""Self-Respect"": ""1"", ""Reciprocation of Favors"": ""2"", ""Creativity"": ""2"", ""A World at Peace"": ""1"", ""Respect for Tradition"": ""2"", ""Mature Love"": ""2"", ""Self-Discipline"": ""2"", ""Detachment"": ""2"", ""Family Security"": ""2"", ""Social Recognition"": ""2"", ""Unity With Nature"": ""2"", ""A Varied Life"": ""2"", ""Wisdom"": ""1"", ""Authority"": ""2"", ""True Friendship"": ""2"", ""A World of Beauty"": ""2"", ""Social Justice"": ""2"", ""Independent"": ""2"", ""Moderate"": ""2"", ""Loyal"": ""2"","
619,Uganda,Politics,3,"{""Equality"": ""1"", ""Inner Harmony"": ""1"", ""Social Power"": ""4"", ""Pleasure"": ""1"", ""Freedom"": ""1"", ""A Spiritual Life"": ""1"", ""Sense of Belonging"": ""1"", ""Social Order"": ""1"", ""An Exciting Life"": ""1"", ""Meaning in Life"": ""1"", ""Politeness"": ""1"", ""Wealth"": ""4"", ""National Security"": ""1"", ""Self-Respect"": ""1"", ""Reciprocation of Favors"": ""1"", ""Creativity"": ""1"", ""A World at Peace"": ""1"", ""Respect for Tradition"": ""1"", ""Mature Love"": ""1"", ""Self-Discipline"": ""1"", ""Detachment"": ""1"", ""Family Security"": ""1"", ""Social Recognition"": ""1"", ""Unity With Nature"": ""1"", ""A Varied Life"": ""1"", ""Wisdom"": ""1"", ""Authority"": ""4"", ""True Friendship"": ""1"", ""A World of Beauty"": ""1"", ""Social Justice"": ""1"", ""Independent"": ""1"", ""Moderate"": ""1"", ""Loyal"": ""1"","
620,Uganda,Politics,4,"{""Equality"": ""2"", ""Inner Harmony"": ""2"", ""Social Power"": ""4"", ""Pleasure"": ""2"", ""Freedom"": ""2"", ""A Spiritual Life"": ""2"", ""Sense of Belonging"": ""2"", ""Social Order"": ""2"", ""An Exciting Life"": ""2"", ""Meaning in Life"": ""2"", ""Politeness"": ""2"", ""Wealth"": ""2"", ""National Security"": ""2"", ""Self-Respect"": ""2"", ""Reciprocation of Favors"": ""2"", ""Creativity"": ""2"", ""A World at Peace"": ""2"", ""Respect for Tradition"": ""2"", ""Mature Love"": ""2"", ""Self-Discipline"": ""2"", ""Detachment"": ""2"", ""Family Security"": ""2"", ""Social Recognition"": ""2"", ""Unity With Nature"": ""2"", ""A Varied Life"": ""2"", ""Wisdom"": ""2"", ""Authority"": ""4"", ""True Friendship"": ""2"", ""A World of Beauty"": ""2"", ""Social Justice"": ""2"", ""Independent"": ""2"", ""Moderate"": ""2"", ""Loyal"": ""2"","
621,Uganda,Politics,5,"{""Equality"": ""2"", ""Inner Harmony"": ""2"", ""Social Power"": ""4"", ""Pleasure"": ""2"", ""Freedom"": ""2"", ""A Spiritual Life"": ""2"", ""Sense of Belonging"": ""2"", ""Social Order"": ""2"", ""An Exciting Life"": ""2"", ""Meaning in Life"": ""2"", ""Politeness"": ""2"", ""Wealth"": ""2"", ""National Security"": ""2"", ""Self-Respect"": ""2"", ""Reciprocation of Favors"": ""2"", ""Creativity"": ""2"", ""A World at Peace"": ""2"", ""Respect for Tradition"": ""2"", ""Mature Love"": ""2"", ""Self-Discipline"": ""2"", ""Detachment"": ""2"", ""Family Security"": ""2"", ""Social Recognition"": ""2"", ""Unity With Nature"": ""2"", ""A Varied Life"": ""2"", ""Wisdom"": ""2"", ""Authority"": ""4"", ""True Friendship"": ""2"", ""A World of Beauty"": ""2"", ""Social Justice"": ""2"", ""Independent"": ""2"", ""Moderate"": ""2"", ""Loyal"": ""2"","
622,Uganda,Politics,6,"{""Equality"": ""2"", ""Inner Harmony"": ""2"", ""Social Power"": ""2"", ""Pleasure"": ""2"", ""Freedom"": ""2"", ""A Spiritual Life"": ""2"", ""Sense of Belonging"": ""2"", ""Social Order"": ""2"", ""An Exciting Life"": ""2"", ""Meaning in Life"": ""2"", ""Politeness"": ""2"", ""Wealth"": ""2"", ""National Security"": ""2"", ""Self-Respect"": ""2"", ""Reciprocation of Favors"": ""2"", ""Creativity"": ""2"", ""A World at Peace"": ""2"", ""Respect for Tradition"": ""2"", ""Mature Love"": ""2"", ""Self-Discipline"": ""2"", ""Detachment"": ""2"", ""Family Security"": ""2"", ""Social Recognition"": ""2"", ""Unity With Nature"": ""2"", ""A Varied Life"": ""2"", ""Wisdom"": ""2"", ""Authority"": ""2"", ""True Friendship"": ""2"", ""A World of Beauty"": ""2"", ""Social Justice"": ""2"", ""Independent"": ""2"", ""Moderate"": ""2"", ""Loyal"": ""2"","
623,Uganda,Politics,7,"{""Equality"": ""1"", ""Inner Harmony"": ""1"", ""Social Power"": ""1"", ""Pleasure"": ""1"", ""Freedom"": ""1"", ""A Spiritual Life"": ""1"", ""Sense of Belonging"": ""1"", ""Social Order"": ""1"", ""An Exciting Life"": ""1"", ""Meaning in Life"": ""1"", ""Politeness"": ""1"", ""Wealth"": ""1"", ""National Security"": ""1"", ""Self-Respect"": ""1"", ""Reciprocation of Favors"": ""1"", ""Creativity"": ""1"", ""A World at Peace"": ""1"", ""Respect for Tradition"": ""1"", ""Mature Love"": ""1"", ""Self-Discipline"": ""1"", ""Detachment"": ""1"", ""Family Security"": ""1"", ""Social Recognition"": ""1"", ""Unity With Nature"": ""1"", ""A Varied Life"": ""1"", ""Wisdom"": ""1"", ""Authority"": ""1"", ""True Friendship"": ""1"", ""A World of Beauty"": ""1"", ""Social Justice"": ""1"", ""Independent"": ""1"", ""Moderate"": ""1"", ""Loyal"": ""1"","
624,Uganda,Social Networks,0,"{""Equality"": ""2"", ""Inner Harmony"": ""2"", ""Social Power"": ""4"", ""Pleasure"": ""2"", ""Freedom"": ""2"", ""A Spiritual Life"": ""2"", ""Sense of Belonging"": ""2"", ""Social Order"": ""2"", ""An Exciting Life"": ""2"", ""Meaning in Life"": ""2"", ""Politeness"": ""2"", ""Wealth"": ""4"", ""National Security"": ""2"", ""Self-Respect"": ""2"", ""Reciprocation of Favors"": ""2"", ""Creativity"": ""2"", ""A World at Peace"": ""2"", ""Respect for Tradition"": ""2"", ""Mature Love"": ""2"", ""Self-Discipline"": ""2"", ""Detachment"": ""2"", ""Family Security"": ""2"", ""Social Recognition"": ""2"", ""Unity With Nature"": ""2"", ""A Varied Life"": ""2"", ""Wisdom"": ""2"", ""Authority"": ""4"", ""True Friendship"": ""2"", ""A World of Beauty"": ""2"", ""Social Justice"": ""2"", ""Independent"": ""2"", ""Moderate"": ""2"", ""Loyal"": ""2"","
625,Uganda,Social Networks,1,"{""Equality"": ""2"", ""Inner Harmony"": ""2"", ""Social Power"": ""4"", ""Pleasure"": ""2"", ""Freedom"": ""2"", ""A Spiritual Life"": ""2"", ""Sense of Belonging"": ""2"", ""Social Order"": ""2"", ""An Exciting Life"": ""2"", ""Meaning in Life"": ""2"", ""Politeness"": ""2"", ""Wealth"": ""4"", ""National Security"": ""2"", ""Self-Respect"": ""2"", ""Reciprocation of Favors"": ""2"", ""Creativity"": ""2"", ""A World at Peace"": ""2"", ""Respect for Tradition"": ""2"", ""Mature Love"": ""2"", ""Self-Discipline"": ""2"", ""Detachment"": ""2"", ""Family Security"": ""2"", ""Social Recognition"": ""2"", ""Unity With Nature"": ""2"", ""A Varied Life"": ""2"", ""Wisdom"": ""2"", ""Authority"": ""4"", ""True Friendship"": ""2"", ""A World of Beauty"": ""2"", ""Social Justice"": ""2"", ""Independent"": ""2"", ""Moderate"": ""2"", ""Loyal"": ""2"","
626,Uganda,Social Networks,2,"{""Equality"": ""1"", ""Inner Harmony"": ""1"", ""Social Power"": ""1"", ""Pleasure"": ""1"", ""Freedom"": ""1"", ""A Spiritual Life"": ""1"", ""Sense of Belonging"": ""1"", ""Social Order"": ""1"", ""An Exciting Life"": ""1"", ""Meaning in Life"": ""1"", ""Politeness"": ""1"", ""Wealth"": ""1"", ""National Security"": ""1"", ""Self-Respect"": ""1"", ""Reciprocation of Favors"": ""1"", ""Creativity"": ""1"", ""A World at Peace"": ""1"", ""Respect for Tradition"": ""1"", ""Mature Love"": ""1"", ""Self-Discipline"": ""1"", ""Detachment"": ""1"", ""Family Security"": ""1"", ""Social Recognition"": ""1"", ""Unity With Nature"": ""1"", ""A Varied Life"": ""1"", ""Wisdom"": ""1"", ""Authority"": ""1"", ""True Friendship"": ""1"", ""A World of Beauty"": ""1"", ""Social Justice"": ""1"", ""Independent"": ""1"", ""Moderate"": ""1"", ""Loyal"": ""1"","
627,Uganda,Social Networks,3,"{""Equality"": ""2"", ""Inner Harmony"": ""2"", ""Social Power"": ""4"", ""Pleasure"": ""2"", ""Freedom"": ""2"", ""A Spiritual Life"": ""2"", ""Sense of Belonging"": ""2"", ""Social Order"": ""2"", ""An Exciting Life"": ""2"", ""Meaning in Life"": ""2"", ""Politeness"": ""2"", ""Wealth"": ""4"", ""National Security"": ""2"", ""Self-Respect"": ""2"", ""Reciprocation of Favors"": ""2"", ""Creativity"": ""2"", ""A World at Peace"": ""2"", ""Respect for Tradition"": ""2"", ""Mature Love"": ""2"", ""Self-Discipline"": ""2"", ""Detachment"": ""2"", ""Family Security"": ""2"", ""Social Recognition"": ""2"", ""Unity With Nature"": ""2"", ""A Varied Life"": ""2"", ""Wisdom"": ""2"", ""Authority"": ""4"", ""True Friendship"": ""2"", ""A World of Beauty"": ""2"", ""Social Justice"": ""2"", ""Independent"": ""2"", ""Moderate"": ""2"", ""Loyal"": ""2"","
628,Uganda,Social Networks,4,"{""Equality"": ""2"", ""Inner Harmony"": ""2"", ""Social Power"": ""4"", ""Pleasure"": ""2"", ""Freedom"": ""2"", ""A Spiritual Life"": ""2"", ""Sense of Belonging"": ""2"", ""Social Order"": ""2"", ""An Exciting Life"": ""2"", ""Meaning in Life"": ""2"", ""Politeness"": ""2"", ""Wealth"": ""4"", ""National Security"": ""4"", ""Self-Respect"": ""2"", ""Reciprocation of Favors"": ""2"", ""Creativity"": ""2"", ""A World at Peace"": ""2"", ""Respect for Tradition"": ""2"", ""Mature Love"": ""2"", ""Self-Discipline"": ""2"", ""Detachment"": ""2"", ""Family Security"": ""2"", ""Social Recognition"": ""2"", ""Unity With Nature"": ""2"", ""A Varied Life"": ""2"", ""Wisdom"": ""2"", ""Authority"": ""4"", ""True Friendship"": ""2"", ""A World of Beauty"": ""2"", ""Social Justice"": ""2"", ""Independent"": ""2"", ""Moderate"": ""2"", ""Loyal"": ""2"","
629,Uganda,Social Networks,5,"{""Equality"": ""3"", ""Inner Harmony"": ""3"", ""Social Power"": ""3"", ""Pleasure"": ""3"", ""Freedom"": ""3"", ""A Spiritual Life"": ""3"", ""Sense of Belonging"": ""3"", ""Social Order"": ""3"", ""An Exciting Life"": ""3"", ""Meaning in Life"": ""3"", ""Politeness"": ""3"", ""Wealth"": ""3"", ""National Security"": ""3"", ""Self-Respect"": ""3"", ""Reciprocation of Favors"": ""3"", ""Creativity"": ""3"", ""A World at Peace"": ""3"", ""Respect for Tradition"": ""3"", ""Mature Love"": ""3"", ""Self-Discipline"": ""3"", ""Detachment"": ""3"", ""Family Security"": ""3"", ""Social Recognition"": ""3"", ""Unity With Nature"": ""3"", ""A Varied Life"": ""3"", ""Wisdom"": ""3"", ""Authority"": ""3"", ""True Friendship"": ""3"", ""A World of Beauty"": ""3"", ""Social Justice"": ""3"", ""Independent"": ""3"", ""Moderate"": ""3"", ""Loyal"": ""3"","
630,Uganda,Social Networks,6,"{""Equality"": ""1"", ""Inner Harmony"": ""1"", ""Social Power"": ""1"", ""Pleasure"": ""1"", ""Freedom"": ""1"", ""A Spiritual Life"": ""1"", ""Sense of Belonging"": ""1"", ""Social Order"": ""1"", ""An Exciting Life"": ""1"", ""Meaning in Life"": ""1"", ""Politeness"": ""1"", ""Wealth"": ""1"", ""National Security"": ""1"", ""Self-Respect"": ""1"", ""Reciprocation of Favors"": ""1"", ""Creativity"": ""1"", ""A World at Peace"": ""1"", ""Respect for Tradition"": ""1"", ""Mature Love"": ""1"", ""Self-Discipline"": ""1"", ""Detachment"": ""1"", ""Family Security"": ""1"", ""Social Recognition"": ""1"", ""Unity With Nature"": ""1"", ""A Varied Life"": ""1"", ""Wisdom"": ""1"", ""Authority"": ""1"", ""True Friendship"": ""1"", ""A World of Beauty"": ""1"", ""Social Justice"": ""1"", ""Independent"": ""1"", ""Moderate"": ""1"", ""Loyal"": ""1"","
631,Uganda,Social Networks,7,"{""Equality"": ""1"", ""Inner Harmony"": ""1"", ""Social Power"": ""1"", ""Pleasure"": ""1"", ""Freedom"": ""1"", ""A Spiritual Life"": ""1"", ""Sense of Belonging"": ""1"", ""Social Order"": ""1"", ""An Exciting Life"": ""1"", ""Meaning in Life"": ""1"", ""Politeness"": ""1"", ""Wealth"": ""1"", ""National Security"": ""1"", ""Self-Respect"": ""1"", ""Reciprocation of Favors"": ""1"", ""Creativity"": ""1"", ""A World at Peace"": ""1"", ""Respect for Tradition"": ""1"", ""Mature Love"": ""1"", ""Self-Discipline"": ""1"", ""Detachment"": ""1"", ""Family Security"": ""1"", ""Social Recognition"": ""1"", ""Unity With Nature"": ""1"", ""A Varied Life"": ""1"", ""Wisdom"": ""1"", ""Authority"": ""1"", ""True Friendship"": ""1"", ""A World of Beauty"": ""1"", ""Social Justice"": ""1"", ""Independent"": ""1"", ""Moderate"": ""1"", ""Loyal"": ""1"","
632,Uganda,Social Inequality,0,"{""Equality"": ""2"", ""Inner Harmony"": ""2"", ""Social Power"": ""4"", ""Pleasure"": ""2"", ""Freedom"": ""2"", ""A Spiritual Life"": ""2"", ""Sense of Belonging"": ""2"", ""Social Order"": ""2"", ""An Exciting Life"": ""2"", ""Meaning in Life"": ""2"", ""Politeness"": ""2"", ""Wealth"": ""4"", ""National Security"": ""2"", ""Self-Respect"": ""2"", ""Reciprocation of Favors"": ""2"", ""Creativity"": ""2"", ""A World at Peace"": ""2"", ""Respect for Tradition"": ""2"", ""Mature Love"": ""2"", ""Self-Discipline"": ""2"", ""Detachment"": ""2"", ""Family Security"": ""2"", ""Social Recognition"": ""2"", ""Unity With Nature"": ""2"", ""A Varied Life"": ""2"", ""Wisdom"": ""2"", ""Authority"": ""4"", ""True Friendship"": ""2"", ""A World of Beauty"": ""2"", ""Social Justice"": ""2"", ""Independent"": ""2"", ""Moderate"": ""2"", ""Loyal"": ""2"","
633,Uganda,Social Inequality,1,"{""Equality"": ""2"", ""Inner Harmony"": ""3"", ""Social Power"": ""4"", ""Pleasure"": ""3"", ""Freedom"": ""2"", ""A Spiritual Life"": ""3"", ""Sense of Belonging"": ""2"", ""Social Order"": ""2"", ""An Exciting Life"": ""3"", ""Meaning in Life"": ""3"", ""Politeness"": ""2"", ""Wealth"": ""3"", ""National Security"": ""2"", ""Self-Respect"": ""2"", ""Reciprocation of Favors"": ""2"", ""Creativity"": ""3"", ""A World at Peace"": ""2"", ""Respect for Tradition"": ""3"", ""Mature Love"": ""3"", ""Self-Discipline"": ""3"", ""Detachment"": ""3"", ""Family Security"": ""2"", ""Social Recognition"": ""2"", ""Unity With Nature"": ""3"", ""A Varied Life"": ""3"", ""Wisdom"": ""3"", ""Authority"": ""4"", ""True Friendship"": ""2"", ""A World of Beauty"": ""3"", ""Social Justice"": ""2"", ""Independent"": ""2"", ""Moderate"": ""3"", ""Loyal"": ""2"","
634,Uganda,Social Inequality,2,"{""Equality"": ""1"", ""Inner Harmony"": ""1"", ""Social Power"": ""1"", ""Pleasure"": ""1"", ""Freedom"": ""1"", ""A Spiritual Life"": ""1"", ""Sense of Belonging"": ""1"", ""Social Order"": ""1"", ""An Exciting Life"": ""1"", ""Meaning in Life"": ""1"", ""Politeness"": ""1"", ""Wealth"": ""1"", ""National Security"": ""1"", ""Self-Respect"": ""1"", ""Reciprocation of Favors"": ""1"", ""Creativity"": ""1"", ""A World at Peace"": ""1"", ""Respect for Tradition"": ""1"", ""Mature Love"": ""1"", ""Self-Discipline"": ""1"", ""Detachment"": ""1"", ""Family Security"": ""1"", ""Social Recognition"": ""1"", ""Unity With Nature"": ""1"", ""A Varied Life"": ""1"", ""Wisdom"": ""1"", ""Authority"": ""1"", ""True Friendship"": ""1"", ""A World of Beauty"": ""1"", ""Social Justice"": ""1"", ""Independent"": ""1"", ""Moderate"": ""1"", ""Loyal"": ""1"","
635,Uganda,Social Inequality,3,"{""Equality"": ""2"", ""Inner Harmony"": ""2"", ""Social Power"": ""4"", ""Pleasure"": ""2"", ""Freedom"": ""2"", ""A Spiritual Life"": ""2"", ""Sense of Belonging"": ""2"", ""Social Order"": ""2"", ""An Exciting Life"": ""2"", ""Meaning in Life"": ""2"", ""Politeness"": ""2"", ""Wealth"": ""4"", ""National Security"": ""2"", ""Self-Respect"": ""2"", ""Reciprocation of Favors"": ""2"", ""Creativity"": ""2"", ""A World at Peace"": ""2"", ""Respect for Tradition"": ""2"", ""Mature Love"": ""2"", ""Self-Discipline"": ""2"", ""Detachment"": ""2"", ""Family Security"": ""2"", ""Social Recognition"": ""2"", ""Unity With Nature"": ""2"", ""A Varied Life"": ""2"", ""Wisdom"": ""2"", ""Authority"": ""4"", ""True Friendship"": ""2"", ""A World of Beauty"": ""2"", ""Social Justice"": ""2"", ""Independent"": ""2"", ""Moderate"": ""2"", ""Loyal"": ""2"","
636,Uganda,Social Inequality,4,"{""Equality"": ""2"", ""Inner Harmony"": ""2"", ""Social Power"": ""4"", ""Pleasure"": ""2"", ""Freedom"": ""2"", ""A Spiritual Life"": ""2"", ""Sense of Belonging"": ""2"", ""Social Order"": ""2"", ""An Exciting Life"": ""2"", ""Meaning in Life"": ""2"", ""Politeness"": ""2"", ""Wealth"": ""4"", ""National Security"": ""2"", ""Self-Respect"": ""2"", ""Reciprocation of Favors"": ""2"", ""Creativity"": ""2"", ""A World at Peace"": ""2"", ""Respect for Tradition"": ""2"", ""Mature Love"": ""2"", ""Self-Discipline"": ""2"", ""Detachment"": ""2"", ""Family Security"": ""2"", ""Social Recognition"": ""2"", ""Unity With Nature"": ""2"", ""A Varied Life"": ""2"", ""Wisdom"": ""2"", ""Authority"": ""4"", ""True Friendship"": ""2"", ""A World of Beauty"": ""2"", ""Social Justice"": ""2"", ""Independent"": ""2"", ""Moderate"": ""2"", ""Loyal"": ""2"","
637,Uganda,Social Inequality,5,"{""Equality"": ""2"", ""Inner Harmony"": ""3"", ""Social Power"": ""4"", ""Pleasure"": ""3"", ""Freedom"": ""2"", ""A Spiritual Life"": ""3"", ""Sense of Belonging"": ""2"", ""Social Order"": ""3"", ""An Exciting Life"": ""3"", ""Meaning in Life"": ""3"", ""Politeness"": ""3"", ""Wealth"": ""3"", ""National Security"": ""3"", ""Self-Respect"": ""2"", ""Reciprocation of Favors"": ""3"", ""Creativity"": ""3"", ""A World at Peace"": ""2"", ""Respect for Tradition"": ""3"", ""Mature Love"": ""3"", ""Self-Discipline"": ""3"", ""Detachment"": ""3"", ""Family Security"": ""2"", ""Social Recognition"": ""3"", ""Unity With Nature"": ""3"", ""A Varied Life"": ""3"", ""Wisdom"": ""3"", ""Authority"": ""4"", ""True Friendship"": ""3"", ""A World of Beauty"": ""3"", ""Social Justice"": ""2"", ""Independent"": ""3"", ""Moderate"": ""3"", ""Loyal"": ""3"","
638,Uganda,Social Inequality,6,"{""Equality"": ""1"", ""Inner Harmony"": ""1"", ""Social Power"": ""4"", ""Pleasure"": ""1"", ""Freedom"": ""1"", ""A Spiritual Life"": ""1"", ""Sense of Belonging"": ""1"", ""Social Order"": ""1"", ""An Exciting Life"": ""1"", ""Meaning in Life"": ""1"", ""Politeness"": ""1"", ""Wealth"": ""4"", ""National Security"": ""1"", ""Self-Respect"": ""1"", ""Reciprocation of Favors"": ""1"", ""Creativity"": ""1"", ""A World at Peace"": ""1"", ""Respect for Tradition"": ""1"", ""Mature Love"": ""1"", ""Self-Discipline"": ""1"", ""Detachment"": ""1"", ""Family Security"": ""1"", ""Social Recognition"": ""1"", ""Unity With Nature"": ""1"", ""A Varied Life"": ""1"", ""Wisdom"": ""1"", ""Authority"": ""4"", ""True Friendship"": ""1"", ""A World of Beauty"": ""1"", ""Social Justice"": ""1"", ""Independent"": ""1"", ""Moderate"": ""1"", ""Loyal"": ""1"","
639,Uganda,Social Inequality,7,"{""Equality"": ""1"", ""Inner Harmony"": ""1"", ""Social Power"": ""4"", ""Pleasure"": ""1"", ""Freedom"": ""1"", ""A Spiritual Life"": ""1"", ""Sense of Belonging"": ""1"", ""Social Order"": ""1"", ""An Exciting Life"": ""1"", ""Meaning in Life"": ""1"", ""Politeness"": ""1"", ""Wealth"": ""4"", ""National Security"": ""1"", ""Self-Respect"": ""1"", ""Reciprocation of Favors"": ""1"", ""Creativity"": ""1"", ""A World at Peace"": ""1"", ""Respect for Tradition"": ""4"", ""Mature Love"": ""1"", ""Self-Discipline"": ""1"", ""Detachment"": ""1"", ""Family Security"": ""1"", ""Social Recognition"": ""1"", ""Unity With Nature"": ""1"", ""A Varied Life"": ""1"", ""Wisdom"": ""1"", ""Authority"": ""4"", ""True Friendship"": ""1"", ""A World of Beauty"": ""1"", ""Social Justice"": ""1"", ""Independent"": ""1"", ""Moderate"": ""1"", ""Loyal"": ""1"","
640,Uganda,Family & Changing Gender Roles,0,"{""Equality"": ""2"", ""Inner Harmony"": ""2"", ""Social Power"": ""4"", ""Pleasure"": ""2"", ""Freedom"": ""2"", ""A Spiritual Life"": ""2"", ""Sense of Belonging"": ""2"", ""Social Order"": ""2"", ""An Exciting Life"": ""2"", ""Meaning in Life"": ""2"", ""Politeness"": ""2"", ""Wealth"": ""4"", ""National Security"": ""2"", ""Self-Respect"": ""2"", ""Reciprocation of Favors"": ""2"", ""Creativity"": ""2"", ""A World at Peace"": ""2"", ""Respect for Tradition"": ""2"", ""Mature Love"": ""2"", ""Self-Discipline"": ""2"", ""Detachment"": ""2"", ""Family Security"": ""2"", ""Social Recognition"": ""2"", ""Unity With Nature"": ""2"", ""A Varied Life"": ""2"", ""Wisdom"": ""2"", ""Authority"": ""4"", ""True Friendship"": ""2"", ""A World of Beauty"": ""2"", ""Social Justice"": ""2"", ""Independent"": ""2"", ""Moderate"": ""2"", ""Loyal"": ""2"","
641,Uganda,Family & Changing Gender Roles,1,"{""Equality"": ""2"", ""Inner Harmony"": ""2"", ""Social Power"": ""4"", ""Pleasure"": ""2"", ""Freedom"": ""2"", ""A Spiritual Life"": ""2"", ""Sense of Belonging"": ""2"", ""Social Order"": ""2"", ""An Exciting Life"": ""2"", ""Meaning in Life"": ""2"", ""Politeness"": ""2"", ""Wealth"": ""2"", ""National Security"": ""2"", ""Self-Respect"": ""2"", ""Reciprocation of Favors"": ""2"", ""Creativity"": ""2"", ""A World at Peace"": ""2"", ""Respect for Tradition"": ""2"", ""Mature Love"": ""2"", ""Self-Discipline"": ""2"", ""Detachment"": ""2"", ""Family Security"": ""2"", ""Social Recognition"": ""2"", ""Unity With Nature"": ""2"", ""A Varied Life"": ""2"", ""Wisdom"": ""2"", ""Authority"": ""4"", ""True Friendship"": ""2"", ""A World of Beauty"": ""2"", ""Social Justice"": ""2"", ""Independent"": ""2"", ""Moderate"": ""2"", ""Loyal"": ""2"","
642,Uganda,Family & Changing Gender Roles,2,"{""Equality"": ""1"", ""Inner Harmony"": ""1"", ""Social Power"": ""2"", ""Pleasure"": ""1"", ""Freedom"": ""1"", ""A Spiritual Life"": ""2"", ""Sense of Belonging"": ""1"", ""Social Order"": ""2"", ""An Exciting Life"": ""2"", ""Meaning in Life"": ""1"", ""Politeness"": ""2"", ""Wealth"": ""2"", ""National Security"": ""2"", ""Self-Respect"": ""1"", ""Reciprocation of Favors"": ""2"", ""Creativity"": ""2"", ""A World at Peace"": ""1"", ""Respect for Tradition"": ""2"", ""Mature Love"": ""2"", ""Self-Discipline"": ""2"", ""Detachment"": ""2"", ""Family Security"": ""1"", ""Social Recognition"": ""2"", ""Unity With Nature"": ""2"", ""A Varied Life"": ""2"", ""Wisdom"": ""2"", ""Authority"": ""2"", ""True Friendship"": ""2"", ""A World of Beauty"": ""2"", ""Social Justice"": ""1"", ""Independent"": ""2"", ""Moderate"": ""2"", ""Loyal"": ""2"","
643,Uganda,Family & Changing Gender Roles,3,"{""Equality"": ""2"", ""Inner Harmony"": ""2"", ""Social Power"": ""4"", ""Pleasure"": ""2"", ""Freedom"": ""2"", ""A Spiritual Life"": ""2"", ""Sense of Belonging"": ""2"", ""Social Order"": ""2"", ""An Exciting Life"": ""2"", ""Meaning in Life"": ""2"", ""Politeness"": ""2"", ""Wealth"": ""2"", ""National Security"": ""2"", ""Self-Respect"": ""2"", ""Reciprocation of Favors"": ""2"", ""Creativity"": ""2"", ""A World at Peace"": ""2"", ""Respect for Tradition"": ""2"", ""Mature Love"": ""2"", ""Self-Discipline"": ""2"", ""Detachment"": ""2"", ""Family Security"": ""2"", ""Social Recognition"": ""2"", ""Unity With Nature"": ""2"", ""A Varied Life"": ""2"", ""Wisdom"": ""2"", ""Authority"": ""2"", ""True Friendship"": ""2"", ""A World of Beauty"": ""2"", ""Social Justice"": ""2"", ""Independent"": ""2"", ""Moderate"": ""2"", ""Loyal"": ""2"","
644,Uganda,Family & Changing Gender Roles,4,"{""Equality"": ""2"", ""Inner Harmony"": ""2"", ""Social Power"": ""4"", ""Pleasure"": ""2"", ""Freedom"": ""2"", ""A Spiritual Life"": ""2"", ""Sense of Belonging"": ""2"", ""Social Order"": ""2"", ""An Exciting Life"": ""2"", ""Meaning in Life"": ""2"", ""Politeness"": ""2"", ""Wealth"": ""4"", ""National Security"": ""2"", ""Self-Respect"": ""2"", ""Reciprocation of Favors"": ""2"", ""Creativity"": ""2"", ""A World at Peace"": ""2"", ""Respect for Tradition"": ""2"", ""Mature Love"": ""2"", ""Self-Discipline"": ""2"", ""Detachment"": ""2"", ""Family Security"": ""2"", ""Social Recognition"": ""2"", ""Unity With Nature"": ""2"", ""A Varied Life"": ""2"", ""Wisdom"": ""2"", ""Authority"": ""4"", ""True Friendship"": ""2"", ""A World of Beauty"": ""2"", ""Social Justice"": ""2"", ""Independent"": ""2"", ""Moderate"": ""2"", ""Loyal"": ""2"","
645,Uganda,Family & Changing Gender Roles,5,"{""Equality"": ""3"", ""Inner Harmony"": ""3"", ""Social Power"": ""3"", ""Pleasure"": ""3"", ""Freedom"": ""3"", ""A Spiritual Life"": ""3"", ""Sense of Belonging"": ""3"", ""Social Order"": ""3"", ""An Exciting Life"": ""3"", ""Meaning in Life"": ""3"", ""Politeness"": ""3"", ""Wealth"": ""3"", ""National Security"": ""3"", ""Self-Respect"": ""3"", ""Reciprocation of Favors"": ""3"", ""Creativity"": ""3"", ""A World at Peace"": ""3"", ""Respect for Tradition"": ""3"", ""Mature Love"": ""3"", ""Self-Discipline"": ""3"", ""Detachment"": ""3"", ""Family Security"": ""3"", ""Social Recognition"": ""3"", ""Unity With Nature"": ""3"", ""A Varied Life"": ""3"", ""Wisdom"": ""3"", ""Authority"": ""3"", ""True Friendship"": ""3"", ""A World of Beauty"": ""3"", ""Social Justice"": ""3"", ""Independent"": ""3"", ""Moderate"": ""3"", ""Loyal"": ""3"","
646,Uganda,Family & Changing Gender Roles,6,"{""Equality"": ""2"", ""Inner Harmony"": ""2"", ""Social Power"": ""3"", ""Pleasure"": ""2"", ""Freedom"": ""2"", ""A Spiritual Life"": ""3"", ""Sense of Belonging"": ""2"", ""Social Order"": ""3"", ""An Exciting Life"": ""2"", ""Meaning in Life"": ""2"", ""Politeness"": ""2"", ""Wealth"": ""3"", ""National Security"": ""3"", ""Self-Respect"": ""2"", ""Reciprocation of Favors"": ""2"", ""Creativity"": ""2"", ""A World at Peace"": ""2"", ""Respect for Tradition"": ""3"", ""Mature Love"": ""2"", ""Self-Discipline"": ""2"", ""Detachment"": ""3"", ""Family Security"": ""2"", ""Social Recognition"": ""2"", ""Unity With Nature"": ""3"", ""A Varied Life"": ""2"", ""Wisdom"": ""2"", ""Authority"": ""3"", ""True Friendship"": ""2"", ""A World of Beauty"": ""2"", ""Social Justice"": ""2"", ""Independent"": ""2"", ""Moderate"": ""2"", ""Loyal"": ""2"","
647,Uganda,Family & Changing Gender Roles,7,"{""Equality"": ""2"", ""Inner Harmony"": ""2"", ""Social Power"": ""2"", ""Pleasure"": ""2"", ""Freedom"": ""2"", ""A Spiritual Life"": ""2"", ""Sense of Belonging"": ""2"", ""Social Order"": ""2"", ""An Exciting Life"": ""2"", ""Meaning in Life"": ""2"", ""Politeness"": ""2"", ""Wealth"": ""2"", ""National Security"": ""2"", ""Self-Respect"": ""2"", ""Reciprocation of Favors"": ""2"", ""Creativity"": ""2"", ""A World at Peace"": ""2"", ""Respect for Tradition"": ""2"", ""Mature Love"": ""2"", ""Self-Discipline"": ""2"", ""Detachment"": ""2"", ""Family Security"": ""2"", ""Social Recognition"": ""2"", ""Unity With Nature"": ""2"", ""A Varied Life"": ""2"", ""Wisdom"": ""2"", ""Authority"": ""2"", ""True Friendship"": ""2"", ""A World of Beauty"": ""2"", ""Social Justice"": ""2"", ""Independent"": ""2"", ""Moderate"": ""2"", ""Loyal"": ""2"","
648,Uganda,Work Orientation,0,"{""Equality"": ""2"", ""Inner Harmony"": ""2"", ""Social Power"": ""4"", ""Pleasure"": ""2"", ""Freedom"": ""2"", ""A Spiritual Life"": ""2"", ""Sense of Belonging"": ""2"", ""Social Order"": ""2"", ""An Exciting Life"": ""2"", ""Meaning in Life"": ""2"", ""Politeness"": ""2"", ""Wealth"": ""4"", ""National Security"": ""2"", ""Self-Respect"": ""2"", ""Reciprocation of Favors"": ""2"", ""Creativity"": ""2"", ""A World at Peace"": ""2"", ""Respect for Tradition"": ""2"", ""Mature Love"": ""2"", ""Self-Discipline"": ""2"", ""Detachment"": ""2"", ""Family Security"": ""2"", ""Social Recognition"": ""2"", ""Unity With Nature"": ""2"", ""A Varied Life"": ""2"", ""Wisdom"": ""2"", ""Authority"": ""4"", ""True Friendship"": ""2"", ""A World of Beauty"": ""2"", ""Social Justice"": ""2"", ""Independent"": ""2"", ""Moderate"": ""2"", ""Loyal"": ""2"","
649,Uganda,Work Orientation,1,"{""Equality"": ""2"", ""Inner Harmony"": ""2"", ""Social Power"": ""4"", ""Pleasure"": ""2"", ""Freedom"": ""2"", ""A Spiritual Life"": ""2"", ""Sense of Belonging"": ""2"", ""Social Order"": ""2"", ""An Exciting Life"": ""2"", ""Meaning in Life"": ""2"", ""Politeness"": ""2"", ""Wealth"": ""4"", ""National Security"": ""2"", ""Self-Respect"": ""2"", ""Reciprocation of Favors"": ""2"", ""Creativity"": ""2"", ""A World at Peace"": ""2"", ""Respect for Tradition"": ""2"", ""Mature Love"": ""2"", ""Self-Discipline"": ""2"", ""Detachment"": ""2"", ""Family Security"": ""2"", ""Social Recognition"": ""2"", ""Unity With Nature"": ""2"", ""A Varied Life"": ""2"", ""Wisdom"": ""2"", ""Authority"": ""4"", ""True Friendship"": ""2"", ""A World of Beauty"": ""2"", ""Social Justice"": ""2"", ""Independent"": ""2"", ""Moderate"": ""2"", ""Loyal"": ""2"","
650,Uganda,Work Orientation,2,"{""Equality"": ""1"", ""Inner Harmony"": ""1"", ""Social Power"": ""1"", ""Pleasure"": ""1"", ""Freedom"": ""1"", ""A Spiritual Life"": ""1"", ""Sense of Belonging"": ""1"", ""Social Order"": ""1"", ""An Exciting Life"": ""1"", ""Meaning in Life"": ""1"", ""Politeness"": ""1"", ""Wealth"": ""1"", ""National Security"": ""1"", ""Self-Respect"": ""1"", ""Reciprocation of Favors"": ""1"", ""Creativity"": ""1"", ""A World at Peace"": ""1"", ""Respect for Tradition"": ""1"", ""Mature Love"": ""1"", ""Self-Discipline"": ""1"", ""Detachment"": ""1"", ""Family Security"": ""1"", ""Social Recognition"": ""1"", ""Unity With Nature"": ""1"", ""A Varied Life"": ""1"", ""Wisdom"": ""1"", ""Authority"": ""1"", ""True Friendship"": ""1"", ""A World of Beauty"": ""1"", ""Social Justice"": ""1"", ""Independent"": ""1"", ""Moderate"": ""1"", ""Loyal"": ""1"","
651,Uganda,Work Orientation,3,"{""Equality"": ""1"", ""Inner Harmony"": ""1"", ""Social Power"": ""4"", ""Pleasure"": ""1"", ""Freedom"": ""1"", ""A Spiritual Life"": ""1"", ""Sense of Belonging"": ""1"", ""Social Order"": ""1"", ""An Exciting Life"": ""1"", ""Meaning in Life"": ""1"", ""Politeness"": ""1"", ""Wealth"": ""4"", ""National Security"": ""1"", ""Self-Respect"": ""1"", ""Reciprocation of Favors"": ""1"", ""Creativity"": ""1"", ""A World at Peace"": ""1"", ""Respect for Tradition"": ""1"", ""Mature Love"": ""1"", ""Self-Discipline"": ""1"", ""Detachment"": ""1"", ""Family Security"": ""1"", ""Social Recognition"": ""1"", ""Unity With Nature"": ""1"", ""A Varied Life"": ""1"", ""Wisdom"": ""1"", ""Authority"": ""4"", ""True Friendship"": ""1"", ""A World of Beauty"": ""1"", ""Social Justice"": ""1"", ""Independent"": ""1"", ""Moderate"": ""1"", ""Loyal"": ""1"","
652,Uganda,Work Orientation,4,"{""Equality"": ""2"", ""Inner Harmony"": ""2"", ""Social Power"": ""4"", ""Pleasure"": ""2"", ""Freedom"": ""2"", ""A Spiritual Life"": ""2"", ""Sense of Belonging"": ""2"", ""Social Order"": ""2"", ""An Exciting Life"": ""2"", ""Meaning in Life"": ""2"", ""Politeness"": ""2"", ""Wealth"": ""4"", ""National Security"": ""2"", ""Self-Respect"": ""2"", ""Reciprocation of Favors"": ""2"", ""Creativity"": ""2"", ""A World at Peace"": ""2"", ""Respect for Tradition"": ""2"", ""Mature Love"": ""2"", ""Self-Discipline"": ""2"", ""Detachment"": ""2"", ""Family Security"": ""2"", ""Social Recognition"": ""2"", ""Unity With Nature"": ""2"", ""A Varied Life"": ""2"", ""Wisdom"": ""2"", ""Authority"": ""4"", ""True Friendship"": ""2"", ""A World of Beauty"": ""2"", ""Social Justice"": ""2"", ""Independent"": ""2"", ""Moderate"": ""2"", ""Loyal"": ""2"","
653,Uganda,Work Orientation,5,"{""Equality"": ""2"", ""Inner Harmony"": ""2"", ""Social Power"": ""4"", ""Pleasure"": ""2"", ""Freedom"": ""2"", ""A Spiritual Life"": ""2"", ""Sense of Belonging"": ""2"", ""Social Order"": ""2"", ""An Exciting Life"": ""2"", ""Meaning in Life"": ""2"", ""Politeness"": ""2"", ""Wealth"": ""4"", ""National Security"": ""2"", ""Self-Respect"": ""2"", ""Reciprocation of Favors"": ""2"", ""Creativity"": ""2"", ""A World at Peace"": ""2"", ""Respect for Tradition"": ""2"", ""Mature Love"": ""2"", ""Self-Discipline"": ""2"", ""Detachment"": ""2"", ""Family Security"": ""2"", ""Social Recognition"": ""2"", ""Unity With Nature"": ""2"", ""A Varied Life"": ""2"", ""Wisdom"": ""2"", ""Authority"": ""4"", ""True Friendship"": ""2"", ""A World of Beauty"": ""2"", ""Social Justice"": ""2"", ""Independent"": ""2"", ""Moderate"": ""2"", ""Loyal"": ""2"","
654,Uganda,Work Orientation,6,"{
""Equality"": ""2"",
""Inner Harmony"": ""2"",
""Social Power"": ""2"",
""Pleasure"": ""2"",
""Freedom"": ""2"",
""A Spiritual Life"": ""2"",
""Sense of Belonging"": ""2"",
""Social Order"": ""2"",
""An Exciting Life"": ""2"",
""Meaning in Life"": ""2"",
""Politeness"": ""2"",
""Wealth"": ""2"",
""National Security"": ""2"",
""Self-Respect"": ""2"",
""Reciprocation of Favors"": ""2"",
""Creativity"": ""2"",
""A World at Peace"": ""2"",
""Respect for Tradition"": ""2"",
""Mature Love"": ""2"",
""Self-Discipline"": ""2"",
""Detachment"": ""2"",
""Family Security"": ""2"",
""Social Recognition"": ""2"",
""Unity With Nature"": ""2"",
""A Varied Life"": ""2"",
""Wisdom"": ""2"",
""Authority"": ""2"",
""True Friendship"": ""2"",
""A World of Beauty"": ""2"",
""Social Justice"": ""2"",
""Independent"": ""2"",
""Moderate"": ""2"",
""Loyal"": ""2"",
""Ambitious"": ""2"","
655,Uganda,Work Orientation,7,"{""Equality"": ""1"", ""Inner Harmony"": ""1"", ""Social Power"": ""1"", ""Pleasure"": ""1"", ""Freedom"": ""1"", ""A Spiritual Life"": ""1"", ""Sense of Belonging"": ""1"", ""Social Order"": ""1"", ""An Exciting Life"": ""1"", ""Meaning in Life"": ""1"", ""Politeness"": ""1"", ""Wealth"": ""1"", ""National Security"": ""1"", ""Self-Respect"": ""1"", ""Reciprocation of Favors"": ""1"", ""Creativity"": ""1"", ""A World at Peace"": ""1"", ""Respect for Tradition"": ""1"", ""Mature Love"": ""1"", ""Self-Discipline"": ""1"", ""Detachment"": ""1"", ""Family Security"": ""1"", ""Social Recognition"": ""1"", ""Unity With Nature"": ""1"", ""A Varied Life"": ""1"", ""Wisdom"": ""1"", ""Authority"": ""1"", ""True Friendship"": ""1"", ""A World of Beauty"": ""1"", ""Social Justice"": ""1"", ""Independent"": ""1"", ""Moderate"": ""1"", ""Loyal"": ""1"","
656,Uganda,Religion,0,"{""Equality"": ""2"", ""Inner Harmony"": ""2"", ""Social Power"": ""4"", ""Pleasure"": ""2"", ""Freedom"": ""2"", ""A Spiritual Life"": ""2"", ""Sense of Belonging"": ""2"", ""Social Order"": ""2"", ""An Exciting Life"": ""2"", ""Meaning in Life"": ""2"", ""Politeness"": ""2"", ""Wealth"": ""4"", ""National Security"": ""2"", ""Self-Respect"": ""2"", ""Reciprocation of Favors"": ""2"", ""Creativity"": ""2"", ""A World at Peace"": ""2"", ""Respect for Tradition"": ""2"", ""Mature Love"": ""2"", ""Self-Discipline"": ""2"", ""Detachment"": ""2"", ""Family Security"": ""2"", ""Social Recognition"": ""2"", ""Unity With Nature"": ""2"", ""A Varied Life"": ""2"", ""Wisdom"": ""2"", ""Authority"": ""4"", ""True Friendship"": ""2"", ""A World of Beauty"": ""2"", ""Social Justice"": ""2"", ""Independent"": ""2"", ""Moderate"": ""2"", ""Loyal"": ""2"","
657,Uganda,Religion,1,"{""Equality"": ""2"", ""Inner Harmony"": ""3"", ""Social Power"": ""4"", ""Pleasure"": ""3"", ""Freedom"": ""2"", ""A Spiritual Life"": ""1"", ""Sense of Belonging"": ""2"", ""Social Order"": ""2"", ""An Exciting Life"": ""3"", ""Meaning in Life"": ""1"", ""Politeness"": ""2"", ""Wealth"": ""3"", ""National Security"": ""2"", ""Self-Respect"": ""2"", ""Reciprocation of Favors"": ""2"", ""Creativity"": ""3"", ""A World at Peace"": ""1"", ""Respect for Tradition"": ""2"", ""Mature Love"": ""3"", ""Self-Discipline"": ""2"", ""Detachment"": ""3"", ""Family Security"": ""2"", ""Social Recognition"": ""2"", ""Unity With Nature"": ""3"", ""A Varied Life"": ""3"", ""Wisdom"": ""2"", ""Authority"": ""4"", ""True Friendship"": ""2"", ""A World of Beauty"": ""3"", ""Social Justice"": ""2"", ""Independent"": ""2"", ""Moderate"": ""2"", ""Loyal"": ""2"","
658,Uganda,Religion,2,"{""Equality"": ""2"", ""Inner Harmony"": ""2"", ""Social Power"": ""2"", ""Pleasure"": ""2"", ""Freedom"": ""2"", ""A Spiritual Life"": ""2"", ""Sense of Belonging"": ""2"", ""Social Order"": ""2"", ""An Exciting Life"": ""2"", ""Meaning in Life"": ""2"", ""Politeness"": ""2"", ""Wealth"": ""2"", ""National Security"": ""2"", ""Self-Respect"": ""2"", ""Reciprocation of Favors"": ""2"", ""Creativity"": ""2"", ""A World at Peace"": ""2"", ""Respect for Tradition"": ""2"", ""Mature Love"": ""2"", ""Self-Discipline"": ""2"", ""Detachment"": ""2"", ""Family Security"": ""2"", ""Social Recognition"": ""2"", ""Unity With Nature"": ""2"", ""A Varied Life"": ""2"", ""Wisdom"": ""2"", ""Authority"": ""2"", ""True Friendship"": ""2"", ""A World of Beauty"": ""2"", ""Social Justice"": ""2"", ""Independent"": ""2"", ""Moderate"": ""2"", ""Loyal"": ""2"","
659,Uganda,Religion,3,"{""Equality"": ""1"", ""Inner Harmony"": ""1"", ""Social Power"": ""4"", ""Pleasure"": ""1"", ""Freedom"": ""1"", ""A Spiritual Life"": ""1"", ""Sense of Belonging"": ""1"", ""Social Order"": ""1"", ""An Exciting Life"": ""1"", ""Meaning in Life"": ""1"", ""Politeness"": ""1"", ""Wealth"": ""4"", ""National Security"": ""1"", ""Self-Respect"": ""1"", ""Reciprocation of Favors"": ""1"", ""Creativity"": ""1"", ""A World at Peace"": ""1"", ""Respect for Tradition"": ""1"", ""Mature Love"": ""1"", ""Self-Discipline"": ""1"", ""Detachment"": ""1"", ""Family Security"": ""1"", ""Social Recognition"": ""1"", ""Unity With Nature"": ""1"", ""A Varied Life"": ""1"", ""Wisdom"": ""1"", ""Authority"": ""4"", ""True Friendship"": ""1"", ""A World of Beauty"": ""1"", ""Social Justice"": ""1"", ""Independent"": ""1"", ""Moderate"": ""1"", ""Loyal"": ""1"","
660,Uganda,Religion,4,"{""Equality"": ""2"", ""Inner Harmony"": ""2"", ""Social Power"": ""4"", ""Pleasure"": ""2"", ""Freedom"": ""2"", ""A Spiritual Life"": ""2"", ""Sense of Belonging"": ""2"", ""Social Order"": ""2"", ""An Exciting Life"": ""2"", ""Meaning in Life"": ""2"", ""Politeness"": ""2"", ""Wealth"": ""4"", ""National Security"": ""2"", ""Self-Respect"": ""2"", ""Reciprocation of Favors"": ""2"", ""Creativity"": ""2"", ""A World at Peace"": ""2"", ""Respect for Tradition"": ""2"", ""Mature Love"": ""2"", ""Self-Discipline"": ""2"", ""Detachment"": ""2"", ""Family Security"": ""2"", ""Social Recognition"": ""2"", ""Unity With Nature"": ""2"", ""A Varied Life"": ""2"", ""Wisdom"": ""2"", ""Authority"": ""4"", ""True Friendship"": ""2"", ""A World of Beauty"": ""2"", ""Social Justice"": ""2"", ""Independent"": ""2"", ""Moderate"": ""2"", ""Loyal"": ""2"","
661,Uganda,Religion,5,"{""Equality"": ""2"", ""Inner Harmony"": ""2"", ""Social Power"": ""4"", ""Pleasure"": ""2"", ""Freedom"": ""2"", ""A Spiritual Life"": ""2"", ""Sense of Belonging"": ""2"", ""Social Order"": ""2"", ""An Exciting Life"": ""2"", ""Meaning in Life"": ""2"", ""Politeness"": ""2"", ""Wealth"": ""4"", ""National Security"": ""2"", ""Self-Respect"": ""2"", ""Reciprocation of Favors"": ""2"", ""Creativity"": ""2"", ""A World at Peace"": ""2"", ""Respect for Tradition"": ""2"", ""Mature Love"": ""2"", ""Self-Discipline"": ""2"", ""Detachment"": ""2"", ""Family Security"": ""2"", ""Social Recognition"": ""2"", ""Unity With Nature"": ""2"", ""A Varied Life"": ""2"", ""Wisdom"": ""2"", ""Authority"": ""4"", ""True Friendship"": ""2"", ""A World of Beauty"": ""2"", ""Social Justice"": ""2"", ""Independent"": ""2"", ""Moderate"": ""2"", ""Loyal"": ""2"","
662,Uganda,Religion,6,"{""Equality"": ""2"", ""Inner Harmony"": ""2"", ""Social Power"": ""3"", ""Pleasure"": ""2"", ""Freedom"": ""2"", ""A Spiritual Life"": ""2"", ""Sense of Belonging"": ""2"", ""Social Order"": ""2"", ""An Exciting Life"": ""2"", ""Meaning in Life"": ""2"", ""Politeness"": ""2"", ""Wealth"": ""3"", ""National Security"": ""2"", ""Self-Respect"": ""2"", ""Reciprocation of Favors"": ""2"", ""Creativity"": ""2"", ""A World at Peace"": ""2"", ""Respect for Tradition"": ""2"", ""Mature Love"": ""2"", ""Self-Discipline"": ""2"", ""Detachment"": ""2"", ""Family Security"": ""2"", ""Social Recognition"": ""2"", ""Unity With Nature"": ""2"", ""A Varied Life"": ""2"", ""Wisdom"": ""2"", ""Authority"": ""3"", ""True Friendship"": ""2"", ""A World of Beauty"": ""2"", ""Social Justice"": ""2"", ""Independent"": ""2"", ""Moderate"": ""2"", ""Loyal"": ""2"","
663,Uganda,Religion,7,"{
""Equality"": ""4"",
""Inner Harmony"": ""4"",
""Social Power"": ""4"",
""Pleasure"": ""4"",
""Freedom"": ""4"",
""A Spiritual Life"": ""4"",
""Sense of Belonging"": ""4"",
""Social Order"": ""4"",
""An Exciting Life"": ""4"",
""Meaning in Life"": ""4"",
""Politeness"": ""4"",
""Wealth"": ""4"",
""National Security"": ""4"",
""Self-Respect"": ""4"",
""Reciprocation of Favors"": ""4"",
""Creativity"": ""4"",
""A World at Peace"": ""4"",
""Respect for Tradition"": ""4"",
""Mature Love"": ""4"",
""Self-Discipline"": ""4"",
""Detachment"": ""4"",
""Family Security"": ""4"",
""Social Recognition"": ""4"",
""Unity With Nature"": ""4"",
""A Varied Life"": ""4"",
""Wisdom"": ""4"",
""Authority"": ""4"",
""True Friendship"": ""4"",
""A World of Beauty"": ""4"",
""Social Justice"": ""4"",
""Independent"": ""4"",
""Moderate"": ""4"",
""Loyal"": ""4"",
""Ambitious"": ""4"","
664,Uganda,Environment,0,"{""Equality"": ""2"", ""Inner Harmony"": ""2"", ""Social Power"": ""4"", ""Pleasure"": ""2"", ""Freedom"": ""2"", ""A Spiritual Life"": ""2"", ""Sense of Belonging"": ""2"", ""Social Order"": ""2"", ""An Exciting Life"": ""2"", ""Meaning in Life"": ""2"", ""Politeness"": ""2"", ""Wealth"": ""4"", ""National Security"": ""2"", ""Self-Respect"": ""2"", ""Reciprocation of Favors"": ""2"", ""Creativity"": ""2"", ""A World at Peace"": ""2"", ""Respect for Tradition"": ""2"", ""Mature Love"": ""2"", ""Self-Discipline"": ""2"", ""Detachment"": ""2"", ""Family Security"": ""2"", ""Social Recognition"": ""2"", ""Unity With Nature"": ""2"", ""A Varied Life"": ""2"", ""Wisdom"": ""2"", ""Authority"": ""4"", ""True Friendship"": ""2"", ""A World of Beauty"": ""2"", ""Social Justice"": ""2"", ""Independent"": ""2"", ""Moderate"": ""2"", ""Loyal"": ""2"","
665,Uganda,Environment,1,"{""Equality"": ""3"", ""Inner Harmony"": ""3"", ""Social Power"": ""3"", ""Pleasure"": ""3"", ""Freedom"": ""3"", ""A Spiritual Life"": ""3"", ""Sense of Belonging"": ""3"", ""Social Order"": ""3"", ""An Exciting Life"": ""3"", ""Meaning in Life"": ""3"", ""Politeness"": ""3"", ""Wealth"": ""3"", ""National Security"": ""3"", ""Self-Respect"": ""3"", ""Reciprocation of Favors"": ""3"", ""Creativity"": ""3"", ""A World at Peace"": ""3"", ""Respect for Tradition"": ""3"", ""Mature Love"": ""3"", ""Self-Discipline"": ""3"", ""Detachment"": ""3"", ""Family Security"": ""3"", ""Social Recognition"": ""3"", ""Unity With Nature"": ""3"", ""A Varied Life"": ""3"", ""Wisdom"": ""3"", ""Authority"": ""3"", ""True Friendship"": ""3"", ""A World of Beauty"": ""3"", ""Social Justice"": ""3"", ""Independent"": ""3"", ""Moderate"": ""3"", ""Loyal"": ""3"","
666,Uganda,Environment,2,"{""Equality"": ""2"", ""Inner Harmony"": ""2"", ""Social Power"": ""2"", ""Pleasure"": ""2"", ""Freedom"": ""2"", ""A Spiritual Life"": ""2"", ""Sense of Belonging"": ""2"", ""Social Order"": ""2"", ""An Exciting Life"": ""2"", ""Meaning in Life"": ""2"", ""Politeness"": ""2"", ""Wealth"": ""2"", ""National Security"": ""2"", ""Self-Respect"": ""2"", ""Reciprocation of Favors"": ""2"", ""Creativity"": ""2"", ""A World at Peace"": ""2"", ""Respect for Tradition"": ""2"", ""Mature Love"": ""2"", ""Self-Discipline"": ""2"", ""Detachment"": ""2"", ""Family Security"": ""2"", ""Social Recognition"": ""2"", ""Unity With Nature"": ""2"", ""A Varied Life"": ""2"", ""Wisdom"": ""2"", ""Authority"": ""2"", ""True Friendship"": ""2"", ""A World of Beauty"": ""2"", ""Social Justice"": ""2"", ""Independent"": ""2"", ""Moderate"": ""2"", ""Loyal"": ""2"","
667,Uganda,Environment,3,"{""Equality"": ""2"", ""Inner Harmony"": ""2"", ""Social Power"": ""2"", ""Pleasure"": ""2"", ""Freedom"": ""2"", ""A Spiritual Life"": ""2"", ""Sense of Belonging"": ""2"", ""Social Order"": ""2"", ""An Exciting Life"": ""2"", ""Meaning in Life"": ""2"", ""Politeness"": ""2"", ""Wealth"": ""2"", ""National Security"": ""2"", ""Self-Respect"": ""2"", ""Reciprocation of Favors"": ""2"", ""Creativity"": ""2"", ""A World at Peace"": ""2"", ""Respect for Tradition"": ""2"", ""Mature Love"": ""2"", ""Self-Discipline"": ""2"", ""Detachment"": ""2"", ""Family Security"": ""2"", ""Social Recognition"": ""2"", ""Unity With Nature"": ""2"", ""A Varied Life"": ""2"", ""Wisdom"": ""2"", ""Authority"": ""2"", ""True Friendship"": ""2"", ""A World of Beauty"": ""2"", ""Social Justice"": ""2"", ""Independent"": ""2"", ""Moderate"": ""2"", ""Loyal"": ""2"","
668,Uganda,Environment,4,"{""Equality"": ""2"", ""Inner Harmony"": ""2"", ""Social Power"": ""4"", ""Pleasure"": ""2"", ""Freedom"": ""2"", ""A Spiritual Life"": ""2"", ""Sense of Belonging"": ""2"", ""Social Order"": ""2"", ""An Exciting Life"": ""2"", ""Meaning in Life"": ""2"", ""Politeness"": ""2"", ""Wealth"": ""4"", ""National Security"": ""2"", ""Self-Respect"": ""2"", ""Reciprocation of Favors"": ""2"", ""Creativity"": ""2"", ""A World at Peace"": ""2"", ""Respect for Tradition"": ""2"", ""Mature Love"": ""2"", ""Self-Discipline"": ""2"", ""Detachment"": ""2"", ""Family Security"": ""2"", ""Social Recognition"": ""2"", ""Unity With Nature"": ""2"", ""A Varied Life"": ""2"", ""Wisdom"": ""2"", ""Authority"": ""4"", ""True Friendship"": ""2"", ""A World of Beauty"": ""2"", ""Social Justice"": ""2"", ""Independent"": ""2"", ""Moderate"": ""2"", ""Loyal"": ""2"","
669,Uganda,Environment,5,"{""Equality"": ""1"", ""Inner Harmony"": ""1"", ""Social Power"": ""4"", ""Pleasure"": ""1"", ""Freedom"": ""1"", ""A Spiritual Life"": ""1"", ""Sense of Belonging"": ""1"", ""Social Order"": ""1"", ""An Exciting Life"": ""1"", ""Meaning in Life"": ""1"", ""Politeness"": ""1"", ""Wealth"": ""4"", ""National Security"": ""1"", ""Self-Respect"": ""1"", ""Reciprocation of Favors"": ""1"", ""Creativity"": ""1"", ""A World at Peace"": ""1"", ""Respect for Tradition"": ""1"", ""Mature Love"": ""1"", ""Self-Discipline"": ""1"", ""Detachment"": ""4"", ""Family Security"": ""1"", ""Social Recognition"": ""1"", ""Unity With Nature"": ""1"", ""A Varied Life"": ""1"", ""Wisdom"": ""1"", ""Authority"": ""4"", ""True Friendship"": ""1"", ""A World of Beauty"": ""1"", ""Social Justice"": ""1"", ""Independent"": ""1"", ""Moderate"": ""1"", ""Loyal"": ""1"","
670,Uganda,Environment,6,"{""Equality"": ""2"", ""Inner Harmony"": ""2"", ""Social Power"": ""2"", ""Pleasure"": ""2"", ""Freedom"": ""2"", ""A Spiritual Life"": ""2"", ""Sense of Belonging"": ""2"", ""Social Order"": ""2"", ""An Exciting Life"": ""2"", ""Meaning in Life"": ""2"", ""Politeness"": ""2"", ""Wealth"": ""2"", ""National Security"": ""2"", ""Self-Respect"": ""2"", ""Reciprocation of Favors"": ""2"", ""Creativity"": ""2"", ""A World at Peace"": ""2"", ""Respect for Tradition"": ""2"", ""Mature Love"": ""2"", ""Self-Discipline"": ""2"", ""Detachment"": ""2"", ""Family Security"": ""2"", ""Social Recognition"": ""2"", ""Unity With Nature"": ""2"", ""A Varied Life"": ""2"", ""Wisdom"": ""2"", ""Authority"": ""2"", ""True Friendship"": ""2"", ""A World of Beauty"": ""2"", ""Social Justice"": ""2"", ""Independent"": ""2"", ""Moderate"": ""2"", ""Loyal"": ""2"","
671,Uganda,Environment,7,"{""Equality"": ""1"", ""Inner Harmony"": ""1"", ""Social Power"": ""4"", ""Pleasure"": ""1"", ""Freedom"": ""1"", ""A Spiritual Life"": ""1"", ""Sense of Belonging"": ""1"", ""Social Order"": ""1"", ""An Exciting Life"": ""1"", ""Meaning in Life"": ""1"", ""Politeness"": ""1"", ""Wealth"": ""4"", ""National Security"": ""1"", ""Self-Respect"": ""1"", ""Reciprocation of Favors"": ""1"", ""Creativity"": ""1"", ""A World at Peace"": ""1"", ""Respect for Tradition"": ""1"", ""Mature Love"": ""1"", ""Self-Discipline"": ""1"", ""Detachment"": ""1"", ""Family Security"": ""1"", ""Social Recognition"": ""1"", ""Unity With Nature"": ""1"", ""A Varied Life"": ""1"", ""Wisdom"": ""1"", ""Authority"": ""4"", ""True Friendship"": ""1"", ""A World of Beauty"": ""1"", ""Social Justice"": ""1"", ""Independent"": ""1"", ""Moderate"": ""1"", ""Loyal"": ""1"","
672,Uganda,National Identity,0,"{""Equality"": ""2"", ""Inner Harmony"": ""2"", ""Social Power"": ""4"", ""Pleasure"": ""2"", ""Freedom"": ""2"", ""A Spiritual Life"": ""2"", ""Sense of Belonging"": ""2"", ""Social Order"": ""2"", ""An Exciting Life"": ""2"", ""Meaning in Life"": ""2"", ""Politeness"": ""2"", ""Wealth"": ""4"", ""National Security"": ""2"", ""Self-Respect"": ""2"", ""Reciprocation of Favors"": ""2"", ""Creativity"": ""2"", ""A World at Peace"": ""2"", ""Respect for Tradition"": ""2"", ""Mature Love"": ""2"", ""Self-Discipline"": ""2"", ""Detachment"": ""2"", ""Family Security"": ""2"", ""Social Recognition"": ""2"", ""Unity With Nature"": ""2"", ""A Varied Life"": ""2"", ""Wisdom"": ""2"", ""Authority"": ""4"", ""True Friendship"": ""2"", ""A World of Beauty"": ""2"", ""Social Justice"": ""2"", ""Independent"": ""2"", ""Moderate"": ""2"", ""Loyal"": ""2"","
673,Uganda,National Identity,1,"{""Equality"": ""2"", ""Inner Harmony"": ""2"", ""Social Power"": ""4"", ""Pleasure"": ""2"", ""Freedom"": ""2"", ""A Spiritual Life"": ""2"", ""Sense of Belonging"": ""2"", ""Social Order"": ""2"", ""An Exciting Life"": ""2"", ""Meaning in Life"": ""2"", ""Politeness"": ""2"", ""Wealth"": ""2"", ""National Security"": ""2"", ""Self-Respect"": ""2"", ""Reciprocation of Favors"": ""2"", ""Creativity"": ""2"", ""A World at Peace"": ""2"", ""Respect for Tradition"": ""2"", ""Mature Love"": ""2"", ""Self-Discipline"": ""2"", ""Detachment"": ""2"", ""Family Security"": ""2"", ""Social Recognition"": ""2"", ""Unity With Nature"": ""2"", ""A Varied Life"": ""2"", ""Wisdom"": ""2"", ""Authority"": ""4"", ""True Friendship"": ""2"", ""A World of Beauty"": ""2"", ""Social Justice"": ""2"", ""Independent"": ""2"", ""Moderate"": ""2"", ""Loyal"": ""2"","
674,Uganda,National Identity,2,"{""Equality"": ""1"", ""Inner Harmony"": ""1"", ""Social Power"": ""1"", ""Pleasure"": ""1"", ""Freedom"": ""1"", ""A Spiritual Life"": ""1"", ""Sense of Belonging"": ""1"", ""Social Order"": ""1"", ""An Exciting Life"": ""1"", ""Meaning in Life"": ""1"", ""Politeness"": ""1"", ""Wealth"": ""1"", ""National Security"": ""1"", ""Self-Respect"": ""1"", ""Reciprocation of Favors"": ""1"", ""Creativity"": ""1"", ""A World at Peace"": ""1"", ""Respect for Tradition"": ""1"", ""Mature Love"": ""1"", ""Self-Discipline"": ""1"", ""Detachment"": ""1"", ""Family Security"": ""1"", ""Social Recognition"": ""1"", ""Unity With Nature"": ""1"", ""A Varied Life"": ""1"", ""Wisdom"": ""1"", ""Authority"": ""1"", ""True Friendship"": ""1"", ""A World of Beauty"": ""1"", ""Social Justice"": ""1"", ""Independent"": ""1"", ""Moderate"": ""1"", ""Loyal"": ""1"","
675,Uganda,National Identity,3,"{""Equality"": ""1"", ""Inner Harmony"": ""1"", ""Social Power"": ""4"", ""Pleasure"": ""4"", ""Freedom"": ""1"", ""A Spiritual Life"": ""1"", ""Sense of Belonging"": ""1"", ""Social Order"": ""1"", ""An Exciting Life"": ""4"", ""Meaning in Life"": ""1"", ""Politeness"": ""1"", ""Wealth"": ""4"", ""National Security"": ""1"", ""Self-Respect"": ""1"", ""Reciprocation of Favors"": ""1"", ""Creativity"": ""4"", ""A World at Peace"": ""1"", ""Respect for Tradition"": ""4"", ""Mature Love"": ""4"", ""Self-Discipline"": ""4"", ""Detachment"": ""4"", ""Family Security"": ""1"", ""Social Recognition"": ""1"", ""Unity With Nature"": ""4"", ""A Varied Life"": ""4"", ""Wisdom"": ""1"", ""Authority"": ""4"", ""True Friendship"": ""1"", ""A World of Beauty"": ""4"", ""Social Justice"": ""1"", ""Independent"": ""4"", ""Moderate"": ""4"", ""Loyal"": ""1"","
676,Uganda,National Identity,4,"{""Equality"": ""2"", ""Inner Harmony"": ""2"", ""Social Power"": ""4"", ""Pleasure"": ""2"", ""Freedom"": ""2"", ""A Spiritual Life"": ""2"", ""Sense of Belonging"": ""2"", ""Social Order"": ""2"", ""An Exciting Life"": ""2"", ""Meaning in Life"": ""2"", ""Politeness"": ""2"", ""Wealth"": ""4"", ""National Security"": ""2"", ""Self-Respect"": ""2"", ""Reciprocation of Favors"": ""2"", ""Creativity"": ""2"", ""A World at Peace"": ""2"", ""Respect for Tradition"": ""2"", ""Mature Love"": ""2"", ""Self-Discipline"": ""2"", ""Detachment"": ""2"", ""Family Security"": ""2"", ""Social Recognition"": ""2"", ""Unity With Nature"": ""2"", ""A Varied Life"": ""2"", ""Wisdom"": ""2"", ""Authority"": ""4"", ""True Friendship"": ""2"", ""A World of Beauty"": ""2"", ""Social Justice"": ""2"", ""Independent"": ""2"", ""Moderate"": ""2"", ""Loyal"": ""2"","
677,Uganda,National Identity,5,"{""Equality"": ""2"", ""Inner Harmony"": ""2"", ""Social Power"": ""4"", ""Pleasure"": ""2"", ""Freedom"": ""2"", ""A Spiritual Life"": ""2"", ""Sense of Belonging"": ""2"", ""Social Order"": ""2"", ""An Exciting Life"": ""2"", ""Meaning in Life"": ""2"", ""Politeness"": ""2"", ""Wealth"": ""2"", ""National Security"": ""2"", ""Self-Respect"": ""2"", ""Reciprocation of Favors"": ""2"", ""Creativity"": ""2"", ""A World at Peace"": ""2"", ""Respect for Tradition"": ""2"", ""Mature Love"": ""2"", ""Self-Discipline"": ""2"", ""Detachment"": ""2"", ""Family Security"": ""2"", ""Social Recognition"": ""2"", ""Unity With Nature"": ""2"", ""A Varied Life"": ""2"", ""Wisdom"": ""2"", ""Authority"": ""4"", ""True Friendship"": ""2"", ""A World of Beauty"": ""2"", ""Social Justice"": ""2"", ""Independent"": ""2"", ""Moderate"": ""2"", ""Loyal"": ""2"","
678,Uganda,National Identity,6,"{""Equality"": ""1"", ""Inner Harmony"": ""1"", ""Social Power"": ""2"", ""Pleasure"": ""1"", ""Freedom"": ""1"", ""A Spiritual Life"": ""1"", ""Sense of Belonging"": ""1"", ""Social Order"": ""1"", ""An Exciting Life"": ""2"", ""Meaning in Life"": ""1"", ""Politeness"": ""1"", ""Wealth"": ""2"", ""National Security"": ""1"", ""Self-Respect"": ""1"", ""Reciprocation of Favors"": ""1"", ""Creativity"": ""2"", ""A World at Peace"": ""1"", ""Respect for Tradition"": ""1"", ""Mature Love"": ""1"", ""Self-Discipline"": ""1"", ""Detachment"": ""1"", ""Family Security"": ""1"", ""Social Recognition"": ""1"", ""Unity With Nature"": ""1"", ""A Varied Life"": ""2"", ""Wisdom"": ""1"", ""Authority"": ""2"", ""True Friendship"": ""1"", ""A World of Beauty"": ""1"", ""Social Justice"": ""1"", ""Independent"": ""2"", ""Moderate"": ""1"", ""Loyal"": ""1"","
679,Uganda,National Identity,7,"{""Equality"": ""2"", ""Inner Harmony"": ""2"", ""Social Power"": ""4"", ""Pleasure"": ""2"", ""Freedom"": ""2"", ""A Spiritual Life"": ""2"", ""Sense of Belonging"": ""2"", ""Social Order"": ""2"", ""An Exciting Life"": ""2"", ""Meaning in Life"": ""2"", ""Politeness"": ""2"", ""Wealth"": ""2"", ""National Security"": ""2"", ""Self-Respect"": ""2"", ""Reciprocation of Favors"": ""2"", ""Creativity"": ""2"", ""A World at Peace"": ""2"", ""Respect for Tradition"": ""2"", ""Mature Love"": ""2"", ""Self-Discipline"": ""2"", ""Detachment"": ""2"", ""Family Security"": ""2"", ""Social Recognition"": ""2"", ""Unity With Nature"": ""2"", ""A Varied Life"": ""2"", ""Wisdom"": ""2"", ""Authority"": ""2"", ""True Friendship"": ""2"", ""A World of Beauty"": ""2"", ""Social Justice"": ""2"", ""Independent"": ""2"", ""Moderate"": ""2"", ""Loyal"": ""2"","
680,Uganda,Citizenship,0,"{""Equality"": ""2"", ""Inner Harmony"": ""2"", ""Social Power"": ""4"", ""Pleasure"": ""2"", ""Freedom"": ""2"", ""A Spiritual Life"": ""2"", ""Sense of Belonging"": ""2"", ""Social Order"": ""2"", ""An Exciting Life"": ""2"", ""Meaning in Life"": ""2"", ""Politeness"": ""2"", ""Wealth"": ""4"", ""National Security"": ""2"", ""Self-Respect"": ""2"", ""Reciprocation of Favors"": ""2"", ""Creativity"": ""2"", ""A World at Peace"": ""2"", ""Respect for Tradition"": ""2"", ""Mature Love"": ""2"", ""Self-Discipline"": ""2"", ""Detachment"": ""2"", ""Family Security"": ""2"", ""Social Recognition"": ""2"", ""Unity With Nature"": ""2"", ""A Varied Life"": ""2"", ""Wisdom"": ""2"", ""Authority"": ""4"", ""True Friendship"": ""2"", ""A World of Beauty"": ""2"", ""Social Justice"": ""2"", ""Independent"": ""2"", ""Moderate"": ""2"", ""Loyal"": ""2"","
681,Uganda,Citizenship,1,"{""Equality"": ""2"", ""Inner Harmony"": ""2"", ""Social Power"": ""4"", ""Pleasure"": ""2"", ""Freedom"": ""2"", ""A Spiritual Life"": ""2"", ""Sense of Belonging"": ""2"", ""Social Order"": ""2"", ""An Exciting Life"": ""2"", ""Meaning in Life"": ""2"", ""Politeness"": ""2"", ""Wealth"": ""4"", ""National Security"": ""2"", ""Self-Respect"": ""2"", ""Reciprocation of Favors"": ""2"", ""Creativity"": ""2"", ""A World at Peace"": ""2"", ""Respect for Tradition"": ""2"", ""Mature Love"": ""2"", ""Self-Discipline"": ""2"", ""Detachment"": ""2"", ""Family Security"": ""2"", ""Social Recognition"": ""2"", ""Unity With Nature"": ""2"", ""A Varied Life"": ""2"", ""Wisdom"": ""2"", ""Authority"": ""4"", ""True Friendship"": ""2"", ""A World of Beauty"": ""2"", ""Social Justice"": ""2"", ""Independent"": ""2"", ""Moderate"": ""2"", ""Loyal"": ""2"","
682,Uganda,Citizenship,2,"{""Equality"": ""1"", ""Inner Harmony"": ""1"", ""Social Power"": ""1"", ""Pleasure"": ""1"", ""Freedom"": ""1"", ""A Spiritual Life"": ""1"", ""Sense of Belonging"": ""1"", ""Social Order"": ""1"", ""An Exciting Life"": ""1"", ""Meaning in Life"": ""1"", ""Politeness"": ""1"", ""Wealth"": ""1"", ""National Security"": ""1"", ""Self-Respect"": ""1"", ""Reciprocation of Favors"": ""1"", ""Creativity"": ""1"", ""A World at Peace"": ""1"", ""Respect for Tradition"": ""1"", ""Mature Love"": ""1"", ""Self-Discipline"": ""1"", ""Detachment"": ""1"", ""Family Security"": ""1"", ""Social Recognition"": ""1"", ""Unity With Nature"": ""1"", ""A Varied Life"": ""1"", ""Wisdom"": ""1"", ""Authority"": ""1"", ""True Friendship"": ""1"", ""A World of Beauty"": ""1"", ""Social Justice"": ""1"", ""Independent"": ""1"", ""Moderate"": ""1"", ""Loyal"": ""1"","
683,Uganda,Citizenship,3,"{""Equality"": ""1"", ""Inner Harmony"": ""1"", ""Social Power"": ""1"", ""Pleasure"": ""1"", ""Freedom"": ""1"", ""A Spiritual Life"": ""1"", ""Sense of Belonging"": ""1"", ""Social Order"": ""1"", ""An Exciting Life"": ""1"", ""Meaning in Life"": ""1"", ""Politeness"": ""1"", ""Wealth"": ""1"", ""National Security"": ""1"", ""Self-Respect"": ""1"", ""Reciprocation of Favors"": ""1"", ""Creativity"": ""1"", ""A World at Peace"": ""1"", ""Respect for Tradition"": ""1"", ""Mature Love"": ""1"", ""Self-Discipline"": ""1"", ""Detachment"": ""1"", ""Family Security"": ""1"", ""Social Recognition"": ""1"", ""Unity With Nature"": ""1"", ""A Varied Life"": ""1"", ""Wisdom"": ""1"", ""Authority"": ""1"", ""True Friendship"": ""1"", ""A World of Beauty"": ""1"", ""Social Justice"": ""1"", ""Independent"": ""1"", ""Moderate"": ""1"", ""Loyal"": ""1"","
684,Uganda,Citizenship,4,"{""Equality"": ""2"", ""Inner Harmony"": ""2"", ""Social Power"": ""4"", ""Pleasure"": ""2"", ""Freedom"": ""2"", ""A Spiritual Life"": ""2"", ""Sense of Belonging"": ""2"", ""Social Order"": ""2"", ""An Exciting Life"": ""2"", ""Meaning in Life"": ""2"", ""Politeness"": ""2"", ""Wealth"": ""4"", ""National Security"": ""2"", ""Self-Respect"": ""2"", ""Reciprocation of Favors"": ""2"", ""Creativity"": ""2"", ""A World at Peace"": ""2"", ""Respect for Tradition"": ""2"", ""Mature Love"": ""2"", ""Self-Discipline"": ""2"", ""Detachment"": ""2"", ""Family Security"": ""2"", ""Social Recognition"": ""2"", ""Unity With Nature"": ""2"", ""A Varied Life"": ""2"", ""Wisdom"": ""2"", ""Authority"": ""4"", ""True Friendship"": ""2"", ""A World of Beauty"": ""2"", ""Social Justice"": ""2"", ""Independent"": ""2"", ""Moderate"": ""2"", ""Loyal"": ""2"","
685,Uganda,Citizenship,5,"{""Equality"": ""2"", ""Inner Harmony"": ""2"", ""Social Power"": ""4"", ""Pleasure"": ""2"", ""Freedom"": ""2"", ""A Spiritual Life"": ""2"", ""Sense of Belonging"": ""2"", ""Social Order"": ""2"", ""An Exciting Life"": ""2"", ""Meaning in Life"": ""2"", ""Politeness"": ""2"", ""Wealth"": ""2"", ""National Security"": ""2"", ""Self-Respect"": ""2"", ""Reciprocation of Favors"": ""2"", ""Creativity"": ""2"", ""A World at Peace"": ""2"", ""Respect for Tradition"": ""2"", ""Mature Love"": ""2"", ""Self-Discipline"": ""2"", ""Detachment"": ""2"", ""Family Security"": ""2"", ""Social Recognition"": ""2"", ""Unity With Nature"": ""2"", ""A Varied Life"": ""2"", ""Wisdom"": ""2"", ""Authority"": ""4"", ""True Friendship"": ""2"", ""A World of Beauty"": ""2"", ""Social Justice"": ""2"", ""Independent"": ""2"", ""Moderate"": ""2"", ""Loyal"": ""2"","
686,Uganda,Citizenship,6,"{""Equality"": ""1"", ""Inner Harmony"": ""1"", ""Social Power"": ""1"", ""Pleasure"": ""1"", ""Freedom"": ""1"", ""A Spiritual Life"": ""1"", ""Sense of Belonging"": ""1"", ""Social Order"": ""1"", ""An Exciting Life"": ""1"", ""Meaning in Life"": ""1"", ""Politeness"": ""1"", ""Wealth"": ""1"", ""National Security"": ""1"", ""Self-Respect"": ""1"", ""Reciprocation of Favors"": ""1"", ""Creativity"": ""1"", ""A World at Peace"": ""1"", ""Respect for Tradition"": ""1"", ""Mature Love"": ""1"", ""Self-Discipline"": ""1"", ""Detachment"": ""1"", ""Family Security"": ""1"", ""Social Recognition"": ""1"", ""Unity With Nature"": ""1"", ""A Varied Life"": ""1"", ""Wisdom"": ""1"", ""Authority"": ""1"", ""True Friendship"": ""1"", ""A World of Beauty"": ""1"", ""Social Justice"": ""1"", ""Independent"": ""1"", ""Moderate"": ""1"", ""Loyal"": ""1"","
687,Uganda,Citizenship,7,"{""Equality"": ""1"", ""Inner Harmony"": ""1"", ""Social Power"": ""4"", ""Pleasure"": ""4"", ""Freedom"": ""1"", ""A Spiritual Life"": ""1"", ""Sense of Belonging"": ""1"", ""Social Order"": ""1"", ""An Exciting Life"": ""4"", ""Meaning in Life"": ""1"", ""Politeness"": ""1"", ""Wealth"": ""4"", ""National Security"": ""1"", ""Self-Respect"": ""1"", ""Reciprocation of Favors"": ""1"", ""Creativity"": ""4"", ""A World at Peace"": ""1"", ""Respect for Tradition"": ""4"", ""Mature Love"": ""4"", ""Self-Discipline"": ""1"", ""Detachment"": ""4"", ""Family Security"": ""1"", ""Social Recognition"": ""1"", ""Unity With Nature"": ""4"", ""A Varied Life"": ""4"", ""Wisdom"": ""1"", ""Authority"": ""4"", ""True Friendship"": ""1"", ""A World of Beauty"": ""4"", ""Social Justice"": ""1"", ""Independent"": ""4"", ""Moderate"": ""4"", ""Loyal"": ""1"","
688,Uganda,Leisure Time and Sports,0,"{""Equality"": ""2"", ""Inner Harmony"": ""2"", ""Social Power"": ""4"", ""Pleasure"": ""2"", ""Freedom"": ""2"", ""A Spiritual Life"": ""2"", ""Sense of Belonging"": ""2"", ""Social Order"": ""2"", ""An Exciting Life"": ""2"", ""Meaning in Life"": ""2"", ""Politeness"": ""2"", ""Wealth"": ""4"", ""National Security"": ""2"", ""Self-Respect"": ""2"", ""Reciprocation of Favors"": ""2"", ""Creativity"": ""2"", ""A World at Peace"": ""2"", ""Respect for Tradition"": ""2"", ""Mature Love"": ""2"", ""Self-Discipline"": ""2"", ""Detachment"": ""2"", ""Family Security"": ""2"", ""Social Recognition"": ""2"", ""Unity With Nature"": ""2"", ""A Varied Life"": ""2"", ""Wisdom"": ""2"", ""Authority"": ""4"", ""True Friendship"": ""2"", ""A World of Beauty"": ""2"", ""Social Justice"": ""2"", ""Independent"": ""2"", ""Moderate"": ""2"", ""Loyal"": ""2"","
689,Uganda,Leisure Time and Sports,1,"{""Equality"": ""2"", ""Inner Harmony"": ""3"", ""Social Power"": ""4"", ""Pleasure"": ""3"", ""Freedom"": ""3"", ""A Spiritual Life"": ""3"", ""Sense of Belonging"": ""3"", ""Social Order"": ""3"", ""An Exciting Life"": ""3"", ""Meaning in Life"": ""3"", ""Politeness"": ""3"", ""Wealth"": ""3"", ""National Security"": ""3"", ""Self-Respect"": ""3"", ""Reciprocation of Favors"": ""3"", ""Creativity"": ""3"", ""A World at Peace"": ""3"", ""Respect for Tradition"": ""3"", ""Mature Love"": ""3"", ""Self-Discipline"": ""3"", ""Detachment"": ""3"", ""Family Security"": ""3"", ""Social Recognition"": ""3"", ""Unity With Nature"": ""3"", ""A Varied Life"": ""3"", ""Wisdom"": ""3"", ""Authority"": ""3"", ""True Friendship"": ""3"", ""A World of Beauty"": ""3"", ""Social Justice"": ""3"", ""Independent"": ""3"", ""Moderate"": ""3"", ""Loyal"": ""3"","
690,Uganda,Leisure Time and Sports,2,"{""Equality"": ""2"", ""Inner Harmony"": ""2"", ""Social Power"": ""2"", ""Pleasure"": ""2"", ""Freedom"": ""2"", ""A Spiritual Life"": ""2"", ""Sense of Belonging"": ""2"", ""Social Order"": ""2"", ""An Exciting Life"": ""2"", ""Meaning in Life"": ""2"", ""Politeness"": ""2"", ""Wealth"": ""2"", ""National Security"": ""2"", ""Self-Respect"": ""2"", ""Reciprocation of Favors"": ""2"", ""Creativity"": ""2"", ""A World at Peace"": ""2"", ""Respect for Tradition"": ""2"", ""Mature Love"": ""2"", ""Self-Discipline"": ""2"", ""Detachment"": ""2"", ""Family Security"": ""2"", ""Social Recognition"": ""2"", ""Unity With Nature"": ""2"", ""A Varied Life"": ""2"", ""Wisdom"": ""2"", ""Authority"": ""2"", ""True Friendship"": ""2"", ""A World of Beauty"": ""2"", ""Social Justice"": ""2"", ""Independent"": ""2"", ""Moderate"": ""2"", ""Loyal"": ""2"","
691,Uganda,Leisure Time and Sports,3,"{""Equality"": ""1"", ""Inner Harmony"": ""1"", ""Social Power"": ""4"", ""Pleasure"": ""1"", ""Freedom"": ""1"", ""A Spiritual Life"": ""1"", ""Sense of Belonging"": ""1"", ""Social Order"": ""1"", ""An Exciting Life"": ""1"", ""Meaning in Life"": ""1"", ""Politeness"": ""1"", ""Wealth"": ""4"", ""National Security"": ""1"", ""Self-Respect"": ""1"", ""Reciprocation of Favors"": ""1"", ""Creativity"": ""1"", ""A World at Peace"": ""1"", ""Respect for Tradition"": ""1"", ""Mature Love"": ""1"", ""Self-Discipline"": ""1"", ""Detachment"": ""1"", ""Family Security"": ""1"", ""Social Recognition"": ""1"", ""Unity With Nature"": ""1"", ""A Varied Life"": ""1"", ""Wisdom"": ""1"", ""Authority"": ""4"", ""True Friendship"": ""1"", ""A World of Beauty"": ""1"", ""Social Justice"": ""1"", ""Independent"": ""1"", ""Moderate"": ""1"", ""Loyal"": ""1"","
692,Uganda,Leisure Time and Sports,4,"{""Equality"": ""2"", ""Inner Harmony"": ""2"", ""Social Power"": ""4"", ""Pleasure"": ""2"", ""Freedom"": ""2"", ""A Spiritual Life"": ""2"", ""Sense of Belonging"": ""2"", ""Social Order"": ""2"", ""An Exciting Life"": ""2"", ""Meaning in Life"": ""2"", ""Politeness"": ""2"", ""Wealth"": ""4"", ""National Security"": ""2"", ""Self-Respect"": ""2"", ""Reciprocation of Favors"": ""2"", ""Creativity"": ""2"", ""A World at Peace"": ""2"", ""Respect for Tradition"": ""2"", ""Mature Love"": ""2"", ""Self-Discipline"": ""2"", ""Detachment"": ""2"", ""Family Security"": ""2"", ""Social Recognition"": ""2"", ""Unity With Nature"": ""2"", ""A Varied Life"": ""2"", ""Wisdom"": ""2"", ""Authority"": ""4"", ""True Friendship"": ""2"", ""A World of Beauty"": ""2"", ""Social Justice"": ""2"", ""Independent"": ""2"", ""Moderate"": ""2"", ""Loyal"": ""2"","
693,Uganda,Leisure Time and Sports,5,"{""Equality"": ""3"", ""Inner Harmony"": ""3"", ""Social Power"": ""3"", ""Pleasure"": ""3"", ""Freedom"": ""3"", ""A Spiritual Life"": ""3"", ""Sense of Belonging"": ""3"", ""Social Order"": ""3"", ""An Exciting Life"": ""3"", ""Meaning in Life"": ""3"", ""Politeness"": ""3"", ""Wealth"": ""3"", ""National Security"": ""3"", ""Self-Respect"": ""3"", ""Reciprocation of Favors"": ""3"", ""Creativity"": ""3"", ""A World at Peace"": ""3"", ""Respect for Tradition"": ""3"", ""Mature Love"": ""3"", ""Self-Discipline"": ""3"", ""Detachment"": ""3"", ""Family Security"": ""3"", ""Social Recognition"": ""3"", ""Unity With Nature"": ""3"", ""A Varied Life"": ""3"", ""Wisdom"": ""3"", ""Authority"": ""3"", ""True Friendship"": ""3"", ""A World of Beauty"": ""3"", ""Social Justice"": ""3"", ""Independent"": ""3"", ""Moderate"": ""3"", ""Loyal"": ""3"","
694,Uganda,Leisure Time and Sports,6,"{""Equality"": ""2"", ""Inner Harmony"": ""2"", ""Social Power"": ""3"", ""Pleasure"": ""2"", ""Freedom"": ""2"", ""A Spiritual Life"": ""2"", ""Sense of Belonging"": ""2"", ""Social Order"": ""2"", ""An Exciting Life"": ""2"", ""Meaning in Life"": ""2"", ""Politeness"": ""2"", ""Wealth"": ""3"", ""National Security"": ""2"", ""Self-Respect"": ""2"", ""Reciprocation of Favors"": ""2"", ""Creativity"": ""2"", ""A World at Peace"": ""2"", ""Respect for Tradition"": ""2"", ""Mature Love"": ""2"", ""Self-Discipline"": ""2"", ""Detachment"": ""2"", ""Family Security"": ""2"", ""Social Recognition"": ""2"", ""Unity With Nature"": ""2"", ""A Varied Life"": ""2"", ""Wisdom"": ""2"", ""Authority"": ""2"", ""True Friendship"": ""2"", ""A World of Beauty"": ""2"", ""Social Justice"": ""2"", ""Independent"": ""2"", ""Moderate"": ""2"", ""Loyal"": ""2"","
695,Uganda,Leisure Time and Sports,7,"{
""Equality"": ""2"",
""Inner Harmony"": ""2"",
""Social Power"": ""2"",
""Pleasure"": ""2"",
""Freedom"": ""2"",
""A Spiritual Life"": ""2"",
""Sense of Belonging"": ""2"",
""Social Order"": ""2"",
""An Exciting Life"": ""2"",
""Meaning in Life"": ""2"",
""Politeness"": ""2"",
""Wealth"": ""2"",
""National Security"": ""2"",
""Self-Respect"": ""2"",
""Reciprocation of Favors"": ""2"",
""Creativity"": ""2"",
""A World at Peace"": ""2"",
""Respect for Tradition"": ""2"",
""Mature Love"": ""2"",
""Self-Discipline"": ""2"",
""Detachment"": ""2"",
""Family Security"": ""2"",
""Social Recognition"": ""2"",
""Unity With Nature"": ""2"",
""A Varied Life"": ""2"",
""Wisdom"": ""2"",
""Authority"": ""2"",
""True Friendship"": ""2"",
""A World of Beauty"": ""2"",
""Social Justice"": ""2"",
""Independent"": ""2"",
""Moderate"": ""2"",
""Loyal"": ""2"",
""Ambitious"": ""2"","
696,Uganda,Health and Health Care,0,"{""Equality"": ""2"", ""Inner Harmony"": ""2"", ""Social Power"": ""4"", ""Pleasure"": ""2"", ""Freedom"": ""2"", ""A Spiritual Life"": ""2"", ""Sense of Belonging"": ""2"", ""Social Order"": ""2"", ""An Exciting Life"": ""2"", ""Meaning in Life"": ""2"", ""Politeness"": ""2"", ""Wealth"": ""4"", ""National Security"": ""2"", ""Self-Respect"": ""2"", ""Reciprocation of Favors"": ""2"", ""Creativity"": ""2"", ""A World at Peace"": ""2"", ""Respect for Tradition"": ""2"", ""Mature Love"": ""2"", ""Self-Discipline"": ""2"", ""Detachment"": ""2"", ""Family Security"": ""2"", ""Social Recognition"": ""2"", ""Unity With Nature"": ""2"", ""A Varied Life"": ""2"", ""Wisdom"": ""2"", ""Authority"": ""4"", ""True Friendship"": ""2"", ""A World of Beauty"": ""2"", ""Social Justice"": ""2"", ""Independent"": ""2"", ""Moderate"": ""2"", ""Loyal"": ""2"","
697,Uganda,Health and Health Care,1,"{""Equality"": ""2"", ""Inner Harmony"": ""3"", ""Social Power"": ""4"", ""Pleasure"": ""3"", ""Freedom"": ""2"", ""A Spiritual Life"": ""3"", ""Sense of Belonging"": ""2"", ""Social Order"": ""2"", ""An Exciting Life"": ""3"", ""Meaning in Life"": ""2"", ""Politeness"": ""2"", ""Wealth"": ""3"", ""National Security"": ""2"", ""Self-Respect"": ""2"", ""Reciprocation of Favors"": ""2"", ""Creativity"": ""3"", ""A World at Peace"": ""2"", ""Respect for Tradition"": ""2"", ""Mature Love"": ""3"", ""Self-Discipline"": ""2"", ""Detachment"": ""3"", ""Family Security"": ""2"", ""Social Recognition"": ""2"", ""Unity With Nature"": ""2"", ""A Varied Life"": ""3"", ""Wisdom"": ""2"", ""Authority"": ""4"", ""True Friendship"": ""2"", ""A World of Beauty"": ""2"", ""Social Justice"": ""2"", ""Independent"": ""2"", ""Moderate"": ""2"", ""Loyal"": ""2"","
698,Uganda,Health and Health Care,2,"{""Equality"": ""1"", ""Inner Harmony"": ""1"", ""Social Power"": ""1"", ""Pleasure"": ""1"", ""Freedom"": ""1"", ""A Spiritual Life"": ""1"", ""Sense of Belonging"": ""1"", ""Social Order"": ""1"", ""An Exciting Life"": ""1"", ""Meaning in Life"": ""1"", ""Politeness"": ""1"", ""Wealth"": ""1"", ""National Security"": ""1"", ""Self-Respect"": ""1"", ""Reciprocation of Favors"": ""1"", ""Creativity"": ""1"", ""A World at Peace"": ""1"", ""Respect for Tradition"": ""1"", ""Mature Love"": ""1"", ""Self-Discipline"": ""1"", ""Detachment"": ""1"", ""Family Security"": ""1"", ""Social Recognition"": ""1"", ""Unity With Nature"": ""1"", ""A Varied Life"": ""1"", ""Wisdom"": ""1"", ""Authority"": ""1"", ""True Friendship"": ""1"", ""A World of Beauty"": ""1"", ""Social Justice"": ""1"", ""Independent"": ""1"", ""Moderate"": ""1"", ""Loyal"": ""1"","
699,Uganda,Health and Health Care,3,"{""Equality"": ""1"", ""Inner Harmony"": ""1"", ""Social Power"": ""4"", ""Pleasure"": ""1"", ""Freedom"": ""1"", ""A Spiritual Life"": ""1"", ""Sense of Belonging"": ""1"", ""Social Order"": ""1"", ""An Exciting Life"": ""1"", ""Meaning in Life"": ""1"", ""Politeness"": ""1"", ""Wealth"": ""4"", ""National Security"": ""1"", ""Self-Respect"": ""1"", ""Reciprocation of Favors"": ""1"", ""Creativity"": ""1"", ""A World at Peace"": ""1"", ""Respect for Tradition"": ""1"", ""Mature Love"": ""1"", ""Self-Discipline"": ""1"", ""Detachment"": ""1"", ""Family Security"": ""1"", ""Social Recognition"": ""1"", ""Unity With Nature"": ""1"", ""A Varied Life"": ""1"", ""Wisdom"": ""1"", ""Authority"": ""4"", ""True Friendship"": ""1"", ""A World of Beauty"": ""1"", ""Social Justice"": ""1"", ""Independent"": ""1"", ""Moderate"": ""1"", ""Loyal"": ""1"","
700,Uganda,Health and Health Care,4,"{""Equality"": ""2"", ""Inner Harmony"": ""2"", ""Social Power"": ""4"", ""Pleasure"": ""2"", ""Freedom"": ""2"", ""A Spiritual Life"": ""2"", ""Sense of Belonging"": ""2"", ""Social Order"": ""2"", ""An Exciting Life"": ""2"", ""Meaning in Life"": ""2"", ""Politeness"": ""2"", ""Wealth"": ""4"", ""National Security"": ""2"", ""Self-Respect"": ""2"", ""Reciprocation of Favors"": ""2"", ""Creativity"": ""2"", ""A World at Peace"": ""2"", ""Respect for Tradition"": ""2"", ""Mature Love"": ""2"", ""Self-Discipline"": ""2"", ""Detachment"": ""2"", ""Family Security"": ""2"", ""Social Recognition"": ""2"", ""Unity With Nature"": ""2"", ""A Varied Life"": ""2"", ""Wisdom"": ""2"", ""Authority"": ""4"", ""True Friendship"": ""2"", ""A World of Beauty"": ""2"", ""Social Justice"": ""2"", ""Independent"": ""2"", ""Moderate"": ""2"", ""Loyal"": ""2"","
701,Uganda,Health and Health Care,5,"{""Equality"": ""2"", ""Inner Harmony"": ""2"", ""Social Power"": ""4"", ""Pleasure"": ""2"", ""Freedom"": ""2"", ""A Spiritual Life"": ""2"", ""Sense of Belonging"": ""2"", ""Social Order"": ""2"", ""An Exciting Life"": ""2"", ""Meaning in Life"": ""2"", ""Politeness"": ""2"", ""Wealth"": ""2"", ""National Security"": ""2"", ""Self-Respect"": ""2"", ""Reciprocation of Favors"": ""2"", ""Creativity"": ""2"", ""A World at Peace"": ""2"", ""Respect for Tradition"": ""2"", ""Mature Love"": ""2"", ""Self-Discipline"": ""2"", ""Detachment"": ""2"", ""Family Security"": ""2"", ""Social Recognition"": ""2"", ""Unity With Nature"": ""2"", ""A Varied Life"": ""2"", ""Wisdom"": ""2"", ""Authority"": ""4"", ""True Friendship"": ""2"", ""A World of Beauty"": ""2"", ""Social Justice"": ""2"", ""Independent"": ""2"", ""Moderate"": ""2"", ""Loyal"": ""2"","
702,Uganda,Health and Health Care,6,"{""Equality"": ""2"", ""Inner Harmony"": ""2"", ""Social Power"": ""2"", ""Pleasure"": ""2"", ""Freedom"": ""2"", ""A Spiritual Life"": ""2"", ""Sense of Belonging"": ""2"", ""Social Order"": ""2"", ""An Exciting Life"": ""2"", ""Meaning in Life"": ""2"", ""Politeness"": ""2"", ""Wealth"": ""2"", ""National Security"": ""2"", ""Self-Respect"": ""2"", ""Reciprocation of Favors"": ""2"", ""Creativity"": ""2"", ""A World at Peace"": ""2"", ""Respect for Tradition"": ""2"", ""Mature Love"": ""2"", ""Self-Discipline"": ""2"", ""Detachment"": ""2"", ""Family Security"": ""2"", ""Social Recognition"": ""2"", ""Unity With Nature"": ""2"", ""A Varied Life"": ""2"", ""Wisdom"": ""2"", ""Authority"": ""2"", ""True Friendship"": ""2"", ""A World of Beauty"": ""2"", ""Social Justice"": ""2"", ""Independent"": ""2"", ""Moderate"": ""2"", ""Loyal"": ""2"","
703,Uganda,Health and Health Care,7,"{""Equality"": ""4"", ""Inner Harmony"": ""4"", ""Social Power"": ""4"", ""Pleasure"": ""4"", ""Freedom"": ""4"", ""A Spiritual Life"": ""4"", ""Sense of Belonging"": ""4"", ""Social Order"": ""4"", ""An Exciting Life"": ""4"", ""Meaning in Life"": ""4"", ""Politeness"": ""4"", ""Wealth"": ""4"", ""National Security"": ""4"", ""Self-Respect"": ""4"", ""Reciprocation of Favors"": ""4"", ""Creativity"": ""4"", ""A World at Peace"": ""4"", ""Respect for Tradition"": ""4"", ""Mature Love"": ""4"", ""Self-Discipline"": ""4"", ""Detachment"": ""4"", ""Family Security"": ""4"", ""Social Recognition"": ""4"", ""Unity With Nature"": ""4"", ""A Varied Life"": ""4"", ""Wisdom"": ""4"", ""Authority"": ""4"", ""True Friendship"": ""4"", ""A World of Beauty"": ""4"", ""Social Justice"": ""4"", ""Independent"": ""4"", ""Moderate"": ""4"", ""Loyal"": ""4"","
704,Canada,Politics,0,"{""Equality"": ""2"", ""Inner Harmony"": ""2"", ""Social Power"": ""4"", ""Pleasure"": ""2"", ""Freedom"": ""2"", ""A Spiritual Life"": ""2"", ""Sense of Belonging"": ""2"", ""Social Order"": ""2"", ""An Exciting Life"": ""2"", ""Meaning in Life"": ""2"", ""Politeness"": ""2"", ""Wealth"": ""4"", ""National Security"": ""2"", ""Self-Respect"": ""2"", ""Reciprocation of Favors"": ""2"", ""Creativity"": ""2"", ""A World at Peace"": ""2"", ""Respect for Tradition"": ""2"", ""Mature Love"": ""2"", ""Self-Discipline"": ""2"", ""Detachment"": ""2"", ""Family Security"": ""2"", ""Social Recognition"": ""2"", ""Unity With Nature"": ""2"", ""A Varied Life"": ""2"", ""Wisdom"": ""2"", ""Authority"": ""4"", ""True Friendship"": ""2"", ""A World of Beauty"": ""2"", ""Social Justice"": ""2"", ""Independent"": ""2"", ""Moderate"": ""2"", ""Loyal"": ""2"","
705,Canada,Politics,1,"{""Equality"": ""2"", ""Inner Harmony"": ""2"", ""Social Power"": ""4"", ""Pleasure"": ""2"", ""Freedom"": ""2"", ""A Spiritual Life"": ""2"", ""Sense of Belonging"": ""2"", ""Social Order"": ""2"", ""An Exciting Life"": ""2"", ""Meaning in Life"": ""2"", ""Politeness"": ""2"", ""Wealth"": ""4"", ""National Security"": ""2"", ""Self-Respect"": ""2"", ""Reciprocation of Favors"": ""2"", ""Creativity"": ""2"", ""A World at Peace"": ""2"", ""Respect for Tradition"": ""2"", ""Mature Love"": ""2"", ""Self-Discipline"": ""2"", ""Detachment"": ""2"", ""Family Security"": ""2"", ""Social Recognition"": ""2"", ""Unity With Nature"": ""2"", ""A Varied Life"": ""2"", ""Wisdom"": ""2"", ""Authority"": ""4"", ""True Friendship"": ""2"", ""A World of Beauty"": ""2"", ""Social Justice"": ""2"", ""Independent"": ""2"", ""Moderate"": ""2"", ""Loyal"": ""2"","
706,Canada,Politics,2,"{""Equality"": ""1"", ""Inner Harmony"": ""1"", ""Social Power"": ""1"", ""Pleasure"": ""1"", ""Freedom"": ""1"", ""A Spiritual Life"": ""1"", ""Sense of Belonging"": ""1"", ""Social Order"": ""1"", ""An Exciting Life"": ""1"", ""Meaning in Life"": ""1"", ""Politeness"": ""1"", ""Wealth"": ""1"", ""National Security"": ""1"", ""Self-Respect"": ""1"", ""Reciprocation of Favors"": ""1"", ""Creativity"": ""1"", ""A World at Peace"": ""1"", ""Respect for Tradition"": ""1"", ""Mature Love"": ""1"", ""Self-Discipline"": ""1"", ""Detachment"": ""1"", ""Family Security"": ""1"", ""Social Recognition"": ""1"", ""Unity With Nature"": ""1"", ""A Varied Life"": ""1"", ""Wisdom"": ""1"", ""Authority"": ""1"", ""True Friendship"": ""1"", ""A World of Beauty"": ""1"", ""Social Justice"": ""1"", ""Independent"": ""1"", ""Moderate"": ""1"", ""Loyal"": ""1"","
707,Canada,Politics,3,"{""Equality"": ""1"", ""Inner Harmony"": ""1"", ""Social Power"": ""4"", ""Pleasure"": ""4"", ""Freedom"": ""1"", ""A Spiritual Life"": ""4"", ""Sense of Belonging"": ""1"", ""Social Order"": ""1"", ""An Exciting Life"": ""4"", ""Meaning in Life"": ""1"", ""Politeness"": ""1"", ""Wealth"": ""4"", ""National Security"": ""1"", ""Self-Respect"": ""1"", ""Reciprocation of Favors"": ""1"", ""Creativity"": ""4"", ""A World at Peace"": ""1"", ""Respect for Tradition"": ""4"", ""Mature Love"": ""4"", ""Self-Discipline"": ""4"", ""Detachment"": ""4"", ""Family Security"": ""1"", ""Social Recognition"": ""1"", ""Unity With Nature"": ""4"", ""A Varied Life"": ""4"", ""Wisdom"": ""1"", ""Authority"": ""4"", ""True Friendship"": ""1"", ""A World of Beauty"": ""4"", ""Social Justice"": ""1"", ""Independent"": ""1"", ""Moderate"": ""4"", ""Loyal"": ""1"","
708,Canada,Politics,4,"{""Equality"": ""2"", ""Inner Harmony"": ""2"", ""Social Power"": ""4"", ""Pleasure"": ""2"", ""Freedom"": ""2"", ""A Spiritual Life"": ""2"", ""Sense of Belonging"": ""2"", ""Social Order"": ""2"", ""An Exciting Life"": ""2"", ""Meaning in Life"": ""2"", ""Politeness"": ""2"", ""Wealth"": ""4"", ""National Security"": ""2"", ""Self-Respect"": ""2"", ""Reciprocation of Favors"": ""2"", ""Creativity"": ""2"", ""A World at Peace"": ""2"", ""Respect for Tradition"": ""2"", ""Mature Love"": ""2"", ""Self-Discipline"": ""2"", ""Detachment"": ""2"", ""Family Security"": ""2"", ""Social Recognition"": ""2"", ""Unity With Nature"": ""2"", ""A Varied Life"": ""2"", ""Wisdom"": ""2"", ""Authority"": ""4"", ""True Friendship"": ""2"", ""A World of Beauty"": ""2"", ""Social Justice"": ""2"", ""Independent"": ""2"", ""Moderate"": ""2"", ""Loyal"": ""2"","
709,Canada,Politics,5,"{""Equality"": ""2"", ""Inner Harmony"": ""2"", ""Social Power"": ""4"", ""Pleasure"": ""2"", ""Freedom"": ""2"", ""A Spiritual Life"": ""2"", ""Sense of Belonging"": ""2"", ""Social Order"": ""2"", ""An Exciting Life"": ""2"", ""Meaning in Life"": ""2"", ""Politeness"": ""2"", ""Wealth"": ""4"", ""National Security"": ""2"", ""Self-Respect"": ""2"", ""Reciprocation of Favors"": ""2"", ""Creativity"": ""2"", ""A World at Peace"": ""2"", ""Respect for Tradition"": ""2"", ""Mature Love"": ""2"", ""Self-Discipline"": ""2"", ""Detachment"": ""2"", ""Family Security"": ""2"", ""Social Recognition"": ""2"", ""Unity With Nature"": ""2"", ""A Varied Life"": ""2"", ""Wisdom"": ""2"", ""Authority"": ""4"", ""True Friendship"": ""2"", ""A World of Beauty"": ""2"", ""Social Justice"": ""2"", ""Independent"": ""2"", ""Moderate"": ""2"", ""Loyal"": ""2"","
710,Canada,Politics,6,"{""Equality"": ""2"", ""Inner Harmony"": ""2"", ""Social Power"": ""2"", ""Pleasure"": ""2"", ""Freedom"": ""2"", ""A Spiritual Life"": ""2"", ""Sense of Belonging"": ""2"", ""Social Order"": ""2"", ""An Exciting Life"": ""2"", ""Meaning in Life"": ""2"", ""Politeness"": ""2"", ""Wealth"": ""2"", ""National Security"": ""2"", ""Self-Respect"": ""2"", ""Reciprocation of Favors"": ""2"", ""Creativity"": ""2"", ""A World at Peace"": ""2"", ""Respect for Tradition"": ""2"", ""Mature Love"": ""2"", ""Self-Discipline"": ""2"", ""Detachment"": ""2"", ""Family Security"": ""2"", ""Social Recognition"": ""2"", ""Unity With Nature"": ""2"", ""A Varied Life"": ""2"", ""Wisdom"": ""2"", ""Authority"": ""2"", ""True Friendship"": ""2"", ""A World of Beauty"": ""2"", ""Social Justice"": ""2"", ""Independent"": ""2"", ""Moderate"": ""2"", ""Loyal"": ""2"","
711,Canada,Politics,7,"{""Equality"": ""2"", ""Inner Harmony"": ""2"", ""Social Power"": ""4"", ""Pleasure"": ""2"", ""Freedom"": ""2"", ""A Spiritual Life"": ""2"", ""Sense of Belonging"": ""2"", ""Social Order"": ""2"", ""An Exciting Life"": ""2"", ""Meaning in Life"": ""2"", ""Politeness"": ""2"", ""Wealth"": ""2"", ""National Security"": ""2"", ""Self-Respect"": ""2"", ""Reciprocation of Favors"": ""2"", ""Creativity"": ""2"", ""A World at Peace"": ""2"", ""Respect for Tradition"": ""2"", ""Mature Love"": ""2"", ""Self-Discipline"": ""2"", ""Detachment"": ""2"", ""Family Security"": ""2"", ""Social Recognition"": ""2"", ""Unity With Nature"": ""2"", ""A Varied Life"": ""2"", ""Wisdom"": ""2"", ""Authority"": ""2"", ""True Friendship"": ""2"", ""A World of Beauty"": ""2"", ""Social Justice"": ""2"", ""Independent"": ""2"", ""Moderate"": ""2"", ""Loyal"": ""2"","
712,Canada,Social Networks,0,"{""Equality"": ""2"", ""Inner Harmony"": ""2"", ""Social Power"": ""4"", ""Pleasure"": ""2"", ""Freedom"": ""2"", ""A Spiritual Life"": ""2"", ""Sense of Belonging"": ""2"", ""Social Order"": ""2"", ""An Exciting Life"": ""2"", ""Meaning in Life"": ""2"", ""Politeness"": ""2"", ""Wealth"": ""4"", ""National Security"": ""4"", ""Self-Respect"": ""2"", ""Reciprocation of Favors"": ""2"", ""Creativity"": ""2"", ""A World at Peace"": ""2"", ""Respect for Tradition"": ""2"", ""Mature Love"": ""2"", ""Self-Discipline"": ""2"", ""Detachment"": ""2"", ""Family Security"": ""2"", ""Social Recognition"": ""2"", ""Unity With Nature"": ""2"", ""A Varied Life"": ""2"", ""Wisdom"": ""2"", ""Authority"": ""4"", ""True Friendship"": ""2"", ""A World of Beauty"": ""2"", ""Social Justice"": ""2"", ""Independent"": ""2"", ""Moderate"": ""2"", ""Loyal"": ""2"","
713,Canada,Social Networks,1,"{""Equality"": ""2"", ""Inner Harmony"": ""2"", ""Social Power"": ""4"", ""Pleasure"": ""2"", ""Freedom"": ""2"", ""A Spiritual Life"": ""2"", ""Sense of Belonging"": ""2"", ""Social Order"": ""2"", ""An Exciting Life"": ""2"", ""Meaning in Life"": ""2"", ""Politeness"": ""2"", ""Wealth"": ""4"", ""National Security"": ""2"", ""Self-Respect"": ""2"", ""Reciprocation of Favors"": ""2"", ""Creativity"": ""2"", ""A World at Peace"": ""2"", ""Respect for Tradition"": ""2"", ""Mature Love"": ""2"", ""Self-Discipline"": ""2"", ""Detachment"": ""2"", ""Family Security"": ""2"", ""Social Recognition"": ""2"", ""Unity With Nature"": ""2"", ""A Varied Life"": ""2"", ""Wisdom"": ""2"", ""Authority"": ""4"", ""True Friendship"": ""2"", ""A World of Beauty"": ""2"", ""Social Justice"": ""2"", ""Independent"": ""2"", ""Moderate"": ""2"", ""Loyal"": ""2"","
714,Canada,Social Networks,2,"{""Equality"": ""1"", ""Inner Harmony"": ""1"", ""Social Power"": ""1"", ""Pleasure"": ""1"", ""Freedom"": ""1"", ""A Spiritual Life"": ""1"", ""Sense of Belonging"": ""1"", ""Social Order"": ""1"", ""An Exciting Life"": ""1"", ""Meaning in Life"": ""1"", ""Politeness"": ""1"", ""Wealth"": ""1"", ""National Security"": ""1"", ""Self-Respect"": ""1"", ""Reciprocation of Favors"": ""1"", ""Creativity"": ""1"", ""A World at Peace"": ""1"", ""Respect for Tradition"": ""1"", ""Mature Love"": ""1"", ""Self-Discipline"": ""1"", ""Detachment"": ""1"", ""Family Security"": ""1"", ""Social Recognition"": ""1"", ""Unity With Nature"": ""1"", ""A Varied Life"": ""1"", ""Wisdom"": ""1"", ""Authority"": ""1"", ""True Friendship"": ""1"", ""A World of Beauty"": ""1"", ""Social Justice"": ""1"", ""Independent"": ""1"", ""Moderate"": ""1"", ""Loyal"": ""1"","
715,Canada,Social Networks,3,"{""Equality"": ""1"", ""Inner Harmony"": ""1"", ""Social Power"": ""1"", ""Pleasure"": ""1"", ""Freedom"": ""1"", ""A Spiritual Life"": ""1"", ""Sense of Belonging"": ""1"", ""Social Order"": ""1"", ""An Exciting Life"": ""1"", ""Meaning in Life"": ""1"", ""Politeness"": ""1"", ""Wealth"": ""1"", ""National Security"": ""1"", ""Self-Respect"": ""1"", ""Reciprocation of Favors"": ""1"", ""Creativity"": ""1"", ""A World at Peace"": ""1"", ""Respect for Tradition"": ""1"", ""Mature Love"": ""1"", ""Self-Discipline"": ""1"", ""Detachment"": ""1"", ""Family Security"": ""1"", ""Social Recognition"": ""1"", ""Unity With Nature"": ""1"", ""A Varied Life"": ""1"", ""Wisdom"": ""1"", ""Authority"": ""1"", ""True Friendship"": ""1"", ""A World of Beauty"": ""1"", ""Social Justice"": ""1"", ""Independent"": ""1"", ""Moderate"": ""1"", ""Loyal"": ""1"","
716,Canada,Social Networks,4,"{
  ""Equality"": ""2"",
  ""Inner Harmony"": ""2"",
  ""Social Power"": ""4"",
  ""Pleasure"": ""2"",
  ""Freedom"": ""2"",
  ""A Spiritual Life"": ""2"",
  ""Sense of Belonging"": ""2"",
  ""Social Order"": ""2"",
  ""An Exciting Life"": ""2"",
  ""Meaning in Life"": ""2"",
  ""Politeness"": ""2"",
  ""Wealth"": ""4"",
  ""National Security"": ""4"",
  ""Self-Respect"": ""2"",
  ""Reciprocation of Favors"": ""2"",
  ""Creativity"": ""2"",
  ""A World at Peace"": ""2"",
  ""Respect for Tradition"": ""4"",
  ""Mature Love"": ""2"",
  ""Self-Discipline"": ""2"",
  ""Detachment"": ""4"",
  ""Family Security"": ""2"",
  ""Social Recognition"": ""2"",
  ""Unity With Nature"": ""2"",
  ""A Varied Life"": ""2"",
  ""Wisdom"": ""2"",
  ""Authority"": ""4"",
  ""True Friendship"": ""2"",
  ""A World of Beauty"":"
717,Canada,Social Networks,5,"{""Equality"": ""3"", ""Inner Harmony"": ""3"", ""Social Power"": ""3"", ""Pleasure"": ""3"", ""Freedom"": ""3"", ""A Spiritual Life"": ""3"", ""Sense of Belonging"": ""3"", ""Social Order"": ""3"", ""An Exciting Life"": ""3"", ""Meaning in Life"": ""3"", ""Politeness"": ""3"", ""Wealth"": ""3"", ""National Security"": ""3"", ""Self-Respect"": ""3"", ""Reciprocation of Favors"": ""3"", ""Creativity"": ""3"", ""A World at Peace"": ""3"", ""Respect for Tradition"": ""3"", ""Mature Love"": ""3"", ""Self-Discipline"": ""3"", ""Detachment"": ""3"", ""Family Security"": ""3"", ""Social Recognition"": ""3"", ""Unity With Nature"": ""3"", ""A Varied Life"": ""3"", ""Wisdom"": ""3"", ""Authority"": ""3"", ""True Friendship"": ""3"", ""A World of Beauty"": ""3"", ""Social Justice"": ""3"", ""Independent"": ""3"", ""Moderate"": ""3"", ""Loyal"": ""3"","
718,Canada,Social Networks,6,"{""Equality"": ""1"", ""Inner Harmony"": ""1"", ""Social Power"": ""1"", ""Pleasure"": ""1"", ""Freedom"": ""1"", ""A Spiritual Life"": ""1"", ""Sense of Belonging"": ""1"", ""Social Order"": ""1"", ""An Exciting Life"": ""1"", ""Meaning in Life"": ""1"", ""Politeness"": ""1"", ""Wealth"": ""1"", ""National Security"": ""1"", ""Self-Respect"": ""1"", ""Reciprocation of Favors"": ""1"", ""Creativity"": ""1"", ""A World at Peace"": ""1"", ""Respect for Tradition"": ""1"", ""Mature Love"": ""1"", ""Self-Discipline"": ""1"", ""Detachment"": ""1"", ""Family Security"": ""1"", ""Social Recognition"": ""1"", ""Unity With Nature"": ""1"", ""A Varied Life"": ""1"", ""Wisdom"": ""1"", ""Authority"": ""1"", ""True Friendship"": ""1"", ""A World of Beauty"": ""1"", ""Social Justice"": ""1"", ""Independent"": ""1"", ""Moderate"": ""1"", ""Loyal"": ""1"","
719,Canada,Social Networks,7,"{""Equality"": ""1"", ""Inner Harmony"": ""1"", ""Social Power"": ""1"", ""Pleasure"": ""1"", ""Freedom"": ""1"", ""A Spiritual Life"": ""1"", ""Sense of Belonging"": ""1"", ""Social Order"": ""1"", ""An Exciting Life"": ""1"", ""Meaning in Life"": ""1"", ""Politeness"": ""1"", ""Wealth"": ""1"", ""National Security"": ""1"", ""Self-Respect"": ""1"", ""Reciprocation of Favors"": ""1"", ""Creativity"": ""1"", ""A World at Peace"": ""1"", ""Respect for Tradition"": ""1"", ""Mature Love"": ""1"", ""Self-Discipline"": ""1"", ""Detachment"": ""1"", ""Family Security"": ""1"", ""Social Recognition"": ""1"", ""Unity With Nature"": ""1"", ""A Varied Life"": ""1"", ""Wisdom"": ""1"", ""Authority"": ""1"", ""True Friendship"": ""1"", ""A World of Beauty"": ""1"", ""Social Justice"": ""1"", ""Independent"": ""1"", ""Moderate"": ""1"", ""Loyal"": ""1"","
720,Canada,Social Inequality,0,"{""Equality"": ""2"", ""Inner Harmony"": ""2"", ""Social Power"": ""4"", ""Pleasure"": ""2"", ""Freedom"": ""2"", ""A Spiritual Life"": ""2"", ""Sense of Belonging"": ""2"", ""Social Order"": ""2"", ""An Exciting Life"": ""2"", ""Meaning in Life"": ""2"", ""Politeness"": ""2"", ""Wealth"": ""4"", ""National Security"": ""2"", ""Self-Respect"": ""2"", ""Reciprocation of Favors"": ""2"", ""Creativity"": ""2"", ""A World at Peace"": ""2"", ""Respect for Tradition"": ""2"", ""Mature Love"": ""2"", ""Self-Discipline"": ""2"", ""Detachment"": ""2"", ""Family Security"": ""2"", ""Social Recognition"": ""2"", ""Unity With Nature"": ""2"", ""A Varied Life"": ""2"", ""Wisdom"": ""2"", ""Authority"": ""4"", ""True Friendship"": ""2"", ""A World of Beauty"": ""2"", ""Social Justice"": ""2"", ""Independent"": ""2"", ""Moderate"": ""2"", ""Loyal"": ""2"","
721,Canada,Social Inequality,1,"{""Equality"": ""2"", ""Inner Harmony"": ""2"", ""Social Power"": ""4"", ""Pleasure"": ""2"", ""Freedom"": ""2"", ""A Spiritual Life"": ""2"", ""Sense of Belonging"": ""2"", ""Social Order"": ""2"", ""An Exciting Life"": ""2"", ""Meaning in Life"": ""2"", ""Politeness"": ""2"", ""Wealth"": ""4"", ""National Security"": ""2"", ""Self-Respect"": ""2"", ""Reciprocation of Favors"": ""2"", ""Creativity"": ""2"", ""A World at Peace"": ""2"", ""Respect for Tradition"": ""2"", ""Mature Love"": ""2"", ""Self-Discipline"": ""2"", ""Detachment"": ""2"", ""Family Security"": ""2"", ""Social Recognition"": ""2"", ""Unity With Nature"": ""2"", ""A Varied Life"": ""2"", ""Wisdom"": ""2"", ""Authority"": ""4"", ""True Friendship"": ""2"", ""A World of Beauty"": ""2"", ""Social Justice"": ""2"", ""Independent"": ""2"", ""Moderate"": ""2"", ""Loyal"": ""2"","
722,Canada,Social Inequality,2,"{""Equality"": ""1"", ""Inner Harmony"": ""1"", ""Social Power"": ""1"", ""Pleasure"": ""1"", ""Freedom"": ""1"", ""A Spiritual Life"": ""1"", ""Sense of Belonging"": ""1"", ""Social Order"": ""1"", ""An Exciting Life"": ""1"", ""Meaning in Life"": ""1"", ""Politeness"": ""1"", ""Wealth"": ""1"", ""National Security"": ""1"", ""Self-Respect"": ""1"", ""Reciprocation of Favors"": ""1"", ""Creativity"": ""1"", ""A World at Peace"": ""1"", ""Respect for Tradition"": ""1"", ""Mature Love"": ""1"", ""Self-Discipline"": ""1"", ""Detachment"": ""1"", ""Family Security"": ""1"", ""Social Recognition"": ""1"", ""Unity With Nature"": ""1"", ""A Varied Life"": ""1"", ""Wisdom"": ""1"", ""Authority"": ""1"", ""True Friendship"": ""1"", ""A World of Beauty"": ""1"", ""Social Justice"": ""1"", ""Independent"": ""1"", ""Moderate"": ""1"", ""Loyal"": ""1"","
723,Canada,Social Inequality,3,"{""Equality"": ""2"", ""Inner Harmony"": ""2"", ""Social Power"": ""4"", ""Pleasure"": ""2"", ""Freedom"": ""2"", ""A Spiritual Life"": ""2"", ""Sense of Belonging"": ""2"", ""Social Order"": ""2"", ""An Exciting Life"": ""2"", ""Meaning in Life"": ""2"", ""Politeness"": ""2"", ""Wealth"": ""2"", ""National Security"": ""2"", ""Self-Respect"": ""2"", ""Reciprocation of Favors"": ""2"", ""Creativity"": ""2"", ""A World at Peace"": ""2"", ""Respect for Tradition"": ""2"", ""Mature Love"": ""2"", ""Self-Discipline"": ""2"", ""Detachment"": ""2"", ""Family Security"": ""2"", ""Social Recognition"": ""2"", ""Unity With Nature"": ""2"", ""A Varied Life"": ""2"", ""Wisdom"": ""2"", ""Authority"": ""2"", ""True Friendship"": ""2"", ""A World of Beauty"": ""2"", ""Social Justice"": ""2"", ""Independent"": ""2"", ""Moderate"": ""2"", ""Loyal"": ""2"","
724,Canada,Social Inequality,4,"{""Equality"": ""2"", ""Inner Harmony"": ""2"", ""Social Power"": ""4"", ""Pleasure"": ""2"", ""Freedom"": ""2"", ""A Spiritual Life"": ""2"", ""Sense of Belonging"": ""2"", ""Social Order"": ""2"", ""An Exciting Life"": ""2"", ""Meaning in Life"": ""2"", ""Politeness"": ""2"", ""Wealth"": ""4"", ""National Security"": ""2"", ""Self-Respect"": ""2"", ""Reciprocation of Favors"": ""2"", ""Creativity"": ""2"", ""A World at Peace"": ""2"", ""Respect for Tradition"": ""2"", ""Mature Love"": ""2"", ""Self-Discipline"": ""2"", ""Detachment"": ""2"", ""Family Security"": ""2"", ""Social Recognition"": ""2"", ""Unity With Nature"": ""2"", ""A Varied Life"": ""2"", ""Wisdom"": ""2"", ""Authority"": ""4"", ""True Friendship"": ""2"", ""A World of Beauty"": ""2"", ""Social Justice"": ""2"", ""Independent"": ""2"", ""Moderate"": ""2"", ""Loyal"": ""2"","
725,Canada,Social Inequality,5,"{""Equality"": ""2"", ""Inner Harmony"": ""3"", ""Social Power"": ""4"", ""Pleasure"": ""3"", ""Freedom"": ""2"", ""A Spiritual Life"": ""3"", ""Sense of Belonging"": ""2"", ""Social Order"": ""3"", ""An Exciting Life"": ""3"", ""Meaning in Life"": ""3"", ""Politeness"": ""2"", ""Wealth"": ""3"", ""National Security"": ""3"", ""Self-Respect"": ""2"", ""Reciprocation of Favors"": ""2"", ""Creativity"": ""3"", ""A World at Peace"": ""2"", ""Respect for Tradition"": ""3"", ""Mature Love"": ""3"", ""Self-Discipline"": ""3"", ""Detachment"": ""3"", ""Family Security"": ""2"", ""Social Recognition"": ""2"", ""Unity With Nature"": ""3"", ""A Varied Life"": ""3"", ""Wisdom"": ""3"", ""Authority"": ""4"", ""True Friendship"": ""2"", ""A World of Beauty"": ""3"", ""Social Justice"": ""2"", ""Independent"": ""2"", ""Moderate"": ""3"", ""Loyal"": ""2"","
726,Canada,Social Inequality,6,"{""Equality"": ""1"", ""Inner Harmony"": ""1"", ""Social Power"": ""1"", ""Pleasure"": ""1"", ""Freedom"": ""1"", ""A Spiritual Life"": ""1"", ""Sense of Belonging"": ""1"", ""Social Order"": ""1"", ""An Exciting Life"": ""1"", ""Meaning in Life"": ""1"", ""Politeness"": ""1"", ""Wealth"": ""1"", ""National Security"": ""1"", ""Self-Respect"": ""1"", ""Reciprocation of Favors"": ""1"", ""Creativity"": ""1"", ""A World at Peace"": ""1"", ""Respect for Tradition"": ""1"", ""Mature Love"": ""1"", ""Self-Discipline"": ""1"", ""Detachment"": ""1"", ""Family Security"": ""1"", ""Social Recognition"": ""1"", ""Unity With Nature"": ""1"", ""A Varied Life"": ""1"", ""Wisdom"": ""1"", ""Authority"": ""1"", ""True Friendship"": ""1"", ""A World of Beauty"": ""1"", ""Social Justice"": ""1"", ""Independent"": ""1"", ""Moderate"": ""1"", ""Loyal"": ""1"","
727,Canada,Social Inequality,7,"{""Equality"": ""1"", ""Inner Harmony"": ""1"", ""Social Power"": ""4"", ""Pleasure"": ""1"", ""Freedom"": ""1"", ""A Spiritual Life"": ""1"", ""Sense of Belonging"": ""1"", ""Social Order"": ""1"", ""An Exciting Life"": ""1"", ""Meaning in Life"": ""1"", ""Politeness"": ""1"", ""Wealth"": ""4"", ""National Security"": ""1"", ""Self-Respect"": ""1"", ""Reciprocation of Favors"": ""1"", ""Creativity"": ""1"", ""A World at Peace"": ""1"", ""Respect for Tradition"": ""4"", ""Mature Love"": ""1"", ""Self-Discipline"": ""1"", ""Detachment"": ""4"", ""Family Security"": ""1"", ""Social Recognition"": ""1"", ""Unity With Nature"": ""1"", ""A Varied Life"": ""1"", ""Wisdom"": ""1"", ""Authority"": ""4"", ""True Friendship"": ""1"", ""A World of Beauty"": ""1"", ""Social Justice"": ""1"", ""Independent"": ""1"", ""Moderate"": ""1"", ""Loyal"": ""1"","
728,Canada,Family & Changing Gender Roles,0,"{""Equality"": ""2"", ""Inner Harmony"": ""2"", ""Social Power"": ""4"", ""Pleasure"": ""2"", ""Freedom"": ""2"", ""A Spiritual Life"": ""2"", ""Sense of Belonging"": ""2"", ""Social Order"": ""2"", ""An Exciting Life"": ""2"", ""Meaning in Life"": ""2"", ""Politeness"": ""2"", ""Wealth"": ""2"", ""National Security"": ""2"", ""Self-Respect"": ""2"", ""Reciprocation of Favors"": ""2"", ""Creativity"": ""2"", ""A World at Peace"": ""2"", ""Respect for Tradition"": ""2"", ""Mature Love"": ""2"", ""Self-Discipline"": ""2"", ""Detachment"": ""2"", ""Family Security"": ""2"", ""Social Recognition"": ""2"", ""Unity With Nature"": ""2"", ""A Varied Life"": ""2"", ""Wisdom"": ""2"", ""Authority"": ""4"", ""True Friendship"": ""2"", ""A World of Beauty"": ""2"", ""Social Justice"": ""2"", ""Independent"": ""2"", ""Moderate"": ""2"", ""Loyal"": ""2"","
729,Canada,Family & Changing Gender Roles,1,"{""Equality"": ""2"", ""Inner Harmony"": ""2"", ""Social Power"": ""4"", ""Pleasure"": ""2"", ""Freedom"": ""2"", ""A Spiritual Life"": ""2"", ""Sense of Belonging"": ""2"", ""Social Order"": ""2"", ""An Exciting Life"": ""2"", ""Meaning in Life"": ""2"", ""Politeness"": ""2"", ""Wealth"": ""2"", ""National Security"": ""2"", ""Self-Respect"": ""2"", ""Reciprocation of Favors"": ""2"", ""Creativity"": ""2"", ""A World at Peace"": ""2"", ""Respect for Tradition"": ""2"", ""Mature Love"": ""2"", ""Self-Discipline"": ""2"", ""Detachment"": ""2"", ""Family Security"": ""2"", ""Social Recognition"": ""2"", ""Unity With Nature"": ""2"", ""A Varied Life"": ""2"", ""Wisdom"": ""2"", ""Authority"": ""4"", ""True Friendship"": ""2"", ""A World of Beauty"": ""2"", ""Social Justice"": ""2"", ""Independent"": ""2"", ""Moderate"": ""2"", ""Loyal"": ""2"","
730,Canada,Family & Changing Gender Roles,2,"{""Equality"": ""2"", ""Inner Harmony"": ""2"", ""Social Power"": ""2"", ""Pleasure"": ""2"", ""Freedom"": ""2"", ""A Spiritual Life"": ""2"", ""Sense of Belonging"": ""2"", ""Social Order"": ""2"", ""An Exciting Life"": ""2"", ""Meaning in Life"": ""2"", ""Politeness"": ""2"", ""Wealth"": ""2"", ""National Security"": ""2"", ""Self-Respect"": ""2"", ""Reciprocation of Favors"": ""2"", ""Creativity"": ""2"", ""A World at Peace"": ""2"", ""Respect for Tradition"": ""2"", ""Mature Love"": ""2"", ""Self-Discipline"": ""2"", ""Detachment"": ""2"", ""Family Security"": ""2"", ""Social Recognition"": ""2"", ""Unity With Nature"": ""2"", ""A Varied Life"": ""2"", ""Wisdom"": ""2"", ""Authority"": ""2"", ""True Friendship"": ""2"", ""A World of Beauty"": ""2"", ""Social Justice"": ""2"", ""Independent"": ""2"", ""Moderate"": ""2"", ""Loyal"": ""2"","
731,Canada,Family & Changing Gender Roles,3,"{""Equality"": ""2"", ""Inner Harmony"": ""2"", ""Social Power"": ""2"", ""Pleasure"": ""2"", ""Freedom"": ""2"", ""A Spiritual Life"": ""2"", ""Sense of Belonging"": ""2"", ""Social Order"": ""2"", ""An Exciting Life"": ""2"", ""Meaning in Life"": ""2"", ""Politeness"": ""2"", ""Wealth"": ""2"", ""National Security"": ""2"", ""Self-Respect"": ""2"", ""Reciprocation of Favors"": ""2"", ""Creativity"": ""2"", ""A World at Peace"": ""2"", ""Respect for Tradition"": ""2"", ""Mature Love"": ""2"", ""Self-Discipline"": ""2"", ""Detachment"": ""2"", ""Family Security"": ""2"", ""Social Recognition"": ""2"", ""Unity With Nature"": ""2"", ""A Varied Life"": ""2"", ""Wisdom"": ""2"", ""Authority"": ""2"", ""True Friendship"": ""2"", ""A World of Beauty"": ""2"", ""Social Justice"": ""2"", ""Independent"": ""2"", ""Moderate"": ""2"", ""Loyal"": ""2"","
732,Canada,Family & Changing Gender Roles,4,"{""Equality"": ""2"", ""Inner Harmony"": ""2"", ""Social Power"": ""4"", ""Pleasure"": ""2"", ""Freedom"": ""2"", ""A Spiritual Life"": ""2"", ""Sense of Belonging"": ""2"", ""Social Order"": ""2"", ""An Exciting Life"": ""2"", ""Meaning in Life"": ""2"", ""Politeness"": ""2"", ""Wealth"": ""2"", ""National Security"": ""2"", ""Self-Respect"": ""2"", ""Reciprocation of Favors"": ""2"", ""Creativity"": ""2"", ""A World at Peace"": ""2"", ""Respect for Tradition"": ""2"", ""Mature Love"": ""2"", ""Self-Discipline"": ""2"", ""Detachment"": ""2"", ""Family Security"": ""2"", ""Social Recognition"": ""2"", ""Unity With Nature"": ""2"", ""A Varied Life"": ""2"", ""Wisdom"": ""2"", ""Authority"": ""4"", ""True Friendship"": ""2"", ""A World of Beauty"": ""2"", ""Social Justice"": ""2"", ""Independent"": ""2"", ""Moderate"": ""2"", ""Loyal"": ""2"","
733,Canada,Family & Changing Gender Roles,5,"{""Equality"": ""2"", ""Inner Harmony"": ""2"", ""Social Power"": ""4"", ""Pleasure"": ""2"", ""Freedom"": ""2"", ""A Spiritual Life"": ""2"", ""Sense of Belonging"": ""2"", ""Social Order"": ""2"", ""An Exciting Life"": ""2"", ""Meaning in Life"": ""2"", ""Politeness"": ""2"", ""Wealth"": ""2"", ""National Security"": ""2"", ""Self-Respect"": ""2"", ""Reciprocation of Favors"": ""2"", ""Creativity"": ""2"", ""A World at Peace"": ""2"", ""Respect for Tradition"": ""2"", ""Mature Love"": ""2"", ""Self-Discipline"": ""2"", ""Detachment"": ""2"", ""Family Security"": ""2"", ""Social Recognition"": ""2"", ""Unity With Nature"": ""2"", ""A Varied Life"": ""2"", ""Wisdom"": ""2"", ""Authority"": ""4"", ""True Friendship"": ""2"", ""A World of Beauty"": ""2"", ""Social Justice"": ""2"", ""Independent"": ""2"", ""Moderate"": ""2"", ""Loyal"": ""2"","
734,Canada,Family & Changing Gender Roles,6,"{""Equality"": ""1"", ""Inner Harmony"": ""1"", ""Social Power"": ""2"", ""Pleasure"": ""1"", ""Freedom"": ""1"", ""A Spiritual Life"": ""2"", ""Sense of Belonging"": ""1"", ""Social Order"": ""2"", ""An Exciting Life"": ""2"", ""Meaning in Life"": ""1"", ""Politeness"": ""2"", ""Wealth"": ""2"", ""National Security"": ""2"", ""Self-Respect"": ""1"", ""Reciprocation of Favors"": ""2"", ""Creativity"": ""2"", ""A World at Peace"": ""1"", ""Respect for Tradition"": ""2"", ""Mature Love"": ""2"", ""Self-Discipline"": ""2"", ""Detachment"": ""2"", ""Family Security"": ""1"", ""Social Recognition"": ""2"", ""Unity With Nature"": ""2"", ""A Varied Life"": ""2"", ""Wisdom"": ""2"", ""Authority"": ""2"", ""True Friendship"": ""2"", ""A World of Beauty"": ""2"", ""Social Justice"": ""1"", ""Independent"": ""2"", ""Moderate"": ""2"", ""Loyal"": ""2"","
735,Canada,Family & Changing Gender Roles,7,"{""Equality"": ""1"", ""Inner Harmony"": ""1"", ""Social Power"": ""4"", ""Pleasure"": ""1"", ""Freedom"": ""1"", ""A Spiritual Life"": ""4"", ""Sense of Belonging"": ""1"", ""Social Order"": ""4"", ""An Exciting Life"": ""1"", ""Meaning in Life"": ""1"", ""Politeness"": ""1"", ""Wealth"": ""4"", ""National Security"": ""4"", ""Self-Respect"": ""1"", ""Reciprocation of Favors"": ""1"", ""Creativity"": ""1"", ""A World at Peace"": ""1"", ""Respect for Tradition"": ""4"", ""Mature Love"": ""1"", ""Self-Discipline"": ""4"", ""Detachment"": ""4"", ""Family Security"": ""1"", ""Social Recognition"": ""1"", ""Unity With Nature"": ""4"", ""A Varied Life"": ""1"", ""Wisdom"": ""1"", ""Authority"": ""4"", ""True Friendship"": ""1"", ""A World of Beauty"": ""1"", ""Social Justice"": ""1"", ""Independent"": ""1"", ""Moderate"": ""4"", ""Loyal"": ""1"","
736,Canada,Work Orientation,0,"{""Equality"": ""2"", ""Inner Harmony"": ""2"", ""Social Power"": ""4"", ""Pleasure"": ""2"", ""Freedom"": ""2"", ""A Spiritual Life"": ""4"", ""Sense of Belonging"": ""2"", ""Social Order"": ""2"", ""An Exciting Life"": ""2"", ""Meaning in Life"": ""2"", ""Politeness"": ""2"", ""Wealth"": ""4"", ""National Security"": ""4"", ""Self-Respect"": ""2"", ""Reciprocation of Favors"": ""2"", ""Creativity"": ""2"", ""A World at Peace"": ""2"", ""Respect for Tradition"": ""4"", ""Mature Love"": ""4"", ""Self-Discipline"": ""2"", ""Detachment"": ""4"", ""Family Security"": ""2"", ""Social Recognition"": ""2"", ""Unity With Nature"": ""4"", ""A Varied Life"": ""2"", ""Wisdom"": ""2"", ""Authority"": ""4"", ""True Friendship"": ""2"", ""A World of Beauty"": ""2"", ""Social Justice"": ""2"", ""Independent"": ""2"", ""Moderate"": ""2"", ""Loyal"": ""2"","
737,Canada,Work Orientation,1,"{""Equality"": ""2"", ""Inner Harmony"": ""2"", ""Social Power"": ""4"", ""Pleasure"": ""2"", ""Freedom"": ""2"", ""A Spiritual Life"": ""2"", ""Sense of Belonging"": ""2"", ""Social Order"": ""2"", ""An Exciting Life"": ""2"", ""Meaning in Life"": ""2"", ""Politeness"": ""2"", ""Wealth"": ""2"", ""National Security"": ""2"", ""Self-Respect"": ""2"", ""Reciprocation of Favors"": ""2"", ""Creativity"": ""2"", ""A World at Peace"": ""2"", ""Respect for Tradition"": ""2"", ""Mature Love"": ""2"", ""Self-Discipline"": ""2"", ""Detachment"": ""2"", ""Family Security"": ""2"", ""Social Recognition"": ""2"", ""Unity With Nature"": ""2"", ""A Varied Life"": ""2"", ""Wisdom"": ""2"", ""Authority"": ""4"", ""True Friendship"": ""2"", ""A World of Beauty"": ""2"", ""Social Justice"": ""2"", ""Independent"": ""2"", ""Moderate"": ""2"", ""Loyal"": ""2"","
738,Canada,Work Orientation,2,"{""Equality"": ""1"", ""Inner Harmony"": ""1"", ""Social Power"": ""1"", ""Pleasure"": ""1"", ""Freedom"": ""1"", ""A Spiritual Life"": ""1"", ""Sense of Belonging"": ""1"", ""Social Order"": ""1"", ""An Exciting Life"": ""1"", ""Meaning in Life"": ""1"", ""Politeness"": ""1"", ""Wealth"": ""1"", ""National Security"": ""1"", ""Self-Respect"": ""1"", ""Reciprocation of Favors"": ""1"", ""Creativity"": ""1"", ""A World at Peace"": ""1"", ""Respect for Tradition"": ""1"", ""Mature Love"": ""1"", ""Self-Discipline"": ""1"", ""Detachment"": ""1"", ""Family Security"": ""1"", ""Social Recognition"": ""1"", ""Unity With Nature"": ""1"", ""A Varied Life"": ""1"", ""Wisdom"": ""1"", ""Authority"": ""1"", ""True Friendship"": ""1"", ""A World of Beauty"": ""1"", ""Social Justice"": ""1"", ""Independent"": ""1"", ""Moderate"": ""1"", ""Loyal"": ""1"","
739,Canada,Work Orientation,3,"{""Equality"": ""1"", ""Inner Harmony"": ""1"", ""Social Power"": ""4"", ""Pleasure"": ""1"", ""Freedom"": ""1"", ""A Spiritual Life"": ""4"", ""Sense of Belonging"": ""1"", ""Social Order"": ""4"", ""An Exciting Life"": ""1"", ""Meaning in Life"": ""1"", ""Politeness"": ""1"", ""Wealth"": ""4"", ""National Security"": ""4"", ""Self-Respect"": ""1"", ""Reciprocation of Favors"": ""1"", ""Creativity"": ""1"", ""A World at Peace"": ""1"", ""Respect for Tradition"": ""4"", ""Mature Love"": ""1"", ""Self-Discipline"": ""4"", ""Detachment"": ""4"", ""Family Security"": ""1"", ""Social Recognition"": ""1"", ""Unity With Nature"": ""4"", ""A Varied Life"": ""1"", ""Wisdom"": ""1"", ""Authority"": ""4"", ""True Friendship"": ""1"", ""A World of Beauty"": ""1"", ""Social Justice"": ""1"", ""Independent"": ""1"", ""Moderate"": ""4"", ""Loyal"": ""1"","
740,Canada,Work Orientation,4,"{""Equality"": ""2"", ""Inner Harmony"": ""2"", ""Social Power"": ""4"", ""Pleasure"": ""2"", ""Freedom"": ""2"", ""A Spiritual Life"": ""2"", ""Sense of Belonging"": ""2"", ""Social Order"": ""2"", ""An Exciting Life"": ""2"", ""Meaning in Life"": ""2"", ""Politeness"": ""2"", ""Wealth"": ""4"", ""National Security"": ""4"", ""Self-Respect"": ""2"", ""Reciprocation of Favors"": ""2"", ""Creativity"": ""2"", ""A World at Peace"": ""2"", ""Respect for Tradition"": ""4"", ""Mature Love"": ""2"", ""Self-Discipline"": ""2"", ""Detachment"": ""4"", ""Family Security"": ""2"", ""Social Recognition"": ""2"", ""Unity With Nature"": ""2"", ""A Varied Life"": ""2"", ""Wisdom"": ""2"", ""Authority"": ""4"", ""True Friendship"": ""2"", ""A World of Beauty"": ""2"", ""Social Justice"": ""2"", ""Independent"": ""2"", ""Moderate"": ""2"", ""Loyal"": ""2"","
741,Canada,Work Orientation,5,"{""Equality"": ""2"", ""Inner Harmony"": ""2"", ""Social Power"": ""4"", ""Pleasure"": ""2"", ""Freedom"": ""2"", ""A Spiritual Life"": ""2"", ""Sense of Belonging"": ""2"", ""Social Order"": ""2"", ""An Exciting Life"": ""2"", ""Meaning in Life"": ""2"", ""Politeness"": ""2"", ""Wealth"": ""2"", ""National Security"": ""2"", ""Self-Respect"": ""2"", ""Reciprocation of Favors"": ""2"", ""Creativity"": ""2"", ""A World at Peace"": ""2"", ""Respect for Tradition"": ""2"", ""Mature Love"": ""2"", ""Self-Discipline"": ""2"", ""Detachment"": ""2"", ""Family Security"": ""2"", ""Social Recognition"": ""2"", ""Unity With Nature"": ""2"", ""A Varied Life"": ""2"", ""Wisdom"": ""2"", ""Authority"": ""4"", ""True Friendship"": ""2"", ""A World of Beauty"": ""2"", ""Social Justice"": ""2"", ""Independent"": ""2"", ""Moderate"": ""2"", ""Loyal"": ""2"","
742,Canada,Work Orientation,6,"{""Equality"": ""1"", ""Inner Harmony"": ""1"", ""Social Power"": ""1"", ""Pleasure"": ""1"", ""Freedom"": ""1"", ""A Spiritual Life"": ""1"", ""Sense of Belonging"": ""1"", ""Social Order"": ""1"", ""An Exciting Life"": ""1"", ""Meaning in Life"": ""1"", ""Politeness"": ""1"", ""Wealth"": ""1"", ""National Security"": ""1"", ""Self-Respect"": ""1"", ""Reciprocation of Favors"": ""1"", ""Creativity"": ""1"", ""A World at Peace"": ""1"", ""Respect for Tradition"": ""1"", ""Mature Love"": ""1"", ""Self-Discipline"": ""1"", ""Detachment"": ""1"", ""Family Security"": ""1"", ""Social Recognition"": ""1"", ""Unity With Nature"": ""1"", ""A Varied Life"": ""1"", ""Wisdom"": ""1"", ""Authority"": ""1"", ""True Friendship"": ""1"", ""A World of Beauty"": ""1"", ""Social Justice"": ""1"", ""Independent"": ""1"", ""Moderate"": ""1"", ""Loyal"": ""1"","
743,Canada,Work Orientation,7,"{""Equality"": ""1"", ""Inner Harmony"": ""1"", ""Social Power"": ""1"", ""Pleasure"": ""1"", ""Freedom"": ""1"", ""A Spiritual Life"": ""1"", ""Sense of Belonging"": ""1"", ""Social Order"": ""1"", ""An Exciting Life"": ""1"", ""Meaning in Life"": ""1"", ""Politeness"": ""1"", ""Wealth"": ""1"", ""National Security"": ""1"", ""Self-Respect"": ""1"", ""Reciprocation of Favors"": ""1"", ""Creativity"": ""1"", ""A World at Peace"": ""1"", ""Respect for Tradition"": ""1"", ""Mature Love"": ""1"", ""Self-Discipline"": ""1"", ""Detachment"": ""1"", ""Family Security"": ""1"", ""Social Recognition"": ""1"", ""Unity With Nature"": ""1"", ""A Varied Life"": ""1"", ""Wisdom"": ""1"", ""Authority"": ""1"", ""True Friendship"": ""1"", ""A World of Beauty"": ""1"", ""Social Justice"": ""1"", ""Independent"": ""1"", ""Moderate"": ""1"", ""Loyal"": ""1"","
744,Canada,Religion,0,"{""Equality"": ""2"", ""Inner Harmony"": ""2"", ""Social Power"": ""4"", ""Pleasure"": ""2"", ""Freedom"": ""2"", ""A Spiritual Life"": ""2"", ""Sense of Belonging"": ""2"", ""Social Order"": ""2"", ""An Exciting Life"": ""2"", ""Meaning in Life"": ""2"", ""Politeness"": ""2"", ""Wealth"": ""4"", ""National Security"": ""2"", ""Self-Respect"": ""2"", ""Reciprocation of Favors"": ""2"", ""Creativity"": ""2"", ""A World at Peace"": ""2"", ""Respect for Tradition"": ""2"", ""Mature Love"": ""2"", ""Self-Discipline"": ""2"", ""Detachment"": ""2"", ""Family Security"": ""2"", ""Social Recognition"": ""2"", ""Unity With Nature"": ""2"", ""A Varied Life"": ""2"", ""Wisdom"": ""2"", ""Authority"": ""4"", ""True Friendship"": ""2"", ""A World of Beauty"": ""2"", ""Social Justice"": ""2"", ""Independent"": ""2"", ""Moderate"": ""2"", ""Loyal"": ""2"","
745,Canada,Religion,1,"{""Equality"": ""3"", ""Inner Harmony"": ""3"", ""Social Power"": ""4"", ""Pleasure"": ""3"", ""Freedom"": ""3"", ""A Spiritual Life"": ""3"", ""Sense of Belonging"": ""3"", ""Social Order"": ""3"", ""An Exciting Life"": ""3"", ""Meaning in Life"": ""3"", ""Politeness"": ""3"", ""Wealth"": ""3"", ""National Security"": ""3"", ""Self-Respect"": ""3"", ""Reciprocation of Favors"": ""3"", ""Creativity"": ""3"", ""A World at Peace"": ""3"", ""Respect for Tradition"": ""3"", ""Mature Love"": ""3"", ""Self-Discipline"": ""3"", ""Detachment"": ""3"", ""Family Security"": ""3"", ""Social Recognition"": ""3"", ""Unity With Nature"": ""3"", ""A Varied Life"": ""3"", ""Wisdom"": ""3"", ""Authority"": ""4"", ""True Friendship"": ""3"", ""A World of Beauty"": ""3"", ""Social Justice"": ""3"", ""Independent"": ""3"", ""Moderate"": ""3"", ""Loyal"": ""3"","
746,Canada,Religion,2,"{""Equality"": ""1"", ""Inner Harmony"": ""1"", ""Social Power"": ""2"", ""Pleasure"": ""2"", ""Freedom"": ""1"", ""A Spiritual Life"": ""2"", ""Sense of Belonging"": ""2"", ""Social Order"": ""2"", ""An Exciting Life"": ""2"", ""Meaning in Life"": ""1"", ""Politeness"": ""2"", ""Wealth"": ""2"", ""National Security"": ""2"", ""Self-Respect"": ""1"", ""Reciprocation of Favors"": ""2"", ""Creativity"": ""2"", ""A World at Peace"": ""1"", ""Respect for Tradition"": ""2"", ""Mature Love"": ""2"", ""Self-Discipline"": ""2"", ""Detachment"": ""2"", ""Family Security"": ""2"", ""Social Recognition"": ""2"", ""Unity With Nature"": ""2"", ""A Varied Life"": ""2"", ""Wisdom"": ""2"", ""Authority"": ""2"", ""True Friendship"": ""2"", ""A World of Beauty"": ""2"", ""Social Justice"": ""2"", ""Independent"": ""2"", ""Moderate"": ""2"", ""Loyal"": ""2"","
747,Canada,Religion,3,"{""Equality"": ""2"", ""Inner Harmony"": ""2"", ""Social Power"": ""4"", ""Pleasure"": ""4"", ""Freedom"": ""2"", ""A Spiritual Life"": ""4"", ""Sense of Belonging"": ""2"", ""Social Order"": ""2"", ""An Exciting Life"": ""4"", ""Meaning in Life"": ""2"", ""Politeness"": ""2"", ""Wealth"": ""4"", ""National Security"": ""2"", ""Self-Respect"": ""2"", ""Reciprocation of Favors"": ""2"", ""Creativity"": ""4"", ""A World at Peace"": ""2"", ""Respect for Tradition"": ""2"", ""Mature Love"": ""4"", ""Self-Discipline"": ""4"", ""Detachment"": ""4"", ""Family Security"": ""2"", ""Social Recognition"": ""2"", ""Unity With Nature"": ""2"", ""A Varied Life"": ""4"", ""Wisdom"": ""2"", ""Authority"": ""4"", ""True Friendship"": ""2"", ""A World of Beauty"": ""2"", ""Social Justice"": ""2"", ""Independent"": ""4"", ""Moderate"": ""4"", ""Loyal"": ""2"","
748,Canada,Religion,4,"{""Equality"": ""2"", ""Inner Harmony"": ""2"", ""Social Power"": ""4"", ""Pleasure"": ""2"", ""Freedom"": ""2"", ""A Spiritual Life"": ""2"", ""Sense of Belonging"": ""2"", ""Social Order"": ""2"", ""An Exciting Life"": ""2"", ""Meaning in Life"": ""2"", ""Politeness"": ""2"", ""Wealth"": ""4"", ""National Security"": ""4"", ""Self-Respect"": ""2"", ""Reciprocation of Favors"": ""2"", ""Creativity"": ""2"", ""A World at Peace"": ""2"", ""Respect for Tradition"": ""2"", ""Mature Love"": ""2"", ""Self-Discipline"": ""2"", ""Detachment"": ""2"", ""Family Security"": ""2"", ""Social Recognition"": ""2"", ""Unity With Nature"": ""2"", ""A Varied Life"": ""2"", ""Wisdom"": ""2"", ""Authority"": ""4"", ""True Friendship"": ""2"", ""A World of Beauty"": ""2"", ""Social Justice"": ""2"", ""Independent"": ""2"", ""Moderate"": ""2"", ""Loyal"": ""2"","
749,Canada,Religion,5,"{""Equality"": ""2"", ""Inner Harmony"": ""2"", ""Social Power"": ""4"", ""Pleasure"": ""2"", ""Freedom"": ""2"", ""A Spiritual Life"": ""2"", ""Sense of Belonging"": ""2"", ""Social Order"": ""2"", ""An Exciting Life"": ""2"", ""Meaning in Life"": ""2"", ""Politeness"": ""2"", ""Wealth"": ""2"", ""National Security"": ""2"", ""Self-Respect"": ""2"", ""Reciprocation of Favors"": ""2"", ""Creativity"": ""2"", ""A World at Peace"": ""2"", ""Respect for Tradition"": ""2"", ""Mature Love"": ""2"", ""Self-Discipline"": ""2"", ""Detachment"": ""2"", ""Family Security"": ""2"", ""Social Recognition"": ""2"", ""Unity With Nature"": ""2"", ""A Varied Life"": ""2"", ""Wisdom"": ""2"", ""Authority"": ""2"", ""True Friendship"": ""2"", ""A World of Beauty"": ""2"", ""Social Justice"": ""2"", ""Independent"": ""2"", ""Moderate"": ""2"", ""Loyal"": ""2"","
750,Canada,Religion,6,"{""Equality"": ""2"", ""Inner Harmony"": ""2"", ""Social Power"": ""2"", ""Pleasure"": ""2"", ""Freedom"": ""2"", ""A Spiritual Life"": ""2"", ""Sense of Belonging"": ""2"", ""Social Order"": ""2"", ""An Exciting Life"": ""2"", ""Meaning in Life"": ""2"", ""Politeness"": ""2"", ""Wealth"": ""2"", ""National Security"": ""2"", ""Self-Respect"": ""2"", ""Reciprocation of Favors"": ""2"", ""Creativity"": ""2"", ""A World at Peace"": ""2"", ""Respect for Tradition"": ""2"", ""Mature Love"": ""2"", ""Self-Discipline"": ""2"", ""Detachment"": ""2"", ""Family Security"": ""2"", ""Social Recognition"": ""2"", ""Unity With Nature"": ""2"", ""A Varied Life"": ""2"", ""Wisdom"": ""2"", ""Authority"": ""2"", ""True Friendship"": ""2"", ""A World of Beauty"": ""2"", ""Social Justice"": ""2"", ""Independent"": ""2"", ""Moderate"": ""2"", ""Loyal"": ""2"","
751,Canada,Religion,7,"{""Equality"": ""4"", ""Inner Harmony"": ""4"", ""Social Power"": ""4"", ""Pleasure"": ""4"", ""Freedom"": ""4"", ""A Spiritual Life"": ""4"", ""Sense of Belonging"": ""4"", ""Social Order"": ""4"", ""An Exciting Life"": ""4"", ""Meaning in Life"": ""4"", ""Politeness"": ""4"", ""Wealth"": ""4"", ""National Security"": ""4"", ""Self-Respect"": ""4"", ""Reciprocation of Favors"": ""4"", ""Creativity"": ""4"", ""A World at Peace"": ""4"", ""Respect for Tradition"": ""4"", ""Mature Love"": ""4"", ""Self-Discipline"": ""4"", ""Detachment"": ""4"", ""Family Security"": ""4"", ""Social Recognition"": ""4"", ""Unity With Nature"": ""4"", ""A Varied Life"": ""4"", ""Wisdom"": ""4"", ""Authority"": ""4"", ""True Friendship"": ""4"", ""A World of Beauty"": ""4"", ""Social Justice"": ""4"", ""Independent"": ""4"", ""Moderate"": ""4"", ""Loyal"": ""4"","
752,Canada,Environment,0,"{""Equality"": ""2"", ""Inner Harmony"": ""2"", ""Social Power"": ""4"", ""Pleasure"": ""2"", ""Freedom"": ""2"", ""A Spiritual Life"": ""2"", ""Sense of Belonging"": ""2"", ""Social Order"": ""2"", ""An Exciting Life"": ""2"", ""Meaning in Life"": ""2"", ""Politeness"": ""2"", ""Wealth"": ""4"", ""National Security"": ""2"", ""Self-Respect"": ""2"", ""Reciprocation of Favors"": ""2"", ""Creativity"": ""2"", ""A World at Peace"": ""2"", ""Respect for Tradition"": ""2"", ""Mature Love"": ""2"", ""Self-Discipline"": ""2"", ""Detachment"": ""2"", ""Family Security"": ""2"", ""Social Recognition"": ""2"", ""Unity With Nature"": ""2"", ""A Varied Life"": ""2"", ""Wisdom"": ""2"", ""Authority"": ""4"", ""True Friendship"": ""2"", ""A World of Beauty"": ""2"", ""Social Justice"": ""2"", ""Independent"": ""2"", ""Moderate"": ""2"", ""Loyal"": ""2"","
753,Canada,Environment,1,"{""Equality"": ""2"", ""Inner Harmony"": ""2"", ""Social Power"": ""4"", ""Pleasure"": ""2"", ""Freedom"": ""2"", ""A Spiritual Life"": ""2"", ""Sense of Belonging"": ""2"", ""Social Order"": ""2"", ""An Exciting Life"": ""2"", ""Meaning in Life"": ""2"", ""Politeness"": ""2"", ""Wealth"": ""2"", ""National Security"": ""2"", ""Self-Respect"": ""2"", ""Reciprocation of Favors"": ""2"", ""Creativity"": ""2"", ""A World at Peace"": ""2"", ""Respect for Tradition"": ""2"", ""Mature Love"": ""2"", ""Self-Discipline"": ""2"", ""Detachment"": ""2"", ""Family Security"": ""2"", ""Social Recognition"": ""2"", ""Unity With Nature"": ""2"", ""A Varied Life"": ""2"", ""Wisdom"": ""2"", ""Authority"": ""4"", ""True Friendship"": ""2"", ""A World of Beauty"": ""2"", ""Social Justice"": ""2"", ""Independent"": ""2"", ""Moderate"": ""2"", ""Loyal"": ""2"","
754,Canada,Environment,2,"{""Equality"": ""1"", ""Inner Harmony"": ""1"", ""Social Power"": ""1"", ""Pleasure"": ""1"", ""Freedom"": ""1"", ""A Spiritual Life"": ""1"", ""Sense of Belonging"": ""1"", ""Social Order"": ""1"", ""An Exciting Life"": ""1"", ""Meaning in Life"": ""1"", ""Politeness"": ""1"", ""Wealth"": ""1"", ""National Security"": ""1"", ""Self-Respect"": ""1"", ""Reciprocation of Favors"": ""1"", ""Creativity"": ""1"", ""A World at Peace"": ""1"", ""Respect for Tradition"": ""1"", ""Mature Love"": ""1"", ""Self-Discipline"": ""1"", ""Detachment"": ""1"", ""Family Security"": ""1"", ""Social Recognition"": ""1"", ""Unity With Nature"": ""1"", ""A Varied Life"": ""1"", ""Wisdom"": ""1"", ""Authority"": ""1"", ""True Friendship"": ""1"", ""A World of Beauty"": ""1"", ""Social Justice"": ""1"", ""Independent"": ""1"", ""Moderate"": ""1"", ""Loyal"": ""1"","
755,Canada,Environment,3,"{""Equality"": ""2"", ""Inner Harmony"": ""2"", ""Social Power"": ""4"", ""Pleasure"": ""2"", ""Freedom"": ""2"", ""A Spiritual Life"": ""2"", ""Sense of Belonging"": ""2"", ""Social Order"": ""2"", ""An Exciting Life"": ""2"", ""Meaning in Life"": ""2"", ""Politeness"": ""2"", ""Wealth"": ""4"", ""National Security"": ""2"", ""Self-Respect"": ""2"", ""Reciprocation of Favors"": ""2"", ""Creativity"": ""2"", ""A World at Peace"": ""2"", ""Respect for Tradition"": ""2"", ""Mature Love"": ""2"", ""Self-Discipline"": ""2"", ""Detachment"": ""2"", ""Family Security"": ""2"", ""Social Recognition"": ""2"", ""Unity With Nature"": ""2"", ""A Varied Life"": ""2"", ""Wisdom"": ""2"", ""Authority"": ""4"", ""True Friendship"": ""2"", ""A World of Beauty"": ""2"", ""Social Justice"": ""2"", ""Independent"": ""2"", ""Moderate"": ""2"", ""Loyal"": ""2"","
756,Canada,Environment,4,"{""Equality"": ""2"", ""Inner Harmony"": ""2"", ""Social Power"": ""4"", ""Pleasure"": ""2"", ""Freedom"": ""2"", ""A Spiritual Life"": ""2"", ""Sense of Belonging"": ""2"", ""Social Order"": ""2"", ""An Exciting Life"": ""2"", ""Meaning in Life"": ""2"", ""Politeness"": ""2"", ""Wealth"": ""4"", ""National Security"": ""4"", ""Self-Respect"": ""2"", ""Reciprocation of Favors"": ""2"", ""Creativity"": ""2"", ""A World at Peace"": ""2"", ""Respect for Tradition"": ""2"", ""Mature Love"": ""2"", ""Self-Discipline"": ""2"", ""Detachment"": ""2"", ""Family Security"": ""2"", ""Social Recognition"": ""2"", ""Unity With Nature"": ""2"", ""A Varied Life"": ""2"", ""Wisdom"": ""2"", ""Authority"": ""4"", ""True Friendship"": ""2"", ""A World of Beauty"": ""2"", ""Social Justice"": ""2"", ""Independent"": ""2"", ""Moderate"": ""2"", ""Loyal"": ""2"","
757,Canada,Environment,5,"{""Equality"": ""3"", ""Inner Harmony"": ""3"", ""Social Power"": ""4"", ""Pleasure"": ""3"", ""Freedom"": ""3"", ""A Spiritual Life"": ""3"", ""Sense of Belonging"": ""3"", ""Social Order"": ""3"", ""An Exciting Life"": ""3"", ""Meaning in Life"": ""3"", ""Politeness"": ""3"", ""Wealth"": ""3"", ""National Security"": ""3"", ""Self-Respect"": ""3"", ""Reciprocation of Favors"": ""3"", ""Creativity"": ""3"", ""A World at Peace"": ""3"", ""Respect for Tradition"": ""3"", ""Mature Love"": ""3"", ""Self-Discipline"": ""3"", ""Detachment"": ""3"", ""Family Security"": ""3"", ""Social Recognition"": ""3"", ""Unity With Nature"": ""3"", ""A Varied Life"": ""3"", ""Wisdom"": ""3"", ""Authority"": ""4"", ""True Friendship"": ""3"", ""A World of Beauty"": ""3"", ""Social Justice"": ""3"", ""Independent"": ""3"", ""Moderate"": ""3"", ""Loyal"": ""3"","
758,Canada,Environment,6,"{""Equality"": ""1"", ""Inner Harmony"": ""1"", ""Social Power"": ""1"", ""Pleasure"": ""1"", ""Freedom"": ""1"", ""A Spiritual Life"": ""1"", ""Sense of Belonging"": ""1"", ""Social Order"": ""1"", ""An Exciting Life"": ""1"", ""Meaning in Life"": ""1"", ""Politeness"": ""1"", ""Wealth"": ""1"", ""National Security"": ""1"", ""Self-Respect"": ""1"", ""Reciprocation of Favors"": ""1"", ""Creativity"": ""1"", ""A World at Peace"": ""1"", ""Respect for Tradition"": ""1"", ""Mature Love"": ""1"", ""Self-Discipline"": ""1"", ""Detachment"": ""1"", ""Family Security"": ""1"", ""Social Recognition"": ""1"", ""Unity With Nature"": ""1"", ""A Varied Life"": ""1"", ""Wisdom"": ""1"", ""Authority"": ""1"", ""True Friendship"": ""1"", ""A World of Beauty"": ""1"", ""Social Justice"": ""1"", ""Independent"": ""1"", ""Moderate"": ""1"", ""Loyal"": ""1"","
759,Canada,Environment,7,"{""Equality"": ""2"", ""Inner Harmony"": ""2"", ""Social Power"": ""4"", ""Pleasure"": ""4"", ""Freedom"": ""2"", ""A Spiritual Life"": ""4"", ""Sense of Belonging"": ""2"", ""Social Order"": ""2"", ""An Exciting Life"": ""4"", ""Meaning in Life"": ""2"", ""Politeness"": ""2"", ""Wealth"": ""4"", ""National Security"": ""2"", ""Self-Respect"": ""2"", ""Reciprocation of Favors"": ""2"", ""Creativity"": ""4"", ""A World at Peace"": ""2"", ""Respect for Tradition"": ""4"", ""Mature Love"": ""4"", ""Self-Discipline"": ""4"", ""Detachment"": ""4"", ""Family Security"": ""2"", ""Social Recognition"": ""2"", ""Unity With Nature"": ""4"", ""A Varied Life"": ""4"", ""Wisdom"": ""2"", ""Authority"": ""4"", ""True Friendship"": ""2"", ""A World of Beauty"": ""4"", ""Social Justice"": ""2"", ""Independent"": ""2"", ""Moderate"": ""2"", ""Loyal"": ""2"","
760,Canada,National Identity,0,"{""Equality"": ""2"", ""Inner Harmony"": ""2"", ""Social Power"": ""4"", ""Pleasure"": ""2"", ""Freedom"": ""2"", ""A Spiritual Life"": ""2"", ""Sense of Belonging"": ""2"", ""Social Order"": ""2"", ""An Exciting Life"": ""2"", ""Meaning in Life"": ""2"", ""Politeness"": ""2"", ""Wealth"": ""4"", ""National Security"": ""2"", ""Self-Respect"": ""2"", ""Reciprocation of Favors"": ""2"", ""Creativity"": ""2"", ""A World at Peace"": ""2"", ""Respect for Tradition"": ""2"", ""Mature Love"": ""2"", ""Self-Discipline"": ""2"", ""Detachment"": ""2"", ""Family Security"": ""2"", ""Social Recognition"": ""2"", ""Unity With Nature"": ""2"", ""A Varied Life"": ""2"", ""Wisdom"": ""2"", ""Authority"": ""4"", ""True Friendship"": ""2"", ""A World of Beauty"": ""2"", ""Social Justice"": ""2"", ""Independent"": ""2"", ""Moderate"": ""2"", ""Loyal"": ""2"","
761,Canada,National Identity,1,"{""Equality"": ""2"", ""Inner Harmony"": ""2"", ""Social Power"": ""4"", ""Pleasure"": ""2"", ""Freedom"": ""2"", ""A Spiritual Life"": ""2"", ""Sense of Belonging"": ""2"", ""Social Order"": ""2"", ""An Exciting Life"": ""2"", ""Meaning in Life"": ""2"", ""Politeness"": ""2"", ""Wealth"": ""2"", ""National Security"": ""2"", ""Self-Respect"": ""2"", ""Reciprocation of Favors"": ""2"", ""Creativity"": ""2"", ""A World at Peace"": ""2"", ""Respect for Tradition"": ""2"", ""Mature Love"": ""2"", ""Self-Discipline"": ""2"", ""Detachment"": ""2"", ""Family Security"": ""2"", ""Social Recognition"": ""2"", ""Unity With Nature"": ""2"", ""A Varied Life"": ""2"", ""Wisdom"": ""2"", ""Authority"": ""4"", ""True Friendship"": ""2"", ""A World of Beauty"": ""2"", ""Social Justice"": ""2"", ""Independent"": ""2"", ""Moderate"": ""2"", ""Loyal"": ""2"","
762,Canada,National Identity,2,"{""Equality"": ""1"", ""Inner Harmony"": ""1"", ""Social Power"": ""1"", ""Pleasure"": ""1"", ""Freedom"": ""1"", ""A Spiritual Life"": ""1"", ""Sense of Belonging"": ""1"", ""Social Order"": ""1"", ""An Exciting Life"": ""1"", ""Meaning in Life"": ""1"", ""Politeness"": ""1"", ""Wealth"": ""1"", ""National Security"": ""1"", ""Self-Respect"": ""1"", ""Reciprocation of Favors"": ""1"", ""Creativity"": ""1"", ""A World at Peace"": ""1"", ""Respect for Tradition"": ""1"", ""Mature Love"": ""1"", ""Self-Discipline"": ""1"", ""Detachment"": ""1"", ""Family Security"": ""1"", ""Social Recognition"": ""1"", ""Unity With Nature"": ""1"", ""A Varied Life"": ""1"", ""Wisdom"": ""1"", ""Authority"": ""1"", ""True Friendship"": ""1"", ""A World of Beauty"": ""1"", ""Social Justice"": ""1"", ""Independent"": ""1"", ""Moderate"": ""1"", ""Loyal"": ""1"","
763,Canada,National Identity,3,"{""Equality"": ""2"", ""Inner Harmony"": ""2"", ""Social Power"": ""2"", ""Pleasure"": ""2"", ""Freedom"": ""2"", ""A Spiritual Life"": ""2"", ""Sense of Belonging"": ""2"", ""Social Order"": ""2"", ""An Exciting Life"": ""2"", ""Meaning in Life"": ""2"", ""Politeness"": ""2"", ""Wealth"": ""2"", ""National Security"": ""2"", ""Self-Respect"": ""2"", ""Reciprocation of Favors"": ""2"", ""Creativity"": ""2"", ""A World at Peace"": ""2"", ""Respect for Tradition"": ""2"", ""Mature Love"": ""2"", ""Self-Discipline"": ""2"", ""Detachment"": ""2"", ""Family Security"": ""2"", ""Social Recognition"": ""2"", ""Unity With Nature"": ""2"", ""A Varied Life"": ""2"", ""Wisdom"": ""2"", ""Authority"": ""2"", ""True Friendship"": ""2"", ""A World of Beauty"": ""2"", ""Social Justice"": ""2"", ""Independent"": ""2"", ""Moderate"": ""2"", ""Loyal"": ""2"","
764,Canada,National Identity,4,"{""Equality"": ""2"", ""Inner Harmony"": ""2"", ""Social Power"": ""4"", ""Pleasure"": ""2"", ""Freedom"": ""2"", ""A Spiritual Life"": ""2"", ""Sense of Belonging"": ""2"", ""Social Order"": ""2"", ""An Exciting Life"": ""2"", ""Meaning in Life"": ""2"", ""Politeness"": ""2"", ""Wealth"": ""4"", ""National Security"": ""2"", ""Self-Respect"": ""2"", ""Reciprocation of Favors"": ""2"", ""Creativity"": ""2"", ""A World at Peace"": ""2"", ""Respect for Tradition"": ""2"", ""Mature Love"": ""2"", ""Self-Discipline"": ""2"", ""Detachment"": ""2"", ""Family Security"": ""2"", ""Social Recognition"": ""2"", ""Unity With Nature"": ""2"", ""A Varied Life"": ""2"", ""Wisdom"": ""2"", ""Authority"": ""4"", ""True Friendship"": ""2"", ""A World of Beauty"": ""2"", ""Social Justice"": ""2"", ""Independent"": ""2"", ""Moderate"": ""2"", ""Loyal"": ""2"","
765,Canada,National Identity,5,"{""Equality"": ""2"", ""Inner Harmony"": ""2"", ""Social Power"": ""4"", ""Pleasure"": ""2"", ""Freedom"": ""2"", ""A Spiritual Life"": ""2"", ""Sense of Belonging"": ""2"", ""Social Order"": ""2"", ""An Exciting Life"": ""2"", ""Meaning in Life"": ""2"", ""Politeness"": ""2"", ""Wealth"": ""2"", ""National Security"": ""2"", ""Self-Respect"": ""2"", ""Reciprocation of Favors"": ""2"", ""Creativity"": ""2"", ""A World at Peace"": ""2"", ""Respect for Tradition"": ""2"", ""Mature Love"": ""2"", ""Self-Discipline"": ""2"", ""Detachment"": ""2"", ""Family Security"": ""2"", ""Social Recognition"": ""2"", ""Unity With Nature"": ""2"", ""A Varied Life"": ""2"", ""Wisdom"": ""2"", ""Authority"": ""4"", ""True Friendship"": ""2"", ""A World of Beauty"": ""2"", ""Social Justice"": ""2"", ""Independent"": ""2"", ""Moderate"": ""2"", ""Loyal"": ""2"","
766,Canada,National Identity,6,"{""Equality"": ""1"", ""Inner Harmony"": ""1"", ""Social Power"": ""2"", ""Pleasure"": ""1"", ""Freedom"": ""1"", ""A Spiritual Life"": ""2"", ""Sense of Belonging"": ""2"", ""Social Order"": ""2"", ""An Exciting Life"": ""2"", ""Meaning in Life"": ""1"", ""Politeness"": ""2"", ""Wealth"": ""2"", ""National Security"": ""2"", ""Self-Respect"": ""1"", ""Reciprocation of Favors"": ""2"", ""Creativity"": ""2"", ""A World at Peace"": ""1"", ""Respect for Tradition"": ""2"", ""Mature Love"": ""2"", ""Self-Discipline"": ""2"", ""Detachment"": ""2"", ""Family Security"": ""2"", ""Social Recognition"": ""2"", ""Unity With Nature"": ""2"", ""A Varied Life"": ""2"", ""Wisdom"": ""2"", ""Authority"": ""2"", ""True Friendship"": ""2"", ""A World of Beauty"": ""2"", ""Social Justice"": ""1"", ""Independent"": ""2"", ""Moderate"": ""2"", ""Loyal"": ""2"","
767,Canada,National Identity,7,"{""Equality"": ""2"", ""Inner Harmony"": ""2"", ""Social Power"": ""4"", ""Pleasure"": ""2"", ""Freedom"": ""2"", ""A Spiritual Life"": ""4"", ""Sense of Belonging"": ""2"", ""Social Order"": ""2"", ""An Exciting Life"": ""4"", ""Meaning in Life"": ""2"", ""Politeness"": ""2"", ""Wealth"": ""4"", ""National Security"": ""2"", ""Self-Respect"": ""2"", ""Reciprocation of Favors"": ""2"", ""Creativity"": ""4"", ""A World at Peace"": ""2"", ""Respect for Tradition"": ""4"", ""Mature Love"": ""4"", ""Self-Discipline"": ""4"", ""Detachment"": ""4"", ""Family Security"": ""2"", ""Social Recognition"": ""2"", ""Unity With Nature"": ""4"", ""A Varied Life"": ""4"", ""Wisdom"": ""2"", ""Authority"": ""4"", ""True Friendship"": ""2"", ""A World of Beauty"": ""4"", ""Social Justice"": ""2"", ""Independent"": ""2"", ""Moderate"": ""2"", ""Loyal"": ""2"","
768,Canada,Citizenship,0,"{""Equality"": ""2"", ""Inner Harmony"": ""2"", ""Social Power"": ""4"", ""Pleasure"": ""2"", ""Freedom"": ""2"", ""A Spiritual Life"": ""2"", ""Sense of Belonging"": ""2"", ""Social Order"": ""2"", ""An Exciting Life"": ""2"", ""Meaning in Life"": ""2"", ""Politeness"": ""2"", ""Wealth"": ""4"", ""National Security"": ""4"", ""Self-Respect"": ""2"", ""Reciprocation of Favors"": ""2"", ""Creativity"": ""2"", ""A World at Peace"": ""2"", ""Respect for Tradition"": ""2"", ""Mature Love"": ""2"", ""Self-Discipline"": ""2"", ""Detachment"": ""2"", ""Family Security"": ""2"", ""Social Recognition"": ""2"", ""Unity With Nature"": ""2"", ""A Varied Life"": ""2"", ""Wisdom"": ""2"", ""Authority"": ""4"", ""True Friendship"": ""2"", ""A World of Beauty"": ""2"", ""Social Justice"": ""2"", ""Independent"": ""2"", ""Moderate"": ""2"", ""Loyal"": ""2"","
769,Canada,Citizenship,1,"{""Equality"": ""2"", ""Inner Harmony"": ""2"", ""Social Power"": ""4"", ""Pleasure"": ""2"", ""Freedom"": ""2"", ""A Spiritual Life"": ""2"", ""Sense of Belonging"": ""2"", ""Social Order"": ""2"", ""An Exciting Life"": ""2"", ""Meaning in Life"": ""2"", ""Politeness"": ""2"", ""Wealth"": ""2"", ""National Security"": ""2"", ""Self-Respect"": ""2"", ""Reciprocation of Favors"": ""2"", ""Creativity"": ""2"", ""A World at Peace"": ""2"", ""Respect for Tradition"": ""2"", ""Mature Love"": ""2"", ""Self-Discipline"": ""2"", ""Detachment"": ""2"", ""Family Security"": ""2"", ""Social Recognition"": ""2"", ""Unity With Nature"": ""2"", ""A Varied Life"": ""2"", ""Wisdom"": ""2"", ""Authority"": ""4"", ""True Friendship"": ""2"", ""A World of Beauty"": ""2"", ""Social Justice"": ""2"", ""Independent"": ""2"", ""Moderate"": ""2"", ""Loyal"": ""2"","
770,Canada,Citizenship,2,"{""Equality"": ""1"", ""Inner Harmony"": ""1"", ""Social Power"": ""1"", ""Pleasure"": ""1"", ""Freedom"": ""1"", ""A Spiritual Life"": ""1"", ""Sense of Belonging"": ""1"", ""Social Order"": ""1"", ""An Exciting Life"": ""1"", ""Meaning in Life"": ""1"", ""Politeness"": ""1"", ""Wealth"": ""1"", ""National Security"": ""1"", ""Self-Respect"": ""1"", ""Reciprocation of Favors"": ""1"", ""Creativity"": ""1"", ""A World at Peace"": ""1"", ""Respect for Tradition"": ""1"", ""Mature Love"": ""1"", ""Self-Discipline"": ""1"", ""Detachment"": ""1"", ""Family Security"": ""1"", ""Social Recognition"": ""1"", ""Unity With Nature"": ""1"", ""A Varied Life"": ""1"", ""Wisdom"": ""1"", ""Authority"": ""1"", ""True Friendship"": ""1"", ""A World of Beauty"": ""1"", ""Social Justice"": ""1"", ""Independent"": ""1"", ""Moderate"": ""1"", ""Loyal"": ""1"","
771,Canada,Citizenship,3,"{""Equality"": ""1"", ""Inner Harmony"": ""1"", ""Social Power"": ""1"", ""Pleasure"": ""1"", ""Freedom"": ""1"", ""A Spiritual Life"": ""1"", ""Sense of Belonging"": ""1"", ""Social Order"": ""1"", ""An Exciting Life"": ""1"", ""Meaning in Life"": ""1"", ""Politeness"": ""1"", ""Wealth"": ""1"", ""National Security"": ""1"", ""Self-Respect"": ""1"", ""Reciprocation of Favors"": ""1"", ""Creativity"": ""1"", ""A World at Peace"": ""1"", ""Respect for Tradition"": ""1"", ""Mature Love"": ""1"", ""Self-Discipline"": ""1"", ""Detachment"": ""1"", ""Family Security"": ""1"", ""Social Recognition"": ""1"", ""Unity With Nature"": ""1"", ""A Varied Life"": ""1"", ""Wisdom"": ""1"", ""Authority"": ""1"", ""True Friendship"": ""1"", ""A World of Beauty"": ""1"", ""Social Justice"": ""1"", ""Independent"": ""1"", ""Moderate"": ""1"", ""Loyal"": ""1"","
772,Canada,Citizenship,4,"{""Equality"": ""2"", ""Inner Harmony"": ""2"", ""Social Power"": ""4"", ""Pleasure"": ""2"", ""Freedom"": ""2"", ""A Spiritual Life"": ""2"", ""Sense of Belonging"": ""2"", ""Social Order"": ""2"", ""An Exciting Life"": ""2"", ""Meaning in Life"": ""2"", ""Politeness"": ""2"", ""Wealth"": ""4"", ""National Security"": ""2"", ""Self-Respect"": ""2"", ""Reciprocation of Favors"": ""2"", ""Creativity"": ""2"", ""A World at Peace"": ""2"", ""Respect for Tradition"": ""2"", ""Mature Love"": ""2"", ""Self-Discipline"": ""2"", ""Detachment"": ""2"", ""Family Security"": ""2"", ""Social Recognition"": ""2"", ""Unity With Nature"": ""2"", ""A Varied Life"": ""2"", ""Wisdom"": ""2"", ""Authority"": ""4"", ""True Friendship"": ""2"", ""A World of Beauty"": ""2"", ""Social Justice"": ""2"", ""Independent"": ""2"", ""Moderate"": ""2"", ""Loyal"": ""2"","
773,Canada,Citizenship,5,"{""Equality"": ""2"", ""Inner Harmony"": ""2"", ""Social Power"": ""4"", ""Pleasure"": ""2"", ""Freedom"": ""2"", ""A Spiritual Life"": ""2"", ""Sense of Belonging"": ""2"", ""Social Order"": ""2"", ""An Exciting Life"": ""2"", ""Meaning in Life"": ""2"", ""Politeness"": ""2"", ""Wealth"": ""2"", ""National Security"": ""2"", ""Self-Respect"": ""2"", ""Reciprocation of Favors"": ""2"", ""Creativity"": ""2"", ""A World at Peace"": ""2"", ""Respect for Tradition"": ""2"", ""Mature Love"": ""2"", ""Self-Discipline"": ""2"", ""Detachment"": ""2"", ""Family Security"": ""2"", ""Social Recognition"": ""2"", ""Unity With Nature"": ""2"", ""A Varied Life"": ""2"", ""Wisdom"": ""2"", ""Authority"": ""4"", ""True Friendship"": ""2"", ""A World of Beauty"": ""2"", ""Social Justice"": ""2"", ""Independent"": ""2"", ""Moderate"": ""2"", ""Loyal"": ""2"","
774,Canada,Citizenship,6,"{""Equality"": ""1"", ""Inner Harmony"": ""1"", ""Social Power"": ""1"", ""Pleasure"": ""1"", ""Freedom"": ""1"", ""A Spiritual Life"": ""1"", ""Sense of Belonging"": ""1"", ""Social Order"": ""1"", ""An Exciting Life"": ""1"", ""Meaning in Life"": ""1"", ""Politeness"": ""1"", ""Wealth"": ""1"", ""National Security"": ""1"", ""Self-Respect"": ""1"", ""Reciprocation of Favors"": ""1"", ""Creativity"": ""1"", ""A World at Peace"": ""1"", ""Respect for Tradition"": ""1"", ""Mature Love"": ""1"", ""Self-Discipline"": ""1"", ""Detachment"": ""1"", ""Family Security"": ""1"", ""Social Recognition"": ""1"", ""Unity With Nature"": ""1"", ""A Varied Life"": ""1"", ""Wisdom"": ""1"", ""Authority"": ""1"", ""True Friendship"": ""1"", ""A World of Beauty"": ""1"", ""Social Justice"": ""1"", ""Independent"": ""1"", ""Moderate"": ""1"", ""Loyal"": ""1"","
775,Canada,Citizenship,7,"{""Equality"": ""1"", ""Inner Harmony"": ""1"", ""Social Power"": ""4"", ""Pleasure"": ""4"", ""Freedom"": ""1"", ""A Spiritual Life"": ""4"", ""Sense of Belonging"": ""1"", ""Social Order"": ""1"", ""An Exciting Life"": ""4"", ""Meaning in Life"": ""1"", ""Politeness"": ""1"", ""Wealth"": ""4"", ""National Security"": ""1"", ""Self-Respect"": ""1"", ""Reciprocation of Favors"": ""1"", ""Creativity"": ""4"", ""A World at Peace"": ""1"", ""Respect for Tradition"": ""4"", ""Mature Love"": ""4"", ""Self-Discipline"": ""4"", ""Detachment"": ""4"", ""Family Security"": ""1"", ""Social Recognition"": ""1"", ""Unity With Nature"": ""4"", ""A Varied Life"": ""4"", ""Wisdom"": ""1"", ""Authority"": ""4"", ""True Friendship"": ""1"", ""A World of Beauty"": ""4"", ""Social Justice"": ""1"", ""Independent"": ""4"", ""Moderate"": ""4"", ""Loyal"": ""1"","
776,Canada,Leisure Time and Sports,0,"{""Equality"": ""2"", ""Inner Harmony"": ""2"", ""Social Power"": ""4"", ""Pleasure"": ""2"", ""Freedom"": ""2"", ""A Spiritual Life"": ""2"", ""Sense of Belonging"": ""2"", ""Social Order"": ""2"", ""An Exciting Life"": ""2"", ""Meaning in Life"": ""2"", ""Politeness"": ""2"", ""Wealth"": ""4"", ""National Security"": ""2"", ""Self-Respect"": ""2"", ""Reciprocation of Favors"": ""2"", ""Creativity"": ""2"", ""A World at Peace"": ""2"", ""Respect for Tradition"": ""2"", ""Mature Love"": ""2"", ""Self-Discipline"": ""2"", ""Detachment"": ""2"", ""Family Security"": ""2"", ""Social Recognition"": ""2"", ""Unity With Nature"": ""2"", ""A Varied Life"": ""2"", ""Wisdom"": ""2"", ""Authority"": ""4"", ""True Friendship"": ""2"", ""A World of Beauty"": ""2"", ""Social Justice"": ""2"", ""Independent"": ""2"", ""Moderate"": ""2"", ""Loyal"": ""2"","
777,Canada,Leisure Time and Sports,1,"{""Equality"": ""2"", ""Inner Harmony"": ""2"", ""Social Power"": ""4"", ""Pleasure"": ""2"", ""Freedom"": ""2"", ""A Spiritual Life"": ""2"", ""Sense of Belonging"": ""2"", ""Social Order"": ""2"", ""An Exciting Life"": ""2"", ""Meaning in Life"": ""2"", ""Politeness"": ""2"", ""Wealth"": ""4"", ""National Security"": ""2"", ""Self-Respect"": ""2"", ""Reciprocation of Favors"": ""2"", ""Creativity"": ""2"", ""A World at Peace"": ""2"", ""Respect for Tradition"": ""2"", ""Mature Love"": ""2"", ""Self-Discipline"": ""2"", ""Detachment"": ""2"", ""Family Security"": ""2"", ""Social Recognition"": ""2"", ""Unity With Nature"": ""2"", ""A Varied Life"": ""2"", ""Wisdom"": ""2"", ""Authority"": ""4"", ""True Friendship"": ""2"", ""A World of Beauty"": ""2"", ""Social Justice"": ""2"", ""Independent"": ""2"", ""Moderate"": ""2"", ""Loyal"": ""2"","
778,Canada,Leisure Time and Sports,2,"{""Equality"": ""1"", ""Inner Harmony"": ""1"", ""Social Power"": ""1"", ""Pleasure"": ""1"", ""Freedom"": ""1"", ""A Spiritual Life"": ""1"", ""Sense of Belonging"": ""1"", ""Social Order"": ""1"", ""An Exciting Life"": ""1"", ""Meaning in Life"": ""1"", ""Politeness"": ""1"", ""Wealth"": ""1"", ""National Security"": ""1"", ""Self-Respect"": ""1"", ""Reciprocation of Favors"": ""1"", ""Creativity"": ""1"", ""A World at Peace"": ""1"", ""Respect for Tradition"": ""1"", ""Mature Love"": ""1"", ""Self-Discipline"": ""1"", ""Detachment"": ""1"", ""Family Security"": ""1"", ""Social Recognition"": ""1"", ""Unity With Nature"": ""1"", ""A Varied Life"": ""1"", ""Wisdom"": ""1"", ""Authority"": ""1"", ""True Friendship"": ""1"", ""A World of Beauty"": ""1"", ""Social Justice"": ""1"", ""Independent"": ""1"", ""Moderate"": ""1"", ""Loyal"": ""1"","
779,Canada,Leisure Time and Sports,3,"{""Equality"": ""1"", ""Inner Harmony"": ""1"", ""Social Power"": ""4"", ""Pleasure"": ""1"", ""Freedom"": ""1"", ""A Spiritual Life"": ""1"", ""Sense of Belonging"": ""1"", ""Social Order"": ""1"", ""An Exciting Life"": ""1"", ""Meaning in Life"": ""1"", ""Politeness"": ""1"", ""Wealth"": ""4"", ""National Security"": ""4"", ""Self-Respect"": ""1"", ""Reciprocation of Favors"": ""1"", ""Creativity"": ""1"", ""A World at Peace"": ""1"", ""Respect for Tradition"": ""4"", ""Mature Love"": ""1"", ""Self-Discipline"": ""1"", ""Detachment"": ""1"", ""Family Security"": ""1"", ""Social Recognition"": ""1"", ""Unity With Nature"": ""1"", ""A Varied Life"": ""1"", ""Wisdom"": ""1"", ""Authority"": ""4"", ""True Friendship"": ""1"", ""A World of Beauty"": ""1"", ""Social Justice"": ""1"", ""Independent"": ""1"", ""Moderate"": ""1"", ""Loyal"": ""1"","
780,Canada,Leisure Time and Sports,4,"{""Equality"": ""2"", ""Inner Harmony"": ""2"", ""Social Power"": ""4"", ""Pleasure"": ""2"", ""Freedom"": ""2"", ""A Spiritual Life"": ""2"", ""Sense of Belonging"": ""2"", ""Social Order"": ""2"", ""An Exciting Life"": ""2"", ""Meaning in Life"": ""2"", ""Politeness"": ""2"", ""Wealth"": ""4"", ""National Security"": ""4"", ""Self-Respect"": ""2"", ""Reciprocation of Favors"": ""2"", ""Creativity"": ""2"", ""A World at Peace"": ""2"", ""Respect for Tradition"": ""2"", ""Mature Love"": ""2"", ""Self-Discipline"": ""2"", ""Detachment"": ""2"", ""Family Security"": ""2"", ""Social Recognition"": ""2"", ""Unity With Nature"": ""2"", ""A Varied Life"": ""2"", ""Wisdom"": ""2"", ""Authority"": ""4"", ""True Friendship"": ""2"", ""A World of Beauty"": ""2"", ""Social Justice"": ""2"", ""Independent"": ""2"", ""Moderate"": ""2"", ""Loyal"": ""2"","
781,Canada,Leisure Time and Sports,5,"{""Equality"": ""2"", ""Inner Harmony"": ""2"", ""Social Power"": ""4"", ""Pleasure"": ""2"", ""Freedom"": ""2"", ""A Spiritual Life"": ""2"", ""Sense of Belonging"": ""2"", ""Social Order"": ""2"", ""An Exciting Life"": ""2"", ""Meaning in Life"": ""2"", ""Politeness"": ""2"", ""Wealth"": ""2"", ""National Security"": ""2"", ""Self-Respect"": ""2"", ""Reciprocation of Favors"": ""2"", ""Creativity"": ""2"", ""A World at Peace"": ""2"", ""Respect for Tradition"": ""2"", ""Mature Love"": ""2"", ""Self-Discipline"": ""2"", ""Detachment"": ""2"", ""Family Security"": ""2"", ""Social Recognition"": ""2"", ""Unity With Nature"": ""2"", ""A Varied Life"": ""2"", ""Wisdom"": ""2"", ""Authority"": ""4"", ""True Friendship"": ""2"", ""A World of Beauty"": ""2"", ""Social Justice"": ""2"", ""Independent"": ""2"", ""Moderate"": ""2"", ""Loyal"": ""2"","
782,Canada,Leisure Time and Sports,6,"{
""Equality"": ""3"",
""Inner Harmony"": ""3"",
""Social Power"": ""3"",
""Pleasure"": ""3"",
""Freedom"": ""3"",
""A Spiritual Life"": ""3"",
""Sense of Belonging"": ""3"",
""Social Order"": ""3"",
""An Exciting Life"": ""3"",
""Meaning in Life"": ""3"",
""Politeness"": ""3"",
""Wealth"": ""3"",
""National Security"": ""3"",
""Self-Respect"": ""3"",
""Reciprocation of Favors"": ""3"",
""Creativity"": ""3"",
""A World at Peace"": ""3"",
""Respect for Tradition"": ""3"",
""Mature Love"": ""3"",
""Self-Discipline"": ""3"",
""Detachment"": ""3"",
""Family Security"": ""3"",
""Social Recognition"": ""3"",
""Unity With Nature"": ""3"",
""A Varied Life"": ""3"",
""Wisdom"": ""3"",
""Authority"": ""3"",
""True Friendship"": ""3"",
""A World of Beauty"": ""3"",
""Social Justice"": ""3"",
""Independent"": ""3"",
""Moderate"": ""3"",
""Loyal"": ""3"",
""Ambitious"": ""3"","
783,Canada,Leisure Time and Sports,7,"{""Equality"": ""1"", ""Inner Harmony"": ""1"", ""Social Power"": ""1"", ""Pleasure"": ""1"", ""Freedom"": ""1"", ""A Spiritual Life"": ""1"", ""Sense of Belonging"": ""1"", ""Social Order"": ""1"", ""An Exciting Life"": ""1"", ""Meaning in Life"": ""1"", ""Politeness"": ""1"", ""Wealth"": ""1"", ""National Security"": ""1"", ""Self-Respect"": ""1"", ""Reciprocation of Favors"": ""1"", ""Creativity"": ""1"", ""A World at Peace"": ""1"", ""Respect for Tradition"": ""1"", ""Mature Love"": ""1"", ""Self-Discipline"": ""1"", ""Detachment"": ""1"", ""Family Security"": ""1"", ""Social Recognition"": ""1"", ""Unity With Nature"": ""1"", ""A Varied Life"": ""1"", ""Wisdom"": ""1"", ""Authority"": ""1"", ""True Friendship"": ""1"", ""A World of Beauty"": ""1"", ""Social Justice"": ""1"", ""Independent"": ""1"", ""Moderate"": ""1"", ""Loyal"": ""1"","
784,Canada,Health and Health Care,0,"{""Equality"": ""2"", ""Inner Harmony"": ""2"", ""Social Power"": ""4"", ""Pleasure"": ""2"", ""Freedom"": ""2"", ""A Spiritual Life"": ""2"", ""Sense of Belonging"": ""2"", ""Social Order"": ""2"", ""An Exciting Life"": ""2"", ""Meaning in Life"": ""2"", ""Politeness"": ""2"", ""Wealth"": ""4"", ""National Security"": ""2"", ""Self-Respect"": ""2"", ""Reciprocation of Favors"": ""2"", ""Creativity"": ""2"", ""A World at Peace"": ""2"", ""Respect for Tradition"": ""2"", ""Mature Love"": ""2"", ""Self-Discipline"": ""2"", ""Detachment"": ""2"", ""Family Security"": ""2"", ""Social Recognition"": ""2"", ""Unity With Nature"": ""2"", ""A Varied Life"": ""2"", ""Wisdom"": ""2"", ""Authority"": ""4"", ""True Friendship"": ""2"", ""A World of Beauty"": ""2"", ""Social Justice"": ""2"", ""Independent"": ""2"", ""Moderate"": ""2"", ""Loyal"": ""2"","
785,Canada,Health and Health Care,1,"{""Equality"": ""2"", ""Inner Harmony"": ""2"", ""Social Power"": ""4"", ""Pleasure"": ""2"", ""Freedom"": ""2"", ""A Spiritual Life"": ""2"", ""Sense of Belonging"": ""2"", ""Social Order"": ""2"", ""An Exciting Life"": ""2"", ""Meaning in Life"": ""2"", ""Politeness"": ""2"", ""Wealth"": ""2"", ""National Security"": ""2"", ""Self-Respect"": ""2"", ""Reciprocation of Favors"": ""2"", ""Creativity"": ""2"", ""A World at Peace"": ""2"", ""Respect for Tradition"": ""2"", ""Mature Love"": ""2"", ""Self-Discipline"": ""2"", ""Detachment"": ""2"", ""Family Security"": ""2"", ""Social Recognition"": ""2"", ""Unity With Nature"": ""2"", ""A Varied Life"": ""2"", ""Wisdom"": ""2"", ""Authority"": ""4"", ""True Friendship"": ""2"", ""A World of Beauty"": ""2"", ""Social Justice"": ""2"", ""Independent"": ""2"", ""Moderate"": ""2"", ""Loyal"": ""2"","
786,Canada,Health and Health Care,2,"{""Equality"": ""1"", ""Inner Harmony"": ""1"", ""Social Power"": ""1"", ""Pleasure"": ""1"", ""Freedom"": ""1"", ""A Spiritual Life"": ""1"", ""Sense of Belonging"": ""1"", ""Social Order"": ""1"", ""An Exciting Life"": ""1"", ""Meaning in Life"": ""1"", ""Politeness"": ""1"", ""Wealth"": ""1"", ""National Security"": ""1"", ""Self-Respect"": ""1"", ""Reciprocation of Favors"": ""1"", ""Creativity"": ""1"", ""A World at Peace"": ""1"", ""Respect for Tradition"": ""1"", ""Mature Love"": ""1"", ""Self-Discipline"": ""1"", ""Detachment"": ""1"", ""Family Security"": ""1"", ""Social Recognition"": ""1"", ""Unity With Nature"": ""1"", ""A Varied Life"": ""1"", ""Wisdom"": ""1"", ""Authority"": ""1"", ""True Friendship"": ""1"", ""A World of Beauty"": ""1"", ""Social Justice"": ""1"", ""Independent"": ""1"", ""Moderate"": ""1"", ""Loyal"": ""1"","
787,Canada,Health and Health Care,3,"{""Equality"": ""2"", ""Inner Harmony"": ""2"", ""Social Power"": ""4"", ""Pleasure"": ""2"", ""Freedom"": ""2"", ""A Spiritual Life"": ""2"", ""Sense of Belonging"": ""2"", ""Social Order"": ""2"", ""An Exciting Life"": ""2"", ""Meaning in Life"": ""2"", ""Politeness"": ""2"", ""Wealth"": ""2"", ""National Security"": ""2"", ""Self-Respect"": ""2"", ""Reciprocation of Favors"": ""2"", ""Creativity"": ""2"", ""A World at Peace"": ""2"", ""Respect for Tradition"": ""2"", ""Mature Love"": ""2"", ""Self-Discipline"": ""2"", ""Detachment"": ""2"", ""Family Security"": ""2"", ""Social Recognition"": ""2"", ""Unity With Nature"": ""2"", ""A Varied Life"": ""2"", ""Wisdom"": ""2"", ""Authority"": ""2"", ""True Friendship"": ""2"", ""A World of Beauty"": ""2"", ""Social Justice"": ""2"", ""Independent"": ""2"", ""Moderate"": ""2"", ""Loyal"": ""2"","
788,Canada,Health and Health Care,4,"{""Equality"": ""2"", ""Inner Harmony"": ""2"", ""Social Power"": ""4"", ""Pleasure"": ""2"", ""Freedom"": ""2"", ""A Spiritual Life"": ""2"", ""Sense of Belonging"": ""2"", ""Social Order"": ""2"", ""An Exciting Life"": ""2"", ""Meaning in Life"": ""2"", ""Politeness"": ""2"", ""Wealth"": ""4"", ""National Security"": ""2"", ""Self-Respect"": ""2"", ""Reciprocation of Favors"": ""2"", ""Creativity"": ""2"", ""A World at Peace"": ""2"", ""Respect for Tradition"": ""2"", ""Mature Love"": ""2"", ""Self-Discipline"": ""2"", ""Detachment"": ""2"", ""Family Security"": ""2"", ""Social Recognition"": ""2"", ""Unity With Nature"": ""2"", ""A Varied Life"": ""2"", ""Wisdom"": ""2"", ""Authority"": ""4"", ""True Friendship"": ""2"", ""A World of Beauty"": ""2"", ""Social Justice"": ""2"", ""Independent"": ""2"", ""Moderate"": ""2"", ""Loyal"": ""2"","
789,Canada,Health and Health Care,5,"{""Equality"": ""2"", ""Inner Harmony"": ""2"", ""Social Power"": ""4"", ""Pleasure"": ""2"", ""Freedom"": ""2"", ""A Spiritual Life"": ""2"", ""Sense of Belonging"": ""2"", ""Social Order"": ""2"", ""An Exciting Life"": ""2"", ""Meaning in Life"": ""2"", ""Politeness"": ""2"", ""Wealth"": ""2"", ""National Security"": ""2"", ""Self-Respect"": ""2"", ""Reciprocation of Favors"": ""2"", ""Creativity"": ""2"", ""A World at Peace"": ""2"", ""Respect for Tradition"": ""2"", ""Mature Love"": ""2"", ""Self-Discipline"": ""2"", ""Detachment"": ""2"", ""Family Security"": ""2"", ""Social Recognition"": ""2"", ""Unity With Nature"": ""2"", ""A Varied Life"": ""2"", ""Wisdom"": ""2"", ""Authority"": ""4"", ""True Friendship"": ""2"", ""A World of Beauty"": ""2"", ""Social Justice"": ""2"", ""Independent"": ""2"", ""Moderate"": ""2"", ""Loyal"": ""2"","
790,Canada,Health and Health Care,6,"{""Equality"": ""2"", ""Inner Harmony"": ""2"", ""Social Power"": ""2"", ""Pleasure"": ""2"", ""Freedom"": ""2"", ""A Spiritual Life"": ""2"", ""Sense of Belonging"": ""2"", ""Social Order"": ""2"", ""An Exciting Life"": ""2"", ""Meaning in Life"": ""2"", ""Politeness"": ""2"", ""Wealth"": ""2"", ""National Security"": ""2"", ""Self-Respect"": ""2"", ""Reciprocation of Favors"": ""2"", ""Creativity"": ""2"", ""A World at Peace"": ""2"", ""Respect for Tradition"": ""2"", ""Mature Love"": ""2"", ""Self-Discipline"": ""2"", ""Detachment"": ""2"", ""Family Security"": ""2"", ""Social Recognition"": ""2"", ""Unity With Nature"": ""2"", ""A Varied Life"": ""2"", ""Wisdom"": ""2"", ""Authority"": ""2"", ""True Friendship"": ""2"", ""A World of Beauty"": ""2"", ""Social Justice"": ""2"", ""Independent"": ""2"", ""Moderate"": ""2"", ""Loyal"": ""2"","
791,Canada,Health and Health Care,7,"{""Equality"": ""1"", ""Inner Harmony"": ""1"", ""Social Power"": ""4"", ""Pleasure"": ""1"", ""Freedom"": ""1"", ""A Spiritual Life"": ""1"", ""Sense of Belonging"": ""1"", ""Social Order"": ""1"", ""An Exciting Life"": ""1"", ""Meaning in Life"": ""1"", ""Politeness"": ""1"", ""Wealth"": ""4"", ""National Security"": ""1"", ""Self-Respect"": ""1"", ""Reciprocation of Favors"": ""1"", ""Creativity"": ""1"", ""A World at Peace"": ""1"", ""Respect for Tradition"": ""4"", ""Mature Love"": ""1"", ""Self-Discipline"": ""1"", ""Detachment"": ""4"", ""Family Security"": ""1"", ""Social Recognition"": ""1"", ""Unity With Nature"": ""1"", ""A Varied Life"": ""1"", ""Wisdom"": ""1"", ""Authority"": ""4"", ""True Friendship"": ""1"", ""A World of Beauty"": ""1"", ""Social Justice"": ""1"", ""Independent"": ""1"", ""Moderate"": ""1"", ""Loyal"": ""1"","
792,Egypt,Politics,0,"{""Equality"": ""2"", ""Inner Harmony"": ""2"", ""Social Power"": ""4"", ""Pleasure"": ""2"", ""Freedom"": ""2"", ""A Spiritual Life"": ""2"", ""Sense of Belonging"": ""2"", ""Social Order"": ""2"", ""An Exciting Life"": ""2"", ""Meaning in Life"": ""2"", ""Politeness"": ""2"", ""Wealth"": ""4"", ""National Security"": ""2"", ""Self-Respect"": ""2"", ""Reciprocation of Favors"": ""2"", ""Creativity"": ""2"", ""A World at Peace"": ""2"", ""Respect for Tradition"": ""2"", ""Mature Love"": ""2"", ""Self-Discipline"": ""2"", ""Detachment"": ""2"", ""Family Security"": ""2"", ""Social Recognition"": ""2"", ""Unity With Nature"": ""2"", ""A Varied Life"": ""2"", ""Wisdom"": ""2"", ""Authority"": ""4"", ""True Friendship"": ""2"", ""A World of Beauty"": ""2"", ""Social Justice"": ""2"", ""Independent"": ""2"", ""Moderate"": ""2"", ""Loyal"": ""2"","
793,Egypt,Politics,1,"{""Equality"": ""2"", ""Inner Harmony"": ""3"", ""Social Power"": ""4"", ""Pleasure"": ""3"", ""Freedom"": ""2"", ""A Spiritual Life"": ""3"", ""Sense of Belonging"": ""2"", ""Social Order"": ""2"", ""An Exciting Life"": ""3"", ""Meaning in Life"": ""2"", ""Politeness"": ""2"", ""Wealth"": ""3"", ""National Security"": ""2"", ""Self-Respect"": ""2"", ""Reciprocation of Favors"": ""2"", ""Creativity"": ""3"", ""A World at Peace"": ""2"", ""Respect for Tradition"": ""3"", ""Mature Love"": ""3"", ""Self-Discipline"": ""3"", ""Detachment"": ""3"", ""Family Security"": ""2"", ""Social Recognition"": ""2"", ""Unity With Nature"": ""3"", ""A Varied Life"": ""3"", ""Wisdom"": ""2"", ""Authority"": ""4"", ""True Friendship"": ""2"", ""A World of Beauty"": ""3"", ""Social Justice"": ""2"", ""Independent"": ""2"", ""Moderate"": ""3"", ""Loyal"": ""2"","
794,Egypt,Politics,2,"{""Equality"": ""1"", ""Inner Harmony"": ""1"", ""Social Power"": ""1"", ""Pleasure"": ""1"", ""Freedom"": ""1"", ""A Spiritual Life"": ""1"", ""Sense of Belonging"": ""1"", ""Social Order"": ""1"", ""An Exciting Life"": ""1"", ""Meaning in Life"": ""1"", ""Politeness"": ""1"", ""Wealth"": ""1"", ""National Security"": ""1"", ""Self-Respect"": ""1"", ""Reciprocation of Favors"": ""1"", ""Creativity"": ""1"", ""A World at Peace"": ""1"", ""Respect for Tradition"": ""1"", ""Mature Love"": ""1"", ""Self-Discipline"": ""1"", ""Detachment"": ""1"", ""Family Security"": ""1"", ""Social Recognition"": ""1"", ""Unity With Nature"": ""1"", ""A Varied Life"": ""1"", ""Wisdom"": ""1"", ""Authority"": ""1"", ""True Friendship"": ""1"", ""A World of Beauty"": ""1"", ""Social Justice"": ""1"", ""Independent"": ""1"", ""Moderate"": ""1"", ""Loyal"": ""1"","
795,Egypt,Politics,3,"{""Equality"": ""1"", ""Inner Harmony"": ""1"", ""Social Power"": ""4"", ""Pleasure"": ""4"", ""Freedom"": ""1"", ""A Spiritual Life"": ""4"", ""Sense of Belonging"": ""4"", ""Social Order"": ""4"", ""An Exciting Life"": ""4"", ""Meaning in Life"": ""4"", ""Politeness"": ""4"", ""Wealth"": ""4"", ""National Security"": ""4"", ""Self-Respect"": ""1"", ""Reciprocation of Favors"": ""4"", ""Creativity"": ""4"", ""A World at Peace"": ""4"", ""Respect for Tradition"": ""4"", ""Mature Love"": ""4"", ""Self-Discipline"": ""4"", ""Detachment"": ""4"", ""Family Security"": ""4"", ""Social Recognition"": ""4"", ""Unity With Nature"": ""4"", ""A Varied Life"": ""4"", ""Wisdom"": ""4"", ""Authority"": ""4"", ""True Friendship"": ""4"", ""A World of Beauty"": ""4"", ""Social Justice"": ""4"", ""Independent"": ""4"", ""Moderate"": ""4"", ""Loyal"": ""4"","
796,Egypt,Politics,4,"{""Equality"": ""2"", ""Inner Harmony"": ""2"", ""Social Power"": ""4"", ""Pleasure"": ""2"", ""Freedom"": ""2"", ""A Spiritual Life"": ""2"", ""Sense of Belonging"": ""2"", ""Social Order"": ""2"", ""An Exciting Life"": ""2"", ""Meaning in Life"": ""2"", ""Politeness"": ""2"", ""Wealth"": ""2"", ""National Security"": ""2"", ""Self-Respect"": ""2"", ""Reciprocation of Favors"": ""2"", ""Creativity"": ""2"", ""A World at Peace"": ""2"", ""Respect for Tradition"": ""2"", ""Mature Love"": ""2"", ""Self-Discipline"": ""2"", ""Detachment"": ""2"", ""Family Security"": ""2"", ""Social Recognition"": ""2"", ""Unity With Nature"": ""2"", ""A Varied Life"": ""2"", ""Wisdom"": ""2"", ""Authority"": ""4"", ""True Friendship"": ""2"", ""A World of Beauty"": ""2"", ""Social Justice"": ""2"", ""Independent"": ""2"", ""Moderate"": ""2"", ""Loyal"": ""2"","
797,Egypt,Politics,5,"{""Equality"": ""2"", ""Inner Harmony"": ""2"", ""Social Power"": ""4"", ""Pleasure"": ""2"", ""Freedom"": ""2"", ""A Spiritual Life"": ""2"", ""Sense of Belonging"": ""2"", ""Social Order"": ""2"", ""An Exciting Life"": ""2"", ""Meaning in Life"": ""2"", ""Politeness"": ""2"", ""Wealth"": ""2"", ""National Security"": ""2"", ""Self-Respect"": ""2"", ""Reciprocation of Favors"": ""2"", ""Creativity"": ""2"", ""A World at Peace"": ""2"", ""Respect for Tradition"": ""2"", ""Mature Love"": ""2"", ""Self-Discipline"": ""2"", ""Detachment"": ""2"", ""Family Security"": ""2"", ""Social Recognition"": ""2"", ""Unity With Nature"": ""2"", ""A Varied Life"": ""2"", ""Wisdom"": ""2"", ""Authority"": ""2"", ""True Friendship"": ""2"", ""A World of Beauty"": ""2"", ""Social Justice"": ""2"", ""Independent"": ""2"", ""Moderate"": ""2"", ""Loyal"": ""2"","
798,Egypt,Politics,6,"{""Equality"": ""1"", ""Inner Harmony"": ""1"", ""Social Power"": ""1"", ""Pleasure"": ""1"", ""Freedom"": ""1"", ""A Spiritual Life"": ""1"", ""Sense of Belonging"": ""1"", ""Social Order"": ""1"", ""An Exciting Life"": ""1"", ""Meaning in Life"": ""1"", ""Politeness"": ""1"", ""Wealth"": ""1"", ""National Security"": ""1"", ""Self-Respect"": ""1"", ""Reciprocation of Favors"": ""1"", ""Creativity"": ""1"", ""A World at Peace"": ""1"", ""Respect for Tradition"": ""1"", ""Mature Love"": ""1"", ""Self-Discipline"": ""1"", ""Detachment"": ""1"", ""Family Security"": ""1"", ""Social Recognition"": ""1"", ""Unity With Nature"": ""1"", ""A Varied Life"": ""1"", ""Wisdom"": ""1"", ""Authority"": ""1"", ""True Friendship"": ""1"", ""A World of Beauty"": ""1"", ""Social Justice"": ""1"", ""Independent"": ""1"", ""Moderate"": ""1"", ""Loyal"": ""1"","
799,Egypt,Politics,7,"{""Equality"": ""1"", ""Inner Harmony"": ""1"", ""Social Power"": ""1"", ""Pleasure"": ""1"", ""Freedom"": ""1"", ""A Spiritual Life"": ""1"", ""Sense of Belonging"": ""1"", ""Social Order"": ""1"", ""An Exciting Life"": ""1"", ""Meaning in Life"": ""1"", ""Politeness"": ""1"", ""Wealth"": ""1"", ""National Security"": ""1"", ""Self-Respect"": ""1"", ""Reciprocation of Favors"": ""1"", ""Creativity"": ""1"", ""A World at Peace"": ""1"", ""Respect for Tradition"": ""1"", ""Mature Love"": ""1"", ""Self-Discipline"": ""1"", ""Detachment"": ""1"", ""Family Security"": ""1"", ""Social Recognition"": ""1"", ""Unity With Nature"": ""1"", ""A Varied Life"": ""1"", ""Wisdom"": ""1"", ""Authority"": ""1"", ""True Friendship"": ""1"", ""A World of Beauty"": ""1"", ""Social Justice"": ""1"", ""Independent"": ""1"", ""Moderate"": ""1"", ""Loyal"": ""1"","
800,Egypt,Social Networks,0,"{""Equality"": ""2"", ""Inner Harmony"": ""2"", ""Social Power"": ""4"", ""Pleasure"": ""2"", ""Freedom"": ""2"", ""A Spiritual Life"": ""2"", ""Sense of Belonging"": ""2"", ""Social Order"": ""2"", ""An Exciting Life"": ""2"", ""Meaning in Life"": ""2"", ""Politeness"": ""2"", ""Wealth"": ""4"", ""National Security"": ""2"", ""Self-Respect"": ""2"", ""Reciprocation of Favors"": ""2"", ""Creativity"": ""2"", ""A World at Peace"": ""2"", ""Respect for Tradition"": ""2"", ""Mature Love"": ""2"", ""Self-Discipline"": ""2"", ""Detachment"": ""2"", ""Family Security"": ""2"", ""Social Recognition"": ""2"", ""Unity With Nature"": ""2"", ""A Varied Life"": ""2"", ""Wisdom"": ""2"", ""Authority"": ""4"", ""True Friendship"": ""2"", ""A World of Beauty"": ""2"", ""Social Justice"": ""2"", ""Independent"": ""2"", ""Moderate"": ""2"", ""Loyal"": ""2"","
801,Egypt,Social Networks,1,"{""Equality"": ""2"", ""Inner Harmony"": ""2"", ""Social Power"": ""4"", ""Pleasure"": ""2"", ""Freedom"": ""2"", ""A Spiritual Life"": ""2"", ""Sense of Belonging"": ""2"", ""Social Order"": ""2"", ""An Exciting Life"": ""2"", ""Meaning in Life"": ""2"", ""Politeness"": ""2"", ""Wealth"": ""4"", ""National Security"": ""2"", ""Self-Respect"": ""2"", ""Reciprocation of Favors"": ""2"", ""Creativity"": ""2"", ""A World at Peace"": ""2"", ""Respect for Tradition"": ""2"", ""Mature Love"": ""2"", ""Self-Discipline"": ""2"", ""Detachment"": ""2"", ""Family Security"": ""2"", ""Social Recognition"": ""2"", ""Unity With Nature"": ""2"", ""A Varied Life"": ""2"", ""Wisdom"": ""2"", ""Authority"": ""4"", ""True Friendship"": ""2"", ""A World of Beauty"": ""2"", ""Social Justice"": ""2"", ""Independent"": ""2"", ""Moderate"": ""2"", ""Loyal"": ""2"","
802,Egypt,Social Networks,2,"{""Equality"": ""1"", ""Inner Harmony"": ""1"", ""Social Power"": ""1"", ""Pleasure"": ""1"", ""Freedom"": ""1"", ""A Spiritual Life"": ""1"", ""Sense of Belonging"": ""1"", ""Social Order"": ""1"", ""An Exciting Life"": ""1"", ""Meaning in Life"": ""1"", ""Politeness"": ""1"", ""Wealth"": ""1"", ""National Security"": ""1"", ""Self-Respect"": ""1"", ""Reciprocation of Favors"": ""1"", ""Creativity"": ""1"", ""A World at Peace"": ""1"", ""Respect for Tradition"": ""1"", ""Mature Love"": ""1"", ""Self-Discipline"": ""1"", ""Detachment"": ""1"", ""Family Security"": ""1"", ""Social Recognition"": ""1"", ""Unity With Nature"": ""1"", ""A Varied Life"": ""1"", ""Wisdom"": ""1"", ""Authority"": ""1"", ""True Friendship"": ""1"", ""A World of Beauty"": ""1"", ""Social Justice"": ""1"", ""Independent"": ""1"", ""Moderate"": ""1"", ""Loyal"": ""1"","
803,Egypt,Social Networks,3,"{""Equality"": ""2"", ""Inner Harmony"": ""2"", ""Social Power"": ""4"", ""Pleasure"": ""2"", ""Freedom"": ""2"", ""A Spiritual Life"": ""2"", ""Sense of Belonging"": ""2"", ""Social Order"": ""2"", ""An Exciting Life"": ""2"", ""Meaning in Life"": ""2"", ""Politeness"": ""2"", ""Wealth"": ""4"", ""National Security"": ""2"", ""Self-Respect"": ""2"", ""Reciprocation of Favors"": ""2"", ""Creativity"": ""2"", ""A World at Peace"": ""2"", ""Respect for Tradition"": ""2"", ""Mature Love"": ""2"", ""Self-Discipline"": ""2"", ""Detachment"": ""2"", ""Family Security"": ""2"", ""Social Recognition"": ""2"", ""Unity With Nature"": ""2"", ""A Varied Life"": ""2"", ""Wisdom"": ""2"", ""Authority"": ""4"", ""True Friendship"": ""2"", ""A World of Beauty"": ""2"", ""Social Justice"": ""2"", ""Independent"": ""2"", ""Moderate"": ""2"", ""Loyal"": ""2"","
804,Egypt,Social Networks,4,"{""Equality"": ""2"", ""Inner Harmony"": ""2"", ""Social Power"": ""4"", ""Pleasure"": ""2"", ""Freedom"": ""2"", ""A Spiritual Life"": ""2"", ""Sense of Belonging"": ""2"", ""Social Order"": ""2"", ""An Exciting Life"": ""2"", ""Meaning in Life"": ""2"", ""Politeness"": ""2"", ""Wealth"": ""4"", ""National Security"": ""2"", ""Self-Respect"": ""2"", ""Reciprocation of Favors"": ""2"", ""Creativity"": ""2"", ""A World at Peace"": ""2"", ""Respect for Tradition"": ""2"", ""Mature Love"": ""2"", ""Self-Discipline"": ""2"", ""Detachment"": ""2"", ""Family Security"": ""2"", ""Social Recognition"": ""2"", ""Unity With Nature"": ""2"", ""A Varied Life"": ""2"", ""Wisdom"": ""2"", ""Authority"": ""4"", ""True Friendship"": ""2"", ""A World of Beauty"": ""2"", ""Social Justice"": ""2"", ""Independent"": ""2"", ""Moderate"": ""2"", ""Loyal"": ""2"","
805,Egypt,Social Networks,5,"{""Equality"": ""2"", ""Inner Harmony"": ""2"", ""Social Power"": ""4"", ""Pleasure"": ""2"", ""Freedom"": ""2"", ""A Spiritual Life"": ""2"", ""Sense of Belonging"": ""2"", ""Social Order"": ""2"", ""An Exciting Life"": ""2"", ""Meaning in Life"": ""2"", ""Politeness"": ""2"", ""Wealth"": ""2"", ""National Security"": ""2"", ""Self-Respect"": ""2"", ""Reciprocation of Favors"": ""2"", ""Creativity"": ""2"", ""A World at Peace"": ""2"", ""Respect for Tradition"": ""2"", ""Mature Love"": ""2"", ""Self-Discipline"": ""2"", ""Detachment"": ""2"", ""Family Security"": ""2"", ""Social Recognition"": ""2"", ""Unity With Nature"": ""2"", ""A Varied Life"": ""2"", ""Wisdom"": ""2"", ""Authority"": ""4"", ""True Friendship"": ""2"", ""A World of Beauty"": ""2"", ""Social Justice"": ""2"", ""Independent"": ""2"", ""Moderate"": ""2"", ""Loyal"": ""2"","
806,Egypt,Social Networks,6,"{""Equality"": ""1"", ""Inner Harmony"": ""1"", ""Social Power"": ""1"", ""Pleasure"": ""1"", ""Freedom"": ""1"", ""A Spiritual Life"": ""1"", ""Sense of Belonging"": ""1"", ""Social Order"": ""1"", ""An Exciting Life"": ""1"", ""Meaning in Life"": ""1"", ""Politeness"": ""1"", ""Wealth"": ""1"", ""National Security"": ""1"", ""Self-Respect"": ""1"", ""Reciprocation of Favors"": ""1"", ""Creativity"": ""1"", ""A World at Peace"": ""1"", ""Respect for Tradition"": ""1"", ""Mature Love"": ""1"", ""Self-Discipline"": ""1"", ""Detachment"": ""1"", ""Family Security"": ""1"", ""Social Recognition"": ""1"", ""Unity With Nature"": ""1"", ""A Varied Life"": ""1"", ""Wisdom"": ""1"", ""Authority"": ""1"", ""True Friendship"": ""1"", ""A World of Beauty"": ""1"", ""Social Justice"": ""1"", ""Independent"": ""1"", ""Moderate"": ""1"", ""Loyal"": ""1"","
807,Egypt,Social Networks,7,"{""Equality"": ""1"", ""Inner Harmony"": ""1"", ""Social Power"": ""4"", ""Pleasure"": ""1"", ""Freedom"": ""1"", ""A Spiritual Life"": ""1"", ""Sense of Belonging"": ""1"", ""Social Order"": ""1"", ""An Exciting Life"": ""1"", ""Meaning in Life"": ""1"", ""Politeness"": ""1"", ""Wealth"": ""4"", ""National Security"": ""1"", ""Self-Respect"": ""1"", ""Reciprocation of Favors"": ""1"", ""Creativity"": ""1"", ""A World at Peace"": ""1"", ""Respect for Tradition"": ""4"", ""Mature Love"": ""1"", ""Self-Discipline"": ""1"", ""Detachment"": ""4"", ""Family Security"": ""1"", ""Social Recognition"": ""1"", ""Unity With Nature"": ""1"", ""A Varied Life"": ""1"", ""Wisdom"": ""1"", ""Authority"": ""4"", ""True Friendship"": ""1"", ""A World of Beauty"": ""1"", ""Social Justice"": ""1"", ""Independent"": ""1"", ""Moderate"": ""1"", ""Loyal"": ""1"","
808,Egypt,Social Inequality,0,"{""Equality"": ""2"", ""Inner Harmony"": ""2"", ""Social Power"": ""4"", ""Pleasure"": ""2"", ""Freedom"": ""2"", ""A Spiritual Life"": ""2"", ""Sense of Belonging"": ""2"", ""Social Order"": ""2"", ""An Exciting Life"": ""2"", ""Meaning in Life"": ""2"", ""Politeness"": ""2"", ""Wealth"": ""4"", ""National Security"": ""2"", ""Self-Respect"": ""2"", ""Reciprocation of Favors"": ""2"", ""Creativity"": ""2"", ""A World at Peace"": ""2"", ""Respect for Tradition"": ""2"", ""Mature Love"": ""2"", ""Self-Discipline"": ""2"", ""Detachment"": ""2"", ""Family Security"": ""2"", ""Social Recognition"": ""2"", ""Unity With Nature"": ""2"", ""A Varied Life"": ""2"", ""Wisdom"": ""2"", ""Authority"": ""4"", ""True Friendship"": ""2"", ""A World of Beauty"": ""2"", ""Social Justice"": ""2"", ""Independent"": ""2"", ""Moderate"": ""2"", ""Loyal"": ""2"","
809,Egypt,Social Inequality,1,"{""Equality"": ""3"", ""Inner Harmony"": ""3"", ""Social Power"": ""4"", ""Pleasure"": ""3"", ""Freedom"": ""3"", ""A Spiritual Life"": ""3"", ""Sense of Belonging"": ""3"", ""Social Order"": ""3"", ""An Exciting Life"": ""3"", ""Meaning in Life"": ""3"", ""Politeness"": ""3"", ""Wealth"": ""4"", ""National Security"": ""3"", ""Self-Respect"": ""3"", ""Reciprocation of Favors"": ""3"", ""Creativity"": ""3"", ""A World at Peace"": ""3"", ""Respect for Tradition"": ""3"", ""Mature Love"": ""3"", ""Self-Discipline"": ""3"", ""Detachment"": ""3"", ""Family Security"": ""3"", ""Social Recognition"": ""3"", ""Unity With Nature"": ""3"", ""A Varied Life"": ""3"", ""Wisdom"": ""3"", ""Authority"": ""4"", ""True Friendship"": ""3"", ""A World of Beauty"": ""3"", ""Social Justice"": ""3"", ""Independent"": ""3"", ""Moderate"": ""3"", ""Loyal"": ""3"","
810,Egypt,Social Inequality,2,"{""Equality"": ""1"", ""Inner Harmony"": ""1"", ""Social Power"": ""1"", ""Pleasure"": ""1"", ""Freedom"": ""1"", ""A Spiritual Life"": ""1"", ""Sense of Belonging"": ""1"", ""Social Order"": ""1"", ""An Exciting Life"": ""1"", ""Meaning in Life"": ""1"", ""Politeness"": ""1"", ""Wealth"": ""1"", ""National Security"": ""1"", ""Self-Respect"": ""1"", ""Reciprocation of Favors"": ""1"", ""Creativity"": ""1"", ""A World at Peace"": ""1"", ""Respect for Tradition"": ""1"", ""Mature Love"": ""1"", ""Self-Discipline"": ""1"", ""Detachment"": ""1"", ""Family Security"": ""1"", ""Social Recognition"": ""1"", ""Unity With Nature"": ""1"", ""A Varied Life"": ""1"", ""Wisdom"": ""1"", ""Authority"": ""1"", ""True Friendship"": ""1"", ""A World of Beauty"": ""1"", ""Social Justice"": ""1"", ""Independent"": ""1"", ""Moderate"": ""1"", ""Loyal"": ""1"","
811,Egypt,Social Inequality,3,"{""Equality"": ""1"", ""Inner Harmony"": ""1"", ""Social Power"": ""4"", ""Pleasure"": ""1"", ""Freedom"": ""1"", ""A Spiritual Life"": ""1"", ""Sense of Belonging"": ""1"", ""Social Order"": ""1"", ""An Exciting Life"": ""1"", ""Meaning in Life"": ""1"", ""Politeness"": ""1"", ""Wealth"": ""4"", ""National Security"": ""1"", ""Self-Respect"": ""1"", ""Reciprocation of Favors"": ""1"", ""Creativity"": ""1"", ""A World at Peace"": ""1"", ""Respect for Tradition"": ""1"", ""Mature Love"": ""1"", ""Self-Discipline"": ""1"", ""Detachment"": ""1"", ""Family Security"": ""1"", ""Social Recognition"": ""1"", ""Unity With Nature"": ""1"", ""A Varied Life"": ""1"", ""Wisdom"": ""1"", ""Authority"": ""4"", ""True Friendship"": ""1"", ""A World of Beauty"": ""1"", ""Social Justice"": ""1"", ""Independent"": ""1"", ""Moderate"": ""1"", ""Loyal"": ""1"","
812,Egypt,Social Inequality,4,"{""Equality"": ""2"", ""Inner Harmony"": ""2"", ""Social Power"": ""4"", ""Pleasure"": ""2"", ""Freedom"": ""2"", ""A Spiritual Life"": ""2"", ""Sense of Belonging"": ""2"", ""Social Order"": ""2"", ""An Exciting Life"": ""2"", ""Meaning in Life"": ""2"", ""Politeness"": ""2"", ""Wealth"": ""4"", ""National Security"": ""2"", ""Self-Respect"": ""2"", ""Reciprocation of Favors"": ""2"", ""Creativity"": ""2"", ""A World at Peace"": ""2"", ""Respect for Tradition"": ""2"", ""Mature Love"": ""2"", ""Self-Discipline"": ""2"", ""Detachment"": ""2"", ""Family Security"": ""2"", ""Social Recognition"": ""2"", ""Unity With Nature"": ""2"", ""A Varied Life"": ""2"", ""Wisdom"": ""2"", ""Authority"": ""4"", ""True Friendship"": ""2"", ""A World of Beauty"": ""2"", ""Social Justice"": ""2"", ""Independent"": ""2"", ""Moderate"": ""2"", ""Loyal"": ""2"","
813,Egypt,Social Inequality,5,"{""Equality"": ""2"", ""Inner Harmony"": ""2"", ""Social Power"": ""4"", ""Pleasure"": ""2"", ""Freedom"": ""2"", ""A Spiritual Life"": ""2"", ""Sense of Belonging"": ""2"", ""Social Order"": ""2"", ""An Exciting Life"": ""2"", ""Meaning in Life"": ""2"", ""Politeness"": ""2"", ""Wealth"": ""2"", ""National Security"": ""2"", ""Self-Respect"": ""2"", ""Reciprocation of Favors"": ""2"", ""Creativity"": ""2"", ""A World at Peace"": ""2"", ""Respect for Tradition"": ""2"", ""Mature Love"": ""2"", ""Self-Discipline"": ""2"", ""Detachment"": ""2"", ""Family Security"": ""2"", ""Social Recognition"": ""2"", ""Unity With Nature"": ""2"", ""A Varied Life"": ""2"", ""Wisdom"": ""2"", ""Authority"": ""4"", ""True Friendship"": ""2"", ""A World of Beauty"": ""2"", ""Social Justice"": ""2"", ""Independent"": ""2"", ""Moderate"": ""2"", ""Loyal"": ""2"","
814,Egypt,Social Inequality,6,"{""Equality"": ""1"", ""Inner Harmony"": ""1"", ""Social Power"": ""4"", ""Pleasure"": ""1"", ""Freedom"": ""1"", ""A Spiritual Life"": ""1"", ""Sense of Belonging"": ""1"", ""Social Order"": ""1"", ""An Exciting Life"": ""1"", ""Meaning in Life"": ""1"", ""Politeness"": ""1"", ""Wealth"": ""4"", ""National Security"": ""1"", ""Self-Respect"": ""1"", ""Reciprocation of Favors"": ""1"", ""Creativity"": ""1"", ""A World at Peace"": ""1"", ""Respect for Tradition"": ""1"", ""Mature Love"": ""1"", ""Self-Discipline"": ""1"", ""Detachment"": ""1"", ""Family Security"": ""1"", ""Social Recognition"": ""1"", ""Unity With Nature"": ""1"", ""A Varied Life"": ""1"", ""Wisdom"": ""1"", ""Authority"": ""4"", ""True Friendship"": ""1"", ""A World of Beauty"": ""1"", ""Social Justice"": ""1"", ""Independent"": ""1"", ""Moderate"": ""1"", ""Loyal"": ""1"","
815,Egypt,Social Inequality,7,"{""Equality"": ""4"", ""Inner Harmony"": ""4"", ""Social Power"": ""4"", ""Pleasure"": ""4"", ""Freedom"": ""4"", ""A Spiritual Life"": ""4"", ""Sense of Belonging"": ""4"", ""Social Order"": ""4"", ""An Exciting Life"": ""4"", ""Meaning in Life"": ""4"", ""Politeness"": ""4"", ""Wealth"": ""4"", ""National Security"": ""4"", ""Self-Respect"": ""4"", ""Reciprocation of Favors"": ""4"", ""Creativity"": ""4"", ""A World at Peace"": ""4"", ""Respect for Tradition"": ""4"", ""Mature Love"": ""4"", ""Self-Discipline"": ""4"", ""Detachment"": ""4"", ""Family Security"": ""4"", ""Social Recognition"": ""4"", ""Unity With Nature"": ""4"", ""A Varied Life"": ""4"", ""Wisdom"": ""4"", ""Authority"": ""4"", ""True Friendship"": ""4"", ""A World of Beauty"": ""4"", ""Social Justice"": ""4"", ""Independent"": ""4"", ""Moderate"": ""4"", ""Loyal"": ""4"","
816,Egypt,Family & Changing Gender Roles,0,"{""Equality"": ""2"", ""Inner Harmony"": ""2"", ""Social Power"": ""4"", ""Pleasure"": ""2"", ""Freedom"": ""2"", ""A Spiritual Life"": ""2"", ""Sense of Belonging"": ""2"", ""Social Order"": ""2"", ""An Exciting Life"": ""2"", ""Meaning in Life"": ""2"", ""Politeness"": ""2"", ""Wealth"": ""2"", ""National Security"": ""2"", ""Self-Respect"": ""2"", ""Reciprocation of Favors"": ""2"", ""Creativity"": ""2"", ""A World at Peace"": ""2"", ""Respect for Tradition"": ""2"", ""Mature Love"": ""2"", ""Self-Discipline"": ""2"", ""Detachment"": ""2"", ""Family Security"": ""2"", ""Social Recognition"": ""2"", ""Unity With Nature"": ""2"", ""A Varied Life"": ""2"", ""Wisdom"": ""2"", ""Authority"": ""4"", ""True Friendship"": ""2"", ""A World of Beauty"": ""2"", ""Social Justice"": ""2"", ""Independent"": ""2"", ""Moderate"": ""2"", ""Loyal"": ""2"","
817,Egypt,Family & Changing Gender Roles,1,"{""Equality"": ""2"", ""Inner Harmony"": ""3"", ""Social Power"": ""4"", ""Pleasure"": ""3"", ""Freedom"": ""2"", ""A Spiritual Life"": ""4"", ""Sense of Belonging"": ""2"", ""Social Order"": ""2"", ""An Exciting Life"": ""3"", ""Meaning in Life"": ""2"", ""Politeness"": ""2"", ""Wealth"": ""3"", ""National Security"": ""2"", ""Self-Respect"": ""2"", ""Reciprocation of Favors"": ""2"", ""Creativity"": ""3"", ""A World at Peace"": ""2"", ""Respect for Tradition"": ""2"", ""Mature Love"": ""3"", ""Self-Discipline"": ""3"", ""Detachment"": ""3"", ""Family Security"": ""2"", ""Social Recognition"": ""2"", ""Unity With Nature"": ""3"", ""A Varied Life"": ""3"", ""Wisdom"": ""2"", ""Authority"": ""4"", ""True Friendship"": ""2"", ""A World of Beauty"": ""2"", ""Social Justice"": ""2"", ""Independent"": ""2"", ""Moderate"": ""2"", ""Loyal"": ""2"","
818,Egypt,Family & Changing Gender Roles,2,"{""Equality"": ""1"", ""Inner Harmony"": ""1"", ""Social Power"": ""1"", ""Pleasure"": ""1"", ""Freedom"": ""1"", ""A Spiritual Life"": ""1"", ""Sense of Belonging"": ""1"", ""Social Order"": ""1"", ""An Exciting Life"": ""1"", ""Meaning in Life"": ""1"", ""Politeness"": ""1"", ""Wealth"": ""1"", ""National Security"": ""1"", ""Self-Respect"": ""1"", ""Reciprocation of Favors"": ""1"", ""Creativity"": ""1"", ""A World at Peace"": ""1"", ""Respect for Tradition"": ""1"", ""Mature Love"": ""1"", ""Self-Discipline"": ""1"", ""Detachment"": ""1"", ""Family Security"": ""1"", ""Social Recognition"": ""1"", ""Unity With Nature"": ""1"", ""A Varied Life"": ""1"", ""Wisdom"": ""1"", ""Authority"": ""1"", ""True Friendship"": ""1"", ""A World of Beauty"": ""1"", ""Social Justice"": ""1"", ""Independent"": ""1"", ""Moderate"": ""1"", ""Loyal"": ""1"","
819,Egypt,Family & Changing Gender Roles,3,"{""Equality"": ""2"", ""Inner Harmony"": ""2"", ""Social Power"": ""4"", ""Pleasure"": ""2"", ""Freedom"": ""2"", ""A Spiritual Life"": ""2"", ""Sense of Belonging"": ""2"", ""Social Order"": ""2"", ""An Exciting Life"": ""2"", ""Meaning in Life"": ""2"", ""Politeness"": ""2"", ""Wealth"": ""2"", ""National Security"": ""2"", ""Self-Respect"": ""2"", ""Reciprocation of Favors"": ""2"", ""Creativity"": ""2"", ""A World at Peace"": ""2"", ""Respect for Tradition"": ""2"", ""Mature Love"": ""2"", ""Self-Discipline"": ""2"", ""Detachment"": ""2"", ""Family Security"": ""2"", ""Social Recognition"": ""2"", ""Unity With Nature"": ""2"", ""A Varied Life"": ""2"", ""Wisdom"": ""2"", ""Authority"": ""2"", ""True Friendship"": ""2"", ""A World of Beauty"": ""2"", ""Social Justice"": ""2"", ""Independent"": ""2"", ""Moderate"": ""2"", ""Loyal"": ""2"","
820,Egypt,Family & Changing Gender Roles,4,"{""Equality"": ""2"", ""Inner Harmony"": ""2"", ""Social Power"": ""4"", ""Pleasure"": ""2"", ""Freedom"": ""2"", ""A Spiritual Life"": ""2"", ""Sense of Belonging"": ""2"", ""Social Order"": ""2"", ""An Exciting Life"": ""2"", ""Meaning in Life"": ""2"", ""Politeness"": ""2"", ""Wealth"": ""2"", ""National Security"": ""2"", ""Self-Respect"": ""2"", ""Reciprocation of Favors"": ""2"", ""Creativity"": ""2"", ""A World at Peace"": ""2"", ""Respect for Tradition"": ""2"", ""Mature Love"": ""2"", ""Self-Discipline"": ""2"", ""Detachment"": ""2"", ""Family Security"": ""2"", ""Social Recognition"": ""2"", ""Unity With Nature"": ""2"", ""A Varied Life"": ""2"", ""Wisdom"": ""2"", ""Authority"": ""4"", ""True Friendship"": ""2"", ""A World of Beauty"": ""2"", ""Social Justice"": ""2"", ""Independent"": ""2"", ""Moderate"": ""2"", ""Loyal"": ""2"","
821,Egypt,Family & Changing Gender Roles,5,"{""Equality"": ""3"", ""Inner Harmony"": ""3"", ""Social Power"": ""4"", ""Pleasure"": ""3"", ""Freedom"": ""3"", ""A Spiritual Life"": ""3"", ""Sense of Belonging"": ""3"", ""Social Order"": ""3"", ""An Exciting Life"": ""3"", ""Meaning in Life"": ""3"", ""Politeness"": ""3"", ""Wealth"": ""3"", ""National Security"": ""3"", ""Self-Respect"": ""3"", ""Reciprocation of Favors"": ""3"", ""Creativity"": ""3"", ""A World at Peace"": ""3"", ""Respect for Tradition"": ""3"", ""Mature Love"": ""3"", ""Self-Discipline"": ""3"", ""Detachment"": ""3"", ""Family Security"": ""3"", ""Social Recognition"": ""3"", ""Unity With Nature"": ""3"", ""A Varied Life"": ""3"", ""Wisdom"": ""3"", ""Authority"": ""4"", ""True Friendship"": ""3"", ""A World of Beauty"": ""3"", ""Social Justice"": ""3"", ""Independent"": ""3"", ""Moderate"": ""3"", ""Loyal"": ""3"","
822,Egypt,Family & Changing Gender Roles,6,"{""Equality"": ""1"", ""Inner Harmony"": ""1"", ""Social Power"": ""2"", ""Pleasure"": ""1"", ""Freedom"": ""1"", ""A Spiritual Life"": ""2"", ""Sense of Belonging"": ""1"", ""Social Order"": ""1"", ""An Exciting Life"": ""2"", ""Meaning in Life"": ""1"", ""Politeness"": ""1"", ""Wealth"": ""2"", ""National Security"": ""1"", ""Self-Respect"": ""1"", ""Reciprocation of Favors"": ""2"", ""Creativity"": ""2"", ""A World at Peace"": ""1"", ""Respect for Tradition"": ""2"", ""Mature Love"": ""2"", ""Self-Discipline"": ""2"", ""Detachment"": ""2"", ""Family Security"": ""1"", ""Social Recognition"": ""2"", ""Unity With Nature"": ""2"", ""A Varied Life"": ""2"", ""Wisdom"": ""2"", ""Authority"": ""2"", ""True Friendship"": ""2"", ""A World of Beauty"": ""2"", ""Social Justice"": ""2"", ""Independent"": ""2"", ""Moderate"": ""2"", ""Loyal"": ""2"","
823,Egypt,Family & Changing Gender Roles,7,"{""Equality"": ""1"", ""Inner Harmony"": ""1"", ""Social Power"": ""1"", ""Pleasure"": ""1"", ""Freedom"": ""1"", ""A Spiritual Life"": ""1"", ""Sense of Belonging"": ""1"", ""Social Order"": ""1"", ""An Exciting Life"": ""1"", ""Meaning in Life"": ""1"", ""Politeness"": ""1"", ""Wealth"": ""1"", ""National Security"": ""1"", ""Self-Respect"": ""1"", ""Reciprocation of Favors"": ""1"", ""Creativity"": ""1"", ""A World at Peace"": ""1"", ""Respect for Tradition"": ""1"", ""Mature Love"": ""1"", ""Self-Discipline"": ""1"", ""Detachment"": ""1"", ""Family Security"": ""1"", ""Social Recognition"": ""1"", ""Unity With Nature"": ""1"", ""A Varied Life"": ""1"", ""Wisdom"": ""1"", ""Authority"": ""1"", ""True Friendship"": ""1"", ""A World of Beauty"": ""1"", ""Social Justice"": ""1"", ""Independent"": ""1"", ""Moderate"": ""1"", ""Loyal"": ""1"","
824,Egypt,Work Orientation,0,"{""Equality"": ""2"", ""Inner Harmony"": ""2"", ""Social Power"": ""4"", ""Pleasure"": ""2"", ""Freedom"": ""2"", ""A Spiritual Life"": ""2"", ""Sense of Belonging"": ""2"", ""Social Order"": ""2"", ""An Exciting Life"": ""2"", ""Meaning in Life"": ""2"", ""Politeness"": ""2"", ""Wealth"": ""4"", ""National Security"": ""2"", ""Self-Respect"": ""2"", ""Reciprocation of Favors"": ""2"", ""Creativity"": ""2"", ""A World at Peace"": ""2"", ""Respect for Tradition"": ""2"", ""Mature Love"": ""2"", ""Self-Discipline"": ""2"", ""Detachment"": ""2"", ""Family Security"": ""2"", ""Social Recognition"": ""2"", ""Unity With Nature"": ""2"", ""A Varied Life"": ""2"", ""Wisdom"": ""2"", ""Authority"": ""4"", ""True Friendship"": ""2"", ""A World of Beauty"": ""2"", ""Social Justice"": ""2"", ""Independent"": ""2"", ""Moderate"": ""2"", ""Loyal"": ""2"","
825,Egypt,Work Orientation,1,"{""Equality"": ""3"", ""Inner Harmony"": ""3"", ""Social Power"": ""3"", ""Pleasure"": ""3"", ""Freedom"": ""3"", ""A Spiritual Life"": ""3"", ""Sense of Belonging"": ""3"", ""Social Order"": ""3"", ""An Exciting Life"": ""3"", ""Meaning in Life"": ""3"", ""Politeness"": ""3"", ""Wealth"": ""3"", ""National Security"": ""3"", ""Self-Respect"": ""3"", ""Reciprocation of Favors"": ""3"", ""Creativity"": ""3"", ""A World at Peace"": ""3"", ""Respect for Tradition"": ""3"", ""Mature Love"": ""3"", ""Self-Discipline"": ""3"", ""Detachment"": ""3"", ""Family Security"": ""3"", ""Social Recognition"": ""3"", ""Unity With Nature"": ""3"", ""A Varied Life"": ""3"", ""Wisdom"": ""3"", ""Authority"": ""3"", ""True Friendship"": ""3"", ""A World of Beauty"": ""3"", ""Social Justice"": ""3"", ""Independent"": ""3"", ""Moderate"": ""3"", ""Loyal"": ""3"","
826,Egypt,Work Orientation,2,"{""Equality"": ""1"", ""Inner Harmony"": ""1"", ""Social Power"": ""1"", ""Pleasure"": ""1"", ""Freedom"": ""1"", ""A Spiritual Life"": ""1"", ""Sense of Belonging"": ""1"", ""Social Order"": ""1"", ""An Exciting Life"": ""1"", ""Meaning in Life"": ""1"", ""Politeness"": ""1"", ""Wealth"": ""1"", ""National Security"": ""1"", ""Self-Respect"": ""1"", ""Reciprocation of Favors"": ""1"", ""Creativity"": ""1"", ""A World at Peace"": ""1"", ""Respect for Tradition"": ""1"", ""Mature Love"": ""1"", ""Self-Discipline"": ""1"", ""Detachment"": ""1"", ""Family Security"": ""1"", ""Social Recognition"": ""1"", ""Unity With Nature"": ""1"", ""A Varied Life"": ""1"", ""Wisdom"": ""1"", ""Authority"": ""1"", ""True Friendship"": ""1"", ""A World of Beauty"": ""1"", ""Social Justice"": ""1"", ""Independent"": ""1"", ""Moderate"": ""1"", ""Loyal"": ""1"","
827,Egypt,Work Orientation,3,"{""Equality"": ""1"", ""Inner Harmony"": ""1"", ""Social Power"": ""4"", ""Pleasure"": ""1"", ""Freedom"": ""1"", ""A Spiritual Life"": ""1"", ""Sense of Belonging"": ""1"", ""Social Order"": ""1"", ""An Exciting Life"": ""1"", ""Meaning in Life"": ""1"", ""Politeness"": ""1"", ""Wealth"": ""4"", ""National Security"": ""1"", ""Self-Respect"": ""1"", ""Reciprocation of Favors"": ""1"", ""Creativity"": ""1"", ""A World at Peace"": ""1"", ""Respect for Tradition"": ""1"", ""Mature Love"": ""1"", ""Self-Discipline"": ""1"", ""Detachment"": ""1"", ""Family Security"": ""1"", ""Social Recognition"": ""1"", ""Unity With Nature"": ""1"", ""A Varied Life"": ""1"", ""Wisdom"": ""1"", ""Authority"": ""4"", ""True Friendship"": ""1"", ""A World of Beauty"": ""1"", ""Social Justice"": ""1"", ""Independent"": ""1"", ""Moderate"": ""1"", ""Loyal"": ""1"","
828,Egypt,Work Orientation,4,"{""Equality"": ""2"", ""Inner Harmony"": ""2"", ""Social Power"": ""4"", ""Pleasure"": ""2"", ""Freedom"": ""2"", ""A Spiritual Life"": ""2"", ""Sense of Belonging"": ""2"", ""Social Order"": ""2"", ""An Exciting Life"": ""2"", ""Meaning in Life"": ""2"", ""Politeness"": ""2"", ""Wealth"": ""4"", ""National Security"": ""2"", ""Self-Respect"": ""2"", ""Reciprocation of Favors"": ""2"", ""Creativity"": ""2"", ""A World at Peace"": ""2"", ""Respect for Tradition"": ""2"", ""Mature Love"": ""2"", ""Self-Discipline"": ""2"", ""Detachment"": ""2"", ""Family Security"": ""2"", ""Social Recognition"": ""2"", ""Unity With Nature"": ""2"", ""A Varied Life"": ""2"", ""Wisdom"": ""2"", ""Authority"": ""4"", ""True Friendship"": ""2"", ""A World of Beauty"": ""2"", ""Social Justice"": ""2"", ""Independent"": ""2"", ""Moderate"": ""2"", ""Loyal"": ""2"","
829,Egypt,Work Orientation,5,"{""Equality"": ""2"", ""Inner Harmony"": ""2"", ""Social Power"": ""4"", ""Pleasure"": ""2"", ""Freedom"": ""2"", ""A Spiritual Life"": ""2"", ""Sense of Belonging"": ""2"", ""Social Order"": ""2"", ""An Exciting Life"": ""2"", ""Meaning in Life"": ""2"", ""Politeness"": ""2"", ""Wealth"": ""2"", ""National Security"": ""2"", ""Self-Respect"": ""2"", ""Reciprocation of Favors"": ""2"", ""Creativity"": ""2"", ""A World at Peace"": ""2"", ""Respect for Tradition"": ""2"", ""Mature Love"": ""2"", ""Self-Discipline"": ""2"", ""Detachment"": ""2"", ""Family Security"": ""2"", ""Social Recognition"": ""2"", ""Unity With Nature"": ""2"", ""A Varied Life"": ""2"", ""Wisdom"": ""2"", ""Authority"": ""4"", ""True Friendship"": ""2"", ""A World of Beauty"": ""2"", ""Social Justice"": ""2"", ""Independent"": ""2"", ""Moderate"": ""2"", ""Loyal"": ""2"","
830,Egypt,Work Orientation,6,"{""Equality"": ""2"", ""Inner Harmony"": ""2"", ""Social Power"": ""2"", ""Pleasure"": ""2"", ""Freedom"": ""2"", ""A Spiritual Life"": ""2"", ""Sense of Belonging"": ""2"", ""Social Order"": ""2"", ""An Exciting Life"": ""2"", ""Meaning in Life"": ""2"", ""Politeness"": ""2"", ""Wealth"": ""2"", ""National Security"": ""2"", ""Self-Respect"": ""2"", ""Reciprocation of Favors"": ""2"", ""Creativity"": ""2"", ""A World at Peace"": ""2"", ""Respect for Tradition"": ""2"", ""Mature Love"": ""2"", ""Self-Discipline"": ""2"", ""Detachment"": ""2"", ""Family Security"": ""2"", ""Social Recognition"": ""2"", ""Unity With Nature"": ""2"", ""A Varied Life"": ""2"", ""Wisdom"": ""2"", ""Authority"": ""2"", ""True Friendship"": ""2"", ""A World of Beauty"": ""2"", ""Social Justice"": ""2"", ""Independent"": ""2"", ""Moderate"": ""2"", ""Loyal"": ""2"","
831,Egypt,Work Orientation,7,"{""Equality"": ""1"", ""Inner Harmony"": ""1"", ""Social Power"": ""4"", ""Pleasure"": ""1"", ""Freedom"": ""1"", ""A Spiritual Life"": ""1"", ""Sense of Belonging"": ""1"", ""Social Order"": ""1"", ""An Exciting Life"": ""1"", ""Meaning in Life"": ""1"", ""Politeness"": ""1"", ""Wealth"": ""4"", ""National Security"": ""1"", ""Self-Respect"": ""1"", ""Reciprocation of Favors"": ""1"", ""Creativity"": ""1"", ""A World at Peace"": ""1"", ""Respect for Tradition"": ""1"", ""Mature Love"": ""1"", ""Self-Discipline"": ""1"", ""Detachment"": ""1"", ""Family Security"": ""1"", ""Social Recognition"": ""1"", ""Unity With Nature"": ""1"", ""A Varied Life"": ""1"", ""Wisdom"": ""1"", ""Authority"": ""4"", ""True Friendship"": ""1"", ""A World of Beauty"": ""1"", ""Social Justice"": ""1"", ""Independent"": ""1"", ""Moderate"": ""1"", ""Loyal"": ""1"","
832,Egypt,Religion,0,"{""Equality"": ""2"", ""Inner Harmony"": ""2"", ""Social Power"": ""4"", ""Pleasure"": ""2"", ""Freedom"": ""2"", ""A Spiritual Life"": ""2"", ""Sense of Belonging"": ""2"", ""Social Order"": ""2"", ""An Exciting Life"": ""2"", ""Meaning in Life"": ""2"", ""Politeness"": ""2"", ""Wealth"": ""4"", ""National Security"": ""2"", ""Self-Respect"": ""2"", ""Reciprocation of Favors"": ""2"", ""Creativity"": ""2"", ""A World at Peace"": ""2"", ""Respect for Tradition"": ""2"", ""Mature Love"": ""2"", ""Self-Discipline"": ""2"", ""Detachment"": ""2"", ""Family Security"": ""2"", ""Social Recognition"": ""2"", ""Unity With Nature"": ""2"", ""A Varied Life"": ""2"", ""Wisdom"": ""2"", ""Authority"": ""4"", ""True Friendship"": ""2"", ""A World of Beauty"": ""2"", ""Social Justice"": ""2"", ""Independent"": ""2"", ""Moderate"": ""2"", ""Loyal"": ""2"","
833,Egypt,Religion,1,"{""Equality"": ""3"", ""Inner Harmony"": ""3"", ""Social Power"": ""3"", ""Pleasure"": ""3"", ""Freedom"": ""3"", ""A Spiritual Life"": ""3"", ""Sense of Belonging"": ""3"", ""Social Order"": ""3"", ""An Exciting Life"": ""3"", ""Meaning in Life"": ""3"", ""Politeness"": ""3"", ""Wealth"": ""3"", ""National Security"": ""3"", ""Self-Respect"": ""3"", ""Reciprocation of Favors"": ""3"", ""Creativity"": ""3"", ""A World at Peace"": ""3"", ""Respect for Tradition"": ""3"", ""Mature Love"": ""3"", ""Self-Discipline"": ""3"", ""Detachment"": ""3"", ""Family Security"": ""3"", ""Social Recognition"": ""3"", ""Unity With Nature"": ""3"", ""A Varied Life"": ""3"", ""Wisdom"": ""3"", ""Authority"": ""3"", ""True Friendship"": ""3"", ""A World of Beauty"": ""3"", ""Social Justice"": ""3"", ""Independent"": ""3"", ""Moderate"": ""3"", ""Loyal"": ""3"","
834,Egypt,Religion,2,"{""Equality"": ""1"", ""Inner Harmony"": ""1"", ""Social Power"": ""4"", ""Pleasure"": ""1"", ""Freedom"": ""1"", ""A Spiritual Life"": ""1"", ""Sense of Belonging"": ""1"", ""Social Order"": ""1"", ""An Exciting Life"": ""1"", ""Meaning in Life"": ""1"", ""Politeness"": ""1"", ""Wealth"": ""4"", ""National Security"": ""1"", ""Self-Respect"": ""1"", ""Reciprocation of Favors"": ""1"", ""Creativity"": ""1"", ""A World at Peace"": ""1"", ""Respect for Tradition"": ""1"", ""Mature Love"": ""1"", ""Self-Discipline"": ""1"", ""Detachment"": ""1"", ""Family Security"": ""1"", ""Social Recognition"": ""1"", ""Unity With Nature"": ""1"", ""A Varied Life"": ""1"", ""Wisdom"": ""1"", ""Authority"": ""4"", ""True Friendship"": ""1"", ""A World of Beauty"": ""1"", ""Social Justice"": ""1"", ""Independent"": ""1"", ""Moderate"": ""1"", ""Loyal"": ""1"","
835,Egypt,Religion,3,"{""Equality"": ""1"", ""Inner Harmony"": ""1"", ""Social Power"": ""4"", ""Pleasure"": ""1"", ""Freedom"": ""1"", ""A Spiritual Life"": ""1"", ""Sense of Belonging"": ""1"", ""Social Order"": ""1"", ""An Exciting Life"": ""4"", ""Meaning in Life"": ""1"", ""Politeness"": ""1"", ""Wealth"": ""4"", ""National Security"": ""1"", ""Self-Respect"": ""1"", ""Reciprocation of Favors"": ""1"", ""Creativity"": ""4"", ""A World at Peace"": ""1"", ""Respect for Tradition"": ""1"", ""Mature Love"": ""4"", ""Self-Discipline"": ""1"", ""Detachment"": ""4"", ""Family Security"": ""1"", ""Social Recognition"": ""1"", ""Unity With Nature"": ""4"", ""A Varied Life"": ""4"", ""Wisdom"": ""1"", ""Authority"": ""4"", ""True Friendship"": ""1"", ""A World of Beauty"": ""1"", ""Social Justice"": ""1"", ""Independent"": ""4"", ""Moderate"": ""4"", ""Loyal"": ""1"","
836,Egypt,Religion,4,"{""Equality"": ""2"", ""Inner Harmony"": ""2"", ""Social Power"": ""4"", ""Pleasure"": ""2"", ""Freedom"": ""2"", ""A Spiritual Life"": ""2"", ""Sense of Belonging"": ""2"", ""Social Order"": ""2"", ""An Exciting Life"": ""2"", ""Meaning in Life"": ""2"", ""Politeness"": ""2"", ""Wealth"": ""4"", ""National Security"": ""2"", ""Self-Respect"": ""2"", ""Reciprocation of Favors"": ""2"", ""Creativity"": ""2"", ""A World at Peace"": ""2"", ""Respect for Tradition"": ""2"", ""Mature Love"": ""2"", ""Self-Discipline"": ""2"", ""Detachment"": ""2"", ""Family Security"": ""2"", ""Social Recognition"": ""2"", ""Unity With Nature"": ""2"", ""A Varied Life"": ""2"", ""Wisdom"": ""2"", ""Authority"": ""4"", ""True Friendship"": ""2"", ""A World of Beauty"": ""2"", ""Social Justice"": ""2"", ""Independent"": ""2"", ""Moderate"": ""2"", ""Loyal"": ""2"","
837,Egypt,Religion,5,"{""Equality"": ""2"", ""Inner Harmony"": ""2"", ""Social Power"": ""4"", ""Pleasure"": ""2"", ""Freedom"": ""2"", ""A Spiritual Life"": ""1"", ""Sense of Belonging"": ""2"", ""Social Order"": ""2"", ""An Exciting Life"": ""2"", ""Meaning in Life"": ""2"", ""Politeness"": ""2"", ""Wealth"": ""4"", ""National Security"": ""2"", ""Self-Respect"": ""2"", ""Reciprocation of Favors"": ""2"", ""Creativity"": ""2"", ""A World at Peace"": ""1"", ""Respect for Tradition"": ""2"", ""Mature Love"": ""2"", ""Self-Discipline"": ""2"", ""Detachment"": ""2"", ""Family Security"": ""2"", ""Social Recognition"": ""2"", ""Unity With Nature"": ""2"", ""A Varied Life"": ""2"", ""Wisdom"": ""2"", ""Authority"": ""4"", ""True Friendship"": ""2"", ""A World of Beauty"": ""2"", ""Social Justice"": ""2"", ""Independent"": ""2"", ""Moderate"": ""2"", ""Loyal"": ""2"","
838,Egypt,Religion,6,"{""Equality"": ""1"", ""Inner Harmony"": ""1"", ""Social Power"": ""1"", ""Pleasure"": ""1"", ""Freedom"": ""1"", ""A Spiritual Life"": ""1"", ""Sense of Belonging"": ""1"", ""Social Order"": ""1"", ""An Exciting Life"": ""1"", ""Meaning in Life"": ""1"", ""Politeness"": ""1"", ""Wealth"": ""1"", ""National Security"": ""1"", ""Self-Respect"": ""1"", ""Reciprocation of Favors"": ""1"", ""Creativity"": ""1"", ""A World at Peace"": ""1"", ""Respect for Tradition"": ""1"", ""Mature Love"": ""1"", ""Self-Discipline"": ""1"", ""Detachment"": ""1"", ""Family Security"": ""1"", ""Social Recognition"": ""1"", ""Unity With Nature"": ""1"", ""A Varied Life"": ""1"", ""Wisdom"": ""1"", ""Authority"": ""1"", ""True Friendship"": ""1"", ""A World of Beauty"": ""1"", ""Social Justice"": ""1"", ""Independent"": ""1"", ""Moderate"": ""1"", ""Loyal"": ""1"","
839,Egypt,Religion,7,"{""Equality"": ""1"", ""Inner Harmony"": ""1"", ""Social Power"": ""4"", ""Pleasure"": ""1"", ""Freedom"": ""1"", ""A Spiritual Life"": ""1"", ""Sense of Belonging"": ""1"", ""Social Order"": ""1"", ""An Exciting Life"": ""1"", ""Meaning in Life"": ""1"", ""Politeness"": ""1"", ""Wealth"": ""4"", ""National Security"": ""1"", ""Self-Respect"": ""1"", ""Reciprocation of Favors"": ""1"", ""Creativity"": ""1"", ""A World at Peace"": ""1"", ""Respect for Tradition"": ""1"", ""Mature Love"": ""1"", ""Self-Discipline"": ""1"", ""Detachment"": ""1"", ""Family Security"": ""1"", ""Social Recognition"": ""1"", ""Unity With Nature"": ""1"", ""A Varied Life"": ""1"", ""Wisdom"": ""1"", ""Authority"": ""4"", ""True Friendship"": ""1"", ""A World of Beauty"": ""1"", ""Social Justice"": ""1"", ""Independent"": ""1"", ""Moderate"": ""1"", ""Loyal"": ""1"","
840,Egypt,Environment,0,"{""Equality"": ""2"", ""Inner Harmony"": ""2"", ""Social Power"": ""4"", ""Pleasure"": ""2"", ""Freedom"": ""2"", ""A Spiritual Life"": ""2"", ""Sense of Belonging"": ""2"", ""Social Order"": ""2"", ""An Exciting Life"": ""2"", ""Meaning in Life"": ""2"", ""Politeness"": ""2"", ""Wealth"": ""4"", ""National Security"": ""2"", ""Self-Respect"": ""2"", ""Reciprocation of Favors"": ""2"", ""Creativity"": ""2"", ""A World at Peace"": ""2"", ""Respect for Tradition"": ""2"", ""Mature Love"": ""2"", ""Self-Discipline"": ""2"", ""Detachment"": ""2"", ""Family Security"": ""2"", ""Social Recognition"": ""2"", ""Unity With Nature"": ""2"", ""A Varied Life"": ""2"", ""Wisdom"": ""2"", ""Authority"": ""4"", ""True Friendship"": ""2"", ""A World of Beauty"": ""2"", ""Social Justice"": ""2"", ""Independent"": ""2"", ""Moderate"": ""2"", ""Loyal"": ""2"","
841,Egypt,Environment,1,"{""Equality"": ""3"", ""Inner Harmony"": ""3"", ""Social Power"": ""4"", ""Pleasure"": ""3"", ""Freedom"": ""3"", ""A Spiritual Life"": ""3"", ""Sense of Belonging"": ""3"", ""Social Order"": ""3"", ""An Exciting Life"": ""3"", ""Meaning in Life"": ""3"", ""Politeness"": ""3"", ""Wealth"": ""4"", ""National Security"": ""3"", ""Self-Respect"": ""3"", ""Reciprocation of Favors"": ""3"", ""Creativity"": ""3"", ""A World at Peace"": ""3"", ""Respect for Tradition"": ""3"", ""Mature Love"": ""3"", ""Self-Discipline"": ""3"", ""Detachment"": ""3"", ""Family Security"": ""3"", ""Social Recognition"": ""3"", ""Unity With Nature"": ""3"", ""A Varied Life"": ""3"", ""Wisdom"": ""3"", ""Authority"": ""4"", ""True Friendship"": ""3"", ""A World of Beauty"": ""3"", ""Social Justice"": ""3"", ""Independent"": ""3"", ""Moderate"": ""3"", ""Loyal"": ""3"","
842,Egypt,Environment,2,"{""Equality"": ""1"", ""Inner Harmony"": ""1"", ""Social Power"": ""1"", ""Pleasure"": ""1"", ""Freedom"": ""1"", ""A Spiritual Life"": ""1"", ""Sense of Belonging"": ""1"", ""Social Order"": ""1"", ""An Exciting Life"": ""1"", ""Meaning in Life"": ""1"", ""Politeness"": ""1"", ""Wealth"": ""1"", ""National Security"": ""1"", ""Self-Respect"": ""1"", ""Reciprocation of Favors"": ""1"", ""Creativity"": ""1"", ""A World at Peace"": ""1"", ""Respect for Tradition"": ""1"", ""Mature Love"": ""1"", ""Self-Discipline"": ""1"", ""Detachment"": ""1"", ""Family Security"": ""1"", ""Social Recognition"": ""1"", ""Unity With Nature"": ""1"", ""A Varied Life"": ""1"", ""Wisdom"": ""1"", ""Authority"": ""1"", ""True Friendship"": ""1"", ""A World of Beauty"": ""1"", ""Social Justice"": ""1"", ""Independent"": ""1"", ""Moderate"": ""1"", ""Loyal"": ""1"","
843,Egypt,Environment,3,"{""Equality"": ""2"", ""Inner Harmony"": ""2"", ""Social Power"": ""4"", ""Pleasure"": ""2"", ""Freedom"": ""2"", ""A Spiritual Life"": ""4"", ""Sense of Belonging"": ""2"", ""Social Order"": ""2"", ""An Exciting Life"": ""4"", ""Meaning in Life"": ""2"", ""Politeness"": ""2"", ""Wealth"": ""4"", ""National Security"": ""2"", ""Self-Respect"": ""2"", ""Reciprocation of Favors"": ""2"", ""Creativity"": ""4"", ""A World at Peace"": ""2"", ""Respect for Tradition"": ""4"", ""Mature Love"": ""4"", ""Self-Discipline"": ""4"", ""Detachment"": ""4"", ""Family Security"": ""2"", ""Social Recognition"": ""2"", ""Unity With Nature"": ""4"", ""A Varied Life"": ""4"", ""Wisdom"": ""2"", ""Authority"": ""4"", ""True Friendship"": ""2"", ""A World of Beauty"": ""2"", ""Social Justice"": ""2"", ""Independent"": ""4"", ""Moderate"": ""4"", ""Loyal"": ""2"","
844,Egypt,Environment,4,"{""Equality"": ""2"", ""Inner Harmony"": ""2"", ""Social Power"": ""4"", ""Pleasure"": ""2"", ""Freedom"": ""2"", ""A Spiritual Life"": ""2"", ""Sense of Belonging"": ""2"", ""Social Order"": ""2"", ""An Exciting Life"": ""2"", ""Meaning in Life"": ""2"", ""Politeness"": ""2"", ""Wealth"": ""4"", ""National Security"": ""2"", ""Self-Respect"": ""2"", ""Reciprocation of Favors"": ""2"", ""Creativity"": ""2"", ""A World at Peace"": ""2"", ""Respect for Tradition"": ""2"", ""Mature Love"": ""2"", ""Self-Discipline"": ""2"", ""Detachment"": ""2"", ""Family Security"": ""2"", ""Social Recognition"": ""2"", ""Unity With Nature"": ""2"", ""A Varied Life"": ""2"", ""Wisdom"": ""2"", ""Authority"": ""4"", ""True Friendship"": ""2"", ""A World of Beauty"": ""2"", ""Social Justice"": ""2"", ""Independent"": ""2"", ""Moderate"": ""2"", ""Loyal"": ""2"","
845,Egypt,Environment,5,"{""Equality"": ""2"", ""Inner Harmony"": ""2"", ""Social Power"": ""4"", ""Pleasure"": ""2"", ""Freedom"": ""2"", ""A Spiritual Life"": ""2"", ""Sense of Belonging"": ""2"", ""Social Order"": ""2"", ""An Exciting Life"": ""2"", ""Meaning in Life"": ""2"", ""Politeness"": ""2"", ""Wealth"": ""2"", ""National Security"": ""2"", ""Self-Respect"": ""2"", ""Reciprocation of Favors"": ""2"", ""Creativity"": ""2"", ""A World at Peace"": ""2"", ""Respect for Tradition"": ""2"", ""Mature Love"": ""2"", ""Self-Discipline"": ""2"", ""Detachment"": ""2"", ""Family Security"": ""2"", ""Social Recognition"": ""2"", ""Unity With Nature"": ""2"", ""A Varied Life"": ""2"", ""Wisdom"": ""2"", ""Authority"": ""4"", ""True Friendship"": ""2"", ""A World of Beauty"": ""2"", ""Social Justice"": ""2"", ""Independent"": ""2"", ""Moderate"": ""2"", ""Loyal"": ""2"","
846,Egypt,Environment,6,"{""Equality"": ""2"", ""Inner Harmony"": ""2"", ""Social Power"": ""2"", ""Pleasure"": ""2"", ""Freedom"": ""2"", ""A Spiritual Life"": ""2"", ""Sense of Belonging"": ""2"", ""Social Order"": ""2"", ""An Exciting Life"": ""2"", ""Meaning in Life"": ""2"", ""Politeness"": ""2"", ""Wealth"": ""2"", ""National Security"": ""2"", ""Self-Respect"": ""2"", ""Reciprocation of Favors"": ""2"", ""Creativity"": ""2"", ""A World at Peace"": ""2"", ""Respect for Tradition"": ""2"", ""Mature Love"": ""2"", ""Self-Discipline"": ""2"", ""Detachment"": ""2"", ""Family Security"": ""2"", ""Social Recognition"": ""2"", ""Unity With Nature"": ""2"", ""A Varied Life"": ""2"", ""Wisdom"": ""2"", ""Authority"": ""2"", ""True Friendship"": ""2"", ""A World of Beauty"": ""2"", ""Social Justice"": ""2"", ""Independent"": ""2"", ""Moderate"": ""2"", ""Loyal"": ""2"","
847,Egypt,Environment,7,"{""Equality"": ""1"", ""Inner Harmony"": ""1"", ""Social Power"": ""1"", ""Pleasure"": ""1"", ""Freedom"": ""1"", ""A Spiritual Life"": ""1"", ""Sense of Belonging"": ""1"", ""Social Order"": ""1"", ""An Exciting Life"": ""1"", ""Meaning in Life"": ""1"", ""Politeness"": ""1"", ""Wealth"": ""1"", ""National Security"": ""1"", ""Self-Respect"": ""1"", ""Reciprocation of Favors"": ""1"", ""Creativity"": ""1"", ""A World at Peace"": ""1"", ""Respect for Tradition"": ""1"", ""Mature Love"": ""1"", ""Self-Discipline"": ""1"", ""Detachment"": ""1"", ""Family Security"": ""1"", ""Social Recognition"": ""1"", ""Unity With Nature"": ""1"", ""A Varied Life"": ""1"", ""Wisdom"": ""1"", ""Authority"": ""1"", ""True Friendship"": ""1"", ""A World of Beauty"": ""1"", ""Social Justice"": ""1"", ""Independent"": ""1"", ""Moderate"": ""1"", ""Loyal"": ""1"","
848,Egypt,National Identity,0,"{""Equality"": ""2"", ""Inner Harmony"": ""2"", ""Social Power"": ""4"", ""Pleasure"": ""2"", ""Freedom"": ""2"", ""A Spiritual Life"": ""2"", ""Sense of Belonging"": ""2"", ""Social Order"": ""2"", ""An Exciting Life"": ""2"", ""Meaning in Life"": ""2"", ""Politeness"": ""2"", ""Wealth"": ""4"", ""National Security"": ""2"", ""Self-Respect"": ""2"", ""Reciprocation of Favors"": ""2"", ""Creativity"": ""2"", ""A World at Peace"": ""2"", ""Respect for Tradition"": ""2"", ""Mature Love"": ""2"", ""Self-Discipline"": ""2"", ""Detachment"": ""2"", ""Family Security"": ""2"", ""Social Recognition"": ""2"", ""Unity With Nature"": ""2"", ""A Varied Life"": ""2"", ""Wisdom"": ""2"", ""Authority"": ""4"", ""True Friendship"": ""2"", ""A World of Beauty"": ""2"", ""Social Justice"": ""2"", ""Independent"": ""2"", ""Moderate"": ""2"", ""Loyal"": ""2"","
849,Egypt,National Identity,1,"{""Equality"": ""2"", ""Inner Harmony"": ""2"", ""Social Power"": ""4"", ""Pleasure"": ""2"", ""Freedom"": ""2"", ""A Spiritual Life"": ""2"", ""Sense of Belonging"": ""2"", ""Social Order"": ""2"", ""An Exciting Life"": ""2"", ""Meaning in Life"": ""2"", ""Politeness"": ""2"", ""Wealth"": ""2"", ""National Security"": ""2"", ""Self-Respect"": ""2"", ""Reciprocation of Favors"": ""2"", ""Creativity"": ""2"", ""A World at Peace"": ""2"", ""Respect for Tradition"": ""2"", ""Mature Love"": ""2"", ""Self-Discipline"": ""2"", ""Detachment"": ""2"", ""Family Security"": ""2"", ""Social Recognition"": ""2"", ""Unity With Nature"": ""2"", ""A Varied Life"": ""2"", ""Wisdom"": ""2"", ""Authority"": ""4"", ""True Friendship"": ""2"", ""A World of Beauty"": ""2"", ""Social Justice"": ""2"", ""Independent"": ""2"", ""Moderate"": ""2"", ""Loyal"": ""2"","
850,Egypt,National Identity,2,"{""Equality"": ""1"", ""Inner Harmony"": ""1"", ""Social Power"": ""1"", ""Pleasure"": ""1"", ""Freedom"": ""1"", ""A Spiritual Life"": ""1"", ""Sense of Belonging"": ""1"", ""Social Order"": ""1"", ""An Exciting Life"": ""1"", ""Meaning in Life"": ""1"", ""Politeness"": ""1"", ""Wealth"": ""1"", ""National Security"": ""1"", ""Self-Respect"": ""1"", ""Reciprocation of Favors"": ""1"", ""Creativity"": ""1"", ""A World at Peace"": ""1"", ""Respect for Tradition"": ""1"", ""Mature Love"": ""1"", ""Self-Discipline"": ""1"", ""Detachment"": ""1"", ""Family Security"": ""1"", ""Social Recognition"": ""1"", ""Unity With Nature"": ""1"", ""A Varied Life"": ""1"", ""Wisdom"": ""1"", ""Authority"": ""1"", ""True Friendship"": ""1"", ""A World of Beauty"": ""1"", ""Social Justice"": ""1"", ""Independent"": ""1"", ""Moderate"": ""1"", ""Loyal"": ""1"","
851,Egypt,National Identity,3,"{""Equality"": ""1"", ""Inner Harmony"": ""1"", ""Social Power"": ""4"", ""Pleasure"": ""4"", ""Freedom"": ""1"", ""A Spiritual Life"": ""4"", ""Sense of Belonging"": ""1"", ""Social Order"": ""1"", ""An Exciting Life"": ""4"", ""Meaning in Life"": ""1"", ""Politeness"": ""1"", ""Wealth"": ""4"", ""National Security"": ""1"", ""Self-Respect"": ""1"", ""Reciprocation of Favors"": ""1"", ""Creativity"": ""4"", ""A World at Peace"": ""1"", ""Respect for Tradition"": ""4"", ""Mature Love"": ""4"", ""Self-Discipline"": ""4"", ""Detachment"": ""4"", ""Family Security"": ""1"", ""Social Recognition"": ""1"", ""Unity With Nature"": ""4"", ""A Varied Life"": ""4"", ""Wisdom"": ""1"", ""Authority"": ""4"", ""True Friendship"": ""1"", ""A World of Beauty"": ""4"", ""Social Justice"": ""1"", ""Independent"": ""4"", ""Moderate"": ""4"", ""Loyal"": ""1"","
852,Egypt,National Identity,4,"{""Equality"": ""2"", ""Inner Harmony"": ""2"", ""Social Power"": ""4"", ""Pleasure"": ""2"", ""Freedom"": ""2"", ""A Spiritual Life"": ""2"", ""Sense of Belonging"": ""2"", ""Social Order"": ""2"", ""An Exciting Life"": ""2"", ""Meaning in Life"": ""2"", ""Politeness"": ""2"", ""Wealth"": ""4"", ""National Security"": ""2"", ""Self-Respect"": ""2"", ""Reciprocation of Favors"": ""2"", ""Creativity"": ""2"", ""A World at Peace"": ""2"", ""Respect for Tradition"": ""2"", ""Mature Love"": ""2"", ""Self-Discipline"": ""2"", ""Detachment"": ""2"", ""Family Security"": ""2"", ""Social Recognition"": ""2"", ""Unity With Nature"": ""2"", ""A Varied Life"": ""2"", ""Wisdom"": ""2"", ""Authority"": ""4"", ""True Friendship"": ""2"", ""A World of Beauty"": ""2"", ""Social Justice"": ""2"", ""Independent"": ""2"", ""Moderate"": ""2"", ""Loyal"": ""2"","
853,Egypt,National Identity,5,"{""Equality"": ""2"", ""Inner Harmony"": ""2"", ""Social Power"": ""4"", ""Pleasure"": ""2"", ""Freedom"": ""2"", ""A Spiritual Life"": ""2"", ""Sense of Belonging"": ""2"", ""Social Order"": ""2"", ""An Exciting Life"": ""2"", ""Meaning in Life"": ""2"", ""Politeness"": ""2"", ""Wealth"": ""2"", ""National Security"": ""2"", ""Self-Respect"": ""2"", ""Reciprocation of Favors"": ""2"", ""Creativity"": ""2"", ""A World at Peace"": ""2"", ""Respect for Tradition"": ""2"", ""Mature Love"": ""2"", ""Self-Discipline"": ""2"", ""Detachment"": ""2"", ""Family Security"": ""2"", ""Social Recognition"": ""2"", ""Unity With Nature"": ""2"", ""A Varied Life"": ""2"", ""Wisdom"": ""2"", ""Authority"": ""4"", ""True Friendship"": ""2"", ""A World of Beauty"": ""2"", ""Social Justice"": ""2"", ""Independent"": ""2"", ""Moderate"": ""2"", ""Loyal"": ""2"","
854,Egypt,National Identity,6,"{""Equality"": ""2"", ""Inner Harmony"": ""2"", ""Social Power"": ""2"", ""Pleasure"": ""2"", ""Freedom"": ""2"", ""A Spiritual Life"": ""2"", ""Sense of Belonging"": ""2"", ""Social Order"": ""2"", ""An Exciting Life"": ""2"", ""Meaning in Life"": ""2"", ""Politeness"": ""2"", ""Wealth"": ""2"", ""National Security"": ""2"", ""Self-Respect"": ""2"", ""Reciprocation of Favors"": ""2"", ""Creativity"": ""2"", ""A World at Peace"": ""2"", ""Respect for Tradition"": ""2"", ""Mature Love"": ""2"", ""Self-Discipline"": ""2"", ""Detachment"": ""2"", ""Family Security"": ""2"", ""Social Recognition"": ""2"", ""Unity With Nature"": ""2"", ""A Varied Life"": ""2"", ""Wisdom"": ""2"", ""Authority"": ""2"", ""True Friendship"": ""2"", ""A World of Beauty"": ""2"", ""Social Justice"": ""2"", ""Independent"": ""2"", ""Moderate"": ""2"", ""Loyal"": ""2"","
855,Egypt,National Identity,7,"{""Equality"": ""1"", ""Inner Harmony"": ""1"", ""Social Power"": ""4"", ""Pleasure"": ""4"", ""Freedom"": ""1"", ""A Spiritual Life"": ""4"", ""Sense of Belonging"": ""1"", ""Social Order"": ""1"", ""An Exciting Life"": ""4"", ""Meaning in Life"": ""1"", ""Politeness"": ""1"", ""Wealth"": ""4"", ""National Security"": ""1"", ""Self-Respect"": ""1"", ""Reciprocation of Favors"": ""1"", ""Creativity"": ""4"", ""A World at Peace"": ""1"", ""Respect for Tradition"": ""4"", ""Mature Love"": ""4"", ""Self-Discipline"": ""4"", ""Detachment"": ""4"", ""Family Security"": ""1"", ""Social Recognition"": ""1"", ""Unity With Nature"": ""4"", ""A Varied Life"": ""4"", ""Wisdom"": ""1"", ""Authority"": ""4"", ""True Friendship"": ""1"", ""A World of Beauty"": ""4"", ""Social Justice"": ""1"", ""Independent"": ""4"", ""Moderate"": ""4"", ""Loyal"": ""1"","
856,Egypt,Citizenship,0,"{""Equality"": ""2"", ""Inner Harmony"": ""2"", ""Social Power"": ""4"", ""Pleasure"": ""2"", ""Freedom"": ""2"", ""A Spiritual Life"": ""2"", ""Sense of Belonging"": ""2"", ""Social Order"": ""2"", ""An Exciting Life"": ""2"", ""Meaning in Life"": ""2"", ""Politeness"": ""2"", ""Wealth"": ""4"", ""National Security"": ""2"", ""Self-Respect"": ""2"", ""Reciprocation of Favors"": ""2"", ""Creativity"": ""2"", ""A World at Peace"": ""2"", ""Respect for Tradition"": ""2"", ""Mature Love"": ""2"", ""Self-Discipline"": ""2"", ""Detachment"": ""2"", ""Family Security"": ""2"", ""Social Recognition"": ""2"", ""Unity With Nature"": ""2"", ""A Varied Life"": ""2"", ""Wisdom"": ""2"", ""Authority"": ""4"", ""True Friendship"": ""2"", ""A World of Beauty"": ""2"", ""Social Justice"": ""2"", ""Independent"": ""2"", ""Moderate"": ""2"", ""Loyal"": ""2"","
857,Egypt,Citizenship,1,"{""Equality"": ""2"", ""Inner Harmony"": ""3"", ""Social Power"": ""4"", ""Pleasure"": ""3"", ""Freedom"": ""2"", ""A Spiritual Life"": ""3"", ""Sense of Belonging"": ""2"", ""Social Order"": ""3"", ""An Exciting Life"": ""3"", ""Meaning in Life"": ""2"", ""Politeness"": ""2"", ""Wealth"": ""3"", ""National Security"": ""2"", ""Self-Respect"": ""2"", ""Reciprocation of Favors"": ""2"", ""Creativity"": ""3"", ""A World at Peace"": ""2"", ""Respect for Tradition"": ""3"", ""Mature Love"": ""3"", ""Self-Discipline"": ""3"", ""Detachment"": ""3"", ""Family Security"": ""2"", ""Social Recognition"": ""2"", ""Unity With Nature"": ""3"", ""A Varied Life"": ""3"", ""Wisdom"": ""2"", ""Authority"": ""4"", ""True Friendship"": ""2"", ""A World of Beauty"": ""3"", ""Social Justice"": ""2"", ""Independent"": ""2"", ""Moderate"": ""2"", ""Loyal"": ""2"","
858,Egypt,Citizenship,2,"{""Equality"": ""1"", ""Inner Harmony"": ""1"", ""Social Power"": ""1"", ""Pleasure"": ""1"", ""Freedom"": ""1"", ""A Spiritual Life"": ""1"", ""Sense of Belonging"": ""1"", ""Social Order"": ""1"", ""An Exciting Life"": ""1"", ""Meaning in Life"": ""1"", ""Politeness"": ""1"", ""Wealth"": ""1"", ""National Security"": ""1"", ""Self-Respect"": ""1"", ""Reciprocation of Favors"": ""1"", ""Creativity"": ""1"", ""A World at Peace"": ""1"", ""Respect for Tradition"": ""1"", ""Mature Love"": ""1"", ""Self-Discipline"": ""1"", ""Detachment"": ""1"", ""Family Security"": ""1"", ""Social Recognition"": ""1"", ""Unity With Nature"": ""1"", ""A Varied Life"": ""1"", ""Wisdom"": ""1"", ""Authority"": ""1"", ""True Friendship"": ""1"", ""A World of Beauty"": ""1"", ""Social Justice"": ""1"", ""Independent"": ""1"", ""Moderate"": ""1"", ""Loyal"": ""1"","
859,Egypt,Citizenship,3,"{""Equality"": ""2"", ""Inner Harmony"": ""2"", ""Social Power"": ""4"", ""Pleasure"": ""2"", ""Freedom"": ""2"", ""A Spiritual Life"": ""4"", ""Sense of Belonging"": ""2"", ""Social Order"": ""2"", ""An Exciting Life"": ""4"", ""Meaning in Life"": ""2"", ""Politeness"": ""2"", ""Wealth"": ""4"", ""National Security"": ""2"", ""Self-Respect"": ""2"", ""Reciprocation of Favors"": ""2"", ""Creativity"": ""4"", ""A World at Peace"": ""2"", ""Respect for Tradition"": ""4"", ""Mature Love"": ""4"", ""Self-Discipline"": ""4"", ""Detachment"": ""4"", ""Family Security"": ""2"", ""Social Recognition"": ""2"", ""Unity With Nature"": ""4"", ""A Varied Life"": ""4"", ""Wisdom"": ""2"", ""Authority"": ""4"", ""True Friendship"": ""2"", ""A World of Beauty"": ""4"", ""Social Justice"": ""2"", ""Independent"": ""4"", ""Moderate"": ""4"", ""Loyal"": ""2"","
860,Egypt,Citizenship,4,"{""Equality"": ""2"", ""Inner Harmony"": ""2"", ""Social Power"": ""4"", ""Pleasure"": ""2"", ""Freedom"": ""2"", ""A Spiritual Life"": ""2"", ""Sense of Belonging"": ""2"", ""Social Order"": ""2"", ""An Exciting Life"": ""2"", ""Meaning in Life"": ""2"", ""Politeness"": ""2"", ""Wealth"": ""4"", ""National Security"": ""2"", ""Self-Respect"": ""2"", ""Reciprocation of Favors"": ""2"", ""Creativity"": ""2"", ""A World at Peace"": ""2"", ""Respect for Tradition"": ""2"", ""Mature Love"": ""2"", ""Self-Discipline"": ""2"", ""Detachment"": ""2"", ""Family Security"": ""2"", ""Social Recognition"": ""2"", ""Unity With Nature"": ""2"", ""A Varied Life"": ""2"", ""Wisdom"": ""2"", ""Authority"": ""4"", ""True Friendship"": ""2"", ""A World of Beauty"": ""2"", ""Social Justice"": ""2"", ""Independent"": ""2"", ""Moderate"": ""2"", ""Loyal"": ""2"","
861,Egypt,Citizenship,5,"{""Equality"": ""2"", ""Inner Harmony"": ""2"", ""Social Power"": ""4"", ""Pleasure"": ""2"", ""Freedom"": ""2"", ""A Spiritual Life"": ""2"", ""Sense of Belonging"": ""2"", ""Social Order"": ""2"", ""An Exciting Life"": ""2"", ""Meaning in Life"": ""2"", ""Politeness"": ""2"", ""Wealth"": ""2"", ""National Security"": ""2"", ""Self-Respect"": ""2"", ""Reciprocation of Favors"": ""2"", ""Creativity"": ""2"", ""A World at Peace"": ""2"", ""Respect for Tradition"": ""2"", ""Mature Love"": ""2"", ""Self-Discipline"": ""2"", ""Detachment"": ""2"", ""Family Security"": ""2"", ""Social Recognition"": ""2"", ""Unity With Nature"": ""2"", ""A Varied Life"": ""2"", ""Wisdom"": ""2"", ""Authority"": ""4"", ""True Friendship"": ""2"", ""A World of Beauty"": ""2"", ""Social Justice"": ""2"", ""Independent"": ""2"", ""Moderate"": ""2"", ""Loyal"": ""2"","
862,Egypt,Citizenship,6,"{""Equality"": ""2"", ""Inner Harmony"": ""2"", ""Social Power"": ""2"", ""Pleasure"": ""2"", ""Freedom"": ""2"", ""A Spiritual Life"": ""2"", ""Sense of Belonging"": ""2"", ""Social Order"": ""2"", ""An Exciting Life"": ""2"", ""Meaning in Life"": ""2"", ""Politeness"": ""2"", ""Wealth"": ""2"", ""National Security"": ""2"", ""Self-Respect"": ""2"", ""Reciprocation of Favors"": ""2"", ""Creativity"": ""2"", ""A World at Peace"": ""2"", ""Respect for Tradition"": ""2"", ""Mature Love"": ""2"", ""Self-Discipline"": ""2"", ""Detachment"": ""2"", ""Family Security"": ""2"", ""Social Recognition"": ""2"", ""Unity With Nature"": ""2"", ""A Varied Life"": ""2"", ""Wisdom"": ""2"", ""Authority"": ""2"", ""True Friendship"": ""2"", ""A World of Beauty"": ""2"", ""Social Justice"": ""2"", ""Independent"": ""2"", ""Moderate"": ""2"", ""Loyal"": ""2"","
863,Egypt,Citizenship,7,"{""Equality"": ""1"", ""Inner Harmony"": ""1"", ""Social Power"": ""1"", ""Pleasure"": ""1"", ""Freedom"": ""1"", ""A Spiritual Life"": ""1"", ""Sense of Belonging"": ""1"", ""Social Order"": ""1"", ""An Exciting Life"": ""1"", ""Meaning in Life"": ""1"", ""Politeness"": ""1"", ""Wealth"": ""1"", ""National Security"": ""1"", ""Self-Respect"": ""1"", ""Reciprocation of Favors"": ""1"", ""Creativity"": ""1"", ""A World at Peace"": ""1"", ""Respect for Tradition"": ""1"", ""Mature Love"": ""1"", ""Self-Discipline"": ""1"", ""Detachment"": ""1"", ""Family Security"": ""1"", ""Social Recognition"": ""1"", ""Unity With Nature"": ""1"", ""A Varied Life"": ""1"", ""Wisdom"": ""1"", ""Authority"": ""1"", ""True Friendship"": ""1"", ""A World of Beauty"": ""1"", ""Social Justice"": ""1"", ""Independent"": ""1"", ""Moderate"": ""1"", ""Loyal"": ""1"","
864,Egypt,Leisure Time and Sports,0,"{""Equality"": ""2"", ""Inner Harmony"": ""2"", ""Social Power"": ""4"", ""Pleasure"": ""2"", ""Freedom"": ""2"", ""A Spiritual Life"": ""2"", ""Sense of Belonging"": ""2"", ""Social Order"": ""2"", ""An Exciting Life"": ""2"", ""Meaning in Life"": ""2"", ""Politeness"": ""2"", ""Wealth"": ""4"", ""National Security"": ""2"", ""Self-Respect"": ""2"", ""Reciprocation of Favors"": ""2"", ""Creativity"": ""2"", ""A World at Peace"": ""2"", ""Respect for Tradition"": ""2"", ""Mature Love"": ""2"", ""Self-Discipline"": ""2"", ""Detachment"": ""2"", ""Family Security"": ""2"", ""Social Recognition"": ""2"", ""Unity With Nature"": ""2"", ""A Varied Life"": ""2"", ""Wisdom"": ""2"", ""Authority"": ""4"", ""True Friendship"": ""2"", ""A World of Beauty"": ""2"", ""Social Justice"": ""2"", ""Independent"": ""2"", ""Moderate"": ""2"", ""Loyal"": ""2"","
865,Egypt,Leisure Time and Sports,1,"{""Equality"": ""3"", ""Inner Harmony"": ""3"", ""Social Power"": ""4"", ""Pleasure"": ""3"", ""Freedom"": ""3"", ""A Spiritual Life"": ""3"", ""Sense of Belonging"": ""3"", ""Social Order"": ""3"", ""An Exciting Life"": ""3"", ""Meaning in Life"": ""3"", ""Politeness"": ""3"", ""Wealth"": ""4"", ""National Security"": ""3"", ""Self-Respect"": ""3"", ""Reciprocation of Favors"": ""3"", ""Creativity"": ""3"", ""A World at Peace"": ""3"", ""Respect for Tradition"": ""3"", ""Mature Love"": ""3"", ""Self-Discipline"": ""3"", ""Detachment"": ""3"", ""Family Security"": ""3"", ""Social Recognition"": ""3"", ""Unity With Nature"": ""3"", ""A Varied Life"": ""3"", ""Wisdom"": ""3"", ""Authority"": ""4"", ""True Friendship"": ""3"", ""A World of Beauty"": ""3"", ""Social Justice"": ""3"", ""Independent"": ""3"", ""Moderate"": ""3"", ""Loyal"": ""3"","
866,Egypt,Leisure Time and Sports,2,"{""Equality"": ""1"", ""Inner Harmony"": ""1"", ""Social Power"": ""1"", ""Pleasure"": ""1"", ""Freedom"": ""1"", ""A Spiritual Life"": ""1"", ""Sense of Belonging"": ""1"", ""Social Order"": ""1"", ""An Exciting Life"": ""1"", ""Meaning in Life"": ""1"", ""Politeness"": ""1"", ""Wealth"": ""1"", ""National Security"": ""1"", ""Self-Respect"": ""1"", ""Reciprocation of Favors"": ""1"", ""Creativity"": ""1"", ""A World at Peace"": ""1"", ""Respect for Tradition"": ""1"", ""Mature Love"": ""1"", ""Self-Discipline"": ""1"", ""Detachment"": ""1"", ""Family Security"": ""1"", ""Social Recognition"": ""1"", ""Unity With Nature"": ""1"", ""A Varied Life"": ""1"", ""Wisdom"": ""1"", ""Authority"": ""1"", ""True Friendship"": ""1"", ""A World of Beauty"": ""1"", ""Social Justice"": ""1"", ""Independent"": ""1"", ""Moderate"": ""1"", ""Loyal"": ""1"","
867,Egypt,Leisure Time and Sports,3,"{""Equality"": ""1"", ""Inner Harmony"": ""1"", ""Social Power"": ""4"", ""Pleasure"": ""1"", ""Freedom"": ""1"", ""A Spiritual Life"": ""1"", ""Sense of Belonging"": ""1"", ""Social Order"": ""1"", ""An Exciting Life"": ""1"", ""Meaning in Life"": ""1"", ""Politeness"": ""1"", ""Wealth"": ""4"", ""National Security"": ""1"", ""Self-Respect"": ""1"", ""Reciprocation of Favors"": ""1"", ""Creativity"": ""1"", ""A World at Peace"": ""1"", ""Respect for Tradition"": ""1"", ""Mature Love"": ""1"", ""Self-Discipline"": ""1"", ""Detachment"": ""1"", ""Family Security"": ""1"", ""Social Recognition"": ""1"", ""Unity With Nature"": ""1"", ""A Varied Life"": ""1"", ""Wisdom"": ""1"", ""Authority"": ""4"", ""True Friendship"": ""1"", ""A World of Beauty"": ""1"", ""Social Justice"": ""1"", ""Independent"": ""1"", ""Moderate"": ""1"", ""Loyal"": ""1"","
868,Egypt,Leisure Time and Sports,4,"{""Equality"": ""2"", ""Inner Harmony"": ""2"", ""Social Power"": ""4"", ""Pleasure"": ""2"", ""Freedom"": ""2"", ""A Spiritual Life"": ""2"", ""Sense of Belonging"": ""2"", ""Social Order"": ""2"", ""An Exciting Life"": ""2"", ""Meaning in Life"": ""2"", ""Politeness"": ""2"", ""Wealth"": ""4"", ""National Security"": ""2"", ""Self-Respect"": ""2"", ""Reciprocation of Favors"": ""2"", ""Creativity"": ""2"", ""A World at Peace"": ""2"", ""Respect for Tradition"": ""2"", ""Mature Love"": ""2"", ""Self-Discipline"": ""2"", ""Detachment"": ""2"", ""Family Security"": ""2"", ""Social Recognition"": ""2"", ""Unity With Nature"": ""2"", ""A Varied Life"": ""2"", ""Wisdom"": ""2"", ""Authority"": ""4"", ""True Friendship"": ""2"", ""A World of Beauty"": ""2"", ""Social Justice"": ""2"", ""Independent"": ""2"", ""Moderate"": ""2"", ""Loyal"": ""2"","
869,Egypt,Leisure Time and Sports,5,"{""Equality"": ""2"", ""Inner Harmony"": ""2"", ""Social Power"": ""4"", ""Pleasure"": ""2"", ""Freedom"": ""2"", ""A Spiritual Life"": ""2"", ""Sense of Belonging"": ""2"", ""Social Order"": ""2"", ""An Exciting Life"": ""2"", ""Meaning in Life"": ""2"", ""Politeness"": ""2"", ""Wealth"": ""2"", ""National Security"": ""2"", ""Self-Respect"": ""2"", ""Reciprocation of Favors"": ""2"", ""Creativity"": ""2"", ""A World at Peace"": ""2"", ""Respect for Tradition"": ""2"", ""Mature Love"": ""2"", ""Self-Discipline"": ""2"", ""Detachment"": ""2"", ""Family Security"": ""2"", ""Social Recognition"": ""2"", ""Unity With Nature"": ""2"", ""A Varied Life"": ""2"", ""Wisdom"": ""2"", ""Authority"": ""4"", ""True Friendship"": ""2"", ""A World of Beauty"": ""2"", ""Social Justice"": ""2"", ""Independent"": ""2"", ""Moderate"": ""2"", ""Loyal"": ""2"","
870,Egypt,Leisure Time and Sports,6,"{""Equality"": ""2"", ""Inner Harmony"": ""2"", ""Social Power"": ""3"", ""Pleasure"": ""2"", ""Freedom"": ""2"", ""A Spiritual Life"": ""3"", ""Sense of Belonging"": ""2"", ""Social Order"": ""3"", ""An Exciting Life"": ""2"", ""Meaning in Life"": ""2"", ""Politeness"": ""2"", ""Wealth"": ""3"", ""National Security"": ""3"", ""Self-Respect"": ""2"", ""Reciprocation of Favors"": ""3"", ""Creativity"": ""2"", ""A World at Peace"": ""2"", ""Respect for Tradition"": ""3"", ""Mature Love"": ""3"", ""Self-Discipline"": ""3"", ""Detachment"": ""3"", ""Family Security"": ""2"", ""Social Recognition"": ""2"", ""Unity With Nature"": ""3"", ""A Varied Life"": ""2"", ""Wisdom"": ""2"", ""Authority"": ""3"", ""True Friendship"": ""2"", ""A World of Beauty"": ""3"", ""Social Justice"": ""2"", ""Independent"": ""3"", ""Moderate"": ""3"", ""Loyal"": ""2"","
871,Egypt,Leisure Time and Sports,7,"{""Equality"": ""1"", ""Inner Harmony"": ""1"", ""Social Power"": ""4"", ""Pleasure"": ""1"", ""Freedom"": ""1"", ""A Spiritual Life"": ""1"", ""Sense of Belonging"": ""1"", ""Social Order"": ""1"", ""An Exciting Life"": ""1"", ""Meaning in Life"": ""1"", ""Politeness"": ""1"", ""Wealth"": ""4"", ""National Security"": ""4"", ""Self-Respect"": ""1"", ""Reciprocation of Favors"": ""1"", ""Creativity"": ""1"", ""A World at Peace"": ""1"", ""Respect for Tradition"": ""4"", ""Mature Love"": ""1"", ""Self-Discipline"": ""1"", ""Detachment"": ""4"", ""Family Security"": ""1"", ""Social Recognition"": ""1"", ""Unity With Nature"": ""1"", ""A Varied Life"": ""1"", ""Wisdom"": ""1"", ""Authority"": ""4"", ""True Friendship"": ""1"", ""A World of Beauty"": ""1"", ""Social Justice"": ""1"", ""Independent"": ""1"", ""Moderate"": ""1"", ""Loyal"": ""1"","
872,Egypt,Health and Health Care,0,"{""Equality"": ""2"", ""Inner Harmony"": ""2"", ""Social Power"": ""4"", ""Pleasure"": ""2"", ""Freedom"": ""2"", ""A Spiritual Life"": ""2"", ""Sense of Belonging"": ""2"", ""Social Order"": ""2"", ""An Exciting Life"": ""2"", ""Meaning in Life"": ""2"", ""Politeness"": ""2"", ""Wealth"": ""4"", ""National Security"": ""2"", ""Self-Respect"": ""2"", ""Reciprocation of Favors"": ""2"", ""Creativity"": ""2"", ""A World at Peace"": ""2"", ""Respect for Tradition"": ""2"", ""Mature Love"": ""2"", ""Self-Discipline"": ""2"", ""Detachment"": ""2"", ""Family Security"": ""2"", ""Social Recognition"": ""2"", ""Unity With Nature"": ""2"", ""A Varied Life"": ""2"", ""Wisdom"": ""2"", ""Authority"": ""4"", ""True Friendship"": ""2"", ""A World of Beauty"": ""2"", ""Social Justice"": ""2"", ""Independent"": ""2"", ""Moderate"": ""2"", ""Loyal"": ""2"","
873,Egypt,Health and Health Care,1,"{""Equality"": ""2"", ""Inner Harmony"": ""2"", ""Social Power"": ""4"", ""Pleasure"": ""2"", ""Freedom"": ""2"", ""A Spiritual Life"": ""2"", ""Sense of Belonging"": ""2"", ""Social Order"": ""2"", ""An Exciting Life"": ""2"", ""Meaning in Life"": ""2"", ""Politeness"": ""2"", ""Wealth"": ""2"", ""National Security"": ""2"", ""Self-Respect"": ""2"", ""Reciprocation of Favors"": ""2"", ""Creativity"": ""2"", ""A World at Peace"": ""2"", ""Respect for Tradition"": ""2"", ""Mature Love"": ""2"", ""Self-Discipline"": ""2"", ""Detachment"": ""2"", ""Family Security"": ""2"", ""Social Recognition"": ""2"", ""Unity With Nature"": ""2"", ""A Varied Life"": ""2"", ""Wisdom"": ""2"", ""Authority"": ""4"", ""True Friendship"": ""2"", ""A World of Beauty"": ""2"", ""Social Justice"": ""2"", ""Independent"": ""2"", ""Moderate"": ""2"", ""Loyal"": ""2"","
874,Egypt,Health and Health Care,2,"{""Equality"": ""1"", ""Inner Harmony"": ""1"", ""Social Power"": ""1"", ""Pleasure"": ""1"", ""Freedom"": ""1"", ""A Spiritual Life"": ""1"", ""Sense of Belonging"": ""1"", ""Social Order"": ""1"", ""An Exciting Life"": ""1"", ""Meaning in Life"": ""1"", ""Politeness"": ""1"", ""Wealth"": ""1"", ""National Security"": ""1"", ""Self-Respect"": ""1"", ""Reciprocation of Favors"": ""1"", ""Creativity"": ""1"", ""A World at Peace"": ""1"", ""Respect for Tradition"": ""1"", ""Mature Love"": ""1"", ""Self-Discipline"": ""1"", ""Detachment"": ""1"", ""Family Security"": ""1"", ""Social Recognition"": ""1"", ""Unity With Nature"": ""1"", ""A Varied Life"": ""1"", ""Wisdom"": ""1"", ""Authority"": ""1"", ""True Friendship"": ""1"", ""A World of Beauty"": ""1"", ""Social Justice"": ""1"", ""Independent"": ""1"", ""Moderate"": ""1"", ""Loyal"": ""1"","
875,Egypt,Health and Health Care,3,"{""Equality"": ""2"", ""Inner Harmony"": ""2"", ""Social Power"": ""2"", ""Pleasure"": ""2"", ""Freedom"": ""2"", ""A Spiritual Life"": ""2"", ""Sense of Belonging"": ""2"", ""Social Order"": ""2"", ""An Exciting Life"": ""2"", ""Meaning in Life"": ""2"", ""Politeness"": ""2"", ""Wealth"": ""2"", ""National Security"": ""2"", ""Self-Respect"": ""2"", ""Reciprocation of Favors"": ""2"", ""Creativity"": ""2"", ""A World at Peace"": ""2"", ""Respect for Tradition"": ""2"", ""Mature Love"": ""2"", ""Self-Discipline"": ""2"", ""Detachment"": ""2"", ""Family Security"": ""2"", ""Social Recognition"": ""2"", ""Unity With Nature"": ""2"", ""A Varied Life"": ""2"", ""Wisdom"": ""2"", ""Authority"": ""2"", ""True Friendship"": ""2"", ""A World of Beauty"": ""2"", ""Social Justice"": ""2"", ""Independent"": ""2"", ""Moderate"": ""2"", ""Loyal"": ""2"","
876,Egypt,Health and Health Care,4,"{""Equality"": ""2"", ""Inner Harmony"": ""2"", ""Social Power"": ""4"", ""Pleasure"": ""2"", ""Freedom"": ""2"", ""A Spiritual Life"": ""2"", ""Sense of Belonging"": ""2"", ""Social Order"": ""2"", ""An Exciting Life"": ""2"", ""Meaning in Life"": ""2"", ""Politeness"": ""2"", ""Wealth"": ""4"", ""National Security"": ""2"", ""Self-Respect"": ""2"", ""Reciprocation of Favors"": ""2"", ""Creativity"": ""2"", ""A World at Peace"": ""2"", ""Respect for Tradition"": ""2"", ""Mature Love"": ""2"", ""Self-Discipline"": ""2"", ""Detachment"": ""2"", ""Family Security"": ""2"", ""Social Recognition"": ""2"", ""Unity With Nature"": ""2"", ""A Varied Life"": ""2"", ""Wisdom"": ""2"", ""Authority"": ""4"", ""True Friendship"": ""2"", ""A World of Beauty"": ""2"", ""Social Justice"": ""2"", ""Independent"": ""2"", ""Moderate"": ""2"", ""Loyal"": ""2"","
877,Egypt,Health and Health Care,5,"{""Equality"": ""2"", ""Inner Harmony"": ""2"", ""Social Power"": ""4"", ""Pleasure"": ""2"", ""Freedom"": ""2"", ""A Spiritual Life"": ""2"", ""Sense of Belonging"": ""2"", ""Social Order"": ""2"", ""An Exciting Life"": ""2"", ""Meaning in Life"": ""2"", ""Politeness"": ""2"", ""Wealth"": ""2"", ""National Security"": ""2"", ""Self-Respect"": ""2"", ""Reciprocation of Favors"": ""2"", ""Creativity"": ""2"", ""A World at Peace"": ""2"", ""Respect for Tradition"": ""2"", ""Mature Love"": ""2"", ""Self-Discipline"": ""2"", ""Detachment"": ""2"", ""Family Security"": ""2"", ""Social Recognition"": ""2"", ""Unity With Nature"": ""2"", ""A Varied Life"": ""2"", ""Wisdom"": ""2"", ""Authority"": ""4"", ""True Friendship"": ""2"", ""A World of Beauty"": ""2"", ""Social Justice"": ""2"", ""Independent"": ""2"", ""Moderate"": ""2"", ""Loyal"": ""2"","
878,Egypt,Health and Health Care,6,"{""Equality"": ""2"", ""Inner Harmony"": ""2"", ""Social Power"": ""2"", ""Pleasure"": ""2"", ""Freedom"": ""2"", ""A Spiritual Life"": ""2"", ""Sense of Belonging"": ""2"", ""Social Order"": ""2"", ""An Exciting Life"": ""2"", ""Meaning in Life"": ""2"", ""Politeness"": ""2"", ""Wealth"": ""2"", ""National Security"": ""2"", ""Self-Respect"": ""2"", ""Reciprocation of Favors"": ""2"", ""Creativity"": ""2"", ""A World at Peace"": ""2"", ""Respect for Tradition"": ""2"", ""Mature Love"": ""2"", ""Self-Discipline"": ""2"", ""Detachment"": ""2"", ""Family Security"": ""2"", ""Social Recognition"": ""2"", ""Unity With Nature"": ""2"", ""A Varied Life"": ""2"", ""Wisdom"": ""2"", ""Authority"": ""2"", ""True Friendship"": ""2"", ""A World of Beauty"": ""2"", ""Social Justice"": ""2"", ""Independent"": ""2"", ""Moderate"": ""2"", ""Loyal"": ""2"","
879,Egypt,Health and Health Care,7,"{""Equality"": ""1"", ""Inner Harmony"": ""1"", ""Social Power"": ""1"", ""Pleasure"": ""1"", ""Freedom"": ""1"", ""A Spiritual Life"": ""1"", ""Sense of Belonging"": ""1"", ""Social Order"": ""1"", ""An Exciting Life"": ""1"", ""Meaning in Life"": ""1"", ""Politeness"": ""1"", ""Wealth"": ""1"", ""National Security"": ""1"", ""Self-Respect"": ""1"", ""Reciprocation of Favors"": ""1"", ""Creativity"": ""1"", ""A World at Peace"": ""1"", ""Respect for Tradition"": ""1"", ""Mature Love"": ""1"", ""Self-Discipline"": ""1"", ""Detachment"": ""1"", ""Family Security"": ""1"", ""Social Recognition"": ""1"", ""Unity With Nature"": ""1"", ""A Varied Life"": ""1"", ""Wisdom"": ""1"", ""Authority"": ""1"", ""True Friendship"": ""1"", ""A World of Beauty"": ""1"", ""Social Justice"": ""1"", ""Independent"": ""1"", ""Moderate"": ""1"", ""Loyal"": ""1"","
880,France,Politics,0,"{""Equality"": ""2"", ""Inner Harmony"": ""2"", ""Social Power"": ""4"", ""Pleasure"": ""2"", ""Freedom"": ""2"", ""A Spiritual Life"": ""2"", ""Sense of Belonging"": ""2"", ""Social Order"": ""2"", ""An Exciting Life"": ""2"", ""Meaning in Life"": ""2"", ""Politeness"": ""2"", ""Wealth"": ""4"", ""National Security"": ""2"", ""Self-Respect"": ""2"", ""Reciprocation of Favors"": ""2"", ""Creativity"": ""2"", ""A World at Peace"": ""2"", ""Respect for Tradition"": ""2"", ""Mature Love"": ""2"", ""Self-Discipline"": ""2"", ""Detachment"": ""2"", ""Family Security"": ""2"", ""Social Recognition"": ""2"", ""Unity With Nature"": ""2"", ""A Varied Life"": ""2"", ""Wisdom"": ""2"", ""Authority"": ""4"", ""True Friendship"": ""2"", ""A World of Beauty"": ""2"", ""Social Justice"": ""2"", ""Independent"": ""2"", ""Moderate"": ""2"", ""Loyal"": ""2"","
881,France,Politics,1,"{""Equality"": ""2"", ""Inner Harmony"": ""2"", ""Social Power"": ""4"", ""Pleasure"": ""2"", ""Freedom"": ""2"", ""A Spiritual Life"": ""2"", ""Sense of Belonging"": ""2"", ""Social Order"": ""2"", ""An Exciting Life"": ""2"", ""Meaning in Life"": ""2"", ""Politeness"": ""2"", ""Wealth"": ""2"", ""National Security"": ""2"", ""Self-Respect"": ""2"", ""Reciprocation of Favors"": ""2"", ""Creativity"": ""2"", ""A World at Peace"": ""2"", ""Respect for Tradition"": ""2"", ""Mature Love"": ""2"", ""Self-Discipline"": ""2"", ""Detachment"": ""2"", ""Family Security"": ""2"", ""Social Recognition"": ""2"", ""Unity With Nature"": ""2"", ""A Varied Life"": ""2"", ""Wisdom"": ""2"", ""Authority"": ""4"", ""True Friendship"": ""2"", ""A World of Beauty"": ""2"", ""Social Justice"": ""2"", ""Independent"": ""2"", ""Moderate"": ""2"", ""Loyal"": ""2"","
882,France,Politics,2,"{""Equality"": ""1"", ""Inner Harmony"": ""1"", ""Social Power"": ""1"", ""Pleasure"": ""1"", ""Freedom"": ""1"", ""A Spiritual Life"": ""1"", ""Sense of Belonging"": ""1"", ""Social Order"": ""1"", ""An Exciting Life"": ""1"", ""Meaning in Life"": ""1"", ""Politeness"": ""1"", ""Wealth"": ""1"", ""National Security"": ""1"", ""Self-Respect"": ""1"", ""Reciprocation of Favors"": ""1"", ""Creativity"": ""1"", ""A World at Peace"": ""1"", ""Respect for Tradition"": ""1"", ""Mature Love"": ""1"", ""Self-Discipline"": ""1"", ""Detachment"": ""1"", ""Family Security"": ""1"", ""Social Recognition"": ""1"", ""Unity With Nature"": ""1"", ""A Varied Life"": ""1"", ""Wisdom"": ""1"", ""Authority"": ""1"", ""True Friendship"": ""1"", ""A World of Beauty"": ""1"", ""Social Justice"": ""1"", ""Independent"": ""1"", ""Moderate"": ""1"", ""Loyal"": ""1"","
883,France,Politics,3,"{""Equality"": ""1"", ""Inner Harmony"": ""1"", ""Social Power"": ""4"", ""Pleasure"": ""1"", ""Freedom"": ""1"", ""A Spiritual Life"": ""1"", ""Sense of Belonging"": ""1"", ""Social Order"": ""1"", ""An Exciting Life"": ""1"", ""Meaning in Life"": ""1"", ""Politeness"": ""1"", ""Wealth"": ""4"", ""National Security"": ""1"", ""Self-Respect"": ""1"", ""Reciprocation of Favors"": ""1"", ""Creativity"": ""1"", ""A World at Peace"": ""1"", ""Respect for Tradition"": ""1"", ""Mature Love"": ""1"", ""Self-Discipline"": ""1"", ""Detachment"": ""1"", ""Family Security"": ""1"", ""Social Recognition"": ""1"", ""Unity With Nature"": ""1"", ""A Varied Life"": ""1"", ""Wisdom"": ""1"", ""Authority"": ""4"", ""True Friendship"": ""1"", ""A World of Beauty"": ""1"", ""Social Justice"": ""1"", ""Independent"": ""1"", ""Moderate"": ""1"", ""Loyal"": ""1"","
884,France,Politics,4,"{""Equality"": ""2"", ""Inner Harmony"": ""2"", ""Social Power"": ""4"", ""Pleasure"": ""2"", ""Freedom"": ""2"", ""A Spiritual Life"": ""2"", ""Sense of Belonging"": ""2"", ""Social Order"": ""2"", ""An Exciting Life"": ""2"", ""Meaning in Life"": ""2"", ""Politeness"": ""2"", ""Wealth"": ""4"", ""National Security"": ""2"", ""Self-Respect"": ""2"", ""Reciprocation of Favors"": ""2"", ""Creativity"": ""2"", ""A World at Peace"": ""2"", ""Respect for Tradition"": ""2"", ""Mature Love"": ""2"", ""Self-Discipline"": ""2"", ""Detachment"": ""2"", ""Family Security"": ""2"", ""Social Recognition"": ""2"", ""Unity With Nature"": ""2"", ""A Varied Life"": ""2"", ""Wisdom"": ""2"", ""Authority"": ""4"", ""True Friendship"": ""2"", ""A World of Beauty"": ""2"", ""Social Justice"": ""2"", ""Independent"": ""2"", ""Moderate"": ""2"", ""Loyal"": ""2"","
885,France,Politics,5,"{""Equality"": ""2"", ""Inner Harmony"": ""3"", ""Social Power"": ""4"", ""Pleasure"": ""3"", ""Freedom"": ""2"", ""A Spiritual Life"": ""3"", ""Sense of Belonging"": ""2"", ""Social Order"": ""2"", ""An Exciting Life"": ""3"", ""Meaning in Life"": ""2"", ""Politeness"": ""2"", ""Wealth"": ""3"", ""National Security"": ""2"", ""Self-Respect"": ""2"", ""Reciprocation of Favors"": ""2"", ""Creativity"": ""3"", ""A World at Peace"": ""2"", ""Respect for Tradition"": ""2"", ""Mature Love"": ""3"", ""Self-Discipline"": ""3"", ""Detachment"": ""3"", ""Family Security"": ""2"", ""Social Recognition"": ""2"", ""Unity With Nature"": ""3"", ""A Varied Life"": ""3"", ""Wisdom"": ""2"", ""Authority"": ""4"", ""True Friendship"": ""2"", ""A World of Beauty"": ""2"", ""Social Justice"": ""2"", ""Independent"": ""2"", ""Moderate"": ""2"", ""Loyal"": ""2"","
886,France,Politics,6,"{""Equality"": ""1"", ""Inner Harmony"": ""1"", ""Social Power"": ""1"", ""Pleasure"": ""1"", ""Freedom"": ""1"", ""A Spiritual Life"": ""1"", ""Sense of Belonging"": ""1"", ""Social Order"": ""1"", ""An Exciting Life"": ""1"", ""Meaning in Life"": ""1"", ""Politeness"": ""1"", ""Wealth"": ""1"", ""National Security"": ""1"", ""Self-Respect"": ""1"", ""Reciprocation of Favors"": ""1"", ""Creativity"": ""1"", ""A World at Peace"": ""1"", ""Respect for Tradition"": ""1"", ""Mature Love"": ""1"", ""Self-Discipline"": ""1"", ""Detachment"": ""1"", ""Family Security"": ""1"", ""Social Recognition"": ""1"", ""Unity With Nature"": ""1"", ""A Varied Life"": ""1"", ""Wisdom"": ""1"", ""Authority"": ""1"", ""True Friendship"": ""1"", ""A World of Beauty"": ""1"", ""Social Justice"": ""1"", ""Independent"": ""1"", ""Moderate"": ""1"", ""Loyal"": ""1"","
887,France,Politics,7,"{""Equality"": ""1"", ""Inner Harmony"": ""1"", ""Social Power"": ""4"", ""Pleasure"": ""1"", ""Freedom"": ""1"", ""A Spiritual Life"": ""1"", ""Sense of Belonging"": ""1"", ""Social Order"": ""1"", ""An Exciting Life"": ""1"", ""Meaning in Life"": ""1"", ""Politeness"": ""1"", ""Wealth"": ""4"", ""National Security"": ""1"", ""Self-Respect"": ""1"", ""Reciprocation of Favors"": ""1"", ""Creativity"": ""1"", ""A World at Peace"": ""1"", ""Respect for Tradition"": ""1"", ""Mature Love"": ""1"", ""Self-Discipline"": ""1"", ""Detachment"": ""1"", ""Family Security"": ""1"", ""Social Recognition"": ""1"", ""Unity With Nature"": ""1"", ""A Varied Life"": ""1"", ""Wisdom"": ""1"", ""Authority"": ""4"", ""True Friendship"": ""1"", ""A World of Beauty"": ""1"", ""Social Justice"": ""1"", ""Independent"": ""1"", ""Moderate"": ""1"", ""Loyal"": ""1"","
888,France,Social Networks,0,"{""Equality"": ""2"", ""Inner Harmony"": ""2"", ""Social Power"": ""4"", ""Pleasure"": ""2"", ""Freedom"": ""2"", ""A Spiritual Life"": ""2"", ""Sense of Belonging"": ""2"", ""Social Order"": ""2"", ""An Exciting Life"": ""2"", ""Meaning in Life"": ""2"", ""Politeness"": ""2"", ""Wealth"": ""4"", ""National Security"": ""4"", ""Self-Respect"": ""2"", ""Reciprocation of Favors"": ""2"", ""Creativity"": ""2"", ""A World at Peace"": ""2"", ""Respect for Tradition"": ""2"", ""Mature Love"": ""2"", ""Self-Discipline"": ""2"", ""Detachment"": ""2"", ""Family Security"": ""2"", ""Social Recognition"": ""2"", ""Unity With Nature"": ""2"", ""A Varied Life"": ""2"", ""Wisdom"": ""2"", ""Authority"": ""4"", ""True Friendship"": ""2"", ""A World of Beauty"": ""2"", ""Social Justice"": ""2"", ""Independent"": ""2"", ""Moderate"": ""2"", ""Loyal"": ""2"","
889,France,Social Networks,1,"{""Equality"": ""3"", ""Inner Harmony"": ""3"", ""Social Power"": ""3"", ""Pleasure"": ""3"", ""Freedom"": ""3"", ""A Spiritual Life"": ""3"", ""Sense of Belonging"": ""3"", ""Social Order"": ""3"", ""An Exciting Life"": ""3"", ""Meaning in Life"": ""3"", ""Politeness"": ""3"", ""Wealth"": ""3"", ""National Security"": ""3"", ""Self-Respect"": ""3"", ""Reciprocation of Favors"": ""3"", ""Creativity"": ""3"", ""A World at Peace"": ""3"", ""Respect for Tradition"": ""3"", ""Mature Love"": ""3"", ""Self-Discipline"": ""3"", ""Detachment"": ""3"", ""Family Security"": ""3"", ""Social Recognition"": ""3"", ""Unity With Nature"": ""3"", ""A Varied Life"": ""3"", ""Wisdom"": ""3"", ""Authority"": ""3"", ""True Friendship"": ""3"", ""A World of Beauty"": ""3"", ""Social Justice"": ""3"", ""Independent"": ""3"", ""Moderate"": ""3"", ""Loyal"": ""3"","
890,France,Social Networks,2,"{""Equality"": ""1"", ""Inner Harmony"": ""1"", ""Social Power"": ""1"", ""Pleasure"": ""1"", ""Freedom"": ""1"", ""A Spiritual Life"": ""1"", ""Sense of Belonging"": ""1"", ""Social Order"": ""1"", ""An Exciting Life"": ""1"", ""Meaning in Life"": ""1"", ""Politeness"": ""1"", ""Wealth"": ""1"", ""National Security"": ""1"", ""Self-Respect"": ""1"", ""Reciprocation of Favors"": ""1"", ""Creativity"": ""1"", ""A World at Peace"": ""1"", ""Respect for Tradition"": ""1"", ""Mature Love"": ""1"", ""Self-Discipline"": ""1"", ""Detachment"": ""1"", ""Family Security"": ""1"", ""Social Recognition"": ""1"", ""Unity With Nature"": ""1"", ""A Varied Life"": ""1"", ""Wisdom"": ""1"", ""Authority"": ""1"", ""True Friendship"": ""1"", ""A World of Beauty"": ""1"", ""Social Justice"": ""1"", ""Independent"": ""1"", ""Moderate"": ""1"", ""Loyal"": ""1"","
891,France,Social Networks,3,"{""Equality"": ""1"", ""Inner Harmony"": ""1"", ""Social Power"": ""4"", ""Pleasure"": ""1"", ""Freedom"": ""1"", ""A Spiritual Life"": ""1"", ""Sense of Belonging"": ""1"", ""Social Order"": ""1"", ""An Exciting Life"": ""1"", ""Meaning in Life"": ""1"", ""Politeness"": ""1"", ""Wealth"": ""4"", ""National Security"": ""1"", ""Self-Respect"": ""1"", ""Reciprocation of Favors"": ""1"", ""Creativity"": ""1"", ""A World at Peace"": ""1"", ""Respect for Tradition"": ""1"", ""Mature Love"": ""1"", ""Self-Discipline"": ""1"", ""Detachment"": ""1"", ""Family Security"": ""1"", ""Social Recognition"": ""1"", ""Unity With Nature"": ""1"", ""A Varied Life"": ""1"", ""Wisdom"": ""1"", ""Authority"": ""4"", ""True Friendship"": ""1"", ""A World of Beauty"": ""1"", ""Social Justice"": ""1"", ""Independent"": ""1"", ""Moderate"": ""1"", ""Loyal"": ""1"","
892,France,Social Networks,4,"{
""Equality"": ""2"",
""Inner Harmony"": ""2"",
""Social Power"": ""4"",
""Pleasure"": ""2"",
""Freedom"": ""2"",
""A Spiritual Life"": ""2"",
""Sense of Belonging"": ""2"",
""Social Order"": ""2"",
""An Exciting Life"": ""2"",
""Meaning in Life"": ""2"",
""Politeness"": ""2"",
""Wealth"": ""4"",
""National Security"": ""2"",
""Self-Respect"": ""2"",
""Reciprocation of Favors"": ""2"",
""Creativity"": ""2"",
""A World at Peace"": ""2"",
""Respect for Tradition"": ""2"",
""Mature Love"": ""2"",
""Self-Discipline"": ""2"",
""Detachment"": ""2"",
""Family Security"": ""2"",
""Social Recognition"": ""2"",
""Unity With Nature"": ""2"",
""A Varied Life"": ""2"",
""Wisdom"": ""2"",
""Authority"": ""4"",
""True Friendship"": ""2"",
""A World of Beauty"": ""2"",
""Social Justice"": ""2"",
""Independent"": ""2"",
""Moderate"": ""2"",
""Loyal"": ""2"",
""Ambitious"": ""2"","
893,France,Social Networks,5,"{""Equality"": ""2"", ""Inner Harmony"": ""2"", ""Social Power"": ""4"", ""Pleasure"": ""2"", ""Freedom"": ""2"", ""A Spiritual Life"": ""2"", ""Sense of Belonging"": ""2"", ""Social Order"": ""2"", ""An Exciting Life"": ""2"", ""Meaning in Life"": ""2"", ""Politeness"": ""2"", ""Wealth"": ""4"", ""National Security"": ""2"", ""Self-Respect"": ""2"", ""Reciprocation of Favors"": ""2"", ""Creativity"": ""2"", ""A World at Peace"": ""2"", ""Respect for Tradition"": ""2"", ""Mature Love"": ""2"", ""Self-Discipline"": ""2"", ""Detachment"": ""2"", ""Family Security"": ""2"", ""Social Recognition"": ""2"", ""Unity With Nature"": ""2"", ""A Varied Life"": ""2"", ""Wisdom"": ""2"", ""Authority"": ""4"", ""True Friendship"": ""2"", ""A World of Beauty"": ""2"", ""Social Justice"": ""2"", ""Independent"": ""2"", ""Moderate"": ""2"", ""Loyal"": ""2"","
894,France,Social Networks,6,"{""Equality"": ""2"", ""Inner Harmony"": ""2"", ""Social Power"": ""2"", ""Pleasure"": ""2"", ""Freedom"": ""2"", ""A Spiritual Life"": ""2"", ""Sense of Belonging"": ""2"", ""Social Order"": ""2"", ""An Exciting Life"": ""2"", ""Meaning in Life"": ""2"", ""Politeness"": ""2"", ""Wealth"": ""2"", ""National Security"": ""2"", ""Self-Respect"": ""2"", ""Reciprocation of Favors"": ""2"", ""Creativity"": ""2"", ""A World at Peace"": ""2"", ""Respect for Tradition"": ""2"", ""Mature Love"": ""2"", ""Self-Discipline"": ""2"", ""Detachment"": ""2"", ""Family Security"": ""2"", ""Social Recognition"": ""2"", ""Unity With Nature"": ""2"", ""A Varied Life"": ""2"", ""Wisdom"": ""2"", ""Authority"": ""2"", ""True Friendship"": ""2"", ""A World of Beauty"": ""2"", ""Social Justice"": ""2"", ""Independent"": ""2"", ""Moderate"": ""2"", ""Loyal"": ""2"","
895,France,Social Networks,7,"{""Equality"": ""4"", ""Inner Harmony"": ""4"", ""Social Power"": ""4"", ""Pleasure"": ""4"", ""Freedom"": ""4"", ""A Spiritual Life"": ""4"", ""Sense of Belonging"": ""4"", ""Social Order"": ""4"", ""An Exciting Life"": ""4"", ""Meaning in Life"": ""4"", ""Politeness"": ""4"", ""Wealth"": ""4"", ""National Security"": ""4"", ""Self-Respect"": ""4"", ""Reciprocation of Favors"": ""4"", ""Creativity"": ""4"", ""A World at Peace"": ""4"", ""Respect for Tradition"": ""4"", ""Mature Love"": ""4"", ""Self-Discipline"": ""4"", ""Detachment"": ""4"", ""Family Security"": ""4"", ""Social Recognition"": ""4"", ""Unity With Nature"": ""4"", ""A Varied Life"": ""4"", ""Wisdom"": ""4"", ""Authority"": ""4"", ""True Friendship"": ""4"", ""A World of Beauty"": ""4"", ""Social Justice"": ""4"", ""Independent"": ""4"", ""Moderate"": ""4"", ""Loyal"": ""4"","
896,France,Social Inequality,0,"{""Equality"": ""2"", ""Inner Harmony"": ""2"", ""Social Power"": ""4"", ""Pleasure"": ""2"", ""Freedom"": ""2"", ""A Spiritual Life"": ""2"", ""Sense of Belonging"": ""2"", ""Social Order"": ""2"", ""An Exciting Life"": ""2"", ""Meaning in Life"": ""2"", ""Politeness"": ""2"", ""Wealth"": ""4"", ""National Security"": ""2"", ""Self-Respect"": ""2"", ""Reciprocation of Favors"": ""2"", ""Creativity"": ""2"", ""A World at Peace"": ""2"", ""Respect for Tradition"": ""2"", ""Mature Love"": ""2"", ""Self-Discipline"": ""2"", ""Detachment"": ""2"", ""Family Security"": ""2"", ""Social Recognition"": ""2"", ""Unity With Nature"": ""2"", ""A Varied Life"": ""2"", ""Wisdom"": ""2"", ""Authority"": ""4"", ""True Friendship"": ""2"", ""A World of Beauty"": ""2"", ""Social Justice"": ""2"", ""Independent"": ""2"", ""Moderate"": ""2"", ""Loyal"": ""2"","
897,France,Social Inequality,1,"{""Equality"": ""2"", ""Inner Harmony"": ""3"", ""Social Power"": ""4"", ""Pleasure"": ""3"", ""Freedom"": ""2"", ""A Spiritual Life"": ""3"", ""Sense of Belonging"": ""2"", ""Social Order"": ""3"", ""An Exciting Life"": ""3"", ""Meaning in Life"": ""3"", ""Politeness"": ""2"", ""Wealth"": ""3"", ""National Security"": ""3"", ""Self-Respect"": ""2"", ""Reciprocation of Favors"": ""2"", ""Creativity"": ""3"", ""A World at Peace"": ""2"", ""Respect for Tradition"": ""3"", ""Mature Love"": ""3"", ""Self-Discipline"": ""3"", ""Detachment"": ""3"", ""Family Security"": ""2"", ""Social Recognition"": ""2"", ""Unity With Nature"": ""3"", ""A Varied Life"": ""3"", ""Wisdom"": ""3"", ""Authority"": ""3"", ""True Friendship"": ""2"", ""A World of Beauty"": ""3"", ""Social Justice"": ""2"", ""Independent"": ""3"", ""Moderate"": ""3"", ""Loyal"": ""2"","
898,France,Social Inequality,2,"{""Equality"": ""1"", ""Inner Harmony"": ""1"", ""Social Power"": ""1"", ""Pleasure"": ""1"", ""Freedom"": ""1"", ""A Spiritual Life"": ""1"", ""Sense of Belonging"": ""1"", ""Social Order"": ""1"", ""An Exciting Life"": ""1"", ""Meaning in Life"": ""1"", ""Politeness"": ""1"", ""Wealth"": ""1"", ""National Security"": ""1"", ""Self-Respect"": ""1"", ""Reciprocation of Favors"": ""1"", ""Creativity"": ""1"", ""A World at Peace"": ""1"", ""Respect for Tradition"": ""1"", ""Mature Love"": ""1"", ""Self-Discipline"": ""1"", ""Detachment"": ""1"", ""Family Security"": ""1"", ""Social Recognition"": ""1"", ""Unity With Nature"": ""1"", ""A Varied Life"": ""1"", ""Wisdom"": ""1"", ""Authority"": ""1"", ""True Friendship"": ""1"", ""A World of Beauty"": ""1"", ""Social Justice"": ""1"", ""Independent"": ""1"", ""Moderate"": ""1"", ""Loyal"": ""1"","
899,France,Social Inequality,3,"{""Equality"": ""2"", ""Inner Harmony"": ""2"", ""Social Power"": ""4"", ""Pleasure"": ""2"", ""Freedom"": ""2"", ""A Spiritual Life"": ""4"", ""Sense of Belonging"": ""2"", ""Social Order"": ""2"", ""An Exciting Life"": ""4"", ""Meaning in Life"": ""2"", ""Politeness"": ""2"", ""Wealth"": ""4"", ""National Security"": ""2"", ""Self-Respect"": ""2"", ""Reciprocation of Favors"": ""2"", ""Creativity"": ""4"", ""A World at Peace"": ""2"", ""Respect for Tradition"": ""4"", ""Mature Love"": ""4"", ""Self-Discipline"": ""4"", ""Detachment"": ""4"", ""Family Security"": ""2"", ""Social Recognition"": ""2"", ""Unity With Nature"": ""4"", ""A Varied Life"": ""4"", ""Wisdom"": ""2"", ""Authority"": ""4"", ""True Friendship"": ""2"", ""A World of Beauty"": ""4"", ""Social Justice"": ""2"", ""Independent"": ""4"", ""Moderate"": ""4"", ""Loyal"": ""2"","
900,France,Social Inequality,4,"{""Equality"": ""2"", ""Inner Harmony"": ""2"", ""Social Power"": ""4"", ""Pleasure"": ""2"", ""Freedom"": ""2"", ""A Spiritual Life"": ""2"", ""Sense of Belonging"": ""2"", ""Social Order"": ""2"", ""An Exciting Life"": ""2"", ""Meaning in Life"": ""2"", ""Politeness"": ""2"", ""Wealth"": ""4"", ""National Security"": ""2"", ""Self-Respect"": ""2"", ""Reciprocation of Favors"": ""2"", ""Creativity"": ""2"", ""A World at Peace"": ""2"", ""Respect for Tradition"": ""2"", ""Mature Love"": ""2"", ""Self-Discipline"": ""2"", ""Detachment"": ""2"", ""Family Security"": ""2"", ""Social Recognition"": ""2"", ""Unity With Nature"": ""2"", ""A Varied Life"": ""2"", ""Wisdom"": ""2"", ""Authority"": ""4"", ""True Friendship"": ""2"", ""A World of Beauty"": ""2"", ""Social Justice"": ""2"", ""Independent"": ""2"", ""Moderate"": ""2"", ""Loyal"": ""2"","
901,France,Social Inequality,5,"{""Equality"": ""2"", ""Inner Harmony"": ""2"", ""Social Power"": ""4"", ""Pleasure"": ""2"", ""Freedom"": ""2"", ""A Spiritual Life"": ""2"", ""Sense of Belonging"": ""2"", ""Social Order"": ""2"", ""An Exciting Life"": ""2"", ""Meaning in Life"": ""2"", ""Politeness"": ""2"", ""Wealth"": ""2"", ""National Security"": ""2"", ""Self-Respect"": ""2"", ""Reciprocation of Favors"": ""2"", ""Creativity"": ""2"", ""A World at Peace"": ""2"", ""Respect for Tradition"": ""2"", ""Mature Love"": ""2"", ""Self-Discipline"": ""2"", ""Detachment"": ""2"", ""Family Security"": ""2"", ""Social Recognition"": ""2"", ""Unity With Nature"": ""2"", ""A Varied Life"": ""2"", ""Wisdom"": ""2"", ""Authority"": ""4"", ""True Friendship"": ""2"", ""A World of Beauty"": ""2"", ""Social Justice"": ""2"", ""Independent"": ""2"", ""Moderate"": ""2"", ""Loyal"": ""2"","
902,France,Social Inequality,6,"{""Equality"": ""1"", ""Inner Harmony"": ""1"", ""Social Power"": ""1"", ""Pleasure"": ""1"", ""Freedom"": ""1"", ""A Spiritual Life"": ""1"", ""Sense of Belonging"": ""1"", ""Social Order"": ""1"", ""An Exciting Life"": ""1"", ""Meaning in Life"": ""1"", ""Politeness"": ""1"", ""Wealth"": ""1"", ""National Security"": ""1"", ""Self-Respect"": ""1"", ""Reciprocation of Favors"": ""1"", ""Creativity"": ""1"", ""A World at Peace"": ""1"", ""Respect for Tradition"": ""1"", ""Mature Love"": ""1"", ""Self-Discipline"": ""1"", ""Detachment"": ""1"", ""Family Security"": ""1"", ""Social Recognition"": ""1"", ""Unity With Nature"": ""1"", ""A Varied Life"": ""1"", ""Wisdom"": ""1"", ""Authority"": ""1"", ""True Friendship"": ""1"", ""A World of Beauty"": ""1"", ""Social Justice"": ""1"", ""Independent"": ""1"", ""Moderate"": ""1"", ""Loyal"": ""1"","
903,France,Social Inequality,7,"{""Equality"": ""1"", ""Inner Harmony"": ""1"", ""Social Power"": ""4"", ""Pleasure"": ""1"", ""Freedom"": ""1"", ""A Spiritual Life"": ""1"", ""Sense of Belonging"": ""1"", ""Social Order"": ""1"", ""An Exciting Life"": ""1"", ""Meaning in Life"": ""1"", ""Politeness"": ""1"", ""Wealth"": ""4"", ""National Security"": ""1"", ""Self-Respect"": ""1"", ""Reciprocation of Favors"": ""1"", ""Creativity"": ""1"", ""A World at Peace"": ""1"", ""Respect for Tradition"": ""1"", ""Mature Love"": ""1"", ""Self-Discipline"": ""1"", ""Detachment"": ""1"", ""Family Security"": ""1"", ""Social Recognition"": ""1"", ""Unity With Nature"": ""1"", ""A Varied Life"": ""1"", ""Wisdom"": ""1"", ""Authority"": ""4"", ""True Friendship"": ""1"", ""A World of Beauty"": ""1"", ""Social Justice"": ""1"", ""Independent"": ""1"", ""Moderate"": ""1"", ""Loyal"": ""1"","
904,France,Family & Changing Gender Roles,0,"{""Equality"": ""2"", ""Inner Harmony"": ""2"", ""Social Power"": ""4"", ""Pleasure"": ""2"", ""Freedom"": ""2"", ""A Spiritual Life"": ""2"", ""Sense of Belonging"": ""2"", ""Social Order"": ""2"", ""An Exciting Life"": ""2"", ""Meaning in Life"": ""2"", ""Politeness"": ""2"", ""Wealth"": ""2"", ""National Security"": ""2"", ""Self-Respect"": ""2"", ""Reciprocation of Favors"": ""2"", ""Creativity"": ""2"", ""A World at Peace"": ""2"", ""Respect for Tradition"": ""2"", ""Mature Love"": ""2"", ""Self-Discipline"": ""2"", ""Detachment"": ""2"", ""Family Security"": ""2"", ""Social Recognition"": ""2"", ""Unity With Nature"": ""2"", ""A Varied Life"": ""2"", ""Wisdom"": ""2"", ""Authority"": ""4"", ""True Friendship"": ""2"", ""A World of Beauty"": ""2"", ""Social Justice"": ""2"", ""Independent"": ""2"", ""Moderate"": ""2"", ""Loyal"": ""2"","
905,France,Family & Changing Gender Roles,1,"{""Equality"": ""2"", ""Inner Harmony"": ""2"", ""Social Power"": ""4"", ""Pleasure"": ""2"", ""Freedom"": ""2"", ""A Spiritual Life"": ""2"", ""Sense of Belonging"": ""2"", ""Social Order"": ""2"", ""An Exciting Life"": ""2"", ""Meaning in Life"": ""2"", ""Politeness"": ""2"", ""Wealth"": ""2"", ""National Security"": ""2"", ""Self-Respect"": ""2"", ""Reciprocation of Favors"": ""2"", ""Creativity"": ""2"", ""A World at Peace"": ""2"", ""Respect for Tradition"": ""2"", ""Mature Love"": ""2"", ""Self-Discipline"": ""2"", ""Detachment"": ""2"", ""Family Security"": ""2"", ""Social Recognition"": ""2"", ""Unity With Nature"": ""2"", ""A Varied Life"": ""2"", ""Wisdom"": ""2"", ""Authority"": ""4"", ""True Friendship"": ""2"", ""A World of Beauty"": ""2"", ""Social Justice"": ""2"", ""Independent"": ""2"", ""Moderate"": ""2"", ""Loyal"": ""2"","
906,France,Family & Changing Gender Roles,2,"{""Equality"": ""1"", ""Inner Harmony"": ""1"", ""Social Power"": ""1"", ""Pleasure"": ""1"", ""Freedom"": ""1"", ""A Spiritual Life"": ""1"", ""Sense of Belonging"": ""1"", ""Social Order"": ""1"", ""An Exciting Life"": ""1"", ""Meaning in Life"": ""1"", ""Politeness"": ""1"", ""Wealth"": ""1"", ""National Security"": ""1"", ""Self-Respect"": ""1"", ""Reciprocation of Favors"": ""1"", ""Creativity"": ""1"", ""A World at Peace"": ""1"", ""Respect for Tradition"": ""1"", ""Mature Love"": ""1"", ""Self-Discipline"": ""1"", ""Detachment"": ""1"", ""Family Security"": ""1"", ""Social Recognition"": ""1"", ""Unity With Nature"": ""1"", ""A Varied Life"": ""1"", ""Wisdom"": ""1"", ""Authority"": ""1"", ""True Friendship"": ""1"", ""A World of Beauty"": ""1"", ""Social Justice"": ""1"", ""Independent"": ""1"", ""Moderate"": ""1"", ""Loyal"": ""1"","
907,France,Family & Changing Gender Roles,3,"{""Equality"": ""1"", ""Inner Harmony"": ""1"", ""Social Power"": ""4"", ""Pleasure"": ""1"", ""Freedom"": ""1"", ""A Spiritual Life"": ""4"", ""Sense of Belonging"": ""1"", ""Social Order"": ""1"", ""An Exciting Life"": ""1"", ""Meaning in Life"": ""1"", ""Politeness"": ""1"", ""Wealth"": ""4"", ""National Security"": ""4"", ""Self-Respect"": ""1"", ""Reciprocation of Favors"": ""1"", ""Creativity"": ""1"", ""A World at Peace"": ""1"", ""Respect for Tradition"": ""4"", ""Mature Love"": ""1"", ""Self-Discipline"": ""4"", ""Detachment"": ""4"", ""Family Security"": ""1"", ""Social Recognition"": ""1"", ""Unity With Nature"": ""4"", ""A Varied Life"": ""1"", ""Wisdom"": ""1"", ""Authority"": ""4"", ""True Friendship"": ""1"", ""A World of Beauty"": ""1"", ""Social Justice"": ""1"", ""Independent"": ""1"", ""Moderate"": ""4"", ""Loyal"": ""1"","
908,France,Family & Changing Gender Roles,4,"{""Equality"": ""2"", ""Inner Harmony"": ""2"", ""Social Power"": ""4"", ""Pleasure"": ""2"", ""Freedom"": ""2"", ""A Spiritual Life"": ""2"", ""Sense of Belonging"": ""2"", ""Social Order"": ""2"", ""An Exciting Life"": ""2"", ""Meaning in Life"": ""2"", ""Politeness"": ""2"", ""Wealth"": ""4"", ""National Security"": ""2"", ""Self-Respect"": ""2"", ""Reciprocation of Favors"": ""2"", ""Creativity"": ""2"", ""A World at Peace"": ""2"", ""Respect for Tradition"": ""2"", ""Mature Love"": ""2"", ""Self-Discipline"": ""2"", ""Detachment"": ""2"", ""Family Security"": ""2"", ""Social Recognition"": ""2"", ""Unity With Nature"": ""2"", ""A Varied Life"": ""2"", ""Wisdom"": ""2"", ""Authority"": ""4"", ""True Friendship"": ""2"", ""A World of Beauty"": ""2"", ""Social Justice"": ""2"", ""Independent"": ""2"", ""Moderate"": ""2"", ""Loyal"": ""2"","
909,France,Family & Changing Gender Roles,5,"{""Equality"": ""2"", ""Inner Harmony"": ""2"", ""Social Power"": ""4"", ""Pleasure"": ""2"", ""Freedom"": ""2"", ""A Spiritual Life"": ""2"", ""Sense of Belonging"": ""2"", ""Social Order"": ""2"", ""An Exciting Life"": ""2"", ""Meaning in Life"": ""2"", ""Politeness"": ""2"", ""Wealth"": ""2"", ""National Security"": ""2"", ""Self-Respect"": ""2"", ""Reciprocation of Favors"": ""2"", ""Creativity"": ""2"", ""A World at Peace"": ""2"", ""Respect for Tradition"": ""2"", ""Mature Love"": ""2"", ""Self-Discipline"": ""2"", ""Detachment"": ""2"", ""Family Security"": ""2"", ""Social Recognition"": ""2"", ""Unity With Nature"": ""2"", ""A Varied Life"": ""2"", ""Wisdom"": ""2"", ""Authority"": ""4"", ""True Friendship"": ""2"", ""A World of Beauty"": ""2"", ""Social Justice"": ""2"", ""Independent"": ""2"", ""Moderate"": ""2"", ""Loyal"": ""2"","
910,France,Family & Changing Gender Roles,6,"{""Equality"": ""2"", ""Inner Harmony"": ""2"", ""Social Power"": ""2"", ""Pleasure"": ""2"", ""Freedom"": ""2"", ""A Spiritual Life"": ""2"", ""Sense of Belonging"": ""2"", ""Social Order"": ""2"", ""An Exciting Life"": ""2"", ""Meaning in Life"": ""2"", ""Politeness"": ""2"", ""Wealth"": ""2"", ""National Security"": ""2"", ""Self-Respect"": ""2"", ""Reciprocation of Favors"": ""2"", ""Creativity"": ""2"", ""A World at Peace"": ""2"", ""Respect for Tradition"": ""2"", ""Mature Love"": ""2"", ""Self-Discipline"": ""2"", ""Detachment"": ""2"", ""Family Security"": ""2"", ""Social Recognition"": ""2"", ""Unity With Nature"": ""2"", ""A Varied Life"": ""2"", ""Wisdom"": ""2"", ""Authority"": ""2"", ""True Friendship"": ""2"", ""A World of Beauty"": ""2"", ""Social Justice"": ""2"", ""Independent"": ""2"", ""Moderate"": ""2"", ""Loyal"": ""2"","
911,France,Family & Changing Gender Roles,7,"{""Equality"": ""2"", ""Inner Harmony"": ""2"", ""Social Power"": ""2"", ""Pleasure"": ""2"", ""Freedom"": ""2"", ""A Spiritual Life"": ""2"", ""Sense of Belonging"": ""2"", ""Social Order"": ""2"", ""An Exciting Life"": ""2"", ""Meaning in Life"": ""2"", ""Politeness"": ""2"", ""Wealth"": ""2"", ""National Security"": ""2"", ""Self-Respect"": ""2"", ""Reciprocation of Favors"": ""2"", ""Creativity"": ""2"", ""A World at Peace"": ""2"", ""Respect for Tradition"": ""2"", ""Mature Love"": ""2"", ""Self-Discipline"": ""2"", ""Detachment"": ""2"", ""Family Security"": ""2"", ""Social Recognition"": ""2"", ""Unity With Nature"": ""2"", ""A Varied Life"": ""2"", ""Wisdom"": ""2"", ""Authority"": ""2"", ""True Friendship"": ""2"", ""A World of Beauty"": ""2"", ""Social Justice"": ""2"", ""Independent"": ""2"", ""Moderate"": ""2"", ""Loyal"": ""2"","
912,France,Work Orientation,0,"{""Equality"": ""2"", ""Inner Harmony"": ""2"", ""Social Power"": ""4"", ""Pleasure"": ""2"", ""Freedom"": ""2"", ""A Spiritual Life"": ""4"", ""Sense of Belonging"": ""2"", ""Social Order"": ""2"", ""An Exciting Life"": ""2"", ""Meaning in Life"": ""2"", ""Politeness"": ""2"", ""Wealth"": ""4"", ""National Security"": ""4"", ""Self-Respect"": ""2"", ""Reciprocation of Favors"": ""2"", ""Creativity"": ""2"", ""A World at Peace"": ""2"", ""Respect for Tradition"": ""4"", ""Mature Love"": ""4"", ""Self-Discipline"": ""2"", ""Detachment"": ""2"", ""Family Security"": ""2"", ""Social Recognition"": ""2"", ""Unity With Nature"": ""2"", ""A Varied Life"": ""2"", ""Wisdom"": ""2"", ""Authority"": ""4"", ""True Friendship"": ""2"", ""A World of Beauty"": ""2"", ""Social Justice"": ""2"", ""Independent"": ""2"", ""Moderate"": ""2"", ""Loyal"": ""2"","
913,France,Work Orientation,1,"{""Equality"": ""2"", ""Inner Harmony"": ""3"", ""Social Power"": ""4"", ""Pleasure"": ""3"", ""Freedom"": ""2"", ""A Spiritual Life"": ""3"", ""Sense of Belonging"": ""2"", ""Social Order"": ""2"", ""An Exciting Life"": ""3"", ""Meaning in Life"": ""2"", ""Politeness"": ""2"", ""Wealth"": ""3"", ""National Security"": ""2"", ""Self-Respect"": ""2"", ""Reciprocation of Favors"": ""2"", ""Creativity"": ""3"", ""A World at Peace"": ""2"", ""Respect for Tradition"": ""2"", ""Mature Love"": ""3"", ""Self-Discipline"": ""3"", ""Detachment"": ""3"", ""Family Security"": ""2"", ""Social Recognition"": ""2"", ""Unity With Nature"": ""3"", ""A Varied Life"": ""3"", ""Wisdom"": ""3"", ""Authority"": ""4"", ""True Friendship"": ""2"", ""A World of Beauty"": ""2"", ""Social Justice"": ""2"", ""Independent"": ""2"", ""Moderate"": ""2"", ""Loyal"": ""2"","
914,France,Work Orientation,2,"{""Equality"": ""1"", ""Inner Harmony"": ""1"", ""Social Power"": ""1"", ""Pleasure"": ""1"", ""Freedom"": ""1"", ""A Spiritual Life"": ""1"", ""Sense of Belonging"": ""1"", ""Social Order"": ""1"", ""An Exciting Life"": ""1"", ""Meaning in Life"": ""1"", ""Politeness"": ""1"", ""Wealth"": ""1"", ""National Security"": ""1"", ""Self-Respect"": ""1"", ""Reciprocation of Favors"": ""1"", ""Creativity"": ""1"", ""A World at Peace"": ""1"", ""Respect for Tradition"": ""1"", ""Mature Love"": ""1"", ""Self-Discipline"": ""1"", ""Detachment"": ""1"", ""Family Security"": ""1"", ""Social Recognition"": ""1"", ""Unity With Nature"": ""1"", ""A Varied Life"": ""1"", ""Wisdom"": ""1"", ""Authority"": ""1"", ""True Friendship"": ""1"", ""A World of Beauty"": ""1"", ""Social Justice"": ""1"", ""Independent"": ""1"", ""Moderate"": ""1"", ""Loyal"": ""1"","
915,France,Work Orientation,3,"{""Equality"": ""1"", ""Inner Harmony"": ""1"", ""Social Power"": ""4"", ""Pleasure"": ""1"", ""Freedom"": ""1"", ""A Spiritual Life"": ""4"", ""Sense of Belonging"": ""1"", ""Social Order"": ""4"", ""An Exciting Life"": ""1"", ""Meaning in Life"": ""1"", ""Politeness"": ""1"", ""Wealth"": ""4"", ""National Security"": ""4"", ""Self-Respect"": ""1"", ""Reciprocation of Favors"": ""1"", ""Creativity"": ""1"", ""A World at Peace"": ""1"", ""Respect for Tradition"": ""4"", ""Mature Love"": ""1"", ""Self-Discipline"": ""4"", ""Detachment"": ""4"", ""Family Security"": ""1"", ""Social Recognition"": ""1"", ""Unity With Nature"": ""4"", ""A Varied Life"": ""1"", ""Wisdom"": ""1"", ""Authority"": ""4"", ""True Friendship"": ""1"", ""A World of Beauty"": ""1"", ""Social Justice"": ""1"", ""Independent"": ""1"", ""Moderate"": ""4"", ""Loyal"": ""1"","
916,France,Work Orientation,4,"{""Equality"": ""2"", ""Inner Harmony"": ""2"", ""Social Power"": ""4"", ""Pleasure"": ""2"", ""Freedom"": ""2"", ""A Spiritual Life"": ""4"", ""Sense of Belonging"": ""2"", ""Social Order"": ""2"", ""An Exciting Life"": ""2"", ""Meaning in Life"": ""2"", ""Politeness"": ""2"", ""Wealth"": ""4"", ""National Security"": ""4"", ""Self-Respect"": ""2"", ""Reciprocation of Favors"": ""2"", ""Creativity"": ""2"", ""A World at Peace"": ""2"", ""Respect for Tradition"": ""4"", ""Mature Love"": ""4"", ""Self-Discipline"": ""4"", ""Detachment"": ""4"", ""Family Security"": ""2"", ""Social Recognition"": ""2"", ""Unity With Nature"": ""4"", ""A Varied Life"": ""2"", ""Wisdom"": ""2"", ""Authority"": ""4"", ""True Friendship"": ""2"", ""A World of Beauty"": ""2"", ""Social Justice"": ""2"", ""Independent"": ""2"", ""Moderate"": ""2"", ""Loyal"": ""2"","
917,France,Work Orientation,5,"{""Equality"": ""2"", ""Inner Harmony"": ""2"", ""Social Power"": ""4"", ""Pleasure"": ""2"", ""Freedom"": ""2"", ""A Spiritual Life"": ""2"", ""Sense of Belonging"": ""2"", ""Social Order"": ""2"", ""An Exciting Life"": ""2"", ""Meaning in Life"": ""2"", ""Politeness"": ""2"", ""Wealth"": ""2"", ""National Security"": ""2"", ""Self-Respect"": ""2"", ""Reciprocation of Favors"": ""2"", ""Creativity"": ""2"", ""A World at Peace"": ""2"", ""Respect for Tradition"": ""2"", ""Mature Love"": ""2"", ""Self-Discipline"": ""2"", ""Detachment"": ""2"", ""Family Security"": ""2"", ""Social Recognition"": ""2"", ""Unity With Nature"": ""2"", ""A Varied Life"": ""2"", ""Wisdom"": ""2"", ""Authority"": ""4"", ""True Friendship"": ""2"", ""A World of Beauty"": ""2"", ""Social Justice"": ""2"", ""Independent"": ""2"", ""Moderate"": ""2"", ""Loyal"": ""2"","
918,France,Work Orientation,6,"{""Equality"": ""2"", ""Inner Harmony"": ""2"", ""Social Power"": ""2"", ""Pleasure"": ""2"", ""Freedom"": ""2"", ""A Spiritual Life"": ""2"", ""Sense of Belonging"": ""2"", ""Social Order"": ""2"", ""An Exciting Life"": ""2"", ""Meaning in Life"": ""2"", ""Politeness"": ""2"", ""Wealth"": ""2"", ""National Security"": ""2"", ""Self-Respect"": ""2"", ""Reciprocation of Favors"": ""2"", ""Creativity"": ""2"", ""A World at Peace"": ""2"", ""Respect for Tradition"": ""2"", ""Mature Love"": ""2"", ""Self-Discipline"": ""2"", ""Detachment"": ""2"", ""Family Security"": ""2"", ""Social Recognition"": ""2"", ""Unity With Nature"": ""2"", ""A Varied Life"": ""2"", ""Wisdom"": ""2"", ""Authority"": ""2"", ""True Friendship"": ""2"", ""A World of Beauty"": ""2"", ""Social Justice"": ""2"", ""Independent"": ""2"", ""Moderate"": ""2"", ""Loyal"": ""2"","
919,France,Work Orientation,7,"{""Equality"": ""1"", ""Inner Harmony"": ""1"", ""Social Power"": ""1"", ""Pleasure"": ""1"", ""Freedom"": ""1"", ""A Spiritual Life"": ""1"", ""Sense of Belonging"": ""1"", ""Social Order"": ""1"", ""An Exciting Life"": ""1"", ""Meaning in Life"": ""1"", ""Politeness"": ""1"", ""Wealth"": ""1"", ""National Security"": ""1"", ""Self-Respect"": ""1"", ""Reciprocation of Favors"": ""1"", ""Creativity"": ""1"", ""A World at Peace"": ""1"", ""Respect for Tradition"": ""1"", ""Mature Love"": ""1"", ""Self-Discipline"": ""1"", ""Detachment"": ""1"", ""Family Security"": ""1"", ""Social Recognition"": ""1"", ""Unity With Nature"": ""1"", ""A Varied Life"": ""1"", ""Wisdom"": ""1"", ""Authority"": ""1"", ""True Friendship"": ""1"", ""A World of Beauty"": ""1"", ""Social Justice"": ""1"", ""Independent"": ""1"", ""Moderate"": ""1"", ""Loyal"": ""1"","
920,France,Religion,0,"{""Equality"": ""2"", ""Inner Harmony"": ""2"", ""Social Power"": ""4"", ""Pleasure"": ""2"", ""Freedom"": ""2"", ""A Spiritual Life"": ""2"", ""Sense of Belonging"": ""2"", ""Social Order"": ""2"", ""An Exciting Life"": ""2"", ""Meaning in Life"": ""2"", ""Politeness"": ""2"", ""Wealth"": ""4"", ""National Security"": ""2"", ""Self-Respect"": ""2"", ""Reciprocation of Favors"": ""2"", ""Creativity"": ""2"", ""A World at Peace"": ""2"", ""Respect for Tradition"": ""2"", ""Mature Love"": ""2"", ""Self-Discipline"": ""2"", ""Detachment"": ""2"", ""Family Security"": ""2"", ""Social Recognition"": ""2"", ""Unity With Nature"": ""2"", ""A Varied Life"": ""2"", ""Wisdom"": ""2"", ""Authority"": ""4"", ""True Friendship"": ""2"", ""A World of Beauty"": ""2"", ""Social Justice"": ""2"", ""Independent"": ""2"", ""Moderate"": ""2"", ""Loyal"": ""2"","
921,France,Religion,1,"{""Equality"": ""3"", ""Inner Harmony"": ""3"", ""Social Power"": ""3"", ""Pleasure"": ""3"", ""Freedom"": ""3"", ""A Spiritual Life"": ""3"", ""Sense of Belonging"": ""3"", ""Social Order"": ""3"", ""An Exciting Life"": ""3"", ""Meaning in Life"": ""3"", ""Politeness"": ""3"", ""Wealth"": ""3"", ""National Security"": ""3"", ""Self-Respect"": ""3"", ""Reciprocation of Favors"": ""3"", ""Creativity"": ""3"", ""A World at Peace"": ""3"", ""Respect for Tradition"": ""3"", ""Mature Love"": ""3"", ""Self-Discipline"": ""3"", ""Detachment"": ""3"", ""Family Security"": ""3"", ""Social Recognition"": ""3"", ""Unity With Nature"": ""3"", ""A Varied Life"": ""3"", ""Wisdom"": ""3"", ""Authority"": ""3"", ""True Friendship"": ""3"", ""A World of Beauty"": ""3"", ""Social Justice"": ""3"", ""Independent"": ""3"", ""Moderate"": ""3"", ""Loyal"": ""3"","
922,France,Religion,2,"{""Equality"": ""1"", ""Inner Harmony"": ""1"", ""Social Power"": ""4"", ""Pleasure"": ""1"", ""Freedom"": ""1"", ""A Spiritual Life"": ""4"", ""Sense of Belonging"": ""1"", ""Social Order"": ""4"", ""An Exciting Life"": ""1"", ""Meaning in Life"": ""1"", ""Politeness"": ""1"", ""Wealth"": ""4"", ""National Security"": ""4"", ""Self-Respect"": ""1"", ""Reciprocation of Favors"": ""1"", ""Creativity"": ""1"", ""A World at Peace"": ""1"", ""Respect for Tradition"": ""4"", ""Mature Love"": ""1"", ""Self-Discipline"": ""1"", ""Detachment"": ""1"", ""Family Security"": ""1"", ""Social Recognition"": ""1"", ""Unity With Nature"": ""1"", ""A Varied Life"": ""1"", ""Wisdom"": ""1"", ""Authority"": ""4"", ""True Friendship"": ""1"", ""A World of Beauty"": ""1"", ""Social Justice"": ""1"", ""Independent"": ""1"", ""Moderate"": ""1"", ""Loyal"": ""1"","
923,France,Religion,3,"{""Equality"": ""1"", ""Inner Harmony"": ""1"", ""Social Power"": ""4"", ""Pleasure"": ""1"", ""Freedom"": ""1"", ""A Spiritual Life"": ""1"", ""Sense of Belonging"": ""1"", ""Social Order"": ""1"", ""An Exciting Life"": ""1"", ""Meaning in Life"": ""1"", ""Politeness"": ""1"", ""Wealth"": ""4"", ""National Security"": ""1"", ""Self-Respect"": ""1"", ""Reciprocation of Favors"": ""1"", ""Creativity"": ""1"", ""A World at Peace"": ""1"", ""Respect for Tradition"": ""1"", ""Mature Love"": ""1"", ""Self-Discipline"": ""1"", ""Detachment"": ""1"", ""Family Security"": ""1"", ""Social Recognition"": ""1"", ""Unity With Nature"": ""1"", ""A Varied Life"": ""1"", ""Wisdom"": ""1"", ""Authority"": ""4"", ""True Friendship"": ""1"", ""A World of Beauty"": ""1"", ""Social Justice"": ""1"", ""Independent"": ""1"", ""Moderate"": ""1"", ""Loyal"": ""1"","
924,France,Religion,4,"{""Equality"": ""2"", ""Inner Harmony"": ""2"", ""Social Power"": ""4"", ""Pleasure"": ""2"", ""Freedom"": ""2"", ""A Spiritual Life"": ""2"", ""Sense of Belonging"": ""2"", ""Social Order"": ""2"", ""An Exciting Life"": ""2"", ""Meaning in Life"": ""2"", ""Politeness"": ""2"", ""Wealth"": ""4"", ""National Security"": ""2"", ""Self-Respect"": ""2"", ""Reciprocation of Favors"": ""2"", ""Creativity"": ""2"", ""A World at Peace"": ""2"", ""Respect for Tradition"": ""2"", ""Mature Love"": ""2"", ""Self-Discipline"": ""2"", ""Detachment"": ""2"", ""Family Security"": ""2"", ""Social Recognition"": ""2"", ""Unity With Nature"": ""2"", ""A Varied Life"": ""2"", ""Wisdom"": ""2"", ""Authority"": ""4"", ""True Friendship"": ""2"", ""A World of Beauty"": ""2"", ""Social Justice"": ""2"", ""Independent"": ""2"", ""Moderate"": ""2"", ""Loyal"": ""2"","
925,France,Religion,5,"{""Equality"": ""2"", ""Inner Harmony"": ""2"", ""Social Power"": ""4"", ""Pleasure"": ""2"", ""Freedom"": ""2"", ""A Spiritual Life"": ""2"", ""Sense of Belonging"": ""2"", ""Social Order"": ""2"", ""An Exciting Life"": ""2"", ""Meaning in Life"": ""2"", ""Politeness"": ""2"", ""Wealth"": ""2"", ""National Security"": ""2"", ""Self-Respect"": ""2"", ""Reciprocation of Favors"": ""2"", ""Creativity"": ""2"", ""A World at Peace"": ""2"", ""Respect for Tradition"": ""2"", ""Mature Love"": ""2"", ""Self-Discipline"": ""2"", ""Detachment"": ""2"", ""Family Security"": ""2"", ""Social Recognition"": ""2"", ""Unity With Nature"": ""2"", ""A Varied Life"": ""2"", ""Wisdom"": ""2"", ""Authority"": ""4"", ""True Friendship"": ""2"", ""A World of Beauty"": ""2"", ""Social Justice"": ""2"", ""Independent"": ""2"", ""Moderate"": ""2"", ""Loyal"": ""2"","
926,France,Religion,6,"{""Equality"": ""2"", ""Inner Harmony"": ""2"", ""Social Power"": ""4"", ""Pleasure"": ""2"", ""Freedom"": ""2"", ""A Spiritual Life"": ""4"", ""Sense of Belonging"": ""2"", ""Social Order"": ""2"", ""An Exciting Life"": ""4"", ""Meaning in Life"": ""2"", ""Politeness"": ""2"", ""Wealth"": ""4"", ""National Security"": ""4"", ""Self-Respect"": ""2"", ""Reciprocation of Favors"": ""4"", ""Creativity"": ""4"", ""A World at Peace"": ""2"", ""Respect for Tradition"": ""4"", ""Mature Love"": ""4"", ""Self-Discipline"": ""4"", ""Detachment"": ""4"", ""Family Security"": ""2"", ""Social Recognition"": ""2"", ""Unity With Nature"": ""4"", ""A Varied Life"": ""4"", ""Wisdom"": ""2"", ""Authority"": ""4"", ""True Friendship"": ""2"", ""A World of Beauty"": ""4"", ""Social Justice"": ""2"", ""Independent"": ""4"", ""Moderate"": ""4"", ""Loyal"": ""2"","
927,France,Religion,7,"{""Equality"": ""2"", ""Inner Harmony"": ""2"", ""Social Power"": ""4"", ""Pleasure"": ""2"", ""Freedom"": ""2"", ""A Spiritual Life"": ""2"", ""Sense of Belonging"": ""2"", ""Social Order"": ""2"", ""An Exciting Life"": ""2"", ""Meaning in Life"": ""2"", ""Politeness"": ""2"", ""Wealth"": ""4"", ""National Security"": ""2"", ""Self-Respect"": ""2"", ""Reciprocation of Favors"": ""2"", ""Creativity"": ""2"", ""A World at Peace"": ""2"", ""Respect for Tradition"": ""2"", ""Mature Love"": ""2"", ""Self-Discipline"": ""2"", ""Detachment"": ""2"", ""Family Security"": ""2"", ""Social Recognition"": ""2"", ""Unity With Nature"": ""2"", ""A Varied Life"": ""2"", ""Wisdom"": ""2"", ""Authority"": ""4"", ""True Friendship"": ""2"", ""A World of Beauty"": ""2"", ""Social Justice"": ""2"", ""Independent"": ""2"", ""Moderate"": ""2"", ""Loyal"": ""2"","
928,France,Environment,0,"{""Equality"": ""2"", ""Inner Harmony"": ""2"", ""Social Power"": ""4"", ""Pleasure"": ""2"", ""Freedom"": ""2"", ""A Spiritual Life"": ""2"", ""Sense of Belonging"": ""2"", ""Social Order"": ""2"", ""An Exciting Life"": ""2"", ""Meaning in Life"": ""2"", ""Politeness"": ""2"", ""Wealth"": ""4"", ""National Security"": ""4"", ""Self-Respect"": ""2"", ""Reciprocation of Favors"": ""2"", ""Creativity"": ""2"", ""A World at Peace"": ""2"", ""Respect for Tradition"": ""2"", ""Mature Love"": ""2"", ""Self-Discipline"": ""2"", ""Detachment"": ""2"", ""Family Security"": ""2"", ""Social Recognition"": ""2"", ""Unity With Nature"": ""2"", ""A Varied Life"": ""2"", ""Wisdom"": ""2"", ""Authority"": ""4"", ""True Friendship"": ""2"", ""A World of Beauty"": ""2"", ""Social Justice"": ""2"", ""Independent"": ""2"", ""Moderate"": ""2"", ""Loyal"": ""2"","
929,France,Environment,1,"{""Equality"": ""2"", ""Inner Harmony"": ""2"", ""Social Power"": ""4"", ""Pleasure"": ""2"", ""Freedom"": ""2"", ""A Spiritual Life"": ""2"", ""Sense of Belonging"": ""2"", ""Social Order"": ""2"", ""An Exciting Life"": ""2"", ""Meaning in Life"": ""2"", ""Politeness"": ""2"", ""Wealth"": ""4"", ""National Security"": ""2"", ""Self-Respect"": ""2"", ""Reciprocation of Favors"": ""2"", ""Creativity"": ""2"", ""A World at Peace"": ""2"", ""Respect for Tradition"": ""2"", ""Mature Love"": ""2"", ""Self-Discipline"": ""2"", ""Detachment"": ""2"", ""Family Security"": ""2"", ""Social Recognition"": ""2"", ""Unity With Nature"": ""2"", ""A Varied Life"": ""2"", ""Wisdom"": ""2"", ""Authority"": ""4"", ""True Friendship"": ""2"", ""A World of Beauty"": ""2"", ""Social Justice"": ""2"", ""Independent"": ""2"", ""Moderate"": ""2"", ""Loyal"": ""2"","
930,France,Environment,2,"{""Equality"": ""1"", ""Inner Harmony"": ""1"", ""Social Power"": ""1"", ""Pleasure"": ""1"", ""Freedom"": ""1"", ""A Spiritual Life"": ""1"", ""Sense of Belonging"": ""1"", ""Social Order"": ""1"", ""An Exciting Life"": ""1"", ""Meaning in Life"": ""1"", ""Politeness"": ""1"", ""Wealth"": ""1"", ""National Security"": ""1"", ""Self-Respect"": ""1"", ""Reciprocation of Favors"": ""1"", ""Creativity"": ""1"", ""A World at Peace"": ""1"", ""Respect for Tradition"": ""1"", ""Mature Love"": ""1"", ""Self-Discipline"": ""1"", ""Detachment"": ""1"", ""Family Security"": ""1"", ""Social Recognition"": ""1"", ""Unity With Nature"": ""1"", ""A Varied Life"": ""1"", ""Wisdom"": ""1"", ""Authority"": ""1"", ""True Friendship"": ""1"", ""A World of Beauty"": ""1"", ""Social Justice"": ""1"", ""Independent"": ""1"", ""Moderate"": ""1"", ""Loyal"": ""1"","
931,France,Environment,3,"{""Equality"": ""2"", ""Inner Harmony"": ""2"", ""Social Power"": ""4"", ""Pleasure"": ""2"", ""Freedom"": ""2"", ""A Spiritual Life"": ""2"", ""Sense of Belonging"": ""2"", ""Social Order"": ""2"", ""An Exciting Life"": ""2"", ""Meaning in Life"": ""2"", ""Politeness"": ""2"", ""Wealth"": ""2"", ""National Security"": ""2"", ""Self-Respect"": ""2"", ""Reciprocation of Favors"": ""2"", ""Creativity"": ""2"", ""A World at Peace"": ""2"", ""Respect for Tradition"": ""2"", ""Mature Love"": ""2"", ""Self-Discipline"": ""2"", ""Detachment"": ""2"", ""Family Security"": ""2"", ""Social Recognition"": ""2"", ""Unity With Nature"": ""2"", ""A Varied Life"": ""2"", ""Wisdom"": ""2"", ""Authority"": ""2"", ""True Friendship"": ""2"", ""A World of Beauty"": ""2"", ""Social Justice"": ""2"", ""Independent"": ""2"", ""Moderate"": ""2"", ""Loyal"": ""2"","
932,France,Environment,4,"{""Equality"": ""2"", ""Inner Harmony"": ""2"", ""Social Power"": ""4"", ""Pleasure"": ""2"", ""Freedom"": ""2"", ""A Spiritual Life"": ""2"", ""Sense of Belonging"": ""2"", ""Social Order"": ""2"", ""An Exciting Life"": ""2"", ""Meaning in Life"": ""2"", ""Politeness"": ""2"", ""Wealth"": ""4"", ""National Security"": ""2"", ""Self-Respect"": ""2"", ""Reciprocation of Favors"": ""2"", ""Creativity"": ""2"", ""A World at Peace"": ""2"", ""Respect for Tradition"": ""2"", ""Mature Love"": ""2"", ""Self-Discipline"": ""2"", ""Detachment"": ""2"", ""Family Security"": ""2"", ""Social Recognition"": ""2"", ""Unity With Nature"": ""2"", ""A Varied Life"": ""2"", ""Wisdom"": ""2"", ""Authority"": ""4"", ""True Friendship"": ""2"", ""A World of Beauty"": ""2"", ""Social Justice"": ""2"", ""Independent"": ""2"", ""Moderate"": ""2"", ""Loyal"": ""2"","
933,France,Environment,5,"{""Equality"": ""2"", ""Inner Harmony"": ""2"", ""Social Power"": ""4"", ""Pleasure"": ""2"", ""Freedom"": ""2"", ""A Spiritual Life"": ""2"", ""Sense of Belonging"": ""2"", ""Social Order"": ""2"", ""An Exciting Life"": ""2"", ""Meaning in Life"": ""2"", ""Politeness"": ""2"", ""Wealth"": ""2"", ""National Security"": ""2"", ""Self-Respect"": ""2"", ""Reciprocation of Favors"": ""2"", ""Creativity"": ""2"", ""A World at Peace"": ""2"", ""Respect for Tradition"": ""2"", ""Mature Love"": ""2"", ""Self-Discipline"": ""2"", ""Detachment"": ""2"", ""Family Security"": ""2"", ""Social Recognition"": ""2"", ""Unity With Nature"": ""2"", ""A Varied Life"": ""2"", ""Wisdom"": ""2"", ""Authority"": ""4"", ""True Friendship"": ""2"", ""A World of Beauty"": ""2"", ""Social Justice"": ""2"", ""Independent"": ""2"", ""Moderate"": ""2"", ""Loyal"": ""2"","
934,France,Environment,6,"{
""Equality"": ""2"",
""Inner Harmony"": ""2"",
""Social Power"": ""2"",
""Pleasure"": ""2"",
""Freedom"": ""2"",
""A Spiritual Life"": ""2"",
""Sense of Belonging"": ""2"",
""Social Order"": ""2"",
""An Exciting Life"": ""2"",
""Meaning in Life"": ""2"",
""Politeness"": ""2"",
""Wealth"": ""2"",
""National Security"": ""2"",
""Self-Respect"": ""2"",
""Reciprocation of Favors"": ""2"",
""Creativity"": ""2"",
""A World at Peace"": ""2"",
""Respect for Tradition"": ""2"",
""Mature Love"": ""2"",
""Self-Discipline"": ""2"",
""Detachment"": ""2"",
""Family Security"": ""2"",
""Social Recognition"": ""2"",
""Unity With Nature"": ""2"",
""A Varied Life"": ""2"",
""Wisdom"": ""2"",
""Authority"": ""2"",
""True Friendship"": ""2"",
""A World of Beauty"": ""2"",
""Social Justice"": ""2"",
""Independent"": ""2"",
""Moderate"": ""2"",
""Loyal"": ""2"",
""Ambitious"": ""2"","
935,France,Environment,7,"{""Equality"": ""2"", ""Inner Harmony"": ""2"", ""Social Power"": ""4"", ""Pleasure"": ""2"", ""Freedom"": ""2"", ""A Spiritual Life"": ""2"", ""Sense of Belonging"": ""2"", ""Social Order"": ""2"", ""An Exciting Life"": ""2"", ""Meaning in Life"": ""2"", ""Politeness"": ""2"", ""Wealth"": ""2"", ""National Security"": ""2"", ""Self-Respect"": ""2"", ""Reciprocation of Favors"": ""2"", ""Creativity"": ""2"", ""A World at Peace"": ""2"", ""Respect for Tradition"": ""2"", ""Mature Love"": ""2"", ""Self-Discipline"": ""2"", ""Detachment"": ""2"", ""Family Security"": ""2"", ""Social Recognition"": ""2"", ""Unity With Nature"": ""2"", ""A Varied Life"": ""2"", ""Wisdom"": ""2"", ""Authority"": ""2"", ""True Friendship"": ""2"", ""A World of Beauty"": ""2"", ""Social Justice"": ""2"", ""Independent"": ""2"", ""Moderate"": ""2"", ""Loyal"": ""2"","
936,France,National Identity,0,"{""Equality"": ""2"", ""Inner Harmony"": ""2"", ""Social Power"": ""4"", ""Pleasure"": ""2"", ""Freedom"": ""2"", ""A Spiritual Life"": ""2"", ""Sense of Belonging"": ""2"", ""Social Order"": ""2"", ""An Exciting Life"": ""2"", ""Meaning in Life"": ""2"", ""Politeness"": ""2"", ""Wealth"": ""4"", ""National Security"": ""2"", ""Self-Respect"": ""2"", ""Reciprocation of Favors"": ""2"", ""Creativity"": ""2"", ""A World at Peace"": ""2"", ""Respect for Tradition"": ""2"", ""Mature Love"": ""2"", ""Self-Discipline"": ""2"", ""Detachment"": ""2"", ""Family Security"": ""2"", ""Social Recognition"": ""2"", ""Unity With Nature"": ""2"", ""A Varied Life"": ""2"", ""Wisdom"": ""2"", ""Authority"": ""4"", ""True Friendship"": ""2"", ""A World of Beauty"": ""2"", ""Social Justice"": ""2"", ""Independent"": ""2"", ""Moderate"": ""2"", ""Loyal"": ""2"","
937,France,National Identity,1,"{""Equality"": ""2"", ""Inner Harmony"": ""2"", ""Social Power"": ""4"", ""Pleasure"": ""2"", ""Freedom"": ""2"", ""A Spiritual Life"": ""2"", ""Sense of Belonging"": ""2"", ""Social Order"": ""2"", ""An Exciting Life"": ""2"", ""Meaning in Life"": ""2"", ""Politeness"": ""2"", ""Wealth"": ""2"", ""National Security"": ""2"", ""Self-Respect"": ""2"", ""Reciprocation of Favors"": ""2"", ""Creativity"": ""2"", ""A World at Peace"": ""2"", ""Respect for Tradition"": ""2"", ""Mature Love"": ""2"", ""Self-Discipline"": ""2"", ""Detachment"": ""2"", ""Family Security"": ""2"", ""Social Recognition"": ""2"", ""Unity With Nature"": ""2"", ""A Varied Life"": ""2"", ""Wisdom"": ""2"", ""Authority"": ""4"", ""True Friendship"": ""2"", ""A World of Beauty"": ""2"", ""Social Justice"": ""2"", ""Independent"": ""2"", ""Moderate"": ""2"", ""Loyal"": ""2"","
938,France,National Identity,2,"{""Equality"": ""1"", ""Inner Harmony"": ""1"", ""Social Power"": ""1"", ""Pleasure"": ""1"", ""Freedom"": ""1"", ""A Spiritual Life"": ""1"", ""Sense of Belonging"": ""1"", ""Social Order"": ""1"", ""An Exciting Life"": ""1"", ""Meaning in Life"": ""1"", ""Politeness"": ""1"", ""Wealth"": ""1"", ""National Security"": ""1"", ""Self-Respect"": ""1"", ""Reciprocation of Favors"": ""1"", ""Creativity"": ""1"", ""A World at Peace"": ""1"", ""Respect for Tradition"": ""1"", ""Mature Love"": ""1"", ""Self-Discipline"": ""1"", ""Detachment"": ""1"", ""Family Security"": ""1"", ""Social Recognition"": ""1"", ""Unity With Nature"": ""1"", ""A Varied Life"": ""1"", ""Wisdom"": ""1"", ""Authority"": ""1"", ""True Friendship"": ""1"", ""A World of Beauty"": ""1"", ""Social Justice"": ""1"", ""Independent"": ""1"", ""Moderate"": ""1"", ""Loyal"": ""1"","
939,France,National Identity,3,"{""Equality"": ""1"", ""Inner Harmony"": ""1"", ""Social Power"": ""4"", ""Pleasure"": ""4"", ""Freedom"": ""1"", ""A Spiritual Life"": ""4"", ""Sense of Belonging"": ""1"", ""Social Order"": ""4"", ""An Exciting Life"": ""4"", ""Meaning in Life"": ""1"", ""Politeness"": ""1"", ""Wealth"": ""4"", ""National Security"": ""4"", ""Self-Respect"": ""1"", ""Reciprocation of Favors"": ""4"", ""Creativity"": ""4"", ""A World at Peace"": ""1"", ""Respect for Tradition"": ""4"", ""Mature Love"": ""4"", ""Self-Discipline"": ""4"", ""Detachment"": ""4"", ""Family Security"": ""1"", ""Social Recognition"": ""4"", ""Unity With Nature"": ""4"", ""A Varied Life"": ""4"", ""Wisdom"": ""1"", ""Authority"": ""4"", ""True Friendship"": ""1"", ""A World of Beauty"": ""4"", ""Social Justice"": ""1"", ""Independent"": ""4"", ""Moderate"": ""4"", ""Loyal"": ""4"","
940,France,National Identity,4,"{""Equality"": ""2"", ""Inner Harmony"": ""2"", ""Social Power"": ""4"", ""Pleasure"": ""2"", ""Freedom"": ""2"", ""A Spiritual Life"": ""2"", ""Sense of Belonging"": ""2"", ""Social Order"": ""2"", ""An Exciting Life"": ""2"", ""Meaning in Life"": ""2"", ""Politeness"": ""2"", ""Wealth"": ""4"", ""National Security"": ""2"", ""Self-Respect"": ""2"", ""Reciprocation of Favors"": ""2"", ""Creativity"": ""2"", ""A World at Peace"": ""2"", ""Respect for Tradition"": ""2"", ""Mature Love"": ""2"", ""Self-Discipline"": ""2"", ""Detachment"": ""2"", ""Family Security"": ""2"", ""Social Recognition"": ""2"", ""Unity With Nature"": ""2"", ""A Varied Life"": ""2"", ""Wisdom"": ""2"", ""Authority"": ""4"", ""True Friendship"": ""2"", ""A World of Beauty"": ""2"", ""Social Justice"": ""2"", ""Independent"": ""2"", ""Moderate"": ""2"", ""Loyal"": ""2"","
941,France,National Identity,5,"{""Equality"": ""2"", ""Inner Harmony"": ""2"", ""Social Power"": ""4"", ""Pleasure"": ""2"", ""Freedom"": ""2"", ""A Spiritual Life"": ""2"", ""Sense of Belonging"": ""2"", ""Social Order"": ""2"", ""An Exciting Life"": ""2"", ""Meaning in Life"": ""2"", ""Politeness"": ""2"", ""Wealth"": ""2"", ""National Security"": ""2"", ""Self-Respect"": ""2"", ""Reciprocation of Favors"": ""2"", ""Creativity"": ""2"", ""A World at Peace"": ""2"", ""Respect for Tradition"": ""2"", ""Mature Love"": ""2"", ""Self-Discipline"": ""2"", ""Detachment"": ""2"", ""Family Security"": ""2"", ""Social Recognition"": ""2"", ""Unity With Nature"": ""2"", ""A Varied Life"": ""2"", ""Wisdom"": ""2"", ""Authority"": ""4"", ""True Friendship"": ""2"", ""A World of Beauty"": ""2"", ""Social Justice"": ""2"", ""Independent"": ""2"", ""Moderate"": ""2"", ""Loyal"": ""2"","
942,France,National Identity,6,"{""Equality"": ""1"", ""Inner Harmony"": ""1"", ""Social Power"": ""1"", ""Pleasure"": ""1"", ""Freedom"": ""1"", ""A Spiritual Life"": ""1"", ""Sense of Belonging"": ""1"", ""Social Order"": ""1"", ""An Exciting Life"": ""1"", ""Meaning in Life"": ""1"", ""Politeness"": ""1"", ""Wealth"": ""1"", ""National Security"": ""1"", ""Self-Respect"": ""1"", ""Reciprocation of Favors"": ""1"", ""Creativity"": ""1"", ""A World at Peace"": ""1"", ""Respect for Tradition"": ""1"", ""Mature Love"": ""1"", ""Self-Discipline"": ""1"", ""Detachment"": ""1"", ""Family Security"": ""1"", ""Social Recognition"": ""1"", ""Unity With Nature"": ""1"", ""A Varied Life"": ""1"", ""Wisdom"": ""1"", ""Authority"": ""1"", ""True Friendship"": ""1"", ""A World of Beauty"": ""1"", ""Social Justice"": ""1"", ""Independent"": ""1"", ""Moderate"": ""1"", ""Loyal"": ""1"","
943,France,National Identity,7,"{""Equality"": ""1"", ""Inner Harmony"": ""1"", ""Social Power"": ""4"", ""Pleasure"": ""1"", ""Freedom"": ""1"", ""A Spiritual Life"": ""1"", ""Sense of Belonging"": ""1"", ""Social Order"": ""1"", ""An Exciting Life"": ""1"", ""Meaning in Life"": ""1"", ""Politeness"": ""1"", ""Wealth"": ""4"", ""National Security"": ""1"", ""Self-Respect"": ""1"", ""Reciprocation of Favors"": ""1"", ""Creativity"": ""1"", ""A World at Peace"": ""1"", ""Respect for Tradition"": ""4"", ""Mature Love"": ""1"", ""Self-Discipline"": ""1"", ""Detachment"": ""4"", ""Family Security"": ""1"", ""Social Recognition"": ""1"", ""Unity With Nature"": ""1"", ""A Varied Life"": ""1"", ""Wisdom"": ""1"", ""Authority"": ""4"", ""True Friendship"": ""1"", ""A World of Beauty"": ""1"", ""Social Justice"": ""1"", ""Independent"": ""1"", ""Moderate"": ""1"", ""Loyal"": ""1"","
944,France,Citizenship,0,"{""Equality"": ""2"", ""Inner Harmony"": ""2"", ""Social Power"": ""4"", ""Pleasure"": ""2"", ""Freedom"": ""2"", ""A Spiritual Life"": ""2"", ""Sense of Belonging"": ""2"", ""Social Order"": ""2"", ""An Exciting Life"": ""2"", ""Meaning in Life"": ""2"", ""Politeness"": ""2"", ""Wealth"": ""4"", ""National Security"": ""2"", ""Self-Respect"": ""2"", ""Reciprocation of Favors"": ""2"", ""Creativity"": ""2"", ""A World at Peace"": ""2"", ""Respect for Tradition"": ""2"", ""Mature Love"": ""2"", ""Self-Discipline"": ""2"", ""Detachment"": ""2"", ""Family Security"": ""2"", ""Social Recognition"": ""2"", ""Unity With Nature"": ""2"", ""A Varied Life"": ""2"", ""Wisdom"": ""2"", ""Authority"": ""4"", ""True Friendship"": ""2"", ""A World of Beauty"": ""2"", ""Social Justice"": ""2"", ""Independent"": ""2"", ""Moderate"": ""2"", ""Loyal"": ""2"","
945,France,Citizenship,1,"{""Equality"": ""2"", ""Inner Harmony"": ""2"", ""Social Power"": ""4"", ""Pleasure"": ""2"", ""Freedom"": ""2"", ""A Spiritual Life"": ""2"", ""Sense of Belonging"": ""2"", ""Social Order"": ""2"", ""An Exciting Life"": ""2"", ""Meaning in Life"": ""2"", ""Politeness"": ""2"", ""Wealth"": ""2"", ""National Security"": ""2"", ""Self-Respect"": ""2"", ""Reciprocation of Favors"": ""2"", ""Creativity"": ""2"", ""A World at Peace"": ""2"", ""Respect for Tradition"": ""2"", ""Mature Love"": ""2"", ""Self-Discipline"": ""2"", ""Detachment"": ""2"", ""Family Security"": ""2"", ""Social Recognition"": ""2"", ""Unity With Nature"": ""2"", ""A Varied Life"": ""2"", ""Wisdom"": ""2"", ""Authority"": ""4"", ""True Friendship"": ""2"", ""A World of Beauty"": ""2"", ""Social Justice"": ""2"", ""Independent"": ""2"", ""Moderate"": ""2"", ""Loyal"": ""2"","
946,France,Citizenship,2,"{""Equality"": ""1"", ""Inner Harmony"": ""1"", ""Social Power"": ""1"", ""Pleasure"": ""1"", ""Freedom"": ""1"", ""A Spiritual Life"": ""1"", ""Sense of Belonging"": ""1"", ""Social Order"": ""1"", ""An Exciting Life"": ""1"", ""Meaning in Life"": ""1"", ""Politeness"": ""1"", ""Wealth"": ""1"", ""National Security"": ""1"", ""Self-Respect"": ""1"", ""Reciprocation of Favors"": ""1"", ""Creativity"": ""1"", ""A World at Peace"": ""1"", ""Respect for Tradition"": ""1"", ""Mature Love"": ""1"", ""Self-Discipline"": ""1"", ""Detachment"": ""1"", ""Family Security"": ""1"", ""Social Recognition"": ""1"", ""Unity With Nature"": ""1"", ""A Varied Life"": ""1"", ""Wisdom"": ""1"", ""Authority"": ""1"", ""True Friendship"": ""1"", ""A World of Beauty"": ""1"", ""Social Justice"": ""1"", ""Independent"": ""1"", ""Moderate"": ""1"", ""Loyal"": ""1"","
947,France,Citizenship,3,"{""Equality"": ""2"", ""Inner Harmony"": ""2"", ""Social Power"": ""4"", ""Pleasure"": ""2"", ""Freedom"": ""2"", ""A Spiritual Life"": ""4"", ""Sense of Belonging"": ""2"", ""Social Order"": ""2"", ""An Exciting Life"": ""4"", ""Meaning in Life"": ""2"", ""Politeness"": ""2"", ""Wealth"": ""4"", ""National Security"": ""4"", ""Self-Respect"": ""2"", ""Reciprocation of Favors"": ""2"", ""Creativity"": ""4"", ""A World at Peace"": ""2"", ""Respect for Tradition"": ""4"", ""Mature Love"": ""4"", ""Self-Discipline"": ""4"", ""Detachment"": ""4"", ""Family Security"": ""2"", ""Social Recognition"": ""2"", ""Unity With Nature"": ""4"", ""A Varied Life"": ""4"", ""Wisdom"": ""2"", ""Authority"": ""4"", ""True Friendship"": ""2"", ""A World of Beauty"": ""4"", ""Social Justice"": ""2"", ""Independent"": ""4"", ""Moderate"": ""4"", ""Loyal"": ""2"","
948,France,Citizenship,4,"{""Equality"": ""2"", ""Inner Harmony"": ""2"", ""Social Power"": ""4"", ""Pleasure"": ""2"", ""Freedom"": ""2"", ""A Spiritual Life"": ""2"", ""Sense of Belonging"": ""2"", ""Social Order"": ""2"", ""An Exciting Life"": ""2"", ""Meaning in Life"": ""2"", ""Politeness"": ""2"", ""Wealth"": ""4"", ""National Security"": ""2"", ""Self-Respect"": ""2"", ""Reciprocation of Favors"": ""2"", ""Creativity"": ""2"", ""A World at Peace"": ""2"", ""Respect for Tradition"": ""2"", ""Mature Love"": ""2"", ""Self-Discipline"": ""2"", ""Detachment"": ""2"", ""Family Security"": ""2"", ""Social Recognition"": ""2"", ""Unity With Nature"": ""2"", ""A Varied Life"": ""2"", ""Wisdom"": ""2"", ""Authority"": ""4"", ""True Friendship"": ""2"", ""A World of Beauty"": ""2"", ""Social Justice"": ""2"", ""Independent"": ""2"", ""Moderate"": ""2"", ""Loyal"": ""2"","
949,France,Citizenship,5,"{""Equality"": ""2"", ""Inner Harmony"": ""3"", ""Social Power"": ""4"", ""Pleasure"": ""3"", ""Freedom"": ""2"", ""A Spiritual Life"": ""3"", ""Sense of Belonging"": ""2"", ""Social Order"": ""3"", ""An Exciting Life"": ""3"", ""Meaning in Life"": ""2"", ""Politeness"": ""2"", ""Wealth"": ""3"", ""National Security"": ""2"", ""Self-Respect"": ""2"", ""Reciprocation of Favors"": ""2"", ""Creativity"": ""3"", ""A World at Peace"": ""2"", ""Respect for Tradition"": ""3"", ""Mature Love"": ""3"", ""Self-Discipline"": ""3"", ""Detachment"": ""3"", ""Family Security"": ""2"", ""Social Recognition"": ""2"", ""Unity With Nature"": ""3"", ""A Varied Life"": ""3"", ""Wisdom"": ""2"", ""Authority"": ""4"", ""True Friendship"": ""2"", ""A World of Beauty"": ""3"", ""Social Justice"": ""2"", ""Independent"": ""2"", ""Moderate"": ""2"", ""Loyal"": ""2"","
950,France,Citizenship,6,"{""Equality"": ""1"", ""Inner Harmony"": ""1"", ""Social Power"": ""1"", ""Pleasure"": ""1"", ""Freedom"": ""1"", ""A Spiritual Life"": ""1"", ""Sense of Belonging"": ""1"", ""Social Order"": ""1"", ""An Exciting Life"": ""1"", ""Meaning in Life"": ""1"", ""Politeness"": ""1"", ""Wealth"": ""1"", ""National Security"": ""1"", ""Self-Respect"": ""1"", ""Reciprocation of Favors"": ""1"", ""Creativity"": ""1"", ""A World at Peace"": ""1"", ""Respect for Tradition"": ""1"", ""Mature Love"": ""1"", ""Self-Discipline"": ""1"", ""Detachment"": ""1"", ""Family Security"": ""1"", ""Social Recognition"": ""1"", ""Unity With Nature"": ""1"", ""A Varied Life"": ""1"", ""Wisdom"": ""1"", ""Authority"": ""1"", ""True Friendship"": ""1"", ""A World of Beauty"": ""1"", ""Social Justice"": ""1"", ""Independent"": ""1"", ""Moderate"": ""1"", ""Loyal"": ""1"","
951,France,Citizenship,7,"{""Equality"": ""1"", ""Inner Harmony"": ""1"", ""Social Power"": ""4"", ""Pleasure"": ""1"", ""Freedom"": ""1"", ""A Spiritual Life"": ""1"", ""Sense of Belonging"": ""1"", ""Social Order"": ""1"", ""An Exciting Life"": ""1"", ""Meaning in Life"": ""1"", ""Politeness"": ""1"", ""Wealth"": ""4"", ""National Security"": ""1"", ""Self-Respect"": ""1"", ""Reciprocation of Favors"": ""1"", ""Creativity"": ""1"", ""A World at Peace"": ""1"", ""Respect for Tradition"": ""1"", ""Mature Love"": ""1"", ""Self-Discipline"": ""1"", ""Detachment"": ""4"", ""Family Security"": ""1"", ""Social Recognition"": ""1"", ""Unity With Nature"": ""1"", ""A Varied Life"": ""1"", ""Wisdom"": ""1"", ""Authority"": ""4"", ""True Friendship"": ""1"", ""A World of Beauty"": ""1"", ""Social Justice"": ""1"", ""Independent"": ""1"", ""Moderate"": ""1"", ""Loyal"": ""1"","
952,France,Leisure Time and Sports,0,"{""Equality"": ""2"", ""Inner Harmony"": ""2"", ""Social Power"": ""4"", ""Pleasure"": ""2"", ""Freedom"": ""2"", ""A Spiritual Life"": ""2"", ""Sense of Belonging"": ""2"", ""Social Order"": ""2"", ""An Exciting Life"": ""2"", ""Meaning in Life"": ""2"", ""Politeness"": ""2"", ""Wealth"": ""4"", ""National Security"": ""2"", ""Self-Respect"": ""2"", ""Reciprocation of Favors"": ""2"", ""Creativity"": ""2"", ""A World at Peace"": ""2"", ""Respect for Tradition"": ""2"", ""Mature Love"": ""2"", ""Self-Discipline"": ""2"", ""Detachment"": ""2"", ""Family Security"": ""2"", ""Social Recognition"": ""2"", ""Unity With Nature"": ""2"", ""A Varied Life"": ""2"", ""Wisdom"": ""2"", ""Authority"": ""4"", ""True Friendship"": ""2"", ""A World of Beauty"": ""2"", ""Social Justice"": ""2"", ""Independent"": ""2"", ""Moderate"": ""2"", ""Loyal"": ""2"","
953,France,Leisure Time and Sports,1,"{""Equality"": ""2"", ""Inner Harmony"": ""2"", ""Social Power"": ""4"", ""Pleasure"": ""2"", ""Freedom"": ""2"", ""A Spiritual Life"": ""2"", ""Sense of Belonging"": ""2"", ""Social Order"": ""2"", ""An Exciting Life"": ""2"", ""Meaning in Life"": ""2"", ""Politeness"": ""2"", ""Wealth"": ""4"", ""National Security"": ""2"", ""Self-Respect"": ""2"", ""Reciprocation of Favors"": ""2"", ""Creativity"": ""2"", ""A World at Peace"": ""2"", ""Respect for Tradition"": ""2"", ""Mature Love"": ""2"", ""Self-Discipline"": ""2"", ""Detachment"": ""2"", ""Family Security"": ""2"", ""Social Recognition"": ""2"", ""Unity With Nature"": ""2"", ""A Varied Life"": ""2"", ""Wisdom"": ""2"", ""Authority"": ""4"", ""True Friendship"": ""2"", ""A World of Beauty"": ""2"", ""Social Justice"": ""2"", ""Independent"": ""2"", ""Moderate"": ""2"", ""Loyal"": ""2"","
954,France,Leisure Time and Sports,2,"{""Equality"": ""1"", ""Inner Harmony"": ""1"", ""Social Power"": ""1"", ""Pleasure"": ""1"", ""Freedom"": ""1"", ""A Spiritual Life"": ""1"", ""Sense of Belonging"": ""1"", ""Social Order"": ""1"", ""An Exciting Life"": ""1"", ""Meaning in Life"": ""1"", ""Politeness"": ""1"", ""Wealth"": ""1"", ""National Security"": ""1"", ""Self-Respect"": ""1"", ""Reciprocation of Favors"": ""1"", ""Creativity"": ""1"", ""A World at Peace"": ""1"", ""Respect for Tradition"": ""1"", ""Mature Love"": ""1"", ""Self-Discipline"": ""1"", ""Detachment"": ""1"", ""Family Security"": ""1"", ""Social Recognition"": ""1"", ""Unity With Nature"": ""1"", ""A Varied Life"": ""1"", ""Wisdom"": ""1"", ""Authority"": ""1"", ""True Friendship"": ""1"", ""A World of Beauty"": ""1"", ""Social Justice"": ""1"", ""Independent"": ""1"", ""Moderate"": ""1"", ""Loyal"": ""1"","
955,France,Leisure Time and Sports,3,"{""Equality"": ""2"", ""Inner Harmony"": ""4"", ""Social Power"": ""4"", ""Pleasure"": ""4"", ""Freedom"": ""4"", ""A Spiritual Life"": ""4"", ""Sense of Belonging"": ""4"", ""Social Order"": ""4"", ""An Exciting Life"": ""4"", ""Meaning in Life"": ""4"", ""Politeness"": ""4"", ""Wealth"": ""4"", ""National Security"": ""4"", ""Self-Respect"": ""4"", ""Reciprocation of Favors"": ""4"", ""Creativity"": ""4"", ""A World at Peace"": ""4"", ""Respect for Tradition"": ""4"", ""Mature Love"": ""4"", ""Self-Discipline"": ""4"", ""Detachment"": ""4"", ""Family Security"": ""4"", ""Social Recognition"": ""4"", ""Unity With Nature"": ""4"", ""A Varied Life"": ""4"", ""Wisdom"": ""4"", ""Authority"": ""4"", ""True Friendship"": ""4"", ""A World of Beauty"": ""4"", ""Social Justice"": ""4"", ""Independent"": ""4"", ""Moderate"": ""4"", ""Loyal"": ""4"","
956,France,Leisure Time and Sports,4,"{""Equality"": ""2"", ""Inner Harmony"": ""2"", ""Social Power"": ""4"", ""Pleasure"": ""2"", ""Freedom"": ""2"", ""A Spiritual Life"": ""2"", ""Sense of Belonging"": ""2"", ""Social Order"": ""2"", ""An Exciting Life"": ""2"", ""Meaning in Life"": ""2"", ""Politeness"": ""2"", ""Wealth"": ""4"", ""National Security"": ""2"", ""Self-Respect"": ""2"", ""Reciprocation of Favors"": ""2"", ""Creativity"": ""2"", ""A World at Peace"": ""2"", ""Respect for Tradition"": ""2"", ""Mature Love"": ""2"", ""Self-Discipline"": ""2"", ""Detachment"": ""2"", ""Family Security"": ""2"", ""Social Recognition"": ""2"", ""Unity With Nature"": ""2"", ""A Varied Life"": ""2"", ""Wisdom"": ""2"", ""Authority"": ""4"", ""True Friendship"": ""2"", ""A World of Beauty"": ""2"", ""Social Justice"": ""2"", ""Independent"": ""2"", ""Moderate"": ""2"", ""Loyal"": ""2"","
957,France,Leisure Time and Sports,5,"{""Equality"": ""2"", ""Inner Harmony"": ""2"", ""Social Power"": ""4"", ""Pleasure"": ""2"", ""Freedom"": ""2"", ""A Spiritual Life"": ""2"", ""Sense of Belonging"": ""2"", ""Social Order"": ""2"", ""An Exciting Life"": ""2"", ""Meaning in Life"": ""2"", ""Politeness"": ""2"", ""Wealth"": ""4"", ""National Security"": ""2"", ""Self-Respect"": ""2"", ""Reciprocation of Favors"": ""2"", ""Creativity"": ""2"", ""A World at Peace"": ""2"", ""Respect for Tradition"": ""2"", ""Mature Love"": ""2"", ""Self-Discipline"": ""2"", ""Detachment"": ""2"", ""Family Security"": ""2"", ""Social Recognition"": ""2"", ""Unity With Nature"": ""2"", ""A Varied Life"": ""2"", ""Wisdom"": ""2"", ""Authority"": ""4"", ""True Friendship"": ""2"", ""A World of Beauty"": ""2"", ""Social Justice"": ""2"", ""Independent"": ""2"", ""Moderate"": ""2"", ""Loyal"": ""2"","
958,France,Leisure Time and Sports,6,"{""Equality"": ""2"", ""Inner Harmony"": ""2"", ""Social Power"": ""2"", ""Pleasure"": ""2"", ""Freedom"": ""2"", ""A Spiritual Life"": ""2"", ""Sense of Belonging"": ""2"", ""Social Order"": ""2"", ""An Exciting Life"": ""2"", ""Meaning in Life"": ""2"", ""Politeness"": ""2"", ""Wealth"": ""2"", ""National Security"": ""2"", ""Self-Respect"": ""2"", ""Reciprocation of Favors"": ""2"", ""Creativity"": ""2"", ""A World at Peace"": ""2"", ""Respect for Tradition"": ""2"", ""Mature Love"": ""2"", ""Self-Discipline"": ""2"", ""Detachment"": ""2"", ""Family Security"": ""2"", ""Social Recognition"": ""2"", ""Unity With Nature"": ""2"", ""A Varied Life"": ""2"", ""Wisdom"": ""2"", ""Authority"": ""2"", ""True Friendship"": ""2"", ""A World of Beauty"": ""2"", ""Social Justice"": ""2"", ""Independent"": ""2"", ""Moderate"": ""2"", ""Loyal"": ""2"","
959,France,Leisure Time and Sports,7,"{""Equality"": ""1"", ""Inner Harmony"": ""1"", ""Social Power"": ""4"", ""Pleasure"": ""1"", ""Freedom"": ""1"", ""A Spiritual Life"": ""1"", ""Sense of Belonging"": ""1"", ""Social Order"": ""1"", ""An Exciting Life"": ""1"", ""Meaning in Life"": ""1"", ""Politeness"": ""1"", ""Wealth"": ""4"", ""National Security"": ""4"", ""Self-Respect"": ""1"", ""Reciprocation of Favors"": ""1"", ""Creativity"": ""1"", ""A World at Peace"": ""1"", ""Respect for Tradition"": ""4"", ""Mature Love"": ""1"", ""Self-Discipline"": ""4"", ""Detachment"": ""4"", ""Family Security"": ""1"", ""Social Recognition"": ""1"", ""Unity With Nature"": ""4"", ""A Varied Life"": ""1"", ""Wisdom"": ""1"", ""Authority"": ""4"", ""True Friendship"": ""1"", ""A World of Beauty"": ""1"", ""Social Justice"": ""1"", ""Independent"": ""4"", ""Moderate"": ""4"", ""Loyal"": ""1"","
960,France,Health and Health Care,0,"{""Equality"": ""2"", ""Inner Harmony"": ""2"", ""Social Power"": ""4"", ""Pleasure"": ""2"", ""Freedom"": ""2"", ""A Spiritual Life"": ""2"", ""Sense of Belonging"": ""2"", ""Social Order"": ""2"", ""An Exciting Life"": ""2"", ""Meaning in Life"": ""2"", ""Politeness"": ""2"", ""Wealth"": ""4"", ""National Security"": ""2"", ""Self-Respect"": ""2"", ""Reciprocation of Favors"": ""2"", ""Creativity"": ""2"", ""A World at Peace"": ""2"", ""Respect for Tradition"": ""2"", ""Mature Love"": ""2"", ""Self-Discipline"": ""2"", ""Detachment"": ""2"", ""Family Security"": ""2"", ""Social Recognition"": ""2"", ""Unity With Nature"": ""2"", ""A Varied Life"": ""2"", ""Wisdom"": ""2"", ""Authority"": ""4"", ""True Friendship"": ""2"", ""A World of Beauty"": ""2"", ""Social Justice"": ""2"", ""Independent"": ""2"", ""Moderate"": ""2"", ""Loyal"": ""2"","
961,France,Health and Health Care,1,"{""Equality"": ""2"", ""Inner Harmony"": ""2"", ""Social Power"": ""4"", ""Pleasure"": ""2"", ""Freedom"": ""2"", ""A Spiritual Life"": ""2"", ""Sense of Belonging"": ""2"", ""Social Order"": ""2"", ""An Exciting Life"": ""2"", ""Meaning in Life"": ""2"", ""Politeness"": ""2"", ""Wealth"": ""4"", ""National Security"": ""2"", ""Self-Respect"": ""2"", ""Reciprocation of Favors"": ""2"", ""Creativity"": ""2"", ""A World at Peace"": ""2"", ""Respect for Tradition"": ""2"", ""Mature Love"": ""2"", ""Self-Discipline"": ""2"", ""Detachment"": ""2"", ""Family Security"": ""2"", ""Social Recognition"": ""2"", ""Unity With Nature"": ""2"", ""A Varied Life"": ""2"", ""Wisdom"": ""2"", ""Authority"": ""4"", ""True Friendship"": ""2"", ""A World of Beauty"": ""2"", ""Social Justice"": ""2"", ""Independent"": ""2"", ""Moderate"": ""2"", ""Loyal"": ""2"","
962,France,Health and Health Care,2,"{""Equality"": ""1"", ""Inner Harmony"": ""1"", ""Social Power"": ""1"", ""Pleasure"": ""1"", ""Freedom"": ""1"", ""A Spiritual Life"": ""1"", ""Sense of Belonging"": ""1"", ""Social Order"": ""1"", ""An Exciting Life"": ""1"", ""Meaning in Life"": ""1"", ""Politeness"": ""1"", ""Wealth"": ""1"", ""National Security"": ""1"", ""Self-Respect"": ""1"", ""Reciprocation of Favors"": ""1"", ""Creativity"": ""1"", ""A World at Peace"": ""1"", ""Respect for Tradition"": ""1"", ""Mature Love"": ""1"", ""Self-Discipline"": ""1"", ""Detachment"": ""1"", ""Family Security"": ""1"", ""Social Recognition"": ""1"", ""Unity With Nature"": ""1"", ""A Varied Life"": ""1"", ""Wisdom"": ""1"", ""Authority"": ""1"", ""True Friendship"": ""1"", ""A World of Beauty"": ""1"", ""Social Justice"": ""1"", ""Independent"": ""1"", ""Moderate"": ""1"", ""Loyal"": ""1"","
963,France,Health and Health Care,3,"{""Equality"": ""2"", ""Inner Harmony"": ""2"", ""Social Power"": ""4"", ""Pleasure"": ""2"", ""Freedom"": ""2"", ""A Spiritual Life"": ""4"", ""Sense of Belonging"": ""2"", ""Social Order"": ""2"", ""An Exciting Life"": ""4"", ""Meaning in Life"": ""2"", ""Politeness"": ""2"", ""Wealth"": ""4"", ""National Security"": ""4"", ""Self-Respect"": ""2"", ""Reciprocation of Favors"": ""2"", ""Creativity"": ""4"", ""A World at Peace"": ""2"", ""Respect for Tradition"": ""4"", ""Mature Love"": ""4"", ""Self-Discipline"": ""4"", ""Detachment"": ""4"", ""Family Security"": ""2"", ""Social Recognition"": ""2"", ""Unity With Nature"": ""4"", ""A Varied Life"": ""4"", ""Wisdom"": ""2"", ""Authority"": ""4"", ""True Friendship"": ""2"", ""A World of Beauty"": ""4"", ""Social Justice"": ""2"", ""Independent"": ""4"", ""Moderate"": ""4"", ""Loyal"": ""2"","
964,France,Health and Health Care,4,"{""Equality"": ""2"", ""Inner Harmony"": ""2"", ""Social Power"": ""4"", ""Pleasure"": ""2"", ""Freedom"": ""2"", ""A Spiritual Life"": ""2"", ""Sense of Belonging"": ""2"", ""Social Order"": ""2"", ""An Exciting Life"": ""2"", ""Meaning in Life"": ""2"", ""Politeness"": ""2"", ""Wealth"": ""4"", ""National Security"": ""2"", ""Self-Respect"": ""2"", ""Reciprocation of Favors"": ""2"", ""Creativity"": ""2"", ""A World at Peace"": ""2"", ""Respect for Tradition"": ""2"", ""Mature Love"": ""2"", ""Self-Discipline"": ""2"", ""Detachment"": ""2"", ""Family Security"": ""2"", ""Social Recognition"": ""2"", ""Unity With Nature"": ""2"", ""A Varied Life"": ""2"", ""Wisdom"": ""2"", ""Authority"": ""4"", ""True Friendship"": ""2"", ""A World of Beauty"": ""2"", ""Social Justice"": ""2"", ""Independent"": ""2"", ""Moderate"": ""2"", ""Loyal"": ""2"","
965,France,Health and Health Care,5,"{""Equality"": ""2"", ""Inner Harmony"": ""2"", ""Social Power"": ""4"", ""Pleasure"": ""2"", ""Freedom"": ""2"", ""A Spiritual Life"": ""2"", ""Sense of Belonging"": ""2"", ""Social Order"": ""2"", ""An Exciting Life"": ""2"", ""Meaning in Life"": ""2"", ""Politeness"": ""2"", ""Wealth"": ""2"", ""National Security"": ""2"", ""Self-Respect"": ""2"", ""Reciprocation of Favors"": ""2"", ""Creativity"": ""2"", ""A World at Peace"": ""2"", ""Respect for Tradition"": ""2"", ""Mature Love"": ""2"", ""Self-Discipline"": ""2"", ""Detachment"": ""2"", ""Family Security"": ""2"", ""Social Recognition"": ""2"", ""Unity With Nature"": ""2"", ""A Varied Life"": ""2"", ""Wisdom"": ""2"", ""Authority"": ""4"", ""True Friendship"": ""2"", ""A World of Beauty"": ""2"", ""Social Justice"": ""2"", ""Independent"": ""2"", ""Moderate"": ""2"", ""Loyal"": ""2"","
966,France,Health and Health Care,6,"{""Equality"": ""2"", ""Inner Harmony"": ""2"", ""Social Power"": ""2"", ""Pleasure"": ""2"", ""Freedom"": ""2"", ""A Spiritual Life"": ""2"", ""Sense of Belonging"": ""2"", ""Social Order"": ""2"", ""An Exciting Life"": ""2"", ""Meaning in Life"": ""2"", ""Politeness"": ""2"", ""Wealth"": ""2"", ""National Security"": ""2"", ""Self-Respect"": ""2"", ""Reciprocation of Favors"": ""2"", ""Creativity"": ""2"", ""A World at Peace"": ""2"", ""Respect for Tradition"": ""2"", ""Mature Love"": ""2"", ""Self-Discipline"": ""2"", ""Detachment"": ""2"", ""Family Security"": ""2"", ""Social Recognition"": ""2"", ""Unity With Nature"": ""2"", ""A Varied Life"": ""2"", ""Wisdom"": ""2"", ""Authority"": ""2"", ""True Friendship"": ""2"", ""A World of Beauty"": ""2"", ""Social Justice"": ""2"", ""Independent"": ""2"", ""Moderate"": ""2"", ""Loyal"": ""2"","
967,France,Health and Health Care,7,"{""Equality"": ""1"", ""Inner Harmony"": ""1"", ""Social Power"": ""1"", ""Pleasure"": ""1"", ""Freedom"": ""1"", ""A Spiritual Life"": ""1"", ""Sense of Belonging"": ""1"", ""Social Order"": ""1"", ""An Exciting Life"": ""1"", ""Meaning in Life"": ""1"", ""Politeness"": ""1"", ""Wealth"": ""1"", ""National Security"": ""1"", ""Self-Respect"": ""1"", ""Reciprocation of Favors"": ""1"", ""Creativity"": ""1"", ""A World at Peace"": ""1"", ""Respect for Tradition"": ""1"", ""Mature Love"": ""1"", ""Self-Discipline"": ""1"", ""Detachment"": ""1"", ""Family Security"": ""1"", ""Social Recognition"": ""1"", ""Unity With Nature"": ""1"", ""A Varied Life"": ""1"", ""Wisdom"": ""1"", ""Authority"": ""1"", ""True Friendship"": ""1"", ""A World of Beauty"": ""1"", ""Social Justice"": ""1"", ""Independent"": ""1"", ""Moderate"": ""1"", ""Loyal"": ""1"","
968,Australia,Politics,0,"{""Equality"": ""2"", ""Inner Harmony"": ""2"", ""Social Power"": ""4"", ""Pleasure"": ""2"", ""Freedom"": ""2"", ""A Spiritual Life"": ""2"", ""Sense of Belonging"": ""2"", ""Social Order"": ""2"", ""An Exciting Life"": ""2"", ""Meaning in Life"": ""2"", ""Politeness"": ""2"", ""Wealth"": ""4"", ""National Security"": ""2"", ""Self-Respect"": ""2"", ""Reciprocation of Favors"": ""2"", ""Creativity"": ""2"", ""A World at Peace"": ""2"", ""Respect for Tradition"": ""2"", ""Mature Love"": ""2"", ""Self-Discipline"": ""2"", ""Detachment"": ""2"", ""Family Security"": ""2"", ""Social Recognition"": ""2"", ""Unity With Nature"": ""2"", ""A Varied Life"": ""2"", ""Wisdom"": ""2"", ""Authority"": ""4"", ""True Friendship"": ""2"", ""A World of Beauty"": ""2"", ""Social Justice"": ""2"", ""Independent"": ""2"", ""Moderate"": ""2"", ""Loyal"": ""2"","
969,Australia,Politics,1,"{""Equality"": ""2"", ""Inner Harmony"": ""3"", ""Social Power"": ""4"", ""Pleasure"": ""3"", ""Freedom"": ""2"", ""A Spiritual Life"": ""3"", ""Sense of Belonging"": ""2"", ""Social Order"": ""2"", ""An Exciting Life"": ""3"", ""Meaning in Life"": ""3"", ""Politeness"": ""2"", ""Wealth"": ""3"", ""National Security"": ""2"", ""Self-Respect"": ""2"", ""Reciprocation of Favors"": ""2"", ""Creativity"": ""3"", ""A World at Peace"": ""2"", ""Respect for Tradition"": ""3"", ""Mature Love"": ""3"", ""Self-Discipline"": ""3"", ""Detachment"": ""3"", ""Family Security"": ""2"", ""Social Recognition"": ""2"", ""Unity With Nature"": ""3"", ""A Varied Life"": ""3"", ""Wisdom"": ""3"", ""Authority"": ""4"", ""True Friendship"": ""2"", ""A World of Beauty"": ""3"", ""Social Justice"": ""2"", ""Independent"": ""2"", ""Moderate"": ""3"", ""Loyal"": ""2"","
970,Australia,Politics,2,"{""Equality"": ""1"", ""Inner Harmony"": ""1"", ""Social Power"": ""4"", ""Pleasure"": ""1"", ""Freedom"": ""1"", ""A Spiritual Life"": ""1"", ""Sense of Belonging"": ""1"", ""Social Order"": ""1"", ""An Exciting Life"": ""1"", ""Meaning in Life"": ""1"", ""Politeness"": ""1"", ""Wealth"": ""4"", ""National Security"": ""1"", ""Self-Respect"": ""1"", ""Reciprocation of Favors"": ""1"", ""Creativity"": ""1"", ""A World at Peace"": ""1"", ""Respect for Tradition"": ""1"", ""Mature Love"": ""1"", ""Self-Discipline"": ""1"", ""Detachment"": ""1"", ""Family Security"": ""1"", ""Social Recognition"": ""1"", ""Unity With Nature"": ""1"", ""A Varied Life"": ""1"", ""Wisdom"": ""1"", ""Authority"": ""4"", ""True Friendship"": ""1"", ""A World of Beauty"": ""1"", ""Social Justice"": ""1"", ""Independent"": ""1"", ""Moderate"": ""1"", ""Loyal"": ""1"","
971,Australia,Politics,3,"{""Equality"": ""2"", ""Inner Harmony"": ""2"", ""Social Power"": ""4"", ""Pleasure"": ""2"", ""Freedom"": ""2"", ""A Spiritual Life"": ""2"", ""Sense of Belonging"": ""2"", ""Social Order"": ""2"", ""An Exciting Life"": ""2"", ""Meaning in Life"": ""2"", ""Politeness"": ""2"", ""Wealth"": ""2"", ""National Security"": ""2"", ""Self-Respect"": ""2"", ""Reciprocation of Favors"": ""2"", ""Creativity"": ""2"", ""A World at Peace"": ""2"", ""Respect for Tradition"": ""2"", ""Mature Love"": ""2"", ""Self-Discipline"": ""2"", ""Detachment"": ""2"", ""Family Security"": ""2"", ""Social Recognition"": ""2"", ""Unity With Nature"": ""2"", ""A Varied Life"": ""2"", ""Wisdom"": ""2"", ""Authority"": ""2"", ""True Friendship"": ""2"", ""A World of Beauty"": ""2"", ""Social Justice"": ""2"", ""Independent"": ""2"", ""Moderate"": ""2"", ""Loyal"": ""2"","
972,Australia,Politics,4,"{""Equality"": ""2"", ""Inner Harmony"": ""2"", ""Social Power"": ""4"", ""Pleasure"": ""2"", ""Freedom"": ""2"", ""A Spiritual Life"": ""2"", ""Sense of Belonging"": ""2"", ""Social Order"": ""2"", ""An Exciting Life"": ""2"", ""Meaning in Life"": ""2"", ""Politeness"": ""2"", ""Wealth"": ""4"", ""National Security"": ""2"", ""Self-Respect"": ""2"", ""Reciprocation of Favors"": ""2"", ""Creativity"": ""2"", ""A World at Peace"": ""2"", ""Respect for Tradition"": ""2"", ""Mature Love"": ""2"", ""Self-Discipline"": ""2"", ""Detachment"": ""2"", ""Family Security"": ""2"", ""Social Recognition"": ""2"", ""Unity With Nature"": ""2"", ""A Varied Life"": ""2"", ""Wisdom"": ""2"", ""Authority"": ""4"", ""True Friendship"": ""2"", ""A World of Beauty"": ""2"", ""Social Justice"": ""2"", ""Independent"": ""2"", ""Moderate"": ""2"", ""Loyal"": ""2"","
973,Australia,Politics,5,"{""Equality"": ""2"", ""Inner Harmony"": ""2"", ""Social Power"": ""4"", ""Pleasure"": ""2"", ""Freedom"": ""2"", ""A Spiritual Life"": ""2"", ""Sense of Belonging"": ""2"", ""Social Order"": ""2"", ""An Exciting Life"": ""2"", ""Meaning in Life"": ""2"", ""Politeness"": ""2"", ""Wealth"": ""2"", ""National Security"": ""2"", ""Self-Respect"": ""2"", ""Reciprocation of Favors"": ""2"", ""Creativity"": ""2"", ""A World at Peace"": ""2"", ""Respect for Tradition"": ""2"", ""Mature Love"": ""2"", ""Self-Discipline"": ""2"", ""Detachment"": ""2"", ""Family Security"": ""2"", ""Social Recognition"": ""2"", ""Unity With Nature"": ""2"", ""A Varied Life"": ""2"", ""Wisdom"": ""2"", ""Authority"": ""4"", ""True Friendship"": ""2"", ""A World of Beauty"": ""2"", ""Social Justice"": ""2"", ""Independent"": ""2"", ""Moderate"": ""2"", ""Loyal"": ""2"","
974,Australia,Politics,6,"{""Equality"": ""1"", ""Inner Harmony"": ""1"", ""Social Power"": ""1"", ""Pleasure"": ""1"", ""Freedom"": ""1"", ""A Spiritual Life"": ""1"", ""Sense of Belonging"": ""1"", ""Social Order"": ""1"", ""An Exciting Life"": ""1"", ""Meaning in Life"": ""1"", ""Politeness"": ""1"", ""Wealth"": ""1"", ""National Security"": ""1"", ""Self-Respect"": ""1"", ""Reciprocation of Favors"": ""1"", ""Creativity"": ""1"", ""A World at Peace"": ""1"", ""Respect for Tradition"": ""1"", ""Mature Love"": ""1"", ""Self-Discipline"": ""1"", ""Detachment"": ""1"", ""Family Security"": ""1"", ""Social Recognition"": ""1"", ""Unity With Nature"": ""1"", ""A Varied Life"": ""1"", ""Wisdom"": ""1"", ""Authority"": ""1"", ""True Friendship"": ""1"", ""A World of Beauty"": ""1"", ""Social Justice"": ""1"", ""Independent"": ""1"", ""Moderate"": ""1"", ""Loyal"": ""1"","
975,Australia,Politics,7,"{""Equality"": ""1"", ""Inner Harmony"": ""1"", ""Social Power"": ""4"", ""Pleasure"": ""4"", ""Freedom"": ""1"", ""A Spiritual Life"": ""1"", ""Sense of Belonging"": ""1"", ""Social Order"": ""1"", ""An Exciting Life"": ""4"", ""Meaning in Life"": ""1"", ""Politeness"": ""1"", ""Wealth"": ""4"", ""National Security"": ""1"", ""Self-Respect"": ""1"", ""Reciprocation of Favors"": ""1"", ""Creativity"": ""4"", ""A World at Peace"": ""1"", ""Respect for Tradition"": ""4"", ""Mature Love"": ""4"", ""Self-Discipline"": ""4"", ""Detachment"": ""4"", ""Family Security"": ""1"", ""Social Recognition"": ""1"", ""Unity With Nature"": ""4"", ""A Varied Life"": ""4"", ""Wisdom"": ""1"", ""Authority"": ""4"", ""True Friendship"": ""1"", ""A World of Beauty"": ""4"", ""Social Justice"": ""1"", ""Independent"": ""4"", ""Moderate"": ""4"", ""Loyal"": ""1"","
976,Australia,Social Networks,0,"{""Equality"": ""2"", ""Inner Harmony"": ""2"", ""Social Power"": ""4"", ""Pleasure"": ""2"", ""Freedom"": ""2"", ""A Spiritual Life"": ""2"", ""Sense of Belonging"": ""2"", ""Social Order"": ""2"", ""An Exciting Life"": ""2"", ""Meaning in Life"": ""2"", ""Politeness"": ""2"", ""Wealth"": ""4"", ""National Security"": ""4"", ""Self-Respect"": ""2"", ""Reciprocation of Favors"": ""2"", ""Creativity"": ""2"", ""A World at Peace"": ""2"", ""Respect for Tradition"": ""2"", ""Mature Love"": ""2"", ""Self-Discipline"": ""2"", ""Detachment"": ""2"", ""Family Security"": ""2"", ""Social Recognition"": ""2"", ""Unity With Nature"": ""2"", ""A Varied Life"": ""2"", ""Wisdom"": ""2"", ""Authority"": ""4"", ""True Friendship"": ""2"", ""A World of Beauty"": ""2"", ""Social Justice"": ""2"", ""Independent"": ""2"", ""Moderate"": ""2"", ""Loyal"": ""2"","
977,Australia,Social Networks,1,"{""Equality"": ""3"", ""Inner Harmony"": ""3"", ""Social Power"": ""4"", ""Pleasure"": ""3"", ""Freedom"": ""3"", ""A Spiritual Life"": ""4"", ""Sense of Belonging"": ""3"", ""Social Order"": ""3"", ""An Exciting Life"": ""3"", ""Meaning in Life"": ""3"", ""Politeness"": ""3"", ""Wealth"": ""4"", ""National Security"": ""3"", ""Self-Respect"": ""3"", ""Reciprocation of Favors"": ""3"", ""Creativity"": ""3"", ""A World at Peace"": ""3"", ""Respect for Tradition"": ""3"", ""Mature Love"": ""3"", ""Self-Discipline"": ""3"", ""Detachment"": ""3"", ""Family Security"": ""3"", ""Social Recognition"": ""3"", ""Unity With Nature"": ""3"", ""A Varied Life"": ""3"", ""Wisdom"": ""3"", ""Authority"": ""4"", ""True Friendship"": ""3"", ""A World of Beauty"": ""3"", ""Social Justice"": ""3"", ""Independent"": ""3"", ""Moderate"": ""3"", ""Loyal"": ""3"","
978,Australia,Social Networks,2,"{""Equality"": ""1"", ""Inner Harmony"": ""1"", ""Social Power"": ""1"", ""Pleasure"": ""1"", ""Freedom"": ""1"", ""A Spiritual Life"": ""1"", ""Sense of Belonging"": ""1"", ""Social Order"": ""1"", ""An Exciting Life"": ""1"", ""Meaning in Life"": ""1"", ""Politeness"": ""1"", ""Wealth"": ""1"", ""National Security"": ""1"", ""Self-Respect"": ""1"", ""Reciprocation of Favors"": ""1"", ""Creativity"": ""1"", ""A World at Peace"": ""1"", ""Respect for Tradition"": ""1"", ""Mature Love"": ""1"", ""Self-Discipline"": ""1"", ""Detachment"": ""1"", ""Family Security"": ""1"", ""Social Recognition"": ""1"", ""Unity With Nature"": ""1"", ""A Varied Life"": ""1"", ""Wisdom"": ""1"", ""Authority"": ""1"", ""True Friendship"": ""1"", ""A World of Beauty"": ""1"", ""Social Justice"": ""1"", ""Independent"": ""1"", ""Moderate"": ""1"", ""Loyal"": ""1"","
979,Australia,Social Networks,3,"{""Equality"": ""1"", ""Inner Harmony"": ""1"", ""Social Power"": ""4"", ""Pleasure"": ""1"", ""Freedom"": ""1"", ""A Spiritual Life"": ""1"", ""Sense of Belonging"": ""1"", ""Social Order"": ""1"", ""An Exciting Life"": ""1"", ""Meaning in Life"": ""1"", ""Politeness"": ""1"", ""Wealth"": ""4"", ""National Security"": ""1"", ""Self-Respect"": ""1"", ""Reciprocation of Favors"": ""1"", ""Creativity"": ""1"", ""A World at Peace"": ""1"", ""Respect for Tradition"": ""4"", ""Mature Love"": ""1"", ""Self-Discipline"": ""1"", ""Detachment"": ""4"", ""Family Security"": ""1"", ""Social Recognition"": ""1"", ""Unity With Nature"": ""1"", ""A Varied Life"": ""1"", ""Wisdom"": ""1"", ""Authority"": ""4"", ""True Friendship"": ""1"", ""A World of Beauty"": ""1"", ""Social Justice"": ""1"", ""Independent"": ""1"", ""Moderate"": ""1"", ""Loyal"": ""1"","
980,Australia,Social Networks,4,"{
""Equality"": ""2"",
""Inner Harmony"": ""2"",
""Social Power"": ""4"",
""Pleasure"": ""2"",
""Freedom"": ""2"",
""A Spiritual Life"": ""2"",
""Sense of Belonging"": ""2"",
""Social Order"": ""2"",
""An Exciting Life"": ""2"",
""Meaning in Life"": ""2"",
""Politeness"": ""2"",
""Wealth"": ""4"",
""National Security"": ""4"",
""Self-Respect"": ""2"",
""Reciprocation of Favors"": ""2"",
""Creativity"": ""2"",
""A World at Peace"": ""2"",
""Respect for Tradition"": ""4"",
""Mature Love"": ""2"",
""Self-Discipline"": ""2"",
""Detachment"": ""4"",
""Family Security"": ""2"",
""Social Recognition"": ""2"",
""Unity With Nature"": ""2"",
""A Varied Life"": ""2"",
""Wisdom"": ""2"",
""Authority"": ""4"",
""True Friendship"": ""2"",
""A World of Beauty"": ""2"",
""Social Justice"": ""2"",
""Independent"": ""2"",
""Moderate"": ""2"",
""Loyal"": ""2"",
""Ambitious"": ""2"","
981,Australia,Social Networks,5,"{""Equality"": ""3"", ""Inner Harmony"": ""3"", ""Social Power"": ""3"", ""Pleasure"": ""3"", ""Freedom"": ""3"", ""A Spiritual Life"": ""3"", ""Sense of Belonging"": ""3"", ""Social Order"": ""3"", ""An Exciting Life"": ""3"", ""Meaning in Life"": ""3"", ""Politeness"": ""3"", ""Wealth"": ""3"", ""National Security"": ""3"", ""Self-Respect"": ""3"", ""Reciprocation of Favors"": ""3"", ""Creativity"": ""3"", ""A World at Peace"": ""3"", ""Respect for Tradition"": ""3"", ""Mature Love"": ""3"", ""Self-Discipline"": ""3"", ""Detachment"": ""3"", ""Family Security"": ""3"", ""Social Recognition"": ""3"", ""Unity With Nature"": ""3"", ""A Varied Life"": ""3"", ""Wisdom"": ""3"", ""Authority"": ""3"", ""True Friendship"": ""3"", ""A World of Beauty"": ""3"", ""Social Justice"": ""3"", ""Independent"": ""3"", ""Moderate"": ""3"", ""Loyal"": ""3"","
982,Australia,Social Networks,6,"{""Equality"": ""1"", ""Inner Harmony"": ""1"", ""Social Power"": ""4"", ""Pleasure"": ""1"", ""Freedom"": ""1"", ""A Spiritual Life"": ""1"", ""Sense of Belonging"": ""1"", ""Social Order"": ""1"", ""An Exciting Life"": ""1"", ""Meaning in Life"": ""1"", ""Politeness"": ""1"", ""Wealth"": ""4"", ""National Security"": ""4"", ""Self-Respect"": ""1"", ""Reciprocation of Favors"": ""1"", ""Creativity"": ""1"", ""A World at Peace"": ""1"", ""Respect for Tradition"": ""4"", ""Mature Love"": ""1"", ""Self-Discipline"": ""1"", ""Detachment"": ""4"", ""Family Security"": ""1"", ""Social Recognition"": ""1"", ""Unity With Nature"": ""1"", ""A Varied Life"": ""1"", ""Wisdom"": ""1"", ""Authority"": ""4"", ""True Friendship"": ""1"", ""A World of Beauty"": ""1"", ""Social Justice"": ""1"", ""Independent"": ""1"", ""Moderate"": ""1"", ""Loyal"": ""1"","
983,Australia,Social Networks,7,"{""Equality"": ""1"", ""Inner Harmony"": ""1"", ""Social Power"": ""4"", ""Pleasure"": ""1"", ""Freedom"": ""1"", ""A Spiritual Life"": ""1"", ""Sense of Belonging"": ""1"", ""Social Order"": ""1"", ""An Exciting Life"": ""1"", ""Meaning in Life"": ""1"", ""Politeness"": ""1"", ""Wealth"": ""4"", ""National Security"": ""1"", ""Self-Respect"": ""1"", ""Reciprocation of Favors"": ""1"", ""Creativity"": ""1"", ""A World at Peace"": ""1"", ""Respect for Tradition"": ""4"", ""Mature Love"": ""1"", ""Self-Discipline"": ""1"", ""Detachment"": ""1"", ""Family Security"": ""1"", ""Social Recognition"": ""1"", ""Unity With Nature"": ""1"", ""A Varied Life"": ""1"", ""Wisdom"": ""1"", ""Authority"": ""4"", ""True Friendship"": ""1"", ""A World of Beauty"": ""1"", ""Social Justice"": ""1"", ""Independent"": ""1"", ""Moderate"": ""1"", ""Loyal"": ""1"","
984,Australia,Social Inequality,0,"{""Equality"": ""2"", ""Inner Harmony"": ""2"", ""Social Power"": ""4"", ""Pleasure"": ""2"", ""Freedom"": ""2"", ""A Spiritual Life"": ""2"", ""Sense of Belonging"": ""2"", ""Social Order"": ""2"", ""An Exciting Life"": ""2"", ""Meaning in Life"": ""2"", ""Politeness"": ""2"", ""Wealth"": ""4"", ""National Security"": ""2"", ""Self-Respect"": ""2"", ""Reciprocation of Favors"": ""2"", ""Creativity"": ""2"", ""A World at Peace"": ""2"", ""Respect for Tradition"": ""2"", ""Mature Love"": ""2"", ""Self-Discipline"": ""2"", ""Detachment"": ""2"", ""Family Security"": ""2"", ""Social Recognition"": ""2"", ""Unity With Nature"": ""2"", ""A Varied Life"": ""2"", ""Wisdom"": ""2"", ""Authority"": ""4"", ""True Friendship"": ""2"", ""A World of Beauty"": ""2"", ""Social Justice"": ""2"", ""Independent"": ""2"", ""Moderate"": ""2"", ""Loyal"": ""2"","
985,Australia,Social Inequality,1,"{""Equality"": ""2"", ""Inner Harmony"": ""2"", ""Social Power"": ""4"", ""Pleasure"": ""2"", ""Freedom"": ""2"", ""A Spiritual Life"": ""2"", ""Sense of Belonging"": ""2"", ""Social Order"": ""2"", ""An Exciting Life"": ""2"", ""Meaning in Life"": ""2"", ""Politeness"": ""2"", ""Wealth"": ""2"", ""National Security"": ""2"", ""Self-Respect"": ""2"", ""Reciprocation of Favors"": ""2"", ""Creativity"": ""2"", ""A World at Peace"": ""2"", ""Respect for Tradition"": ""2"", ""Mature Love"": ""2"", ""Self-Discipline"": ""2"", ""Detachment"": ""2"", ""Family Security"": ""2"", ""Social Recognition"": ""2"", ""Unity With Nature"": ""2"", ""A Varied Life"": ""2"", ""Wisdom"": ""2"", ""Authority"": ""4"", ""True Friendship"": ""2"", ""A World of Beauty"": ""2"", ""Social Justice"": ""2"", ""Independent"": ""2"", ""Moderate"": ""2"", ""Loyal"": ""2"","
986,Australia,Social Inequality,2,"{""Equality"": ""1"", ""Inner Harmony"": ""1"", ""Social Power"": ""1"", ""Pleasure"": ""1"", ""Freedom"": ""1"", ""A Spiritual Life"": ""1"", ""Sense of Belonging"": ""1"", ""Social Order"": ""1"", ""An Exciting Life"": ""1"", ""Meaning in Life"": ""1"", ""Politeness"": ""1"", ""Wealth"": ""1"", ""National Security"": ""1"", ""Self-Respect"": ""1"", ""Reciprocation of Favors"": ""1"", ""Creativity"": ""1"", ""A World at Peace"": ""1"", ""Respect for Tradition"": ""1"", ""Mature Love"": ""1"", ""Self-Discipline"": ""1"", ""Detachment"": ""1"", ""Family Security"": ""1"", ""Social Recognition"": ""1"", ""Unity With Nature"": ""1"", ""A Varied Life"": ""1"", ""Wisdom"": ""1"", ""Authority"": ""1"", ""True Friendship"": ""1"", ""A World of Beauty"": ""1"", ""Social Justice"": ""1"", ""Independent"": ""1"", ""Moderate"": ""1"", ""Loyal"": ""1"","
987,Australia,Social Inequality,3,"{""Equality"": ""2"", ""Inner Harmony"": ""2"", ""Social Power"": ""4"", ""Pleasure"": ""2"", ""Freedom"": ""2"", ""A Spiritual Life"": ""4"", ""Sense of Belonging"": ""2"", ""Social Order"": ""2"", ""An Exciting Life"": ""4"", ""Meaning in Life"": ""2"", ""Politeness"": ""2"", ""Wealth"": ""4"", ""National Security"": ""4"", ""Self-Respect"": ""2"", ""Reciprocation of Favors"": ""2"", ""Creativity"": ""4"", ""A World at Peace"": ""2"", ""Respect for Tradition"": ""4"", ""Mature Love"": ""4"", ""Self-Discipline"": ""4"", ""Detachment"": ""4"", ""Family Security"": ""2"", ""Social Recognition"": ""2"", ""Unity With Nature"": ""4"", ""A Varied Life"": ""4"", ""Wisdom"": ""2"", ""Authority"": ""4"", ""True Friendship"": ""2"", ""A World of Beauty"": ""4"", ""Social Justice"": ""2"", ""Independent"": ""4"", ""Moderate"": ""4"", ""Loyal"": ""2"","
988,Australia,Social Inequality,4,"{""Equality"": ""2"", ""Inner Harmony"": ""2"", ""Social Power"": ""4"", ""Pleasure"": ""2"", ""Freedom"": ""2"", ""A Spiritual Life"": ""2"", ""Sense of Belonging"": ""2"", ""Social Order"": ""2"", ""An Exciting Life"": ""2"", ""Meaning in Life"": ""2"", ""Politeness"": ""2"", ""Wealth"": ""4"", ""National Security"": ""2"", ""Self-Respect"": ""2"", ""Reciprocation of Favors"": ""2"", ""Creativity"": ""2"", ""A World at Peace"": ""2"", ""Respect for Tradition"": ""2"", ""Mature Love"": ""2"", ""Self-Discipline"": ""2"", ""Detachment"": ""2"", ""Family Security"": ""2"", ""Social Recognition"": ""2"", ""Unity With Nature"": ""2"", ""A Varied Life"": ""2"", ""Wisdom"": ""2"", ""Authority"": ""4"", ""True Friendship"": ""2"", ""A World of Beauty"": ""2"", ""Social Justice"": ""2"", ""Independent"": ""2"", ""Moderate"": ""2"", ""Loyal"": ""2"","
989,Australia,Social Inequality,5,"{""Equality"": ""2"", ""Inner Harmony"": ""2"", ""Social Power"": ""4"", ""Pleasure"": ""2"", ""Freedom"": ""2"", ""A Spiritual Life"": ""2"", ""Sense of Belonging"": ""2"", ""Social Order"": ""2"", ""An Exciting Life"": ""2"", ""Meaning in Life"": ""2"", ""Politeness"": ""2"", ""Wealth"": ""2"", ""National Security"": ""2"", ""Self-Respect"": ""2"", ""Reciprocation of Favors"": ""2"", ""Creativity"": ""2"", ""A World at Peace"": ""2"", ""Respect for Tradition"": ""2"", ""Mature Love"": ""2"", ""Self-Discipline"": ""2"", ""Detachment"": ""2"", ""Family Security"": ""2"", ""Social Recognition"": ""2"", ""Unity With Nature"": ""2"", ""A Varied Life"": ""2"", ""Wisdom"": ""2"", ""Authority"": ""4"", ""True Friendship"": ""2"", ""A World of Beauty"": ""2"", ""Social Justice"": ""2"", ""Independent"": ""2"", ""Moderate"": ""2"", ""Loyal"": ""2"","
990,Australia,Social Inequality,6,"{""Equality"": ""1"", ""Inner Harmony"": ""1"", ""Social Power"": ""1"", ""Pleasure"": ""1"", ""Freedom"": ""1"", ""A Spiritual Life"": ""1"", ""Sense of Belonging"": ""1"", ""Social Order"": ""1"", ""An Exciting Life"": ""1"", ""Meaning in Life"": ""1"", ""Politeness"": ""1"", ""Wealth"": ""1"", ""National Security"": ""1"", ""Self-Respect"": ""1"", ""Reciprocation of Favors"": ""1"", ""Creativity"": ""1"", ""A World at Peace"": ""1"", ""Respect for Tradition"": ""1"", ""Mature Love"": ""1"", ""Self-Discipline"": ""1"", ""Detachment"": ""1"", ""Family Security"": ""1"", ""Social Recognition"": ""1"", ""Unity With Nature"": ""1"", ""A Varied Life"": ""1"", ""Wisdom"": ""1"", ""Authority"": ""1"", ""True Friendship"": ""1"", ""A World of Beauty"": ""1"", ""Social Justice"": ""1"", ""Independent"": ""1"", ""Moderate"": ""1"", ""Loyal"": ""1"","
991,Australia,Social Inequality,7,"{""Equality"": ""1"", ""Inner Harmony"": ""1"", ""Social Power"": ""4"", ""Pleasure"": ""1"", ""Freedom"": ""1"", ""A Spiritual Life"": ""1"", ""Sense of Belonging"": ""1"", ""Social Order"": ""1"", ""An Exciting Life"": ""1"", ""Meaning in Life"": ""1"", ""Politeness"": ""1"", ""Wealth"": ""4"", ""National Security"": ""1"", ""Self-Respect"": ""1"", ""Reciprocation of Favors"": ""1"", ""Creativity"": ""1"", ""A World at Peace"": ""1"", ""Respect for Tradition"": ""1"", ""Mature Love"": ""1"", ""Self-Discipline"": ""1"", ""Detachment"": ""1"", ""Family Security"": ""1"", ""Social Recognition"": ""1"", ""Unity With Nature"": ""1"", ""A Varied Life"": ""1"", ""Wisdom"": ""1"", ""Authority"": ""4"", ""True Friendship"": ""1"", ""A World of Beauty"": ""1"", ""Social Justice"": ""1"", ""Independent"": ""1"", ""Moderate"": ""1"", ""Loyal"": ""1"","
992,Australia,Family & Changing Gender Roles,0,"{""Equality"": ""2"", ""Inner Harmony"": ""2"", ""Social Power"": ""4"", ""Pleasure"": ""2"", ""Freedom"": ""2"", ""A Spiritual Life"": ""2"", ""Sense of Belonging"": ""2"", ""Social Order"": ""2"", ""An Exciting Life"": ""2"", ""Meaning in Life"": ""2"", ""Politeness"": ""2"", ""Wealth"": ""2"", ""National Security"": ""2"", ""Self-Respect"": ""2"", ""Reciprocation of Favors"": ""2"", ""Creativity"": ""2"", ""A World at Peace"": ""2"", ""Respect for Tradition"": ""2"", ""Mature Love"": ""2"", ""Self-Discipline"": ""2"", ""Detachment"": ""2"", ""Family Security"": ""2"", ""Social Recognition"": ""2"", ""Unity With Nature"": ""2"", ""A Varied Life"": ""2"", ""Wisdom"": ""2"", ""Authority"": ""4"", ""True Friendship"": ""2"", ""A World of Beauty"": ""2"", ""Social Justice"": ""2"", ""Independent"": ""2"", ""Moderate"": ""2"", ""Loyal"": ""2"","
993,Australia,Family & Changing Gender Roles,1,"{""Equality"": ""2"", ""Inner Harmony"": ""2"", ""Social Power"": ""4"", ""Pleasure"": ""2"", ""Freedom"": ""2"", ""A Spiritual Life"": ""2"", ""Sense of Belonging"": ""2"", ""Social Order"": ""2"", ""An Exciting Life"": ""2"", ""Meaning in Life"": ""2"", ""Politeness"": ""2"", ""Wealth"": ""2"", ""National Security"": ""2"", ""Self-Respect"": ""2"", ""Reciprocation of Favors"": ""2"", ""Creativity"": ""2"", ""A World at Peace"": ""2"", ""Respect for Tradition"": ""2"", ""Mature Love"": ""2"", ""Self-Discipline"": ""2"", ""Detachment"": ""2"", ""Family Security"": ""2"", ""Social Recognition"": ""2"", ""Unity With Nature"": ""2"", ""A Varied Life"": ""2"", ""Wisdom"": ""2"", ""Authority"": ""4"", ""True Friendship"": ""2"", ""A World of Beauty"": ""2"", ""Social Justice"": ""2"", ""Independent"": ""2"", ""Moderate"": ""2"", ""Loyal"": ""2"","
994,Australia,Family & Changing Gender Roles,2,"{""Equality"": ""1"", ""Inner Harmony"": ""1"", ""Social Power"": ""3"", ""Pleasure"": ""1"", ""Freedom"": ""1"", ""A Spiritual Life"": ""3"", ""Sense of Belonging"": ""1"", ""Social Order"": ""3"", ""An Exciting Life"": ""1"", ""Meaning in Life"": ""1"", ""Politeness"": ""1"", ""Wealth"": ""3"", ""National Security"": ""3"", ""Self-Respect"": ""1"", ""Reciprocation of Favors"": ""1"", ""Creativity"": ""1"", ""A World at Peace"": ""1"", ""Respect for Tradition"": ""3"", ""Mature Love"": ""1"", ""Self-Discipline"": ""1"", ""Detachment"": ""3"", ""Family Security"": ""1"", ""Social Recognition"": ""1"", ""Unity With Nature"": ""3"", ""A Varied Life"": ""1"", ""Wisdom"": ""1"", ""Authority"": ""3"", ""True Friendship"": ""1"", ""A World of Beauty"": ""1"", ""Social Justice"": ""1"", ""Independent"": ""1"", ""Moderate"": ""3"", ""Loyal"": ""1"","
995,Australia,Family & Changing Gender Roles,3,"{""Equality"": ""2"", ""Inner Harmony"": ""2"", ""Social Power"": ""4"", ""Pleasure"": ""2"", ""Freedom"": ""2"", ""A Spiritual Life"": ""4"", ""Sense of Belonging"": ""2"", ""Social Order"": ""2"", ""An Exciting Life"": ""2"", ""Meaning in Life"": ""2"", ""Politeness"": ""2"", ""Wealth"": ""2"", ""National Security"": ""2"", ""Self-Respect"": ""2"", ""Reciprocation of Favors"": ""2"", ""Creativity"": ""2"", ""A World at Peace"": ""2"", ""Respect for Tradition"": ""2"", ""Mature Love"": ""2"", ""Self-Discipline"": ""2"", ""Detachment"": ""2"", ""Family Security"": ""2"", ""Social Recognition"": ""2"", ""Unity With Nature"": ""2"", ""A Varied Life"": ""2"", ""Wisdom"": ""2"", ""Authority"": ""2"", ""True Friendship"": ""2"", ""A World of Beauty"": ""2"", ""Social Justice"": ""2"", ""Independent"": ""2"", ""Moderate"": ""2"", ""Loyal"": ""2"","
996,Australia,Family & Changing Gender Roles,4,"{""Equality"": ""2"", ""Inner Harmony"": ""2"", ""Social Power"": ""4"", ""Pleasure"": ""2"", ""Freedom"": ""2"", ""A Spiritual Life"": ""2"", ""Sense of Belonging"": ""2"", ""Social Order"": ""2"", ""An Exciting Life"": ""2"", ""Meaning in Life"": ""2"", ""Politeness"": ""2"", ""Wealth"": ""4"", ""National Security"": ""4"", ""Self-Respect"": ""2"", ""Reciprocation of Favors"": ""2"", ""Creativity"": ""2"", ""A World at Peace"": ""2"", ""Respect for Tradition"": ""2"", ""Mature Love"": ""2"", ""Self-Discipline"": ""2"", ""Detachment"": ""2"", ""Family Security"": ""2"", ""Social Recognition"": ""2"", ""Unity With Nature"": ""2"", ""A Varied Life"": ""2"", ""Wisdom"": ""2"", ""Authority"": ""4"", ""True Friendship"": ""2"", ""A World of Beauty"": ""2"", ""Social Justice"": ""2"", ""Independent"": ""2"", ""Moderate"": ""2"", ""Loyal"": ""2"","
997,Australia,Family & Changing Gender Roles,5,"{""Equality"": ""2"", ""Inner Harmony"": ""2"", ""Social Power"": ""4"", ""Pleasure"": ""2"", ""Freedom"": ""2"", ""A Spiritual Life"": ""2"", ""Sense of Belonging"": ""2"", ""Social Order"": ""2"", ""An Exciting Life"": ""2"", ""Meaning in Life"": ""2"", ""Politeness"": ""2"", ""Wealth"": ""2"", ""National Security"": ""2"", ""Self-Respect"": ""2"", ""Reciprocation of Favors"": ""2"", ""Creativity"": ""2"", ""A World at Peace"": ""2"", ""Respect for Tradition"": ""2"", ""Mature Love"": ""2"", ""Self-Discipline"": ""2"", ""Detachment"": ""2"", ""Family Security"": ""2"", ""Social Recognition"": ""2"", ""Unity With Nature"": ""2"", ""A Varied Life"": ""2"", ""Wisdom"": ""2"", ""Authority"": ""4"", ""True Friendship"": ""2"", ""A World of Beauty"": ""2"", ""Social Justice"": ""2"", ""Independent"": ""2"", ""Moderate"": ""2"", ""Loyal"": ""2"","
998,Australia,Family & Changing Gender Roles,6,"{""Equality"": ""1"", ""Inner Harmony"": ""1"", ""Social Power"": ""1"", ""Pleasure"": ""1"", ""Freedom"": ""1"", ""A Spiritual Life"": ""1"", ""Sense of Belonging"": ""1"", ""Social Order"": ""1"", ""An Exciting Life"": ""1"", ""Meaning in Life"": ""1"", ""Politeness"": ""1"", ""Wealth"": ""1"", ""National Security"": ""1"", ""Self-Respect"": ""1"", ""Reciprocation of Favors"": ""1"", ""Creativity"": ""1"", ""A World at Peace"": ""1"", ""Respect for Tradition"": ""1"", ""Mature Love"": ""1"", ""Self-Discipline"": ""1"", ""Detachment"": ""1"", ""Family Security"": ""1"", ""Social Recognition"": ""1"", ""Unity With Nature"": ""1"", ""A Varied Life"": ""1"", ""Wisdom"": ""1"", ""Authority"": ""1"", ""True Friendship"": ""1"", ""A World of Beauty"": ""1"", ""Social Justice"": ""1"", ""Independent"": ""1"", ""Moderate"": ""1"", ""Loyal"": ""1"","
999,Australia,Family & Changing Gender Roles,7,"{""Equality"": ""2"", ""Inner Harmony"": ""2"", ""Social Power"": ""2"", ""Pleasure"": ""2"", ""Freedom"": ""2"", ""A Spiritual Life"": ""2"", ""Sense of Belonging"": ""2"", ""Social Order"": ""2"", ""An Exciting Life"": ""2"", ""Meaning in Life"": ""2"", ""Politeness"": ""2"", ""Wealth"": ""2"", ""National Security"": ""2"", ""Self-Respect"": ""2"", ""Reciprocation of Favors"": ""2"", ""Creativity"": ""2"", ""A World at Peace"": ""2"", ""Respect for Tradition"": ""2"", ""Mature Love"": ""2"", ""Self-Discipline"": ""2"", ""Detachment"": ""2"", ""Family Security"": ""2"", ""Social Recognition"": ""2"", ""Unity With Nature"": ""2"", ""A Varied Life"": ""2"", ""Wisdom"": ""2"", ""Authority"": ""2"", ""True Friendship"": ""2"", ""A World of Beauty"": ""2"", ""Social Justice"": ""2"", ""Independent"": ""2"", ""Moderate"": ""2"", ""Loyal"": ""2"","
1000,Australia,Work Orientation,0,"{""Equality"": ""2"", ""Inner Harmony"": ""2"", ""Social Power"": ""4"", ""Pleasure"": ""2"", ""Freedom"": ""2"", ""A Spiritual Life"": ""4"", ""Sense of Belonging"": ""2"", ""Social Order"": ""2"", ""An Exciting Life"": ""2"", ""Meaning in Life"": ""2"", ""Politeness"": ""2"", ""Wealth"": ""4"", ""National Security"": ""4"", ""Self-Respect"": ""2"", ""Reciprocation of Favors"": ""2"", ""Creativity"": ""4"", ""A World at Peace"": ""2"", ""Respect for Tradition"": ""4"", ""Mature Love"": ""4"", ""Self-Discipline"": ""4"", ""Detachment"": ""4"", ""Family Security"": ""2"", ""Social Recognition"": ""2"", ""Unity With Nature"": ""4"", ""A Varied Life"": ""2"", ""Wisdom"": ""2"", ""Authority"": ""4"", ""True Friendship"": ""2"", ""A World of Beauty"": ""4"", ""Social Justice"": ""2"", ""Independent"": ""4"", ""Moderate"": ""4"", ""Loyal"": ""2"","
1001,Australia,Work Orientation,1,"{""Equality"": ""2"", ""Inner Harmony"": ""3"", ""Social Power"": ""4"", ""Pleasure"": ""3"", ""Freedom"": ""2"", ""A Spiritual Life"": ""3"", ""Sense of Belonging"": ""2"", ""Social Order"": ""3"", ""An Exciting Life"": ""3"", ""Meaning in Life"": ""3"", ""Politeness"": ""3"", ""Wealth"": ""3"", ""National Security"": ""3"", ""Self-Respect"": ""2"", ""Reciprocation of Favors"": ""3"", ""Creativity"": ""3"", ""A World at Peace"": ""3"", ""Respect for Tradition"": ""3"", ""Mature Love"": ""3"", ""Self-Discipline"": ""3"", ""Detachment"": ""3"", ""Family Security"": ""2"", ""Social Recognition"": ""3"", ""Unity With Nature"": ""3"", ""A Varied Life"": ""3"", ""Wisdom"": ""3"", ""Authority"": ""4"", ""True Friendship"": ""3"", ""A World of Beauty"": ""3"", ""Social Justice"": ""3"", ""Independent"": ""3"", ""Moderate"": ""3"", ""Loyal"": ""2"","
1002,Australia,Work Orientation,2,"{""Equality"": ""1"", ""Inner Harmony"": ""1"", ""Social Power"": ""1"", ""Pleasure"": ""1"", ""Freedom"": ""1"", ""A Spiritual Life"": ""1"", ""Sense of Belonging"": ""1"", ""Social Order"": ""1"", ""An Exciting Life"": ""1"", ""Meaning in Life"": ""1"", ""Politeness"": ""1"", ""Wealth"": ""1"", ""National Security"": ""1"", ""Self-Respect"": ""1"", ""Reciprocation of Favors"": ""1"", ""Creativity"": ""1"", ""A World at Peace"": ""1"", ""Respect for Tradition"": ""1"", ""Mature Love"": ""1"", ""Self-Discipline"": ""1"", ""Detachment"": ""1"", ""Family Security"": ""1"", ""Social Recognition"": ""1"", ""Unity With Nature"": ""1"", ""A Varied Life"": ""1"", ""Wisdom"": ""1"", ""Authority"": ""1"", ""True Friendship"": ""1"", ""A World of Beauty"": ""1"", ""Social Justice"": ""1"", ""Independent"": ""1"", ""Moderate"": ""1"", ""Loyal"": ""1"","
1003,Australia,Work Orientation,3,"{""Equality"": ""1"", ""Inner Harmony"": ""1"", ""Social Power"": ""4"", ""Pleasure"": ""1"", ""Freedom"": ""1"", ""A Spiritual Life"": ""1"", ""Sense of Belonging"": ""1"", ""Social Order"": ""1"", ""An Exciting Life"": ""1"", ""Meaning in Life"": ""1"", ""Politeness"": ""1"", ""Wealth"": ""4"", ""National Security"": ""1"", ""Self-Respect"": ""1"", ""Reciprocation of Favors"": ""1"", ""Creativity"": ""1"", ""A World at Peace"": ""1"", ""Respect for Tradition"": ""1"", ""Mature Love"": ""1"", ""Self-Discipline"": ""1"", ""Detachment"": ""1"", ""Family Security"": ""1"", ""Social Recognition"": ""1"", ""Unity With Nature"": ""1"", ""A Varied Life"": ""1"", ""Wisdom"": ""1"", ""Authority"": ""4"", ""True Friendship"": ""1"", ""A World of Beauty"": ""1"", ""Social Justice"": ""1"", ""Independent"": ""1"", ""Moderate"": ""1"", ""Loyal"": ""1"","
1004,Australia,Work Orientation,4,"{""Equality"": ""2"", ""Inner Harmony"": ""2"", ""Social Power"": ""4"", ""Pleasure"": ""2"", ""Freedom"": ""2"", ""A Spiritual Life"": ""4"", ""Sense of Belonging"": ""2"", ""Social Order"": ""2"", ""An Exciting Life"": ""2"", ""Meaning in Life"": ""2"", ""Politeness"": ""2"", ""Wealth"": ""4"", ""National Security"": ""4"", ""Self-Respect"": ""2"", ""Reciprocation of Favors"": ""2"", ""Creativity"": ""2"", ""A World at Peace"": ""2"", ""Respect for Tradition"": ""4"", ""Mature Love"": ""4"", ""Self-Discipline"": ""4"", ""Detachment"": ""4"", ""Family Security"": ""2"", ""Social Recognition"": ""2"", ""Unity With Nature"": ""4"", ""A Varied Life"": ""2"", ""Wisdom"": ""2"", ""Authority"": ""4"", ""True Friendship"": ""2"", ""A World of Beauty"": ""2"", ""Social Justice"": ""2"", ""Independent"": ""2"", ""Moderate"": ""2"", ""Loyal"": ""2"","
1005,Australia,Work Orientation,5,"{""Equality"": ""3"", ""Inner Harmony"": ""3"", ""Social Power"": ""4"", ""Pleasure"": ""3"", ""Freedom"": ""3"", ""A Spiritual Life"": ""4"", ""Sense of Belonging"": ""3"", ""Social Order"": ""3"", ""An Exciting Life"": ""3"", ""Meaning in Life"": ""3"", ""Politeness"": ""3"", ""Wealth"": ""4"", ""National Security"": ""3"", ""Self-Respect"": ""3"", ""Reciprocation of Favors"": ""3"", ""Creativity"": ""3"", ""A World at Peace"": ""3"", ""Respect for Tradition"": ""3"", ""Mature Love"": ""3"", ""Self-Discipline"": ""3"", ""Detachment"": ""3"", ""Family Security"": ""3"", ""Social Recognition"": ""3"", ""Unity With Nature"": ""3"", ""A Varied Life"": ""3"", ""Wisdom"": ""3"", ""Authority"": ""4"", ""True Friendship"": ""3"", ""A World of Beauty"": ""3"", ""Social Justice"": ""3"", ""Independent"": ""3"", ""Moderate"": ""3"", ""Loyal"": ""3"","
1006,Australia,Work Orientation,6,"{""Equality"": ""1"", ""Inner Harmony"": ""1"", ""Social Power"": ""1"", ""Pleasure"": ""1"", ""Freedom"": ""1"", ""A Spiritual Life"": ""1"", ""Sense of Belonging"": ""1"", ""Social Order"": ""1"", ""An Exciting Life"": ""1"", ""Meaning in Life"": ""1"", ""Politeness"": ""1"", ""Wealth"": ""1"", ""National Security"": ""1"", ""Self-Respect"": ""1"", ""Reciprocation of Favors"": ""1"", ""Creativity"": ""1"", ""A World at Peace"": ""1"", ""Respect for Tradition"": ""1"", ""Mature Love"": ""1"", ""Self-Discipline"": ""1"", ""Detachment"": ""1"", ""Family Security"": ""1"", ""Social Recognition"": ""1"", ""Unity With Nature"": ""1"", ""A Varied Life"": ""1"", ""Wisdom"": ""1"", ""Authority"": ""1"", ""True Friendship"": ""1"", ""A World of Beauty"": ""1"", ""Social Justice"": ""1"", ""Independent"": ""1"", ""Moderate"": ""1"", ""Loyal"": ""1"","
1007,Australia,Work Orientation,7,"{""Equality"": ""1"", ""Inner Harmony"": ""1"", ""Social Power"": ""4"", ""Pleasure"": ""1"", ""Freedom"": ""1"", ""A Spiritual Life"": ""1"", ""Sense of Belonging"": ""1"", ""Social Order"": ""1"", ""An Exciting Life"": ""1"", ""Meaning in Life"": ""1"", ""Politeness"": ""1"", ""Wealth"": ""4"", ""National Security"": ""1"", ""Self-Respect"": ""1"", ""Reciprocation of Favors"": ""1"", ""Creativity"": ""1"", ""A World at Peace"": ""1"", ""Respect for Tradition"": ""1"", ""Mature Love"": ""1"", ""Self-Discipline"": ""1"", ""Detachment"": ""4"", ""Family Security"": ""1"", ""Social Recognition"": ""1"", ""Unity With Nature"": ""1"", ""A Varied Life"": ""1"", ""Wisdom"": ""1"", ""Authority"": ""4"", ""True Friendship"": ""1"", ""A World of Beauty"": ""1"", ""Social Justice"": ""1"", ""Independent"": ""1"", ""Moderate"": ""1"", ""Loyal"": ""1"","
1008,Australia,Religion,0,"{""Equality"": ""2"", ""Inner Harmony"": ""2"", ""Social Power"": ""4"", ""Pleasure"": ""2"", ""Freedom"": ""2"", ""A Spiritual Life"": ""2"", ""Sense of Belonging"": ""2"", ""Social Order"": ""2"", ""An Exciting Life"": ""2"", ""Meaning in Life"": ""2"", ""Politeness"": ""2"", ""Wealth"": ""4"", ""National Security"": ""2"", ""Self-Respect"": ""2"", ""Reciprocation of Favors"": ""2"", ""Creativity"": ""2"", ""A World at Peace"": ""2"", ""Respect for Tradition"": ""2"", ""Mature Love"": ""2"", ""Self-Discipline"": ""2"", ""Detachment"": ""2"", ""Family Security"": ""2"", ""Social Recognition"": ""2"", ""Unity With Nature"": ""2"", ""A Varied Life"": ""2"", ""Wisdom"": ""2"", ""Authority"": ""4"", ""True Friendship"": ""2"", ""A World of Beauty"": ""2"", ""Social Justice"": ""2"", ""Independent"": ""2"", ""Moderate"": ""2"", ""Loyal"": ""2"","
1009,Australia,Religion,1,"{""Equality"": ""2"", ""Inner Harmony"": ""2"", ""Social Power"": ""4"", ""Pleasure"": ""2"", ""Freedom"": ""2"", ""A Spiritual Life"": ""2"", ""Sense of Belonging"": ""2"", ""Social Order"": ""2"", ""An Exciting Life"": ""2"", ""Meaning in Life"": ""2"", ""Politeness"": ""2"", ""Wealth"": ""4"", ""National Security"": ""2"", ""Self-Respect"": ""2"", ""Reciprocation of Favors"": ""2"", ""Creativity"": ""2"", ""A World at Peace"": ""2"", ""Respect for Tradition"": ""2"", ""Mature Love"": ""2"", ""Self-Discipline"": ""2"", ""Detachment"": ""2"", ""Family Security"": ""2"", ""Social Recognition"": ""2"", ""Unity With Nature"": ""2"", ""A Varied Life"": ""2"", ""Wisdom"": ""2"", ""Authority"": ""4"", ""True Friendship"": ""2"", ""A World of Beauty"": ""2"", ""Social Justice"": ""2"", ""Independent"": ""2"", ""Moderate"": ""2"", ""Loyal"": ""2"","
1010,Australia,Religion,2,"{""Equality"": ""1"", ""Inner Harmony"": ""1"", ""Social Power"": ""1"", ""Pleasure"": ""1"", ""Freedom"": ""1"", ""A Spiritual Life"": ""1"", ""Sense of Belonging"": ""1"", ""Social Order"": ""1"", ""An Exciting Life"": ""1"", ""Meaning in Life"": ""1"", ""Politeness"": ""1"", ""Wealth"": ""1"", ""National Security"": ""1"", ""Self-Respect"": ""1"", ""Reciprocation of Favors"": ""1"", ""Creativity"": ""1"", ""A World at Peace"": ""1"", ""Respect for Tradition"": ""1"", ""Mature Love"": ""1"", ""Self-Discipline"": ""1"", ""Detachment"": ""1"", ""Family Security"": ""1"", ""Social Recognition"": ""1"", ""Unity With Nature"": ""1"", ""A Varied Life"": ""1"", ""Wisdom"": ""1"", ""Authority"": ""1"", ""True Friendship"": ""1"", ""A World of Beauty"": ""1"", ""Social Justice"": ""1"", ""Independent"": ""1"", ""Moderate"": ""1"", ""Loyal"": ""1"","
1011,Australia,Religion,3,"{""Equality"": ""4"", ""Inner Harmony"": ""4"", ""Social Power"": ""4"", ""Pleasure"": ""4"", ""Freedom"": ""4"", ""A Spiritual Life"": ""4"", ""Sense of Belonging"": ""4"", ""Social Order"": ""4"", ""An Exciting Life"": ""4"", ""Meaning in Life"": ""4"", ""Politeness"": ""4"", ""Wealth"": ""4"", ""National Security"": ""4"", ""Self-Respect"": ""4"", ""Reciprocation of Favors"": ""4"", ""Creativity"": ""4"", ""A World at Peace"": ""4"", ""Respect for Tradition"": ""4"", ""Mature Love"": ""4"", ""Self-Discipline"": ""4"", ""Detachment"": ""4"", ""Family Security"": ""4"", ""Social Recognition"": ""4"", ""Unity With Nature"": ""4"", ""A Varied Life"": ""4"", ""Wisdom"": ""4"", ""Authority"": ""4"", ""True Friendship"": ""4"", ""A World of Beauty"": ""4"", ""Social Justice"": ""4"", ""Independent"": ""4"", ""Moderate"": ""4"", ""Loyal"": ""4"","
1012,Australia,Religion,4,"{""Equality"": ""2"", ""Inner Harmony"": ""2"", ""Social Power"": ""4"", ""Pleasure"": ""2"", ""Freedom"": ""2"", ""A Spiritual Life"": ""2"", ""Sense of Belonging"": ""2"", ""Social Order"": ""2"", ""An Exciting Life"": ""2"", ""Meaning in Life"": ""2"", ""Politeness"": ""2"", ""Wealth"": ""4"", ""National Security"": ""2"", ""Self-Respect"": ""2"", ""Reciprocation of Favors"": ""2"", ""Creativity"": ""2"", ""A World at Peace"": ""2"", ""Respect for Tradition"": ""2"", ""Mature Love"": ""2"", ""Self-Discipline"": ""2"", ""Detachment"": ""2"", ""Family Security"": ""2"", ""Social Recognition"": ""2"", ""Unity With Nature"": ""2"", ""A Varied Life"": ""2"", ""Wisdom"": ""2"", ""Authority"": ""4"", ""True Friendship"": ""2"", ""A World of Beauty"": ""2"", ""Social Justice"": ""2"", ""Independent"": ""2"", ""Moderate"": ""2"", ""Loyal"": ""2"","
1013,Australia,Religion,5,"{""Equality"": ""3"", ""Inner Harmony"": ""3"", ""Social Power"": ""3"", ""Pleasure"": ""3"", ""Freedom"": ""3"", ""A Spiritual Life"": ""3"", ""Sense of Belonging"": ""3"", ""Social Order"": ""3"", ""An Exciting Life"": ""3"", ""Meaning in Life"": ""3"", ""Politeness"": ""3"", ""Wealth"": ""3"", ""National Security"": ""3"", ""Self-Respect"": ""3"", ""Reciprocation of Favors"": ""3"", ""Creativity"": ""3"", ""A World at Peace"": ""3"", ""Respect for Tradition"": ""3"", ""Mature Love"": ""3"", ""Self-Discipline"": ""3"", ""Detachment"": ""3"", ""Family Security"": ""3"", ""Social Recognition"": ""3"", ""Unity With Nature"": ""3"", ""A Varied Life"": ""3"", ""Wisdom"": ""3"", ""Authority"": ""3"", ""True Friendship"": ""3"", ""A World of Beauty"": ""3"", ""Social Justice"": ""3"", ""Independent"": ""3"", ""Moderate"": ""3"", ""Loyal"": ""3"","
1014,Australia,Religion,6,"{""Equality"": ""2"", ""Inner Harmony"": ""2"", ""Social Power"": ""4"", ""Pleasure"": ""2"", ""Freedom"": ""2"", ""A Spiritual Life"": ""4"", ""Sense of Belonging"": ""2"", ""Social Order"": ""4"", ""An Exciting Life"": ""2"", ""Meaning in Life"": ""2"", ""Politeness"": ""2"", ""Wealth"": ""4"", ""National Security"": ""4"", ""Self-Respect"": ""2"", ""Reciprocation of Favors"": ""2"", ""Creativity"": ""2"", ""A World at Peace"": ""2"", ""Respect for Tradition"": ""4"", ""Mature Love"": ""2"", ""Self-Discipline"": ""4"", ""Detachment"": ""2"", ""Family Security"": ""2"", ""Social Recognition"": ""2"", ""Unity With Nature"": ""2"", ""A Varied Life"": ""2"", ""Wisdom"": ""2"", ""Authority"": ""4"", ""True Friendship"": ""2"", ""A World of Beauty"": ""2"", ""Social Justice"": ""2"", ""Independent"": ""2"", ""Moderate"": ""2"", ""Loyal"": ""2"","
1015,Australia,Religion,7,"{""Equality"": ""1"", ""Inner Harmony"": ""1"", ""Social Power"": ""4"", ""Pleasure"": ""4"", ""Freedom"": ""1"", ""A Spiritual Life"": ""4"", ""Sense of Belonging"": ""4"", ""Social Order"": ""4"", ""An Exciting Life"": ""4"", ""Meaning in Life"": ""4"", ""Politeness"": ""4"", ""Wealth"": ""4"", ""National Security"": ""4"", ""Self-Respect"": ""1"", ""Reciprocation of Favors"": ""4"", ""Creativity"": ""4"", ""A World at Peace"": ""4"", ""Respect for Tradition"": ""4"", ""Mature Love"": ""4"", ""Self-Discipline"": ""4"", ""Detachment"": ""4"", ""Family Security"": ""4"", ""Social Recognition"": ""4"", ""Unity With Nature"": ""4"", ""A Varied Life"": ""4"", ""Wisdom"": ""4"", ""Authority"": ""4"", ""True Friendship"": ""4"", ""A World of Beauty"": ""4"", ""Social Justice"": ""4"", ""Independent"": ""4"", ""Moderate"": ""4"", ""Loyal"": ""4"","
1016,Australia,Environment,0,"{""Equality"": ""2"", ""Inner Harmony"": ""2"", ""Social Power"": ""4"", ""Pleasure"": ""2"", ""Freedom"": ""2"", ""A Spiritual Life"": ""2"", ""Sense of Belonging"": ""2"", ""Social Order"": ""2"", ""An Exciting Life"": ""2"", ""Meaning in Life"": ""2"", ""Politeness"": ""2"", ""Wealth"": ""4"", ""National Security"": ""4"", ""Self-Respect"": ""2"", ""Reciprocation of Favors"": ""2"", ""Creativity"": ""2"", ""A World at Peace"": ""2"", ""Respect for Tradition"": ""2"", ""Mature Love"": ""2"", ""Self-Discipline"": ""2"", ""Detachment"": ""2"", ""Family Security"": ""2"", ""Social Recognition"": ""2"", ""Unity With Nature"": ""2"", ""A Varied Life"": ""2"", ""Wisdom"": ""2"", ""Authority"": ""4"", ""True Friendship"": ""2"", ""A World of Beauty"": ""2"", ""Social Justice"": ""2"", ""Independent"": ""2"", ""Moderate"": ""2"", ""Loyal"": ""2"","
1017,Australia,Environment,1,"{""Equality"": ""2"", ""Inner Harmony"": ""2"", ""Social Power"": ""4"", ""Pleasure"": ""2"", ""Freedom"": ""2"", ""A Spiritual Life"": ""2"", ""Sense of Belonging"": ""2"", ""Social Order"": ""2"", ""An Exciting Life"": ""2"", ""Meaning in Life"": ""2"", ""Politeness"": ""2"", ""Wealth"": ""4"", ""National Security"": ""2"", ""Self-Respect"": ""2"", ""Reciprocation of Favors"": ""2"", ""Creativity"": ""2"", ""A World at Peace"": ""2"", ""Respect for Tradition"": ""2"", ""Mature Love"": ""2"", ""Self-Discipline"": ""2"", ""Detachment"": ""2"", ""Family Security"": ""2"", ""Social Recognition"": ""2"", ""Unity With Nature"": ""2"", ""A Varied Life"": ""2"", ""Wisdom"": ""2"", ""Authority"": ""4"", ""True Friendship"": ""2"", ""A World of Beauty"": ""2"", ""Social Justice"": ""2"", ""Independent"": ""2"", ""Moderate"": ""2"", ""Loyal"": ""2"","
1018,Australia,Environment,2,"{""Equality"": ""1"", ""Inner Harmony"": ""1"", ""Social Power"": ""1"", ""Pleasure"": ""1"", ""Freedom"": ""1"", ""A Spiritual Life"": ""1"", ""Sense of Belonging"": ""1"", ""Social Order"": ""1"", ""An Exciting Life"": ""1"", ""Meaning in Life"": ""1"", ""Politeness"": ""1"", ""Wealth"": ""1"", ""National Security"": ""1"", ""Self-Respect"": ""1"", ""Reciprocation of Favors"": ""1"", ""Creativity"": ""1"", ""A World at Peace"": ""1"", ""Respect for Tradition"": ""1"", ""Mature Love"": ""1"", ""Self-Discipline"": ""1"", ""Detachment"": ""1"", ""Family Security"": ""1"", ""Social Recognition"": ""1"", ""Unity With Nature"": ""1"", ""A Varied Life"": ""1"", ""Wisdom"": ""1"", ""Authority"": ""1"", ""True Friendship"": ""1"", ""A World of Beauty"": ""1"", ""Social Justice"": ""1"", ""Independent"": ""1"", ""Moderate"": ""1"", ""Loyal"": ""1"","
1019,Australia,Environment,3,"{""Equality"": ""1"", ""Inner Harmony"": ""1"", ""Social Power"": ""4"", ""Pleasure"": ""2"", ""Freedom"": ""1"", ""A Spiritual Life"": ""1"", ""Sense of Belonging"": ""1"", ""Social Order"": ""1"", ""An Exciting Life"": ""2"", ""Meaning in Life"": ""1"", ""Politeness"": ""2"", ""Wealth"": ""2"", ""National Security"": ""1"", ""Self-Respect"": ""1"", ""Reciprocation of Favors"": ""2"", ""Creativity"": ""2"", ""A World at Peace"": ""1"", ""Respect for Tradition"": ""2"", ""Mature Love"": ""2"", ""Self-Discipline"": ""2"", ""Detachment"": ""2"", ""Family Security"": ""1"", ""Social Recognition"": ""2"", ""Unity With Nature"": ""2"", ""A Varied Life"": ""2"", ""Wisdom"": ""2"", ""Authority"": ""4"", ""True Friendship"": ""2"", ""A World of Beauty"": ""2"", ""Social Justice"": ""1"", ""Independent"": ""2"", ""Moderate"": ""2"", ""Loyal"": ""2"","
1020,Australia,Environment,4,"{""Equality"": ""2"", ""Inner Harmony"": ""2"", ""Social Power"": ""4"", ""Pleasure"": ""2"", ""Freedom"": ""2"", ""A Spiritual Life"": ""2"", ""Sense of Belonging"": ""2"", ""Social Order"": ""2"", ""An Exciting Life"": ""2"", ""Meaning in Life"": ""2"", ""Politeness"": ""2"", ""Wealth"": ""4"", ""National Security"": ""4"", ""Self-Respect"": ""2"", ""Reciprocation of Favors"": ""2"", ""Creativity"": ""2"", ""A World at Peace"": ""2"", ""Respect for Tradition"": ""2"", ""Mature Love"": ""2"", ""Self-Discipline"": ""2"", ""Detachment"": ""2"", ""Family Security"": ""2"", ""Social Recognition"": ""2"", ""Unity With Nature"": ""2"", ""A Varied Life"": ""2"", ""Wisdom"": ""2"", ""Authority"": ""4"", ""True Friendship"": ""2"", ""A World of Beauty"": ""2"", ""Social Justice"": ""2"", ""Independent"": ""2"", ""Moderate"": ""2"", ""Loyal"": ""2"","
1021,Australia,Environment,5,"{""Equality"": ""2"", ""Inner Harmony"": ""2"", ""Social Power"": ""4"", ""Pleasure"": ""2"", ""Freedom"": ""2"", ""A Spiritual Life"": ""2"", ""Sense of Belonging"": ""2"", ""Social Order"": ""2"", ""An Exciting Life"": ""2"", ""Meaning in Life"": ""2"", ""Politeness"": ""2"", ""Wealth"": ""4"", ""National Security"": ""2"", ""Self-Respect"": ""2"", ""Reciprocation of Favors"": ""2"", ""Creativity"": ""2"", ""A World at Peace"": ""2"", ""Respect for Tradition"": ""2"", ""Mature Love"": ""2"", ""Self-Discipline"": ""2"", ""Detachment"": ""2"", ""Family Security"": ""2"", ""Social Recognition"": ""2"", ""Unity With Nature"": ""2"", ""A Varied Life"": ""2"", ""Wisdom"": ""2"", ""Authority"": ""4"", ""True Friendship"": ""2"", ""A World of Beauty"": ""2"", ""Social Justice"": ""2"", ""Independent"": ""2"", ""Moderate"": ""2"", ""Loyal"": ""2"","
1022,Australia,Environment,6,"{""Equality"": ""2"", ""Inner Harmony"": ""2"", ""Social Power"": ""2"", ""Pleasure"": ""2"", ""Freedom"": ""2"", ""A Spiritual Life"": ""2"", ""Sense of Belonging"": ""2"", ""Social Order"": ""2"", ""An Exciting Life"": ""2"", ""Meaning in Life"": ""2"", ""Politeness"": ""2"", ""Wealth"": ""2"", ""National Security"": ""2"", ""Self-Respect"": ""2"", ""Reciprocation of Favors"": ""2"", ""Creativity"": ""2"", ""A World at Peace"": ""2"", ""Respect for Tradition"": ""2"", ""Mature Love"": ""2"", ""Self-Discipline"": ""2"", ""Detachment"": ""2"", ""Family Security"": ""2"", ""Social Recognition"": ""2"", ""Unity With Nature"": ""2"", ""A Varied Life"": ""2"", ""Wisdom"": ""2"", ""Authority"": ""2"", ""True Friendship"": ""2"", ""A World of Beauty"": ""2"", ""Social Justice"": ""2"", ""Independent"": ""2"", ""Moderate"": ""2"", ""Loyal"": ""2"","
1023,Australia,Environment,7,"{""Equality"": ""4"", ""Inner Harmony"": ""4"", ""Social Power"": ""4"", ""Pleasure"": ""4"", ""Freedom"": ""4"", ""A Spiritual Life"": ""4"", ""Sense of Belonging"": ""4"", ""Social Order"": ""4"", ""An Exciting Life"": ""4"", ""Meaning in Life"": ""4"", ""Politeness"": ""4"", ""Wealth"": ""4"", ""National Security"": ""4"", ""Self-Respect"": ""4"", ""Reciprocation of Favors"": ""4"", ""Creativity"": ""4"", ""A World at Peace"": ""4"", ""Respect for Tradition"": ""4"", ""Mature Love"": ""4"", ""Self-Discipline"": ""4"", ""Detachment"": ""4"", ""Family Security"": ""4"", ""Social Recognition"": ""4"", ""Unity With Nature"": ""4"", ""A Varied Life"": ""4"", ""Wisdom"": ""4"", ""Authority"": ""4"", ""True Friendship"": ""4"", ""A World of Beauty"": ""4"", ""Social Justice"": ""4"", ""Independent"": ""4"", ""Moderate"": ""4"", ""Loyal"": ""4"","
1024,Australia,National Identity,0,"{""Equality"": ""2"", ""Inner Harmony"": ""2"", ""Social Power"": ""4"", ""Pleasure"": ""2"", ""Freedom"": ""2"", ""A Spiritual Life"": ""2"", ""Sense of Belonging"": ""2"", ""Social Order"": ""2"", ""An Exciting Life"": ""2"", ""Meaning in Life"": ""2"", ""Politeness"": ""2"", ""Wealth"": ""4"", ""National Security"": ""2"", ""Self-Respect"": ""2"", ""Reciprocation of Favors"": ""2"", ""Creativity"": ""2"", ""A World at Peace"": ""2"", ""Respect for Tradition"": ""2"", ""Mature Love"": ""2"", ""Self-Discipline"": ""2"", ""Detachment"": ""2"", ""Family Security"": ""2"", ""Social Recognition"": ""2"", ""Unity With Nature"": ""2"", ""A Varied Life"": ""2"", ""Wisdom"": ""2"", ""Authority"": ""4"", ""True Friendship"": ""2"", ""A World of Beauty"": ""2"", ""Social Justice"": ""2"", ""Independent"": ""2"", ""Moderate"": ""2"", ""Loyal"": ""2"","
1025,Australia,National Identity,1,"{""Equality"": ""2"", ""Inner Harmony"": ""3"", ""Social Power"": ""4"", ""Pleasure"": ""3"", ""Freedom"": ""2"", ""A Spiritual Life"": ""4"", ""Sense of Belonging"": ""2"", ""Social Order"": ""3"", ""An Exciting Life"": ""3"", ""Meaning in Life"": ""2"", ""Politeness"": ""2"", ""Wealth"": ""3"", ""National Security"": ""2"", ""Self-Respect"": ""2"", ""Reciprocation of Favors"": ""2"", ""Creativity"": ""3"", ""A World at Peace"": ""2"", ""Respect for Tradition"": ""3"", ""Mature Love"": ""3"", ""Self-Discipline"": ""3"", ""Detachment"": ""3"", ""Family Security"": ""2"", ""Social Recognition"": ""2"", ""Unity With Nature"": ""3"", ""A Varied Life"": ""3"", ""Wisdom"": ""3"", ""Authority"": ""4"", ""True Friendship"": ""2"", ""A World of Beauty"": ""3"", ""Social Justice"": ""2"", ""Independent"": ""2"", ""Moderate"": ""3"", ""Loyal"": ""2"","
1026,Australia,National Identity,2,"{""Equality"": ""1"", ""Inner Harmony"": ""1"", ""Social Power"": ""1"", ""Pleasure"": ""1"", ""Freedom"": ""1"", ""A Spiritual Life"": ""1"", ""Sense of Belonging"": ""1"", ""Social Order"": ""1"", ""An Exciting Life"": ""1"", ""Meaning in Life"": ""1"", ""Politeness"": ""1"", ""Wealth"": ""1"", ""National Security"": ""1"", ""Self-Respect"": ""1"", ""Reciprocation of Favors"": ""1"", ""Creativity"": ""1"", ""A World at Peace"": ""1"", ""Respect for Tradition"": ""1"", ""Mature Love"": ""1"", ""Self-Discipline"": ""1"", ""Detachment"": ""1"", ""Family Security"": ""1"", ""Social Recognition"": ""1"", ""Unity With Nature"": ""1"", ""A Varied Life"": ""1"", ""Wisdom"": ""1"", ""Authority"": ""1"", ""True Friendship"": ""1"", ""A World of Beauty"": ""1"", ""Social Justice"": ""1"", ""Independent"": ""1"", ""Moderate"": ""1"", ""Loyal"": ""1"","
1027,Australia,National Identity,3,"{""Equality"": ""1"", ""Inner Harmony"": ""1"", ""Social Power"": ""1"", ""Pleasure"": ""1"", ""Freedom"": ""1"", ""A Spiritual Life"": ""1"", ""Sense of Belonging"": ""1"", ""Social Order"": ""1"", ""An Exciting Life"": ""1"", ""Meaning in Life"": ""1"", ""Politeness"": ""1"", ""Wealth"": ""1"", ""National Security"": ""1"", ""Self-Respect"": ""1"", ""Reciprocation of Favors"": ""1"", ""Creativity"": ""1"", ""A World at Peace"": ""1"", ""Respect for Tradition"": ""1"", ""Mature Love"": ""1"", ""Self-Discipline"": ""1"", ""Detachment"": ""1"", ""Family Security"": ""1"", ""Social Recognition"": ""1"", ""Unity With Nature"": ""1"", ""A Varied Life"": ""1"", ""Wisdom"": ""1"", ""Authority"": ""1"", ""True Friendship"": ""1"", ""A World of Beauty"": ""1"", ""Social Justice"": ""1"", ""Independent"": ""1"", ""Moderate"": ""1"", ""Loyal"": ""1"","
1028,Australia,National Identity,4,"{""Equality"": ""2"", ""Inner Harmony"": ""2"", ""Social Power"": ""4"", ""Pleasure"": ""2"", ""Freedom"": ""2"", ""A Spiritual Life"": ""2"", ""Sense of Belonging"": ""2"", ""Social Order"": ""2"", ""An Exciting Life"": ""2"", ""Meaning in Life"": ""2"", ""Politeness"": ""2"", ""Wealth"": ""4"", ""National Security"": ""2"", ""Self-Respect"": ""2"", ""Reciprocation of Favors"": ""2"", ""Creativity"": ""2"", ""A World at Peace"": ""2"", ""Respect for Tradition"": ""2"", ""Mature Love"": ""2"", ""Self-Discipline"": ""2"", ""Detachment"": ""2"", ""Family Security"": ""2"", ""Social Recognition"": ""2"", ""Unity With Nature"": ""2"", ""A Varied Life"": ""2"", ""Wisdom"": ""2"", ""Authority"": ""4"", ""True Friendship"": ""2"", ""A World of Beauty"": ""2"", ""Social Justice"": ""2"", ""Independent"": ""2"", ""Moderate"": ""2"", ""Loyal"": ""2"","
1029,Australia,National Identity,5,"{""Equality"": ""2"", ""Inner Harmony"": ""2"", ""Social Power"": ""4"", ""Pleasure"": ""2"", ""Freedom"": ""2"", ""A Spiritual Life"": ""2"", ""Sense of Belonging"": ""2"", ""Social Order"": ""2"", ""An Exciting Life"": ""2"", ""Meaning in Life"": ""2"", ""Politeness"": ""2"", ""Wealth"": ""2"", ""National Security"": ""2"", ""Self-Respect"": ""2"", ""Reciprocation of Favors"": ""2"", ""Creativity"": ""2"", ""A World at Peace"": ""2"", ""Respect for Tradition"": ""2"", ""Mature Love"": ""2"", ""Self-Discipline"": ""2"", ""Detachment"": ""2"", ""Family Security"": ""2"", ""Social Recognition"": ""2"", ""Unity With Nature"": ""2"", ""A Varied Life"": ""2"", ""Wisdom"": ""2"", ""Authority"": ""4"", ""True Friendship"": ""2"", ""A World of Beauty"": ""2"", ""Social Justice"": ""2"", ""Independent"": ""2"", ""Moderate"": ""2"", ""Loyal"": ""2"","
1030,Australia,National Identity,6,"{""Equality"": ""2"", ""Inner Harmony"": ""2"", ""Social Power"": ""2"", ""Pleasure"": ""2"", ""Freedom"": ""2"", ""A Spiritual Life"": ""2"", ""Sense of Belonging"": ""2"", ""Social Order"": ""2"", ""An Exciting Life"": ""2"", ""Meaning in Life"": ""2"", ""Politeness"": ""2"", ""Wealth"": ""2"", ""National Security"": ""2"", ""Self-Respect"": ""2"", ""Reciprocation of Favors"": ""2"", ""Creativity"": ""2"", ""A World at Peace"": ""2"", ""Respect for Tradition"": ""2"", ""Mature Love"": ""2"", ""Self-Discipline"": ""2"", ""Detachment"": ""2"", ""Family Security"": ""2"", ""Social Recognition"": ""2"", ""Unity With Nature"": ""2"", ""A Varied Life"": ""2"", ""Wisdom"": ""2"", ""Authority"": ""2"", ""True Friendship"": ""2"", ""A World of Beauty"": ""2"", ""Social Justice"": ""2"", ""Independent"": ""2"", ""Moderate"": ""2"", ""Loyal"": ""2"","
1031,Australia,National Identity,7,"{""Equality"": ""1"", ""Inner Harmony"": ""1"", ""Social Power"": ""4"", ""Pleasure"": ""4"", ""Freedom"": ""1"", ""A Spiritual Life"": ""4"", ""Sense of Belonging"": ""1"", ""Social Order"": ""4"", ""An Exciting Life"": ""4"", ""Meaning in Life"": ""1"", ""Politeness"": ""4"", ""Wealth"": ""4"", ""National Security"": ""4"", ""Self-Respect"": ""1"", ""Reciprocation of Favors"": ""4"", ""Creativity"": ""4"", ""A World at Peace"": ""1"", ""Respect for Tradition"": ""4"", ""Mature Love"": ""4"", ""Self-Discipline"": ""4"", ""Detachment"": ""4"", ""Family Security"": ""1"", ""Social Recognition"": ""4"", ""Unity With Nature"": ""4"", ""A Varied Life"": ""4"", ""Wisdom"": ""1"", ""Authority"": ""4"", ""True Friendship"": ""1"", ""A World of Beauty"": ""4"", ""Social Justice"": ""1"", ""Independent"": ""4"", ""Moderate"": ""4"", ""Loyal"": ""4"","
1032,Australia,Citizenship,0,"{""Equality"": ""2"", ""Inner Harmony"": ""2"", ""Social Power"": ""4"", ""Pleasure"": ""2"", ""Freedom"": ""2"", ""A Spiritual Life"": ""2"", ""Sense of Belonging"": ""2"", ""Social Order"": ""2"", ""An Exciting Life"": ""2"", ""Meaning in Life"": ""2"", ""Politeness"": ""2"", ""Wealth"": ""4"", ""National Security"": ""2"", ""Self-Respect"": ""2"", ""Reciprocation of Favors"": ""2"", ""Creativity"": ""2"", ""A World at Peace"": ""2"", ""Respect for Tradition"": ""2"", ""Mature Love"": ""2"", ""Self-Discipline"": ""2"", ""Detachment"": ""2"", ""Family Security"": ""2"", ""Social Recognition"": ""2"", ""Unity With Nature"": ""2"", ""A Varied Life"": ""2"", ""Wisdom"": ""2"", ""Authority"": ""4"", ""True Friendship"": ""2"", ""A World of Beauty"": ""2"", ""Social Justice"": ""2"", ""Independent"": ""2"", ""Moderate"": ""2"", ""Loyal"": ""2"","
1033,Australia,Citizenship,1,"{""Equality"": ""2"", ""Inner Harmony"": ""2"", ""Social Power"": ""4"", ""Pleasure"": ""2"", ""Freedom"": ""2"", ""A Spiritual Life"": ""2"", ""Sense of Belonging"": ""2"", ""Social Order"": ""2"", ""An Exciting Life"": ""2"", ""Meaning in Life"": ""2"", ""Politeness"": ""2"", ""Wealth"": ""2"", ""National Security"": ""2"", ""Self-Respect"": ""2"", ""Reciprocation of Favors"": ""2"", ""Creativity"": ""2"", ""A World at Peace"": ""2"", ""Respect for Tradition"": ""2"", ""Mature Love"": ""2"", ""Self-Discipline"": ""2"", ""Detachment"": ""2"", ""Family Security"": ""2"", ""Social Recognition"": ""2"", ""Unity With Nature"": ""2"", ""A Varied Life"": ""2"", ""Wisdom"": ""2"", ""Authority"": ""4"", ""True Friendship"": ""2"", ""A World of Beauty"": ""2"", ""Social Justice"": ""2"", ""Independent"": ""2"", ""Moderate"": ""2"", ""Loyal"": ""2"","
1034,Australia,Citizenship,2,"{""Equality"": ""1"", ""Inner Harmony"": ""1"", ""Social Power"": ""1"", ""Pleasure"": ""1"", ""Freedom"": ""1"", ""A Spiritual Life"": ""1"", ""Sense of Belonging"": ""1"", ""Social Order"": ""1"", ""An Exciting Life"": ""1"", ""Meaning in Life"": ""1"", ""Politeness"": ""1"", ""Wealth"": ""1"", ""National Security"": ""1"", ""Self-Respect"": ""1"", ""Reciprocation of Favors"": ""1"", ""Creativity"": ""1"", ""A World at Peace"": ""1"", ""Respect for Tradition"": ""1"", ""Mature Love"": ""1"", ""Self-Discipline"": ""1"", ""Detachment"": ""1"", ""Family Security"": ""1"", ""Social Recognition"": ""1"", ""Unity With Nature"": ""1"", ""A Varied Life"": ""1"", ""Wisdom"": ""1"", ""Authority"": ""1"", ""True Friendship"": ""1"", ""A World of Beauty"": ""1"", ""Social Justice"": ""1"", ""Independent"": ""1"", ""Moderate"": ""1"", ""Loyal"": ""1"","
1035,Australia,Citizenship,3,"{""Equality"": ""1"", ""Inner Harmony"": ""2"", ""Social Power"": ""4"", ""Pleasure"": ""2"", ""Freedom"": ""1"", ""A Spiritual Life"": ""4"", ""Sense of Belonging"": ""2"", ""Social Order"": ""4"", ""An Exciting Life"": ""2"", ""Meaning in Life"": ""1"", ""Politeness"": ""2"", ""Wealth"": ""4"", ""National Security"": ""4"", ""Self-Respect"": ""1"", ""Reciprocation of Favors"": ""4"", ""Creativity"": ""2"", ""A World at Peace"": ""1"", ""Respect for Tradition"": ""4"", ""Mature Love"": ""4"", ""Self-Discipline"": ""4"", ""Detachment"": ""4"", ""Family Security"": ""2"", ""Social Recognition"": ""2"", ""Unity With Nature"": ""4"", ""A Varied Life"": ""2"", ""Wisdom"": ""1"", ""Authority"": ""4"", ""True Friendship"": ""2"", ""A World of Beauty"": ""2"", ""Social Justice"": ""1"", ""Independent"": ""2"", ""Moderate"": ""4"", ""Loyal"": ""2"","
1036,Australia,Citizenship,4,"{""Equality"": ""2"", ""Inner Harmony"": ""2"", ""Social Power"": ""4"", ""Pleasure"": ""2"", ""Freedom"": ""2"", ""A Spiritual Life"": ""2"", ""Sense of Belonging"": ""2"", ""Social Order"": ""2"", ""An Exciting Life"": ""2"", ""Meaning in Life"": ""2"", ""Politeness"": ""2"", ""Wealth"": ""4"", ""National Security"": ""2"", ""Self-Respect"": ""2"", ""Reciprocation of Favors"": ""2"", ""Creativity"": ""2"", ""A World at Peace"": ""2"", ""Respect for Tradition"": ""2"", ""Mature Love"": ""2"", ""Self-Discipline"": ""2"", ""Detachment"": ""2"", ""Family Security"": ""2"", ""Social Recognition"": ""2"", ""Unity With Nature"": ""2"", ""A Varied Life"": ""2"", ""Wisdom"": ""2"", ""Authority"": ""4"", ""True Friendship"": ""2"", ""A World of Beauty"": ""2"", ""Social Justice"": ""2"", ""Independent"": ""2"", ""Moderate"": ""2"", ""Loyal"": ""2"","
1037,Australia,Citizenship,5,"{""Equality"": ""2"", ""Inner Harmony"": ""2"", ""Social Power"": ""4"", ""Pleasure"": ""2"", ""Freedom"": ""2"", ""A Spiritual Life"": ""2"", ""Sense of Belonging"": ""2"", ""Social Order"": ""2"", ""An Exciting Life"": ""2"", ""Meaning in Life"": ""2"", ""Politeness"": ""2"", ""Wealth"": ""2"", ""National Security"": ""2"", ""Self-Respect"": ""2"", ""Reciprocation of Favors"": ""2"", ""Creativity"": ""2"", ""A World at Peace"": ""2"", ""Respect for Tradition"": ""2"", ""Mature Love"": ""2"", ""Self-Discipline"": ""2"", ""Detachment"": ""2"", ""Family Security"": ""2"", ""Social Recognition"": ""2"", ""Unity With Nature"": ""2"", ""A Varied Life"": ""2"", ""Wisdom"": ""2"", ""Authority"": ""4"", ""True Friendship"": ""2"", ""A World of Beauty"": ""2"", ""Social Justice"": ""2"", ""Independent"": ""2"", ""Moderate"": ""2"", ""Loyal"": ""2"","
1038,Australia,Citizenship,6,"{""Equality"": ""2"", ""Inner Harmony"": ""2"", ""Social Power"": ""2"", ""Pleasure"": ""2"", ""Freedom"": ""2"", ""A Spiritual Life"": ""2"", ""Sense of Belonging"": ""2"", ""Social Order"": ""2"", ""An Exciting Life"": ""2"", ""Meaning in Life"": ""2"", ""Politeness"": ""2"", ""Wealth"": ""2"", ""National Security"": ""2"", ""Self-Respect"": ""2"", ""Reciprocation of Favors"": ""2"", ""Creativity"": ""2"", ""A World at Peace"": ""2"", ""Respect for Tradition"": ""2"", ""Mature Love"": ""2"", ""Self-Discipline"": ""2"", ""Detachment"": ""2"", ""Family Security"": ""2"", ""Social Recognition"": ""2"", ""Unity With Nature"": ""2"", ""A Varied Life"": ""2"", ""Wisdom"": ""2"", ""Authority"": ""2"", ""True Friendship"": ""2"", ""A World of Beauty"": ""2"", ""Social Justice"": ""2"", ""Independent"": ""2"", ""Moderate"": ""2"", ""Loyal"": ""2"","
1039,Australia,Citizenship,7,"{""Equality"": ""1"", ""Inner Harmony"": ""1"", ""Social Power"": ""4"", ""Pleasure"": ""4"", ""Freedom"": ""1"", ""A Spiritual Life"": ""1"", ""Sense of Belonging"": ""1"", ""Social Order"": ""1"", ""An Exciting Life"": ""4"", ""Meaning in Life"": ""1"", ""Politeness"": ""1"", ""Wealth"": ""4"", ""National Security"": ""1"", ""Self-Respect"": ""1"", ""Reciprocation of Favors"": ""1"", ""Creativity"": ""4"", ""A World at Peace"": ""1"", ""Respect for Tradition"": ""4"", ""Mature Love"": ""4"", ""Self-Discipline"": ""1"", ""Detachment"": ""4"", ""Family Security"": ""1"", ""Social Recognition"": ""1"", ""Unity With Nature"": ""4"", ""A Varied Life"": ""4"", ""Wisdom"": ""1"", ""Authority"": ""4"", ""True Friendship"": ""1"", ""A World of Beauty"": ""4"", ""Social Justice"": ""1"", ""Independent"": ""1"", ""Moderate"": ""4"", ""Loyal"": ""1"","
1040,Australia,Leisure Time and Sports,0,"{""Equality"": ""2"", ""Inner Harmony"": ""2"", ""Social Power"": ""4"", ""Pleasure"": ""2"", ""Freedom"": ""2"", ""A Spiritual Life"": ""2"", ""Sense of Belonging"": ""2"", ""Social Order"": ""2"", ""An Exciting Life"": ""2"", ""Meaning in Life"": ""2"", ""Politeness"": ""2"", ""Wealth"": ""4"", ""National Security"": ""4"", ""Self-Respect"": ""2"", ""Reciprocation of Favors"": ""2"", ""Creativity"": ""2"", ""A World at Peace"": ""2"", ""Respect for Tradition"": ""2"", ""Mature Love"": ""2"", ""Self-Discipline"": ""2"", ""Detachment"": ""2"", ""Family Security"": ""2"", ""Social Recognition"": ""2"", ""Unity With Nature"": ""2"", ""A Varied Life"": ""2"", ""Wisdom"": ""2"", ""Authority"": ""4"", ""True Friendship"": ""2"", ""A World of Beauty"": ""2"", ""Social Justice"": ""2"", ""Independent"": ""2"", ""Moderate"": ""2"", ""Loyal"": ""2"","
1041,Australia,Leisure Time and Sports,1,"{""Equality"": ""2"", ""Inner Harmony"": ""2"", ""Social Power"": ""4"", ""Pleasure"": ""2"", ""Freedom"": ""2"", ""A Spiritual Life"": ""2"", ""Sense of Belonging"": ""2"", ""Social Order"": ""2"", ""An Exciting Life"": ""2"", ""Meaning in Life"": ""2"", ""Politeness"": ""2"", ""Wealth"": ""4"", ""National Security"": ""2"", ""Self-Respect"": ""2"", ""Reciprocation of Favors"": ""2"", ""Creativity"": ""2"", ""A World at Peace"": ""2"", ""Respect for Tradition"": ""2"", ""Mature Love"": ""2"", ""Self-Discipline"": ""2"", ""Detachment"": ""2"", ""Family Security"": ""2"", ""Social Recognition"": ""2"", ""Unity With Nature"": ""2"", ""A Varied Life"": ""2"", ""Wisdom"": ""2"", ""Authority"": ""4"", ""True Friendship"": ""2"", ""A World of Beauty"": ""2"", ""Social Justice"": ""2"", ""Independent"": ""2"", ""Moderate"": ""2"", ""Loyal"": ""2"","
1042,Australia,Leisure Time and Sports,2,"{""Equality"": ""1"", ""Inner Harmony"": ""1"", ""Social Power"": ""1"", ""Pleasure"": ""1"", ""Freedom"": ""1"", ""A Spiritual Life"": ""1"", ""Sense of Belonging"": ""1"", ""Social Order"": ""1"", ""An Exciting Life"": ""1"", ""Meaning in Life"": ""1"", ""Politeness"": ""1"", ""Wealth"": ""1"", ""National Security"": ""1"", ""Self-Respect"": ""1"", ""Reciprocation of Favors"": ""1"", ""Creativity"": ""1"", ""A World at Peace"": ""1"", ""Respect for Tradition"": ""1"", ""Mature Love"": ""1"", ""Self-Discipline"": ""1"", ""Detachment"": ""1"", ""Family Security"": ""1"", ""Social Recognition"": ""1"", ""Unity With Nature"": ""1"", ""A Varied Life"": ""1"", ""Wisdom"": ""1"", ""Authority"": ""1"", ""True Friendship"": ""1"", ""A World of Beauty"": ""1"", ""Social Justice"": ""1"", ""Independent"": ""1"", ""Moderate"": ""1"", ""Loyal"": ""1"","
1043,Australia,Leisure Time and Sports,3,"{""Equality"": ""2"", ""Inner Harmony"": ""2"", ""Social Power"": ""4"", ""Pleasure"": ""2"", ""Freedom"": ""2"", ""A Spiritual Life"": ""4"", ""Sense of Belonging"": ""2"", ""Social Order"": ""4"", ""An Exciting Life"": ""2"", ""Meaning in Life"": ""2"", ""Politeness"": ""2"", ""Wealth"": ""4"", ""National Security"": ""4"", ""Self-Respect"": ""2"", ""Reciprocation of Favors"": ""2"", ""Creativity"": ""2"", ""A World at Peace"": ""2"", ""Respect for Tradition"": ""4"", ""Mature Love"": ""2"", ""Self-Discipline"": ""2"", ""Detachment"": ""2"", ""Family Security"": ""2"", ""Social Recognition"": ""2"", ""Unity With Nature"": ""2"", ""A Varied Life"": ""2"", ""Wisdom"": ""2"", ""Authority"": ""4"", ""True Friendship"": ""2"", ""A World of Beauty"": ""2"", ""Social Justice"": ""2"", ""Independent"": ""2"", ""Moderate"": ""2"", ""Loyal"": ""2"","
1044,Australia,Leisure Time and Sports,4,"{""Equality"": ""2"", ""Inner Harmony"": ""2"", ""Social Power"": ""4"", ""Pleasure"": ""2"", ""Freedom"": ""2"", ""A Spiritual Life"": ""2"", ""Sense of Belonging"": ""2"", ""Social Order"": ""2"", ""An Exciting Life"": ""2"", ""Meaning in Life"": ""2"", ""Politeness"": ""2"", ""Wealth"": ""4"", ""National Security"": ""2"", ""Self-Respect"": ""2"", ""Reciprocation of Favors"": ""2"", ""Creativity"": ""2"", ""A World at Peace"": ""2"", ""Respect for Tradition"": ""2"", ""Mature Love"": ""2"", ""Self-Discipline"": ""2"", ""Detachment"": ""2"", ""Family Security"": ""2"", ""Social Recognition"": ""2"", ""Unity With Nature"": ""2"", ""A Varied Life"": ""2"", ""Wisdom"": ""2"", ""Authority"": ""4"", ""True Friendship"": ""2"", ""A World of Beauty"": ""2"", ""Social Justice"": ""2"", ""Independent"": ""2"", ""Moderate"": ""2"", ""Loyal"": ""2"","
1045,Australia,Leisure Time and Sports,5,"{""Equality"": ""2"", ""Inner Harmony"": ""2"", ""Social Power"": ""4"", ""Pleasure"": ""2"", ""Freedom"": ""2"", ""A Spiritual Life"": ""2"", ""Sense of Belonging"": ""2"", ""Social Order"": ""2"", ""An Exciting Life"": ""2"", ""Meaning in Life"": ""2"", ""Politeness"": ""2"", ""Wealth"": ""4"", ""National Security"": ""2"", ""Self-Respect"": ""2"", ""Reciprocation of Favors"": ""2"", ""Creativity"": ""2"", ""A World at Peace"": ""2"", ""Respect for Tradition"": ""2"", ""Mature Love"": ""2"", ""Self-Discipline"": ""2"", ""Detachment"": ""2"", ""Family Security"": ""2"", ""Social Recognition"": ""2"", ""Unity With Nature"": ""2"", ""A Varied Life"": ""2"", ""Wisdom"": ""2"", ""Authority"": ""4"", ""True Friendship"": ""2"", ""A World of Beauty"": ""2"", ""Social Justice"": ""2"", ""Independent"": ""2"", ""Moderate"": ""2"", ""Loyal"": ""2"","
1046,Australia,Leisure Time and Sports,6,"{""Equality"": ""2"", ""Inner Harmony"": ""2"", ""Social Power"": ""2"", ""Pleasure"": ""2"", ""Freedom"": ""2"", ""A Spiritual Life"": ""2"", ""Sense of Belonging"": ""2"", ""Social Order"": ""2"", ""An Exciting Life"": ""2"", ""Meaning in Life"": ""2"", ""Politeness"": ""2"", ""Wealth"": ""2"", ""National Security"": ""2"", ""Self-Respect"": ""2"", ""Reciprocation of Favors"": ""2"", ""Creativity"": ""2"", ""A World at Peace"": ""2"", ""Respect for Tradition"": ""2"", ""Mature Love"": ""2"", ""Self-Discipline"": ""2"", ""Detachment"": ""2"", ""Family Security"": ""2"", ""Social Recognition"": ""2"", ""Unity With Nature"": ""2"", ""A Varied Life"": ""2"", ""Wisdom"": ""2"", ""Authority"": ""2"", ""True Friendship"": ""2"", ""A World of Beauty"": ""2"", ""Social Justice"": ""2"", ""Independent"": ""2"", ""Moderate"": ""2"", ""Loyal"": ""2"","
1047,Australia,Leisure Time and Sports,7,"{""Equality"": ""1"", ""Inner Harmony"": ""1"", ""Social Power"": ""1"", ""Pleasure"": ""1"", ""Freedom"": ""1"", ""A Spiritual Life"": ""1"", ""Sense of Belonging"": ""1"", ""Social Order"": ""1"", ""An Exciting Life"": ""1"", ""Meaning in Life"": ""1"", ""Politeness"": ""1"", ""Wealth"": ""1"", ""National Security"": ""1"", ""Self-Respect"": ""1"", ""Reciprocation of Favors"": ""1"", ""Creativity"": ""1"", ""A World at Peace"": ""1"", ""Respect for Tradition"": ""1"", ""Mature Love"": ""1"", ""Self-Discipline"": ""1"", ""Detachment"": ""1"", ""Family Security"": ""1"", ""Social Recognition"": ""1"", ""Unity With Nature"": ""1"", ""A Varied Life"": ""1"", ""Wisdom"": ""1"", ""Authority"": ""1"", ""True Friendship"": ""1"", ""A World of Beauty"": ""1"", ""Social Justice"": ""1"", ""Independent"": ""1"", ""Moderate"": ""1"", ""Loyal"": ""1"","
1048,Australia,Health and Health Care,0,"{""Equality"": ""2"", ""Inner Harmony"": ""2"", ""Social Power"": ""4"", ""Pleasure"": ""2"", ""Freedom"": ""2"", ""A Spiritual Life"": ""2"", ""Sense of Belonging"": ""2"", ""Social Order"": ""2"", ""An Exciting Life"": ""2"", ""Meaning in Life"": ""2"", ""Politeness"": ""2"", ""Wealth"": ""4"", ""National Security"": ""2"", ""Self-Respect"": ""2"", ""Reciprocation of Favors"": ""2"", ""Creativity"": ""2"", ""A World at Peace"": ""2"", ""Respect for Tradition"": ""2"", ""Mature Love"": ""2"", ""Self-Discipline"": ""2"", ""Detachment"": ""2"", ""Family Security"": ""2"", ""Social Recognition"": ""2"", ""Unity With Nature"": ""2"", ""A Varied Life"": ""2"", ""Wisdom"": ""2"", ""Authority"": ""4"", ""True Friendship"": ""2"", ""A World of Beauty"": ""2"", ""Social Justice"": ""2"", ""Independent"": ""2"", ""Moderate"": ""2"", ""Loyal"": ""2"","
1049,Australia,Health and Health Care,1,"{""Equality"": ""2"", ""Inner Harmony"": ""2"", ""Social Power"": ""4"", ""Pleasure"": ""2"", ""Freedom"": ""2"", ""A Spiritual Life"": ""2"", ""Sense of Belonging"": ""2"", ""Social Order"": ""2"", ""An Exciting Life"": ""2"", ""Meaning in Life"": ""2"", ""Politeness"": ""2"", ""Wealth"": ""4"", ""National Security"": ""2"", ""Self-Respect"": ""2"", ""Reciprocation of Favors"": ""2"", ""Creativity"": ""2"", ""A World at Peace"": ""2"", ""Respect for Tradition"": ""2"", ""Mature Love"": ""2"", ""Self-Discipline"": ""2"", ""Detachment"": ""2"", ""Family Security"": ""2"", ""Social Recognition"": ""2"", ""Unity With Nature"": ""2"", ""A Varied Life"": ""2"", ""Wisdom"": ""2"", ""Authority"": ""4"", ""True Friendship"": ""2"", ""A World of Beauty"": ""2"", ""Social Justice"": ""2"", ""Independent"": ""2"", ""Moderate"": ""2"", ""Loyal"": ""2"","
1050,Australia,Health and Health Care,2,"{""Equality"": ""1"", ""Inner Harmony"": ""1"", ""Social Power"": ""1"", ""Pleasure"": ""1"", ""Freedom"": ""1"", ""A Spiritual Life"": ""1"", ""Sense of Belonging"": ""1"", ""Social Order"": ""1"", ""An Exciting Life"": ""1"", ""Meaning in Life"": ""1"", ""Politeness"": ""1"", ""Wealth"": ""1"", ""National Security"": ""1"", ""Self-Respect"": ""1"", ""Reciprocation of Favors"": ""1"", ""Creativity"": ""1"", ""A World at Peace"": ""1"", ""Respect for Tradition"": ""1"", ""Mature Love"": ""1"", ""Self-Discipline"": ""1"", ""Detachment"": ""1"", ""Family Security"": ""1"", ""Social Recognition"": ""1"", ""Unity With Nature"": ""1"", ""A Varied Life"": ""1"", ""Wisdom"": ""1"", ""Authority"": ""1"", ""True Friendship"": ""1"", ""A World of Beauty"": ""1"", ""Social Justice"": ""1"", ""Independent"": ""1"", ""Moderate"": ""1"", ""Loyal"": ""1"","
1051,Australia,Health and Health Care,3,"{""Equality"": ""1"", ""Inner Harmony"": ""1"", ""Social Power"": ""1"", ""Pleasure"": ""1"", ""Freedom"": ""1"", ""A Spiritual Life"": ""1"", ""Sense of Belonging"": ""1"", ""Social Order"": ""1"", ""An Exciting Life"": ""1"", ""Meaning in Life"": ""1"", ""Politeness"": ""1"", ""Wealth"": ""1"", ""National Security"": ""1"", ""Self-Respect"": ""1"", ""Reciprocation of Favors"": ""1"", ""Creativity"": ""1"", ""A World at Peace"": ""1"", ""Respect for Tradition"": ""1"", ""Mature Love"": ""1"", ""Self-Discipline"": ""1"", ""Detachment"": ""1"", ""Family Security"": ""1"", ""Social Recognition"": ""1"", ""Unity With Nature"": ""1"", ""A Varied Life"": ""1"", ""Wisdom"": ""1"", ""Authority"": ""1"", ""True Friendship"": ""1"", ""A World of Beauty"": ""1"", ""Social Justice"": ""1"", ""Independent"": ""1"", ""Moderate"": ""1"", ""Loyal"": ""1"","
1052,Australia,Health and Health Care,4,"{""Equality"": ""2"", ""Inner Harmony"": ""2"", ""Social Power"": ""4"", ""Pleasure"": ""2"", ""Freedom"": ""2"", ""A Spiritual Life"": ""2"", ""Sense of Belonging"": ""2"", ""Social Order"": ""2"", ""An Exciting Life"": ""2"", ""Meaning in Life"": ""2"", ""Politeness"": ""2"", ""Wealth"": ""4"", ""National Security"": ""2"", ""Self-Respect"": ""2"", ""Reciprocation of Favors"": ""2"", ""Creativity"": ""2"", ""A World at Peace"": ""2"", ""Respect for Tradition"": ""2"", ""Mature Love"": ""2"", ""Self-Discipline"": ""2"", ""Detachment"": ""2"", ""Family Security"": ""2"", ""Social Recognition"": ""2"", ""Unity With Nature"": ""2"", ""A Varied Life"": ""2"", ""Wisdom"": ""2"", ""Authority"": ""4"", ""True Friendship"": ""2"", ""A World of Beauty"": ""2"", ""Social Justice"": ""2"", ""Independent"": ""2"", ""Moderate"": ""2"", ""Loyal"": ""2"","
1053,Australia,Health and Health Care,5,"{""Equality"": ""2"", ""Inner Harmony"": ""2"", ""Social Power"": ""4"", ""Pleasure"": ""2"", ""Freedom"": ""2"", ""A Spiritual Life"": ""2"", ""Sense of Belonging"": ""2"", ""Social Order"": ""2"", ""An Exciting Life"": ""2"", ""Meaning in Life"": ""2"", ""Politeness"": ""2"", ""Wealth"": ""2"", ""National Security"": ""2"", ""Self-Respect"": ""2"", ""Reciprocation of Favors"": ""2"", ""Creativity"": ""2"", ""A World at Peace"": ""2"", ""Respect for Tradition"": ""2"", ""Mature Love"": ""2"", ""Self-Discipline"": ""2"", ""Detachment"": ""2"", ""Family Security"": ""2"", ""Social Recognition"": ""2"", ""Unity With Nature"": ""2"", ""A Varied Life"": ""2"", ""Wisdom"": ""2"", ""Authority"": ""4"", ""True Friendship"": ""2"", ""A World of Beauty"": ""2"", ""Social Justice"": ""2"", ""Independent"": ""2"", ""Moderate"": ""2"", ""Loyal"": ""2"","
1054,Australia,Health and Health Care,6,"{""Equality"": ""2"", ""Inner Harmony"": ""2"", ""Social Power"": ""2"", ""Pleasure"": ""2"", ""Freedom"": ""2"", ""A Spiritual Life"": ""2"", ""Sense of Belonging"": ""2"", ""Social Order"": ""2"", ""An Exciting Life"": ""2"", ""Meaning in Life"": ""2"", ""Politeness"": ""2"", ""Wealth"": ""2"", ""National Security"": ""2"", ""Self-Respect"": ""2"", ""Reciprocation of Favors"": ""2"", ""Creativity"": ""2"", ""A World at Peace"": ""2"", ""Respect for Tradition"": ""2"", ""Mature Love"": ""2"", ""Self-Discipline"": ""2"", ""Detachment"": ""2"", ""Family Security"": ""2"", ""Social Recognition"": ""2"", ""Unity With Nature"": ""2"", ""A Varied Life"": ""2"", ""Wisdom"": ""2"", ""Authority"": ""2"", ""True Friendship"": ""2"", ""A World of Beauty"": ""2"", ""Social Justice"": ""2"", ""Independent"": ""2"", ""Moderate"": ""2"", ""Loyal"": ""2"","
1055,Australia,Health and Health Care,7,"{""Equality"": ""1"", ""Inner Harmony"": ""1"", ""Social Power"": ""1"", ""Pleasure"": ""1"", ""Freedom"": ""1"", ""A Spiritual Life"": ""1"", ""Sense of Belonging"": ""1"", ""Social Order"": ""1"", ""An Exciting Life"": ""1"", ""Meaning in Life"": ""1"", ""Politeness"": ""1"", ""Wealth"": ""1"", ""National Security"": ""1"", ""Self-Respect"": ""1"", ""Reciprocation of Favors"": ""1"", ""Creativity"": ""1"", ""A World at Peace"": ""1"", ""Respect for Tradition"": ""1"", ""Mature Love"": ""1"", ""Self-Discipline"": ""1"", ""Detachment"": ""1"", ""Family Security"": ""1"", ""Social Recognition"": ""1"", ""Unity With Nature"": ""1"", ""A Varied Life"": ""1"", ""Wisdom"": ""1"", ""Authority"": ""1"", ""True Friendship"": ""1"", ""A World of Beauty"": ""1"", ""Social Justice"": ""1"", ""Independent"": ""1"", ""Moderate"": ""1"", ""Loyal"": ""1"","
